solid OpenSCAD_Model
  facet normal 0 -1 0
    outer loop
      vertex -24.35 -15.7 0
      vertex -23.95 -15.7 18.6
      vertex -24.35 -15.7 18.6
    endloop
  endfacet
  facet normal 0 -1 -0
    outer loop
      vertex -23.95 -15.7 18.6
      vertex -24.35 -15.7 0
      vertex -23.95 -15.7 0
    endloop
  endfacet
  facet normal 0 -1 0
    outer loop
      vertex -22.25 -15.7 0
      vertex -21.85 -15.7 18.6
      vertex -22.25 -15.7 18.6
    endloop
  endfacet
  facet normal 0 -1 -0
    outer loop
      vertex -21.85 -15.7 18.6
      vertex -22.25 -15.7 0
      vertex -21.85 -15.7 0
    endloop
  endfacet
  facet normal 0 -1 0
    outer loop
      vertex -20.15 -15.7 0
      vertex -19.75 -15.7 18.6
      vertex -20.15 -15.7 18.6
    endloop
  endfacet
  facet normal 0 -1 -0
    outer loop
      vertex -19.75 -15.7 18.6
      vertex -20.15 -15.7 0
      vertex -19.75 -15.7 0
    endloop
  endfacet
  facet normal 0 -1 0
    outer loop
      vertex -18.05 -15.7 0
      vertex -17.65 -15.7 18.6
      vertex -18.05 -15.7 18.6
    endloop
  endfacet
  facet normal 0 -1 -0
    outer loop
      vertex -17.65 -15.7 18.6
      vertex -18.05 -15.7 0
      vertex -17.65 -15.7 0
    endloop
  endfacet
  facet normal 0 -1 0
    outer loop
      vertex -15.95 -15.7 0
      vertex -15.55 -15.7 18.6
      vertex -15.95 -15.7 18.6
    endloop
  endfacet
  facet normal 0 -1 -0
    outer loop
      vertex -15.55 -15.7 18.6
      vertex -15.95 -15.7 0
      vertex -15.55 -15.7 0
    endloop
  endfacet
  facet normal 0 -1 0
    outer loop
      vertex -13.85 -15.7 0
      vertex -13.45 -15.7 9.1
      vertex -13.85 -15.7 9.1
    endloop
  endfacet
  facet normal 0 -1 -0
    outer loop
      vertex -13.45 -15.7 9.1
      vertex -13.85 -15.7 0
      vertex -13.45 -15.7 0
    endloop
  endfacet
  facet normal 0 -1 0
    outer loop
      vertex -11.75 -15.7 0
      vertex -11.35 -15.7 18.6
      vertex -11.75 -15.7 18.6
    endloop
  endfacet
  facet normal 0 -1 -0
    outer loop
      vertex -11.35 -15.7 18.6
      vertex -11.75 -15.7 0
      vertex -11.35 -15.7 0
    endloop
  endfacet
  facet normal 0 -1 0
    outer loop
      vertex -9.65 -15.7 0
      vertex -9.25 -15.7 18.6
      vertex -9.65 -15.7 18.6
    endloop
  endfacet
  facet normal 0 -1 -0
    outer loop
      vertex -9.25 -15.7 18.6
      vertex -9.65 -15.7 0
      vertex -9.25 -15.7 0
    endloop
  endfacet
  facet normal 0 -1 0
    outer loop
      vertex -7.55 -15.7 0
      vertex -7.15 -15.7 18.6
      vertex -7.55 -15.7 18.6
    endloop
  endfacet
  facet normal 0 -1 -0
    outer loop
      vertex -7.15 -15.7 18.6
      vertex -7.55 -15.7 0
      vertex -7.15 -15.7 0
    endloop
  endfacet
  facet normal 0 -1 0
    outer loop
      vertex -5.45 -15.7 0
      vertex -5.05 -15.7 18.6
      vertex -5.45 -15.7 18.6
    endloop
  endfacet
  facet normal 0 -1 -0
    outer loop
      vertex -5.05 -15.7 18.6
      vertex -5.45 -15.7 0
      vertex -5.05 -15.7 0
    endloop
  endfacet
  facet normal 0 -1 0
    outer loop
      vertex -3.35 -15.7 0
      vertex -2.95 -15.7 18.6
      vertex -3.35 -15.7 18.6
    endloop
  endfacet
  facet normal 0 -1 -0
    outer loop
      vertex -2.95 -15.7 18.6
      vertex -3.35 -15.7 0
      vertex -2.95 -15.7 0
    endloop
  endfacet
  facet normal 0 -1 0
    outer loop
      vertex 2.95 -15.7 0
      vertex 3.35 -15.7 11
      vertex 2.95 -15.7 11
    endloop
  endfacet
  facet normal 0 -1 -0
    outer loop
      vertex 3.35 -15.7 11
      vertex 2.95 -15.7 0
      vertex 3.35 -15.7 0
    endloop
  endfacet
  facet normal 0 -1 0
    outer loop
      vertex 5.05 -15.7 0
      vertex 5.45 -15.7 11
      vertex 5.05 -15.7 11
    endloop
  endfacet
  facet normal 0 -1 -0
    outer loop
      vertex 5.45 -15.7 11
      vertex 5.05 -15.7 0
      vertex 5.45 -15.7 0
    endloop
  endfacet
  facet normal 0 -1 0
    outer loop
      vertex 7.15 -15.7 0
      vertex 7.55 -15.7 11
      vertex 7.15 -15.7 11
    endloop
  endfacet
  facet normal 0 -1 -0
    outer loop
      vertex 7.55 -15.7 11
      vertex 7.15 -15.7 0
      vertex 7.55 -15.7 0
    endloop
  endfacet
  facet normal 0 -1 0
    outer loop
      vertex 9.25 -15.7 0
      vertex 9.65 -15.7 11
      vertex 9.25 -15.7 11
    endloop
  endfacet
  facet normal 0 -1 -0
    outer loop
      vertex 9.65 -15.7 11
      vertex 9.25 -15.7 0
      vertex 9.65 -15.7 0
    endloop
  endfacet
  facet normal 0 -1 0
    outer loop
      vertex 11.35 -15.7 0
      vertex 11.75 -15.7 11
      vertex 11.35 -15.7 11
    endloop
  endfacet
  facet normal 0 -1 -0
    outer loop
      vertex 11.75 -15.7 11
      vertex 11.35 -15.7 0
      vertex 11.75 -15.7 0
    endloop
  endfacet
  facet normal 0 -1 0
    outer loop
      vertex 13.45 -15.7 0
      vertex 13.85 -15.7 9.1
      vertex 13.45 -15.7 9.1
    endloop
  endfacet
  facet normal 0 -1 -0
    outer loop
      vertex 13.85 -15.7 9.1
      vertex 13.45 -15.7 0
      vertex 13.85 -15.7 0
    endloop
  endfacet
  facet normal 0 -1 0
    outer loop
      vertex 15.55 -15.7 0
      vertex 15.95 -15.7 18.6
      vertex 15.55 -15.7 18.6
    endloop
  endfacet
  facet normal 0 -1 -0
    outer loop
      vertex 15.95 -15.7 18.6
      vertex 15.55 -15.7 0
      vertex 15.95 -15.7 0
    endloop
  endfacet
  facet normal 0 -1 0
    outer loop
      vertex 17.65 -15.7 0
      vertex 18.05 -15.7 18.6
      vertex 17.65 -15.7 18.6
    endloop
  endfacet
  facet normal 0 -1 -0
    outer loop
      vertex 18.05 -15.7 18.6
      vertex 17.65 -15.7 0
      vertex 18.05 -15.7 0
    endloop
  endfacet
  facet normal 0 -1 0
    outer loop
      vertex 19.75 -15.7 0
      vertex 20.15 -15.7 18.6
      vertex 19.75 -15.7 18.6
    endloop
  endfacet
  facet normal 0 -1 -0
    outer loop
      vertex 20.15 -15.7 18.6
      vertex 19.75 -15.7 0
      vertex 20.15 -15.7 0
    endloop
  endfacet
  facet normal 0 -1 0
    outer loop
      vertex 21.85 -15.7 0
      vertex 22.25 -15.7 18.6
      vertex 21.85 -15.7 18.6
    endloop
  endfacet
  facet normal 0 -1 -0
    outer loop
      vertex 22.25 -15.7 18.6
      vertex 21.85 -15.7 0
      vertex 22.25 -15.7 0
    endloop
  endfacet
  facet normal 0 -1 0
    outer loop
      vertex 23.95 -15.7 0
      vertex 24.35 -15.7 18.6
      vertex 23.95 -15.7 18.6
    endloop
  endfacet
  facet normal 0 -1 -0
    outer loop
      vertex 24.35 -15.7 18.6
      vertex 23.95 -15.7 0
      vertex 24.35 -15.7 0
    endloop
  endfacet
  facet normal 0 -1 0
    outer loop
      vertex -13.85 -15.7 16.1
      vertex -13.45 -15.7 18.6
      vertex -13.85 -15.7 18.6
    endloop
  endfacet
  facet normal 0 -1 -0
    outer loop
      vertex -13.45 -15.7 18.6
      vertex -13.85 -15.7 16.1
      vertex -13.45 -15.7 16.1
    endloop
  endfacet
  facet normal 0 -1 0
    outer loop
      vertex -1.25 -15.7 18.6
      vertex -1 -15.7 16.1
      vertex -0.849998 -15.7 18.6
    endloop
  endfacet
  facet normal 0 -1 0
    outer loop
      vertex -1.25 -15.7 13.6
      vertex -1 -15.7 16.1
      vertex -1.25 -15.7 18.6
    endloop
  endfacet
  facet normal 0 -1 -0
    outer loop
      vertex -1 -15.7 16.1
      vertex -1.25 -15.7 13.6
      vertex -1 -15.7 13.6
    endloop
  endfacet
  facet normal 0 -1 -0
    outer loop
      vertex -0.849998 -15.7 18.6
      vertex -1 -15.7 16.1
      vertex -0.849998 -15.7 16.1
    endloop
  endfacet
  facet normal 0 -1 0
    outer loop
      vertex 1 -15.7 16.1
      vertex 0.849998 -15.7 18.6
      vertex 0.849998 -15.7 16.1
    endloop
  endfacet
  facet normal 0 -1 0
    outer loop
      vertex 0.849998 -15.7 18.6
      vertex 1 -15.7 16.1
      vertex 1.25 -15.7 18.6
    endloop
  endfacet
  facet normal 0 -1 0
    outer loop
      vertex 1.25 -15.7 13.6
      vertex 1 -15.7 16.1
      vertex 1 -15.7 13.6
    endloop
  endfacet
  facet normal 0 -1 0
    outer loop
      vertex 1 -15.7 16.1
      vertex 1.25 -15.7 13.6
      vertex 1.25 -15.7 18.6
    endloop
  endfacet
  facet normal 0 -1 0
    outer loop
      vertex 2.95 -15.7 13.6
      vertex 3.35 -15.7 18.6
      vertex 2.95 -15.7 18.6
    endloop
  endfacet
  facet normal 0 -1 -0
    outer loop
      vertex 3.35 -15.7 18.6
      vertex 2.95 -15.7 13.6
      vertex 3.35 -15.7 13.6
    endloop
  endfacet
  facet normal 0 -1 0
    outer loop
      vertex 5.05 -15.7 13.6
      vertex 5.45 -15.7 18.6
      vertex 5.05 -15.7 18.6
    endloop
  endfacet
  facet normal 0 -1 -0
    outer loop
      vertex 5.45 -15.7 18.6
      vertex 5.05 -15.7 13.6
      vertex 5.45 -15.7 13.6
    endloop
  endfacet
  facet normal 0 -1 0
    outer loop
      vertex 7.15 -15.7 13.6
      vertex 7.55 -15.7 18.6
      vertex 7.15 -15.7 18.6
    endloop
  endfacet
  facet normal 0 -1 -0
    outer loop
      vertex 7.55 -15.7 18.6
      vertex 7.15 -15.7 13.6
      vertex 7.55 -15.7 13.6
    endloop
  endfacet
  facet normal 0 -1 0
    outer loop
      vertex 9.25 -15.7 13.6
      vertex 9.65 -15.7 18.6
      vertex 9.25 -15.7 18.6
    endloop
  endfacet
  facet normal 0 -1 -0
    outer loop
      vertex 9.65 -15.7 18.6
      vertex 9.25 -15.7 13.6
      vertex 9.65 -15.7 13.6
    endloop
  endfacet
  facet normal 0 -1 0
    outer loop
      vertex 11.35 -15.7 13.6
      vertex 11.75 -15.7 18.6
      vertex 11.35 -15.7 18.6
    endloop
  endfacet
  facet normal 0 -1 -0
    outer loop
      vertex 11.75 -15.7 18.6
      vertex 11.35 -15.7 13.6
      vertex 11.75 -15.7 13.6
    endloop
  endfacet
  facet normal 0 -1 0
    outer loop
      vertex 13.45 -15.7 16.1
      vertex 13.85 -15.7 18.6
      vertex 13.45 -15.7 18.6
    endloop
  endfacet
  facet normal 0 -1 -0
    outer loop
      vertex 13.85 -15.7 18.6
      vertex 13.45 -15.7 16.1
      vertex 13.85 -15.7 16.1
    endloop
  endfacet
  facet normal 0 -1 0
    outer loop
      vertex -1.25 -15.7 11
      vertex -1 -15.7 9.1
      vertex -1 -15.7 11
    endloop
  endfacet
  facet normal 0 -1 0
    outer loop
      vertex -1.25 -15.7 2.1
      vertex -1 -15.7 9.1
      vertex -1.25 -15.7 11
    endloop
  endfacet
  facet normal 0 -1 0
    outer loop
      vertex -0.849998 -15.7 2.1
      vertex -1 -15.7 9.1
      vertex -1.25 -15.7 2.1
    endloop
  endfacet
  facet normal 0 -1 0
    outer loop
      vertex -1 -15.7 9.1
      vertex -0.849998 -15.7 2.1
      vertex -0.849998 -15.7 9.1
    endloop
  endfacet
  facet normal 0 -1 0
    outer loop
      vertex 0.849998 -15.7 9.1
      vertex 0.849998 -15.7 2.1
      vertex 1 -15.7 9.1
    endloop
  endfacet
  facet normal 0 -1 0
    outer loop
      vertex 1 -15.7 9.1
      vertex 1.25 -15.7 11
      vertex 1 -15.7 11
    endloop
  endfacet
  facet normal 0 -1 0
    outer loop
      vertex 1.25 -15.7 2.1
      vertex 1 -15.7 9.1
      vertex 0.849998 -15.7 2.1
    endloop
  endfacet
  facet normal 0 -1 0
    outer loop
      vertex 1 -15.7 9.1
      vertex 1.25 -15.7 2.1
      vertex 1.25 -15.7 11
    endloop
  endfacet
  facet normal 0 1 -0
    outer loop
      vertex -23.95 15.7 0
      vertex -24.35 15.7 18.6
      vertex -23.95 15.7 18.6
    endloop
  endfacet
  facet normal 0 1 0
    outer loop
      vertex -24.35 15.7 18.6
      vertex -23.95 15.7 0
      vertex -24.35 15.7 0
    endloop
  endfacet
  facet normal 0 1 -0
    outer loop
      vertex -21.85 15.7 0
      vertex -22.25 15.7 18.6
      vertex -21.85 15.7 18.6
    endloop
  endfacet
  facet normal 0 1 0
    outer loop
      vertex -22.25 15.7 18.6
      vertex -21.85 15.7 0
      vertex -22.25 15.7 0
    endloop
  endfacet
  facet normal 0 1 -0
    outer loop
      vertex -19.75 15.7 0
      vertex -20.15 15.7 18.6
      vertex -19.75 15.7 18.6
    endloop
  endfacet
  facet normal 0 1 0
    outer loop
      vertex -20.15 15.7 18.6
      vertex -19.75 15.7 0
      vertex -20.15 15.7 0
    endloop
  endfacet
  facet normal 0 1 -0
    outer loop
      vertex -17.65 15.7 0
      vertex -18.05 15.7 18.6
      vertex -17.65 15.7 18.6
    endloop
  endfacet
  facet normal 0 1 0
    outer loop
      vertex -18.05 15.7 18.6
      vertex -17.65 15.7 0
      vertex -18.05 15.7 0
    endloop
  endfacet
  facet normal 0 1 -0
    outer loop
      vertex -15.55 15.7 0
      vertex -15.95 15.7 18.6
      vertex -15.55 15.7 18.6
    endloop
  endfacet
  facet normal 0 1 0
    outer loop
      vertex -15.95 15.7 18.6
      vertex -15.55 15.7 0
      vertex -15.95 15.7 0
    endloop
  endfacet
  facet normal 0 1 -0
    outer loop
      vertex -13.45 15.7 0
      vertex -13.85 15.7 9.1
      vertex -13.45 15.7 9.1
    endloop
  endfacet
  facet normal 0 1 0
    outer loop
      vertex -13.85 15.7 9.1
      vertex -13.45 15.7 0
      vertex -13.85 15.7 0
    endloop
  endfacet
  facet normal 0 1 -0
    outer loop
      vertex -11.35 15.7 0
      vertex -11.75 15.7 18.6
      vertex -11.35 15.7 18.6
    endloop
  endfacet
  facet normal 0 1 0
    outer loop
      vertex -11.75 15.7 18.6
      vertex -11.35 15.7 0
      vertex -11.75 15.7 0
    endloop
  endfacet
  facet normal 0 1 -0
    outer loop
      vertex -9.25 15.7 0
      vertex -9.65 15.7 18.6
      vertex -9.25 15.7 18.6
    endloop
  endfacet
  facet normal 0 1 0
    outer loop
      vertex -9.65 15.7 18.6
      vertex -9.25 15.7 0
      vertex -9.65 15.7 0
    endloop
  endfacet
  facet normal 0 1 -0
    outer loop
      vertex -7.15 15.7 0
      vertex -7.55 15.7 18.6
      vertex -7.15 15.7 18.6
    endloop
  endfacet
  facet normal 0 1 0
    outer loop
      vertex -7.55 15.7 18.6
      vertex -7.15 15.7 0
      vertex -7.55 15.7 0
    endloop
  endfacet
  facet normal 0 1 -0
    outer loop
      vertex -5.05 15.7 0
      vertex -5.45 15.7 18.6
      vertex -5.05 15.7 18.6
    endloop
  endfacet
  facet normal 0 1 0
    outer loop
      vertex -5.45 15.7 18.6
      vertex -5.05 15.7 0
      vertex -5.45 15.7 0
    endloop
  endfacet
  facet normal 0 1 -0
    outer loop
      vertex -2.95 15.7 0
      vertex -3.35 15.7 18.6
      vertex -2.95 15.7 18.6
    endloop
  endfacet
  facet normal 0 1 0
    outer loop
      vertex -3.35 15.7 18.6
      vertex -2.95 15.7 0
      vertex -3.35 15.7 0
    endloop
  endfacet
  facet normal 0 1 -0
    outer loop
      vertex 3.35 15.7 0
      vertex 2.95 15.7 18.6
      vertex 3.35 15.7 18.6
    endloop
  endfacet
  facet normal 0 1 0
    outer loop
      vertex 2.95 15.7 18.6
      vertex 3.35 15.7 0
      vertex 2.95 15.7 0
    endloop
  endfacet
  facet normal 0 1 -0
    outer loop
      vertex 5.45 15.7 0
      vertex 5.05 15.7 18.6
      vertex 5.45 15.7 18.6
    endloop
  endfacet
  facet normal 0 1 0
    outer loop
      vertex 5.05 15.7 18.6
      vertex 5.45 15.7 0
      vertex 5.05 15.7 0
    endloop
  endfacet
  facet normal 0 1 -0
    outer loop
      vertex 7.55 15.7 0
      vertex 7.15 15.7 18.6
      vertex 7.55 15.7 18.6
    endloop
  endfacet
  facet normal 0 1 0
    outer loop
      vertex 7.15 15.7 18.6
      vertex 7.55 15.7 0
      vertex 7.15 15.7 0
    endloop
  endfacet
  facet normal 0 1 -0
    outer loop
      vertex 9.65 15.7 0
      vertex 9.25 15.7 18.6
      vertex 9.65 15.7 18.6
    endloop
  endfacet
  facet normal 0 1 0
    outer loop
      vertex 9.25 15.7 18.6
      vertex 9.65 15.7 0
      vertex 9.25 15.7 0
    endloop
  endfacet
  facet normal 0 1 -0
    outer loop
      vertex 11.75 15.7 0
      vertex 11.35 15.7 18.6
      vertex 11.75 15.7 18.6
    endloop
  endfacet
  facet normal 0 1 0
    outer loop
      vertex 11.35 15.7 18.6
      vertex 11.75 15.7 0
      vertex 11.35 15.7 0
    endloop
  endfacet
  facet normal 0 1 -0
    outer loop
      vertex 13.85 15.7 0
      vertex 13.45 15.7 9.1
      vertex 13.85 15.7 9.1
    endloop
  endfacet
  facet normal 0 1 0
    outer loop
      vertex 13.45 15.7 9.1
      vertex 13.85 15.7 0
      vertex 13.45 15.7 0
    endloop
  endfacet
  facet normal 0 1 -0
    outer loop
      vertex 15.95 15.7 0
      vertex 15.55 15.7 18.6
      vertex 15.95 15.7 18.6
    endloop
  endfacet
  facet normal 0 1 0
    outer loop
      vertex 15.55 15.7 18.6
      vertex 15.95 15.7 0
      vertex 15.55 15.7 0
    endloop
  endfacet
  facet normal 0 1 -0
    outer loop
      vertex 18.05 15.7 0
      vertex 17.65 15.7 18.6
      vertex 18.05 15.7 18.6
    endloop
  endfacet
  facet normal 0 1 0
    outer loop
      vertex 17.65 15.7 18.6
      vertex 18.05 15.7 0
      vertex 17.65 15.7 0
    endloop
  endfacet
  facet normal 0 1 -0
    outer loop
      vertex 20.15 15.7 0
      vertex 19.75 15.7 18.6
      vertex 20.15 15.7 18.6
    endloop
  endfacet
  facet normal 0 1 0
    outer loop
      vertex 19.75 15.7 18.6
      vertex 20.15 15.7 0
      vertex 19.75 15.7 0
    endloop
  endfacet
  facet normal 0 1 -0
    outer loop
      vertex 22.25 15.7 0
      vertex 21.85 15.7 18.6
      vertex 22.25 15.7 18.6
    endloop
  endfacet
  facet normal 0 1 0
    outer loop
      vertex 21.85 15.7 18.6
      vertex 22.25 15.7 0
      vertex 21.85 15.7 0
    endloop
  endfacet
  facet normal 0 1 -0
    outer loop
      vertex 24.35 15.7 0
      vertex 23.95 15.7 18.6
      vertex 24.35 15.7 18.6
    endloop
  endfacet
  facet normal 0 1 0
    outer loop
      vertex 23.95 15.7 18.6
      vertex 24.35 15.7 0
      vertex 23.95 15.7 0
    endloop
  endfacet
  facet normal 0 1 -0
    outer loop
      vertex -13.45 15.7 16.1
      vertex -13.85 15.7 18.6
      vertex -13.45 15.7 18.6
    endloop
  endfacet
  facet normal 0 1 0
    outer loop
      vertex -13.85 15.7 18.6
      vertex -13.45 15.7 16.1
      vertex -13.85 15.7 16.1
    endloop
  endfacet
  facet normal 0 1 0
    outer loop
      vertex -0.849998 15.7 9.1
      vertex -0.849998 15.7 2.1
      vertex -1 15.7 9.1
    endloop
  endfacet
  facet normal 0 1 0
    outer loop
      vertex -1 15.7 16.1
      vertex -0.849998 15.7 18.6
      vertex -0.849998 15.7 16.1
    endloop
  endfacet
  facet normal 0 1 0
    outer loop
      vertex -0.849998 15.7 18.6
      vertex -1 15.7 16.1
      vertex -1.25 15.7 18.6
    endloop
  endfacet
  facet normal 0 1 -0
    outer loop
      vertex -1 15.7 9.1
      vertex -1.25 15.7 18.6
      vertex -1 15.7 16.1
    endloop
  endfacet
  facet normal 0 1 0
    outer loop
      vertex -1.25 15.7 2.1
      vertex -1 15.7 9.1
      vertex -0.849998 15.7 2.1
    endloop
  endfacet
  facet normal 0 1 0
    outer loop
      vertex -1 15.7 9.1
      vertex -1.25 15.7 2.1
      vertex -1.25 15.7 18.6
    endloop
  endfacet
  facet normal 0 1 0
    outer loop
      vertex 1.25 15.7 18.6
      vertex 1 15.7 16.1
      vertex 0.849998 15.7 18.6
    endloop
  endfacet
  facet normal 0 1 0
    outer loop
      vertex 1.25 15.7 18.6
      vertex 1 15.7 9.1
      vertex 1 15.7 16.1
    endloop
  endfacet
  facet normal 0 1 -0
    outer loop
      vertex 1.25 15.7 2.1
      vertex 1 15.7 9.1
      vertex 1.25 15.7 18.6
    endloop
  endfacet
  facet normal 0 1 0
    outer loop
      vertex 0.849998 15.7 2.1
      vertex 1 15.7 9.1
      vertex 1.25 15.7 2.1
    endloop
  endfacet
  facet normal 0 1 0
    outer loop
      vertex 1 15.7 9.1
      vertex 0.849998 15.7 2.1
      vertex 0.849998 15.7 9.1
    endloop
  endfacet
  facet normal 0 1 0
    outer loop
      vertex 0.849998 15.7 18.6
      vertex 1 15.7 16.1
      vertex 0.849998 15.7 16.1
    endloop
  endfacet
  facet normal 0 1 -0
    outer loop
      vertex 13.85 15.7 16.1
      vertex 13.45 15.7 18.6
      vertex 13.85 15.7 18.6
    endloop
  endfacet
  facet normal 0 1 0
    outer loop
      vertex 13.45 15.7 18.6
      vertex 13.85 15.7 16.1
      vertex 13.45 15.7 16.1
    endloop
  endfacet
  facet normal 1 -0 0
    outer loop
      vertex 28.85 7.1084 18.6
      vertex 28.85 7.5916 0
      vertex 28.85 7.5916 18.6
    endloop
  endfacet
  facet normal 1 0 0
    outer loop
      vertex 28.85 7.5916 0
      vertex 28.85 7.1084 18.6
      vertex 28.85 7.1084 0
    endloop
  endfacet
  facet normal 1 -0 0
    outer loop
      vertex 28.85 5.39432 13.427
      vertex 28.85 5.4916 0
      vertex 28.85 5.4916 14.4147
    endloop
  endfacet
  facet normal 1 -0 0
    outer loop
      vertex 28.85 5.08134 12.3952
      vertex 28.85 5.4916 0
      vertex 28.85 5.39432 13.427
    endloop
  endfacet
  facet normal 1 -0 0
    outer loop
      vertex 28.85 5.0084 12.2588
      vertex 28.85 5.4916 0
      vertex 28.85 5.08134 12.3952
    endloop
  endfacet
  facet normal 1 0 0
    outer loop
      vertex 28.85 5.4916 0
      vertex 28.85 5.0084 12.2588
      vertex 28.85 5.0084 0
    endloop
  endfacet
  facet normal 1 -0 0
    outer loop
      vertex 28.85 -11.7916 18.6
      vertex 28.85 -11.3084 0
      vertex 28.85 -11.3084 18.6
    endloop
  endfacet
  facet normal 1 0 0
    outer loop
      vertex 28.85 -11.3084 0
      vertex 28.85 -11.7916 18.6
      vertex 28.85 -11.7916 0
    endloop
  endfacet
  facet normal 1 -0 0
    outer loop
      vertex 28.85 9.2084 18.6
      vertex 28.85 9.6916 0
      vertex 28.85 9.6916 18.6
    endloop
  endfacet
  facet normal 1 0 0
    outer loop
      vertex 28.85 9.6916 0
      vertex 28.85 9.2084 18.6
      vertex 28.85 9.2084 0
    endloop
  endfacet
  facet normal 1 0 0
    outer loop
      vertex 28.85 -5.4916 0
      vertex 28.85 -5.0084 12.2588
      vertex 28.85 -5.08134 12.3952
    endloop
  endfacet
  facet normal 1 0 0
    outer loop
      vertex 28.85 -5.4916 0
      vertex 28.85 -5.08134 12.3952
      vertex 28.85 -5.39432 13.427
    endloop
  endfacet
  facet normal 1 0 0
    outer loop
      vertex 28.85 -5.4916 0
      vertex 28.85 -5.39432 13.427
      vertex 28.85 -5.4916 14.4147
    endloop
  endfacet
  facet normal 1 0 0
    outer loop
      vertex 28.85 -5.0084 12.2588
      vertex 28.85 -5.4916 0
      vertex 28.85 -5.0084 0
    endloop
  endfacet
  facet normal 1 -0 0
    outer loop
      vertex 28.85 -7.5916 18.6
      vertex 28.85 -7.1084 0
      vertex 28.85 -7.1084 18.6
    endloop
  endfacet
  facet normal 1 0 0
    outer loop
      vertex 28.85 -7.1084 0
      vertex 28.85 -7.5916 18.6
      vertex 28.85 -7.5916 0
    endloop
  endfacet
  facet normal 1 -0 0
    outer loop
      vertex 28.85 11.3084 18.6
      vertex 28.85 11.7916 0
      vertex 28.85 11.7916 18.6
    endloop
  endfacet
  facet normal 1 0 0
    outer loop
      vertex 28.85 11.7916 0
      vertex 28.85 11.3084 18.6
      vertex 28.85 11.3084 0
    endloop
  endfacet
  facet normal 1 -0 0
    outer loop
      vertex 28.85 3.05564 9.92692
      vertex 28.85 3.3916 0
      vertex 28.85 3.3916 10.2026
    endloop
  endfacet
  facet normal 1 -0 0
    outer loop
      vertex 28.85 2.9084 9.84822
      vertex 28.85 3.3916 0
      vertex 28.85 3.05564 9.92692
    endloop
  endfacet
  facet normal 1 0 0
    outer loop
      vertex 28.85 3.3916 0
      vertex 28.85 2.9084 9.84822
      vertex 28.85 2.9084 0
    endloop
  endfacet
  facet normal 1 -0 0
    outer loop
      vertex 28.85 -9.6916 18.6
      vertex 28.85 -9.2084 0
      vertex 28.85 -9.2084 18.6
    endloop
  endfacet
  facet normal 1 0 0
    outer loop
      vertex 28.85 -9.2084 0
      vertex 28.85 -9.6916 18.6
      vertex 28.85 -9.6916 0
    endloop
  endfacet
  facet normal 1 -0 0
    outer loop
      vertex 28.85 1.073 9.10568
      vertex 28.85 1.2916 0
      vertex 28.85 1.2916 9.17199
    endloop
  endfacet
  facet normal 1 -0 0
    outer loop
      vertex 28.85 0.808397 9.07962
      vertex 28.85 1.2916 0
      vertex 28.85 1.073 9.10568
    endloop
  endfacet
  facet normal 1 0 0
    outer loop
      vertex 28.85 1.2916 0
      vertex 28.85 0.808397 9.07962
      vertex 28.85 0.808397 0
    endloop
  endfacet
  facet normal 1 0 0
    outer loop
      vertex 28.85 -1.2916 0
      vertex 28.85 -0.808397 9.07962
      vertex 28.85 -1.073 9.10568
    endloop
  endfacet
  facet normal 1 0 0
    outer loop
      vertex 28.85 -1.2916 0
      vertex 28.85 -1.073 9.10568
      vertex 28.85 -1.2916 9.17199
    endloop
  endfacet
  facet normal 1 0 0
    outer loop
      vertex 28.85 -0.808397 9.07962
      vertex 28.85 -1.2916 0
      vertex 28.85 -0.808397 0
    endloop
  endfacet
  facet normal 1 0 0
    outer loop
      vertex 28.85 -3.3916 0
      vertex 28.85 -2.9084 9.84822
      vertex 28.85 -3.05564 9.92692
    endloop
  endfacet
  facet normal 1 0 0
    outer loop
      vertex 28.85 -3.3916 0
      vertex 28.85 -3.05564 9.92692
      vertex 28.85 -3.3916 10.2026
    endloop
  endfacet
  facet normal 1 0 0
    outer loop
      vertex 28.85 -2.9084 9.84822
      vertex 28.85 -3.3916 0
      vertex 28.85 -2.9084 0
    endloop
  endfacet
  facet normal 1 -0 0
    outer loop
      vertex 28.85 -5.4916 18.6
      vertex 28.85 -5.0084 16.7412
      vertex 28.85 -5.0084 18.6
    endloop
  endfacet
  facet normal 1 0 0
    outer loop
      vertex 28.85 -5.0084 16.7412
      vertex 28.85 -5.4916 18.6
      vertex 28.85 -5.08134 16.6048
    endloop
  endfacet
  facet normal 1 0 0
    outer loop
      vertex 28.85 -5.08134 16.6048
      vertex 28.85 -5.4916 18.6
      vertex 28.85 -5.39432 15.573
    endloop
  endfacet
  facet normal 1 0 0
    outer loop
      vertex 28.85 -5.39432 15.573
      vertex 28.85 -5.4916 18.6
      vertex 28.85 -5.4916 14.5853
    endloop
  endfacet
  facet normal 1 0 0
    outer loop
      vertex 28.85 5.4916 18.6
      vertex 28.85 5.39432 15.573
      vertex 28.85 5.4916 14.5853
    endloop
  endfacet
  facet normal 1 0 0
    outer loop
      vertex 28.85 5.4916 18.6
      vertex 28.85 5.08134 16.6048
      vertex 28.85 5.39432 15.573
    endloop
  endfacet
  facet normal 1 0 0
    outer loop
      vertex 28.85 5.0084 16.7412
      vertex 28.85 5.4916 18.6
      vertex 28.85 5.0084 18.6
    endloop
  endfacet
  facet normal 1 0 0
    outer loop
      vertex 28.85 5.4916 18.6
      vertex 28.85 5.0084 16.7412
      vertex 28.85 5.08134 16.6048
    endloop
  endfacet
  facet normal 0 0 1
    outer loop
      vertex 27.8062 14.0129 18.6
      vertex 27.1769 14.6504 18.6
      vertex 27.25 12.7 18.6
    endloop
  endfacet
  facet normal -0 0 1
    outer loop
      vertex 27.1458 14.6632 18.6
      vertex 27.1769 14.6504 18.6
      vertex 27.1727 14.6632 18.6
    endloop
  endfacet
  facet normal 0 0 1
    outer loop
      vertex 25.85 14.1 18.6
      vertex 27.1769 14.6504 18.6
      vertex 27.1458 14.6632 18.6
    endloop
  endfacet
  facet normal 0 0 1
    outer loop
      vertex 25.85 14.1 18.6
      vertex 27.1458 14.6632 18.6
      vertex 26.2964 15.0151 18.6
    endloop
  endfacet
  facet normal -0 0 1
    outer loop
      vertex 26.2876 15.0187 18.6
      vertex 26.2964 15.0151 18.6
      vertex 26.2938 15.0232 18.6
    endloop
  endfacet
  facet normal 0 0 1
    outer loop
      vertex 25.85 14.1 18.6
      vertex 26.2964 15.0151 18.6
      vertex 26.2876 15.0187 18.6
    endloop
  endfacet
  facet normal 0 0 1
    outer loop
      vertex 25.85 14.1 18.6
      vertex 26.2876 15.0187 18.6
      vertex 25.85 15.2 18.6
    endloop
  endfacet
  facet normal 0 0 1
    outer loop
      vertex 27.1769 14.6504 18.6
      vertex 25.85 14.1 18.6
      vertex 27.25 12.7 18.6
    endloop
  endfacet
  facet normal -0 0 1
    outer loop
      vertex 24.5129 15.2 18.6
      vertex 25.85 14.1 18.6
      vertex 25.85 15.2 18.6
    endloop
  endfacet
  facet normal 0 0 1
    outer loop
      vertex 23.7871 15.2 18.6
      vertex 24.5129 15.2 18.6
      vertex 24.5123 15.2004 18.6
    endloop
  endfacet
  facet normal -0 0 1
    outer loop
      vertex 23.95 15.7 18.6
      vertex 24.5123 15.2004 18.6
      vertex 24.35 15.7 18.6
    endloop
  endfacet
  facet normal 0 0 1
    outer loop
      vertex 23.7877 15.2004 18.6
      vertex 24.5123 15.2004 18.6
      vertex 23.95 15.7 18.6
    endloop
  endfacet
  facet normal 0 0 1
    outer loop
      vertex 23.7871 15.2 18.6
      vertex 24.5123 15.2004 18.6
      vertex 23.7877 15.2004 18.6
    endloop
  endfacet
  facet normal 0 0 1
    outer loop
      vertex 24.5129 15.2 18.6
      vertex 23.7871 15.2 18.6
      vertex 25.85 14.1 18.6
    endloop
  endfacet
  facet normal -0 0 1
    outer loop
      vertex 22.4129 15.2 18.6
      vertex 25.85 14.1 18.6
      vertex 23.7871 15.2 18.6
    endloop
  endfacet
  facet normal -0 0 1
    outer loop
      vertex 21.85 15.7 18.6
      vertex 22.4123 15.2004 18.6
      vertex 22.25 15.7 18.6
    endloop
  endfacet
  facet normal 0 0 1
    outer loop
      vertex 21.6877 15.2004 18.6
      vertex 22.4123 15.2004 18.6
      vertex 21.85 15.7 18.6
    endloop
  endfacet
  facet normal -0 0 1
    outer loop
      vertex 21.6877 15.2004 18.6
      vertex 22.4129 15.2 18.6
      vertex 22.4123 15.2004 18.6
    endloop
  endfacet
  facet normal 0 0 1
    outer loop
      vertex 21.6871 15.2 18.6
      vertex 22.4129 15.2 18.6
      vertex 21.6877 15.2004 18.6
    endloop
  endfacet
  facet normal 0 0 1
    outer loop
      vertex 22.4129 15.2 18.6
      vertex 21.6871 15.2 18.6
      vertex 25.85 14.1 18.6
    endloop
  endfacet
  facet normal -0 0 1
    outer loop
      vertex 20.3129 15.2 18.6
      vertex 25.85 14.1 18.6
      vertex 21.6871 15.2 18.6
    endloop
  endfacet
  facet normal -0 0 1
    outer loop
      vertex 19.75 15.7 18.6
      vertex 20.3123 15.2004 18.6
      vertex 20.15 15.7 18.6
    endloop
  endfacet
  facet normal 0 0 1
    outer loop
      vertex 19.5877 15.2004 18.6
      vertex 20.3123 15.2004 18.6
      vertex 19.75 15.7 18.6
    endloop
  endfacet
  facet normal -0 0 1
    outer loop
      vertex 19.5877 15.2004 18.6
      vertex 20.3129 15.2 18.6
      vertex 20.3123 15.2004 18.6
    endloop
  endfacet
  facet normal 0 0 1
    outer loop
      vertex 19.5871 15.2 18.6
      vertex 20.3129 15.2 18.6
      vertex 19.5877 15.2004 18.6
    endloop
  endfacet
  facet normal 0 0 1
    outer loop
      vertex 20.3129 15.2 18.6
      vertex 19.5871 15.2 18.6
      vertex 25.85 14.1 18.6
    endloop
  endfacet
  facet normal -0 0 1
    outer loop
      vertex 18.2129 15.2 18.6
      vertex 25.85 14.1 18.6
      vertex 19.5871 15.2 18.6
    endloop
  endfacet
  facet normal -0 0 1
    outer loop
      vertex 17.65 15.7 18.6
      vertex 18.2123 15.2004 18.6
      vertex 18.05 15.7 18.6
    endloop
  endfacet
  facet normal 0 0 1
    outer loop
      vertex 17.4877 15.2004 18.6
      vertex 18.2123 15.2004 18.6
      vertex 17.65 15.7 18.6
    endloop
  endfacet
  facet normal -0 0 1
    outer loop
      vertex 17.4877 15.2004 18.6
      vertex 18.2129 15.2 18.6
      vertex 18.2123 15.2004 18.6
    endloop
  endfacet
  facet normal 0 0 1
    outer loop
      vertex 17.4871 15.2 18.6
      vertex 18.2129 15.2 18.6
      vertex 17.4877 15.2004 18.6
    endloop
  endfacet
  facet normal 0 0 1
    outer loop
      vertex 18.2129 15.2 18.6
      vertex 17.4871 15.2 18.6
      vertex 25.85 14.1 18.6
    endloop
  endfacet
  facet normal -0 0 1
    outer loop
      vertex 16.1129 15.2 18.6
      vertex 25.85 14.1 18.6
      vertex 17.4871 15.2 18.6
    endloop
  endfacet
  facet normal -0 0 1
    outer loop
      vertex 15.55 15.7 18.6
      vertex 16.1123 15.2004 18.6
      vertex 15.95 15.7 18.6
    endloop
  endfacet
  facet normal 0 0 1
    outer loop
      vertex 15.3877 15.2004 18.6
      vertex 16.1123 15.2004 18.6
      vertex 15.55 15.7 18.6
    endloop
  endfacet
  facet normal -0 0 1
    outer loop
      vertex 15.3877 15.2004 18.6
      vertex 16.1129 15.2 18.6
      vertex 16.1123 15.2004 18.6
    endloop
  endfacet
  facet normal 0 0 1
    outer loop
      vertex 15.3871 15.2 18.6
      vertex 16.1129 15.2 18.6
      vertex 15.3877 15.2004 18.6
    endloop
  endfacet
  facet normal 0 0 1
    outer loop
      vertex 16.1129 15.2 18.6
      vertex 15.3871 15.2 18.6
      vertex 25.85 14.1 18.6
    endloop
  endfacet
  facet normal -0 0 1
    outer loop
      vertex 14.0129 15.2 18.6
      vertex 25.85 14.1 18.6
      vertex 15.3871 15.2 18.6
    endloop
  endfacet
  facet normal -0 0 1
    outer loop
      vertex 13.45 15.7 18.6
      vertex 14.0123 15.2004 18.6
      vertex 13.85 15.7 18.6
    endloop
  endfacet
  facet normal 0 0 1
    outer loop
      vertex 13.2877 15.2004 18.6
      vertex 14.0123 15.2004 18.6
      vertex 13.45 15.7 18.6
    endloop
  endfacet
  facet normal -0 0 1
    outer loop
      vertex 13.2877 15.2004 18.6
      vertex 14.0129 15.2 18.6
      vertex 14.0123 15.2004 18.6
    endloop
  endfacet
  facet normal 0 0 1
    outer loop
      vertex 13.2871 15.2 18.6
      vertex 14.0129 15.2 18.6
      vertex 13.2877 15.2004 18.6
    endloop
  endfacet
  facet normal 0 0 1
    outer loop
      vertex 14.0129 15.2 18.6
      vertex 13.2871 15.2 18.6
      vertex 25.85 14.1 18.6
    endloop
  endfacet
  facet normal -0 0 1
    outer loop
      vertex 11.9129 15.2 18.6
      vertex 25.85 14.1 18.6
      vertex 13.2871 15.2 18.6
    endloop
  endfacet
  facet normal -0 0 1
    outer loop
      vertex 11.35 15.7 18.6
      vertex 11.9123 15.2004 18.6
      vertex 11.75 15.7 18.6
    endloop
  endfacet
  facet normal 0 0 1
    outer loop
      vertex 11.1877 15.2004 18.6
      vertex 11.9123 15.2004 18.6
      vertex 11.35 15.7 18.6
    endloop
  endfacet
  facet normal -0 0 1
    outer loop
      vertex 11.1877 15.2004 18.6
      vertex 11.9129 15.2 18.6
      vertex 11.9123 15.2004 18.6
    endloop
  endfacet
  facet normal 0 0 1
    outer loop
      vertex 11.1871 15.2 18.6
      vertex 11.9129 15.2 18.6
      vertex 11.1877 15.2004 18.6
    endloop
  endfacet
  facet normal 0 0 1
    outer loop
      vertex 11.9129 15.2 18.6
      vertex 11.1871 15.2 18.6
      vertex 25.85 14.1 18.6
    endloop
  endfacet
  facet normal -0 0 1
    outer loop
      vertex 9.81287 15.2 18.6
      vertex 25.85 14.1 18.6
      vertex 11.1871 15.2 18.6
    endloop
  endfacet
  facet normal -0 0 1
    outer loop
      vertex 9.25 15.7 18.6
      vertex 9.81234 15.2004 18.6
      vertex 9.65 15.7 18.6
    endloop
  endfacet
  facet normal 0 0 1
    outer loop
      vertex 9.08766 15.2004 18.6
      vertex 9.81234 15.2004 18.6
      vertex 9.25 15.7 18.6
    endloop
  endfacet
  facet normal -0 0 1
    outer loop
      vertex 9.08766 15.2004 18.6
      vertex 9.81287 15.2 18.6
      vertex 9.81234 15.2004 18.6
    endloop
  endfacet
  facet normal 0 0 1
    outer loop
      vertex 9.08713 15.2 18.6
      vertex 9.81287 15.2 18.6
      vertex 9.08766 15.2004 18.6
    endloop
  endfacet
  facet normal 0 0 1
    outer loop
      vertex 9.81287 15.2 18.6
      vertex 9.08713 15.2 18.6
      vertex 25.85 14.1 18.6
    endloop
  endfacet
  facet normal -0 0 1
    outer loop
      vertex 7.71286 15.2 18.6
      vertex 25.85 14.1 18.6
      vertex 9.08713 15.2 18.6
    endloop
  endfacet
  facet normal -0 0 1
    outer loop
      vertex 7.15 15.7 18.6
      vertex 7.71233 15.2004 18.6
      vertex 7.55 15.7 18.6
    endloop
  endfacet
  facet normal 0 0 1
    outer loop
      vertex 6.98766 15.2004 18.6
      vertex 7.71233 15.2004 18.6
      vertex 7.15 15.7 18.6
    endloop
  endfacet
  facet normal -0 0 1
    outer loop
      vertex 6.98766 15.2004 18.6
      vertex 7.71286 15.2 18.6
      vertex 7.71233 15.2004 18.6
    endloop
  endfacet
  facet normal 0 0 1
    outer loop
      vertex 6.98713 15.2 18.6
      vertex 7.71286 15.2 18.6
      vertex 6.98766 15.2004 18.6
    endloop
  endfacet
  facet normal 0 0 1
    outer loop
      vertex 7.71286 15.2 18.6
      vertex 6.98713 15.2 18.6
      vertex 25.85 14.1 18.6
    endloop
  endfacet
  facet normal -0 0 1
    outer loop
      vertex 5.61287 15.2 18.6
      vertex 25.85 14.1 18.6
      vertex 6.98713 15.2 18.6
    endloop
  endfacet
  facet normal -0 0 1
    outer loop
      vertex 5.05 15.7 18.6
      vertex 5.61234 15.2004 18.6
      vertex 5.45 15.7 18.6
    endloop
  endfacet
  facet normal 0 0 1
    outer loop
      vertex 4.88766 15.2004 18.6
      vertex 5.61234 15.2004 18.6
      vertex 5.05 15.7 18.6
    endloop
  endfacet
  facet normal -0 0 1
    outer loop
      vertex 4.88766 15.2004 18.6
      vertex 5.61287 15.2 18.6
      vertex 5.61234 15.2004 18.6
    endloop
  endfacet
  facet normal 0 0 1
    outer loop
      vertex 4.88713 15.2 18.6
      vertex 5.61287 15.2 18.6
      vertex 4.88766 15.2004 18.6
    endloop
  endfacet
  facet normal 0 0 1
    outer loop
      vertex 5.61287 15.2 18.6
      vertex 4.88713 15.2 18.6
      vertex 25.85 14.1 18.6
    endloop
  endfacet
  facet normal -0 0 1
    outer loop
      vertex 3.51287 15.2 18.6
      vertex 25.85 14.1 18.6
      vertex 4.88713 15.2 18.6
    endloop
  endfacet
  facet normal -0 0 1
    outer loop
      vertex 2.95 15.7 18.6
      vertex 3.51233 15.2004 18.6
      vertex 3.35 15.7 18.6
    endloop
  endfacet
  facet normal 0 0 1
    outer loop
      vertex 2.78766 15.2004 18.6
      vertex 3.51233 15.2004 18.6
      vertex 2.95 15.7 18.6
    endloop
  endfacet
  facet normal -0 0 1
    outer loop
      vertex 2.78766 15.2004 18.6
      vertex 3.51287 15.2 18.6
      vertex 3.51233 15.2004 18.6
    endloop
  endfacet
  facet normal 0 0 1
    outer loop
      vertex 2.78713 15.2 18.6
      vertex 3.51287 15.2 18.6
      vertex 2.78766 15.2004 18.6
    endloop
  endfacet
  facet normal 0 0 1
    outer loop
      vertex 3.51287 15.2 18.6
      vertex 2.78713 15.2 18.6
      vertex 25.85 14.1 18.6
    endloop
  endfacet
  facet normal -0 0 1
    outer loop
      vertex 1.41287 15.2 18.6
      vertex 25.85 14.1 18.6
      vertex 2.78713 15.2 18.6
    endloop
  endfacet
  facet normal -0 0 1
    outer loop
      vertex 0.849998 15.7 18.6
      vertex 1.41234 15.2004 18.6
      vertex 1.25 15.7 18.6
    endloop
  endfacet
  facet normal 0 0 1
    outer loop
      vertex 0.687664 15.2004 18.6
      vertex 1.41234 15.2004 18.6
      vertex 0.849998 15.7 18.6
    endloop
  endfacet
  facet normal -0 0 1
    outer loop
      vertex 0.687664 15.2004 18.6
      vertex 1.41287 15.2 18.6
      vertex 1.41234 15.2004 18.6
    endloop
  endfacet
  facet normal 0 0 1
    outer loop
      vertex 0.687134 15.2 18.6
      vertex 1.41287 15.2 18.6
      vertex 0.687664 15.2004 18.6
    endloop
  endfacet
  facet normal 0 0 1
    outer loop
      vertex 1.41287 15.2 18.6
      vertex 0.687134 15.2 18.6
      vertex 25.85 14.1 18.6
    endloop
  endfacet
  facet normal -0 0 1
    outer loop
      vertex -0.687134 15.2 18.6
      vertex 25.85 14.1 18.6
      vertex 0.687134 15.2 18.6
    endloop
  endfacet
  facet normal -0 0 1
    outer loop
      vertex -1.25 15.7 18.6
      vertex -0.687664 15.2004 18.6
      vertex -0.849998 15.7 18.6
    endloop
  endfacet
  facet normal 0 0 1
    outer loop
      vertex -1.41234 15.2004 18.6
      vertex -0.687664 15.2004 18.6
      vertex -1.25 15.7 18.6
    endloop
  endfacet
  facet normal -0 0 1
    outer loop
      vertex -1.41234 15.2004 18.6
      vertex -0.687134 15.2 18.6
      vertex -0.687664 15.2004 18.6
    endloop
  endfacet
  facet normal 0 0 1
    outer loop
      vertex -1.41287 15.2 18.6
      vertex -0.687134 15.2 18.6
      vertex -1.41234 15.2004 18.6
    endloop
  endfacet
  facet normal 0 0 1
    outer loop
      vertex -0.687134 15.2 18.6
      vertex -1.41287 15.2 18.6
      vertex 25.85 14.1 18.6
    endloop
  endfacet
  facet normal -0 0 1
    outer loop
      vertex -2.78713 15.2 18.6
      vertex 25.85 14.1 18.6
      vertex -1.41287 15.2 18.6
    endloop
  endfacet
  facet normal -0 0 1
    outer loop
      vertex -3.35 15.7 18.6
      vertex -2.78766 15.2004 18.6
      vertex -2.95 15.7 18.6
    endloop
  endfacet
  facet normal 0 0 1
    outer loop
      vertex -3.51233 15.2004 18.6
      vertex -2.78766 15.2004 18.6
      vertex -3.35 15.7 18.6
    endloop
  endfacet
  facet normal -0 0 1
    outer loop
      vertex -3.51233 15.2004 18.6
      vertex -2.78713 15.2 18.6
      vertex -2.78766 15.2004 18.6
    endloop
  endfacet
  facet normal 0 0 1
    outer loop
      vertex -3.51287 15.2 18.6
      vertex -2.78713 15.2 18.6
      vertex -3.51233 15.2004 18.6
    endloop
  endfacet
  facet normal 0 0 1
    outer loop
      vertex -25.85 14.1 18.6
      vertex -2.78713 15.2 18.6
      vertex -3.51287 15.2 18.6
    endloop
  endfacet
  facet normal 0 0 1
    outer loop
      vertex -25.85 14.1 18.6
      vertex -3.51287 15.2 18.6
      vertex -4.88713 15.2 18.6
    endloop
  endfacet
  facet normal -0 0 1
    outer loop
      vertex -5.45 15.7 18.6
      vertex -4.88766 15.2004 18.6
      vertex -5.05 15.7 18.6
    endloop
  endfacet
  facet normal 0 0 1
    outer loop
      vertex -5.61234 15.2004 18.6
      vertex -4.88766 15.2004 18.6
      vertex -5.45 15.7 18.6
    endloop
  endfacet
  facet normal -0 0 1
    outer loop
      vertex -5.61234 15.2004 18.6
      vertex -4.88713 15.2 18.6
      vertex -4.88766 15.2004 18.6
    endloop
  endfacet
  facet normal 0 0 1
    outer loop
      vertex -5.61287 15.2 18.6
      vertex -4.88713 15.2 18.6
      vertex -5.61234 15.2004 18.6
    endloop
  endfacet
  facet normal 0 0 1
    outer loop
      vertex -25.85 14.1 18.6
      vertex -4.88713 15.2 18.6
      vertex -5.61287 15.2 18.6
    endloop
  endfacet
  facet normal 0 0 1
    outer loop
      vertex -25.85 14.1 18.6
      vertex -5.61287 15.2 18.6
      vertex -6.98713 15.2 18.6
    endloop
  endfacet
  facet normal -0 0 1
    outer loop
      vertex -7.55 15.7 18.6
      vertex -6.98766 15.2004 18.6
      vertex -7.15 15.7 18.6
    endloop
  endfacet
  facet normal 0 0 1
    outer loop
      vertex -7.71233 15.2004 18.6
      vertex -6.98766 15.2004 18.6
      vertex -7.55 15.7 18.6
    endloop
  endfacet
  facet normal -0 0 1
    outer loop
      vertex -7.71233 15.2004 18.6
      vertex -6.98713 15.2 18.6
      vertex -6.98766 15.2004 18.6
    endloop
  endfacet
  facet normal 0 0 1
    outer loop
      vertex -7.71286 15.2 18.6
      vertex -6.98713 15.2 18.6
      vertex -7.71233 15.2004 18.6
    endloop
  endfacet
  facet normal 0 0 1
    outer loop
      vertex -25.85 14.1 18.6
      vertex -6.98713 15.2 18.6
      vertex -7.71286 15.2 18.6
    endloop
  endfacet
  facet normal 0 0 1
    outer loop
      vertex -25.85 14.1 18.6
      vertex -7.71286 15.2 18.6
      vertex -9.08713 15.2 18.6
    endloop
  endfacet
  facet normal -0 0 1
    outer loop
      vertex -9.65 15.7 18.6
      vertex -9.08766 15.2004 18.6
      vertex -9.25 15.7 18.6
    endloop
  endfacet
  facet normal 0 0 1
    outer loop
      vertex -9.81234 15.2004 18.6
      vertex -9.08766 15.2004 18.6
      vertex -9.65 15.7 18.6
    endloop
  endfacet
  facet normal -0 0 1
    outer loop
      vertex -9.81234 15.2004 18.6
      vertex -9.08713 15.2 18.6
      vertex -9.08766 15.2004 18.6
    endloop
  endfacet
  facet normal 0 0 1
    outer loop
      vertex -9.81287 15.2 18.6
      vertex -9.08713 15.2 18.6
      vertex -9.81234 15.2004 18.6
    endloop
  endfacet
  facet normal 0 0 1
    outer loop
      vertex -25.85 14.1 18.6
      vertex -9.08713 15.2 18.6
      vertex -9.81287 15.2 18.6
    endloop
  endfacet
  facet normal 0 0 1
    outer loop
      vertex -25.85 14.1 18.6
      vertex -9.81287 15.2 18.6
      vertex -11.1871 15.2 18.6
    endloop
  endfacet
  facet normal -0 0 1
    outer loop
      vertex -11.75 15.7 18.6
      vertex -11.1877 15.2004 18.6
      vertex -11.35 15.7 18.6
    endloop
  endfacet
  facet normal 0 0 1
    outer loop
      vertex -11.9123 15.2004 18.6
      vertex -11.1877 15.2004 18.6
      vertex -11.75 15.7 18.6
    endloop
  endfacet
  facet normal -0 0 1
    outer loop
      vertex -11.9123 15.2004 18.6
      vertex -11.1871 15.2 18.6
      vertex -11.1877 15.2004 18.6
    endloop
  endfacet
  facet normal 0 0 1
    outer loop
      vertex -11.9129 15.2 18.6
      vertex -11.1871 15.2 18.6
      vertex -11.9123 15.2004 18.6
    endloop
  endfacet
  facet normal 0 0 1
    outer loop
      vertex -25.85 14.1 18.6
      vertex -11.1871 15.2 18.6
      vertex -11.9129 15.2 18.6
    endloop
  endfacet
  facet normal 0 0 1
    outer loop
      vertex -25.85 14.1 18.6
      vertex -11.9129 15.2 18.6
      vertex -13.2871 15.2 18.6
    endloop
  endfacet
  facet normal -0 0 1
    outer loop
      vertex -13.85 15.7 18.6
      vertex -13.2877 15.2004 18.6
      vertex -13.45 15.7 18.6
    endloop
  endfacet
  facet normal 0 0 1
    outer loop
      vertex -14.0123 15.2004 18.6
      vertex -13.2877 15.2004 18.6
      vertex -13.85 15.7 18.6
    endloop
  endfacet
  facet normal -0 0 1
    outer loop
      vertex -14.0123 15.2004 18.6
      vertex -13.2871 15.2 18.6
      vertex -13.2877 15.2004 18.6
    endloop
  endfacet
  facet normal 0 0 1
    outer loop
      vertex -14.0129 15.2 18.6
      vertex -13.2871 15.2 18.6
      vertex -14.0123 15.2004 18.6
    endloop
  endfacet
  facet normal 0 0 1
    outer loop
      vertex -25.85 14.1 18.6
      vertex -13.2871 15.2 18.6
      vertex -14.0129 15.2 18.6
    endloop
  endfacet
  facet normal 0 0 1
    outer loop
      vertex -25.85 14.1 18.6
      vertex -14.0129 15.2 18.6
      vertex -15.3871 15.2 18.6
    endloop
  endfacet
  facet normal -0 0 1
    outer loop
      vertex -15.95 15.7 18.6
      vertex -15.3877 15.2004 18.6
      vertex -15.55 15.7 18.6
    endloop
  endfacet
  facet normal 0 0 1
    outer loop
      vertex -16.1123 15.2004 18.6
      vertex -15.3877 15.2004 18.6
      vertex -15.95 15.7 18.6
    endloop
  endfacet
  facet normal -0 0 1
    outer loop
      vertex -16.1123 15.2004 18.6
      vertex -15.3871 15.2 18.6
      vertex -15.3877 15.2004 18.6
    endloop
  endfacet
  facet normal 0 0 1
    outer loop
      vertex -16.1129 15.2 18.6
      vertex -15.3871 15.2 18.6
      vertex -16.1123 15.2004 18.6
    endloop
  endfacet
  facet normal 0 0 1
    outer loop
      vertex -25.85 14.1 18.6
      vertex -15.3871 15.2 18.6
      vertex -16.1129 15.2 18.6
    endloop
  endfacet
  facet normal 0 0 1
    outer loop
      vertex -25.85 14.1 18.6
      vertex -16.1129 15.2 18.6
      vertex -17.4871 15.2 18.6
    endloop
  endfacet
  facet normal -0 0 1
    outer loop
      vertex -18.05 15.7 18.6
      vertex -17.4877 15.2004 18.6
      vertex -17.65 15.7 18.6
    endloop
  endfacet
  facet normal 0 0 1
    outer loop
      vertex -18.2123 15.2004 18.6
      vertex -17.4877 15.2004 18.6
      vertex -18.05 15.7 18.6
    endloop
  endfacet
  facet normal -0 0 1
    outer loop
      vertex -18.2123 15.2004 18.6
      vertex -17.4871 15.2 18.6
      vertex -17.4877 15.2004 18.6
    endloop
  endfacet
  facet normal 0 0 1
    outer loop
      vertex -18.2129 15.2 18.6
      vertex -17.4871 15.2 18.6
      vertex -18.2123 15.2004 18.6
    endloop
  endfacet
  facet normal 0 0 1
    outer loop
      vertex -25.85 14.1 18.6
      vertex -17.4871 15.2 18.6
      vertex -18.2129 15.2 18.6
    endloop
  endfacet
  facet normal 0 0 1
    outer loop
      vertex -25.85 14.1 18.6
      vertex -18.2129 15.2 18.6
      vertex -19.5871 15.2 18.6
    endloop
  endfacet
  facet normal -0 0 1
    outer loop
      vertex -20.15 15.7 18.6
      vertex -19.5877 15.2004 18.6
      vertex -19.75 15.7 18.6
    endloop
  endfacet
  facet normal 0 0 1
    outer loop
      vertex -20.3123 15.2004 18.6
      vertex -19.5877 15.2004 18.6
      vertex -20.15 15.7 18.6
    endloop
  endfacet
  facet normal -0 0 1
    outer loop
      vertex -20.3123 15.2004 18.6
      vertex -19.5871 15.2 18.6
      vertex -19.5877 15.2004 18.6
    endloop
  endfacet
  facet normal 0 0 1
    outer loop
      vertex -20.3129 15.2 18.6
      vertex -19.5871 15.2 18.6
      vertex -20.3123 15.2004 18.6
    endloop
  endfacet
  facet normal 0 0 1
    outer loop
      vertex -25.85 14.1 18.6
      vertex -19.5871 15.2 18.6
      vertex -20.3129 15.2 18.6
    endloop
  endfacet
  facet normal 0 0 1
    outer loop
      vertex -25.85 14.1 18.6
      vertex -20.3129 15.2 18.6
      vertex -21.6871 15.2 18.6
    endloop
  endfacet
  facet normal -0 0 1
    outer loop
      vertex -22.25 15.7 18.6
      vertex -21.6877 15.2004 18.6
      vertex -21.85 15.7 18.6
    endloop
  endfacet
  facet normal 0 0 1
    outer loop
      vertex -22.4123 15.2004 18.6
      vertex -21.6877 15.2004 18.6
      vertex -22.25 15.7 18.6
    endloop
  endfacet
  facet normal -0 0 1
    outer loop
      vertex -22.4123 15.2004 18.6
      vertex -21.6871 15.2 18.6
      vertex -21.6877 15.2004 18.6
    endloop
  endfacet
  facet normal 0 0 1
    outer loop
      vertex -22.4129 15.2 18.6
      vertex -21.6871 15.2 18.6
      vertex -22.4123 15.2004 18.6
    endloop
  endfacet
  facet normal 0 0 1
    outer loop
      vertex -25.85 14.1 18.6
      vertex -21.6871 15.2 18.6
      vertex -22.4129 15.2 18.6
    endloop
  endfacet
  facet normal 0 0 1
    outer loop
      vertex -25.85 14.1 18.6
      vertex -22.4129 15.2 18.6
      vertex -23.7871 15.2 18.6
    endloop
  endfacet
  facet normal -0 0 1
    outer loop
      vertex -24.35 15.7 18.6
      vertex -23.7877 15.2004 18.6
      vertex -23.95 15.7 18.6
    endloop
  endfacet
  facet normal 0 0 1
    outer loop
      vertex -24.5123 15.2004 18.6
      vertex -23.7877 15.2004 18.6
      vertex -24.35 15.7 18.6
    endloop
  endfacet
  facet normal -0 0 1
    outer loop
      vertex -24.5123 15.2004 18.6
      vertex -23.7871 15.2 18.6
      vertex -23.7877 15.2004 18.6
    endloop
  endfacet
  facet normal 0 0 1
    outer loop
      vertex -24.5129 15.2 18.6
      vertex -23.7871 15.2 18.6
      vertex -24.5123 15.2004 18.6
    endloop
  endfacet
  facet normal 0 0 1
    outer loop
      vertex -23.7871 15.2 18.6
      vertex -24.5129 15.2 18.6
      vertex -25.85 14.1 18.6
    endloop
  endfacet
  facet normal 0 0 1
    outer loop
      vertex -25.85 14.1 18.6
      vertex -24.5129 15.2 18.6
      vertex -25.85 15.2 18.6
    endloop
  endfacet
  facet normal 0 0 1
    outer loop
      vertex -2.78713 15.2 18.6
      vertex -25.85 14.1 18.6
      vertex 25.85 14.1 18.6
    endloop
  endfacet
  facet normal -0 0 1
    outer loop
      vertex -26.2876 15.0187 18.6
      vertex -25.85 14.1 18.6
      vertex -25.85 15.2 18.6
    endloop
  endfacet
  facet normal 0 0 1
    outer loop
      vertex -26.2964 15.0151 18.6
      vertex -26.2876 15.0187 18.6
      vertex -26.2938 15.0232 18.6
    endloop
  endfacet
  facet normal 0 0 1
    outer loop
      vertex -26.2876 15.0187 18.6
      vertex -26.2964 15.0151 18.6
      vertex -25.85 14.1 18.6
    endloop
  endfacet
  facet normal -0 0 1
    outer loop
      vertex -27.1458 14.6632 18.6
      vertex -25.85 14.1 18.6
      vertex -26.2964 15.0151 18.6
    endloop
  endfacet
  facet normal 0 0 1
    outer loop
      vertex -27.1769 14.6504 18.6
      vertex -27.1458 14.6632 18.6
      vertex -27.1727 14.6632 18.6
    endloop
  endfacet
  facet normal 0 0 1
    outer loop
      vertex -27.1458 14.6632 18.6
      vertex -27.1769 14.6504 18.6
      vertex -25.85 14.1 18.6
    endloop
  endfacet
  facet normal 0 0 1
    outer loop
      vertex -27.1769 14.6504 18.6
      vertex -27.25 12.7 18.6
      vertex -25.85 14.1 18.6
    endloop
  endfacet
  facet normal 0 0 1
    outer loop
      vertex -27.1769 14.6504 18.6
      vertex -27.8062 14.0129 18.6
      vertex -27.25 12.7 18.6
    endloop
  endfacet
  facet normal 0 0 1
    outer loop
      vertex -27.8062 14.0129 18.6
      vertex -27.1769 14.6504 18.6
      vertex -27.6178 14.4678 18.6
    endloop
  endfacet
  facet normal 0 0 1
    outer loop
      vertex 27.8252 14.0129 18.6
      vertex 27.8062 14.0129 18.6
      vertex 27.8168 13.9871 18.6
    endloop
  endfacet
  facet normal 0 0 1
    outer loop
      vertex 28.1578 13.1858 18.6
      vertex 28.1449 13.1952 18.6
      vertex 28.1539 13.1735 18.6
    endloop
  endfacet
  facet normal -0 0 1
    outer loop
      vertex 27.25 12.7 18.6
      vertex 28.35 11.964 18.6
      vertex 28.35 12.7 18.6
    endloop
  endfacet
  facet normal 0 0 1
    outer loop
      vertex 28.35 11.964 18.6
      vertex 27.25 12.7 18.6
      vertex 28.35 11.136 18.6
    endloop
  endfacet
  facet normal 0 0 1
    outer loop
      vertex 28.35 11.136 18.6
      vertex 27.25 12.7 18.6
      vertex 28.35 9.86404 18.6
    endloop
  endfacet
  facet normal 0 0 1
    outer loop
      vertex 28.35 9.86404 18.6
      vertex 27.25 12.7 18.6
      vertex 28.35 9.03596 18.6
    endloop
  endfacet
  facet normal 0 0 1
    outer loop
      vertex 28.35 9.03596 18.6
      vertex 27.25 12.7 18.6
      vertex 28.35 7.76404 18.6
    endloop
  endfacet
  facet normal 0 0 1
    outer loop
      vertex 27.25 3.63209 18.6
      vertex 28.35 7.76404 18.6
      vertex 27.25 12.7 18.6
    endloop
  endfacet
  facet normal 0 0 1
    outer loop
      vertex 28.35 7.76404 18.6
      vertex 27.25 3.63209 18.6
      vertex 28.35 6.93596 18.6
    endloop
  endfacet
  facet normal 0 0 1
    outer loop
      vertex 28.35 6.93596 18.6
      vertex 27.25 3.63209 18.6
      vertex 28.35 5.66404 18.6
    endloop
  endfacet
  facet normal 0 0 1
    outer loop
      vertex 27.25 12.7 18.6
      vertex 28.35 12.7 18.6
      vertex 28.1539 13.1735 18.6
    endloop
  endfacet
  facet normal 0 0 1
    outer loop
      vertex 27.25 12.7 18.6
      vertex 28.1539 13.1735 18.6
      vertex 28.1449 13.1952 18.6
    endloop
  endfacet
  facet normal 0 0 1
    outer loop
      vertex 27.25 12.7 18.6
      vertex 28.1449 13.1952 18.6
      vertex 27.8168 13.9871 18.6
    endloop
  endfacet
  facet normal 0 0 1
    outer loop
      vertex 27.25 12.7 18.6
      vertex 27.8168 13.9871 18.6
      vertex 27.8062 14.0129 18.6
    endloop
  endfacet
  facet normal 0 0 1
    outer loop
      vertex 27.1769 14.6504 18.6
      vertex 27.8062 14.0129 18.6
      vertex 27.6178 14.4678 18.6
    endloop
  endfacet
  facet normal 0 0 1
    outer loop
      vertex 28.35 5.66404 18.6
      vertex 27.25 3.63209 18.6
      vertex 28.35 4.83596 18.6
    endloop
  endfacet
  facet normal 0 0 1
    outer loop
      vertex 28.35 4.83596 18.6
      vertex 27.25 3.63209 18.6
      vertex 28.35 3.63209 18.6
    endloop
  endfacet
  facet normal -0 0 1
    outer loop
      vertex 28.5873 11.7916 18.6
      vertex 28.85 11.3084 18.6
      vertex 28.85 11.7916 18.6
    endloop
  endfacet
  facet normal 0 0 1
    outer loop
      vertex 28.5873 11.7916 18.6
      vertex 28.5873 11.3084 18.6
      vertex 28.85 11.3084 18.6
    endloop
  endfacet
  facet normal 0 0 1
    outer loop
      vertex 28.35 11.964 18.6
      vertex 28.5873 11.3084 18.6
      vertex 28.5873 11.7916 18.6
    endloop
  endfacet
  facet normal 0 0 1
    outer loop
      vertex 28.5873 11.3084 18.6
      vertex 28.35 11.964 18.6
      vertex 28.35 11.136 18.6
    endloop
  endfacet
  facet normal -0 0 1
    outer loop
      vertex 28.5873 9.6916 18.6
      vertex 28.85 9.2084 18.6
      vertex 28.85 9.6916 18.6
    endloop
  endfacet
  facet normal 0 0 1
    outer loop
      vertex 28.5873 9.6916 18.6
      vertex 28.5873 9.2084 18.6
      vertex 28.85 9.2084 18.6
    endloop
  endfacet
  facet normal 0 0 1
    outer loop
      vertex 28.35 9.86404 18.6
      vertex 28.5873 9.2084 18.6
      vertex 28.5873 9.6916 18.6
    endloop
  endfacet
  facet normal 0 0 1
    outer loop
      vertex 28.5873 9.2084 18.6
      vertex 28.35 9.86404 18.6
      vertex 28.35 9.03596 18.6
    endloop
  endfacet
  facet normal -0 0 1
    outer loop
      vertex 28.5873 7.5916 18.6
      vertex 28.85 7.1084 18.6
      vertex 28.85 7.5916 18.6
    endloop
  endfacet
  facet normal 0 0 1
    outer loop
      vertex 28.5873 7.5916 18.6
      vertex 28.5873 7.1084 18.6
      vertex 28.85 7.1084 18.6
    endloop
  endfacet
  facet normal 0 0 1
    outer loop
      vertex 28.35 7.76404 18.6
      vertex 28.5873 7.1084 18.6
      vertex 28.5873 7.5916 18.6
    endloop
  endfacet
  facet normal 0 0 1
    outer loop
      vertex 28.5873 7.1084 18.6
      vertex 28.35 7.76404 18.6
      vertex 28.35 6.93596 18.6
    endloop
  endfacet
  facet normal -0 0 1
    outer loop
      vertex 28.5873 5.4916 18.6
      vertex 28.85 5.0084 18.6
      vertex 28.85 5.4916 18.6
    endloop
  endfacet
  facet normal 0 0 1
    outer loop
      vertex 28.5873 5.4916 18.6
      vertex 28.5873 5.0084 18.6
      vertex 28.85 5.0084 18.6
    endloop
  endfacet
  facet normal 0 0 1
    outer loop
      vertex 28.35 5.66404 18.6
      vertex 28.5873 5.0084 18.6
      vertex 28.5873 5.4916 18.6
    endloop
  endfacet
  facet normal 0 0 1
    outer loop
      vertex 28.5873 5.0084 18.6
      vertex 28.35 5.66404 18.6
      vertex 28.35 4.83596 18.6
    endloop
  endfacet
  facet normal -0 0 1
    outer loop
      vertex 27.25 -3.63209 18.6
      vertex 28.35 -4.83596 18.6
      vertex 28.35 -3.63209 18.6
    endloop
  endfacet
  facet normal 0 0 1
    outer loop
      vertex 28.35 -4.83596 18.6
      vertex 27.25 -3.63209 18.6
      vertex 28.35 -5.66404 18.6
    endloop
  endfacet
  facet normal 0 0 1
    outer loop
      vertex 28.35 -5.66404 18.6
      vertex 27.25 -3.63209 18.6
      vertex 28.35 -6.93596 18.6
    endloop
  endfacet
  facet normal 0 0 1
    outer loop
      vertex 28.35 -6.93596 18.6
      vertex 27.25 -3.63209 18.6
      vertex 28.35 -7.76404 18.6
    endloop
  endfacet
  facet normal 0 0 1
    outer loop
      vertex 27.25 -12.7 18.6
      vertex 28.35 -7.76404 18.6
      vertex 27.25 -3.63209 18.6
    endloop
  endfacet
  facet normal 0 0 1
    outer loop
      vertex 28.35 -7.76404 18.6
      vertex 27.25 -12.7 18.6
      vertex 28.35 -9.03596 18.6
    endloop
  endfacet
  facet normal 0 0 1
    outer loop
      vertex 28.35 -9.03596 18.6
      vertex 27.25 -12.7 18.6
      vertex 28.35 -9.86404 18.6
    endloop
  endfacet
  facet normal 0 0 1
    outer loop
      vertex 28.35 -9.86404 18.6
      vertex 27.25 -12.7 18.6
      vertex 28.35 -11.136 18.6
    endloop
  endfacet
  facet normal 0 0 1
    outer loop
      vertex 28.35 -11.964 18.6
      vertex 27.25 -12.7 18.6
      vertex 28.35 -12.7 18.6
    endloop
  endfacet
  facet normal 0 0 1
    outer loop
      vertex 28.35 -12.7 18.6
      vertex 27.25 -12.7 18.6
      vertex 28.1539 -13.1735 18.6
    endloop
  endfacet
  facet normal 0 0 1
    outer loop
      vertex 28.1539 -13.1735 18.6
      vertex 27.25 -12.7 18.6
      vertex 28.1449 -13.1952 18.6
    endloop
  endfacet
  facet normal 0 0 1
    outer loop
      vertex 28.1449 -13.1952 18.6
      vertex 27.25 -12.7 18.6
      vertex 27.8168 -13.9871 18.6
    endloop
  endfacet
  facet normal 0 0 1
    outer loop
      vertex 27.8168 -13.9871 18.6
      vertex 27.25 -12.7 18.6
      vertex 27.8062 -14.0129 18.6
    endloop
  endfacet
  facet normal 0 0 1
    outer loop
      vertex 28.35 -11.136 18.6
      vertex 27.25 -12.7 18.6
      vertex 28.35 -11.964 18.6
    endloop
  endfacet
  facet normal 0 0 1
    outer loop
      vertex 27.1769 -14.6504 18.6
      vertex 27.8062 -14.0129 18.6
      vertex 27.25 -12.7 18.6
    endloop
  endfacet
  facet normal 0 0 1
    outer loop
      vertex 27.8062 -14.0129 18.6
      vertex 27.1769 -14.6504 18.6
      vertex 27.6178 -14.4678 18.6
    endloop
  endfacet
  facet normal -0 0 1
    outer loop
      vertex 25.85 -14.1 18.6
      vertex 27.1769 -14.6504 18.6
      vertex 27.25 -12.7 18.6
    endloop
  endfacet
  facet normal 0 0 1
    outer loop
      vertex 27.1769 -14.6504 18.6
      vertex 27.1458 -14.6632 18.6
      vertex 27.1727 -14.6632 18.6
    endloop
  endfacet
  facet normal 0 0 1
    outer loop
      vertex 27.1769 -14.6504 18.6
      vertex 25.85 -14.1 18.6
      vertex 27.1458 -14.6632 18.6
    endloop
  endfacet
  facet normal 0 0 1
    outer loop
      vertex 26.2964 -15.0151 18.6
      vertex 26.2876 -15.0187 18.6
      vertex 26.2938 -15.0232 18.6
    endloop
  endfacet
  facet normal 0 0 1
    outer loop
      vertex 27.1458 -14.6632 18.6
      vertex 25.85 -14.1 18.6
      vertex 26.2964 -15.0151 18.6
    endloop
  endfacet
  facet normal 0 0 1
    outer loop
      vertex 26.2964 -15.0151 18.6
      vertex 25.85 -14.1 18.6
      vertex 26.2876 -15.0187 18.6
    endloop
  endfacet
  facet normal 0 0 1
    outer loop
      vertex 25.85 -14.1 18.6
      vertex 25.85 -15.2 18.6
      vertex 26.2876 -15.0187 18.6
    endloop
  endfacet
  facet normal 0 0 1
    outer loop
      vertex 25.85 -14.1 18.6
      vertex 24.5129 -15.2 18.6
      vertex 25.85 -15.2 18.6
    endloop
  endfacet
  facet normal 0 0 1
    outer loop
      vertex 23.7871 -15.2 18.6
      vertex 24.5129 -15.2 18.6
      vertex 25.85 -14.1 18.6
    endloop
  endfacet
  facet normal 0 0 1
    outer loop
      vertex 24.5123 -15.2004 18.6
      vertex 23.95 -15.7 18.6
      vertex 24.35 -15.7 18.6
    endloop
  endfacet
  facet normal 0 0 1
    outer loop
      vertex 24.5123 -15.2004 18.6
      vertex 23.7877 -15.2004 18.6
      vertex 23.95 -15.7 18.6
    endloop
  endfacet
  facet normal 0 0 1
    outer loop
      vertex 24.5129 -15.2 18.6
      vertex 23.7871 -15.2 18.6
      vertex 24.5123 -15.2004 18.6
    endloop
  endfacet
  facet normal 0 0 1
    outer loop
      vertex 24.5123 -15.2004 18.6
      vertex 23.7871 -15.2 18.6
      vertex 23.7877 -15.2004 18.6
    endloop
  endfacet
  facet normal 0 0 1
    outer loop
      vertex 25.85 -14.1 18.6
      vertex 22.4129 -15.2 18.6
      vertex 23.7871 -15.2 18.6
    endloop
  endfacet
  facet normal 0 0 1
    outer loop
      vertex 22.4123 -15.2004 18.6
      vertex 21.85 -15.7 18.6
      vertex 22.25 -15.7 18.6
    endloop
  endfacet
  facet normal 0 0 1
    outer loop
      vertex 22.4123 -15.2004 18.6
      vertex 21.6877 -15.2004 18.6
      vertex 21.85 -15.7 18.6
    endloop
  endfacet
  facet normal 0 0 1
    outer loop
      vertex 22.4129 -15.2 18.6
      vertex 21.6877 -15.2004 18.6
      vertex 22.4123 -15.2004 18.6
    endloop
  endfacet
  facet normal 0 0 1
    outer loop
      vertex 21.6871 -15.2 18.6
      vertex 22.4129 -15.2 18.6
      vertex 25.85 -14.1 18.6
    endloop
  endfacet
  facet normal 0 0 1
    outer loop
      vertex 22.4129 -15.2 18.6
      vertex 21.6871 -15.2 18.6
      vertex 21.6877 -15.2004 18.6
    endloop
  endfacet
  facet normal 0 0 1
    outer loop
      vertex 25.85 -14.1 18.6
      vertex 20.3129 -15.2 18.6
      vertex 21.6871 -15.2 18.6
    endloop
  endfacet
  facet normal 0 0 1
    outer loop
      vertex 20.3123 -15.2004 18.6
      vertex 19.75 -15.7 18.6
      vertex 20.15 -15.7 18.6
    endloop
  endfacet
  facet normal 0 0 1
    outer loop
      vertex 20.3123 -15.2004 18.6
      vertex 19.5877 -15.2004 18.6
      vertex 19.75 -15.7 18.6
    endloop
  endfacet
  facet normal 0 0 1
    outer loop
      vertex 20.3129 -15.2 18.6
      vertex 19.5877 -15.2004 18.6
      vertex 20.3123 -15.2004 18.6
    endloop
  endfacet
  facet normal 0 0 1
    outer loop
      vertex 19.5871 -15.2 18.6
      vertex 20.3129 -15.2 18.6
      vertex 25.85 -14.1 18.6
    endloop
  endfacet
  facet normal 0 0 1
    outer loop
      vertex 20.3129 -15.2 18.6
      vertex 19.5871 -15.2 18.6
      vertex 19.5877 -15.2004 18.6
    endloop
  endfacet
  facet normal 0 0 1
    outer loop
      vertex 25.85 -14.1 18.6
      vertex 18.2129 -15.2 18.6
      vertex 19.5871 -15.2 18.6
    endloop
  endfacet
  facet normal 0 0 1
    outer loop
      vertex 18.2123 -15.2004 18.6
      vertex 17.65 -15.7 18.6
      vertex 18.05 -15.7 18.6
    endloop
  endfacet
  facet normal 0 0 1
    outer loop
      vertex 18.2123 -15.2004 18.6
      vertex 17.4877 -15.2004 18.6
      vertex 17.65 -15.7 18.6
    endloop
  endfacet
  facet normal 0 0 1
    outer loop
      vertex 18.2129 -15.2 18.6
      vertex 17.4877 -15.2004 18.6
      vertex 18.2123 -15.2004 18.6
    endloop
  endfacet
  facet normal 0 0 1
    outer loop
      vertex 17.4871 -15.2 18.6
      vertex 18.2129 -15.2 18.6
      vertex 25.85 -14.1 18.6
    endloop
  endfacet
  facet normal 0 0 1
    outer loop
      vertex 18.2129 -15.2 18.6
      vertex 17.4871 -15.2 18.6
      vertex 17.4877 -15.2004 18.6
    endloop
  endfacet
  facet normal 0 0 1
    outer loop
      vertex 25.85 -14.1 18.6
      vertex 16.1129 -15.2 18.6
      vertex 17.4871 -15.2 18.6
    endloop
  endfacet
  facet normal 0 0 1
    outer loop
      vertex 16.1123 -15.2004 18.6
      vertex 15.55 -15.7 18.6
      vertex 15.95 -15.7 18.6
    endloop
  endfacet
  facet normal 0 0 1
    outer loop
      vertex 16.1123 -15.2004 18.6
      vertex 15.3877 -15.2004 18.6
      vertex 15.55 -15.7 18.6
    endloop
  endfacet
  facet normal 0 0 1
    outer loop
      vertex 16.1129 -15.2 18.6
      vertex 15.3877 -15.2004 18.6
      vertex 16.1123 -15.2004 18.6
    endloop
  endfacet
  facet normal 0 0 1
    outer loop
      vertex 15.3871 -15.2 18.6
      vertex 16.1129 -15.2 18.6
      vertex 25.85 -14.1 18.6
    endloop
  endfacet
  facet normal 0 0 1
    outer loop
      vertex 16.1129 -15.2 18.6
      vertex 15.3871 -15.2 18.6
      vertex 15.3877 -15.2004 18.6
    endloop
  endfacet
  facet normal 0 0 1
    outer loop
      vertex 25.85 -14.1 18.6
      vertex 14.0129 -15.2 18.6
      vertex 15.3871 -15.2 18.6
    endloop
  endfacet
  facet normal 0 0 1
    outer loop
      vertex 14.0123 -15.2004 18.6
      vertex 13.45 -15.7 18.6
      vertex 13.85 -15.7 18.6
    endloop
  endfacet
  facet normal 0 0 1
    outer loop
      vertex 14.0123 -15.2004 18.6
      vertex 13.2877 -15.2004 18.6
      vertex 13.45 -15.7 18.6
    endloop
  endfacet
  facet normal 0 0 1
    outer loop
      vertex 14.0129 -15.2 18.6
      vertex 13.2877 -15.2004 18.6
      vertex 14.0123 -15.2004 18.6
    endloop
  endfacet
  facet normal 0 0 1
    outer loop
      vertex 13.2871 -15.2 18.6
      vertex 14.0129 -15.2 18.6
      vertex 25.85 -14.1 18.6
    endloop
  endfacet
  facet normal 0 0 1
    outer loop
      vertex 14.0129 -15.2 18.6
      vertex 13.2871 -15.2 18.6
      vertex 13.2877 -15.2004 18.6
    endloop
  endfacet
  facet normal 0 0 1
    outer loop
      vertex 25.85 -14.1 18.6
      vertex 11.9129 -15.2 18.6
      vertex 13.2871 -15.2 18.6
    endloop
  endfacet
  facet normal 0 0 1
    outer loop
      vertex 11.9123 -15.2004 18.6
      vertex 11.35 -15.7 18.6
      vertex 11.75 -15.7 18.6
    endloop
  endfacet
  facet normal 0 0 1
    outer loop
      vertex 11.9123 -15.2004 18.6
      vertex 11.1877 -15.2004 18.6
      vertex 11.35 -15.7 18.6
    endloop
  endfacet
  facet normal 0 0 1
    outer loop
      vertex 11.9129 -15.2 18.6
      vertex 11.1877 -15.2004 18.6
      vertex 11.9123 -15.2004 18.6
    endloop
  endfacet
  facet normal 0 0 1
    outer loop
      vertex 11.1871 -15.2 18.6
      vertex 11.9129 -15.2 18.6
      vertex 25.85 -14.1 18.6
    endloop
  endfacet
  facet normal 0 0 1
    outer loop
      vertex 11.9129 -15.2 18.6
      vertex 11.1871 -15.2 18.6
      vertex 11.1877 -15.2004 18.6
    endloop
  endfacet
  facet normal 0 0 1
    outer loop
      vertex 25.85 -14.1 18.6
      vertex 9.81287 -15.2 18.6
      vertex 11.1871 -15.2 18.6
    endloop
  endfacet
  facet normal 0 0 1
    outer loop
      vertex 9.81234 -15.2004 18.6
      vertex 9.25 -15.7 18.6
      vertex 9.65 -15.7 18.6
    endloop
  endfacet
  facet normal 0 0 1
    outer loop
      vertex 9.81234 -15.2004 18.6
      vertex 9.08766 -15.2004 18.6
      vertex 9.25 -15.7 18.6
    endloop
  endfacet
  facet normal 0 0 1
    outer loop
      vertex 9.81287 -15.2 18.6
      vertex 9.08766 -15.2004 18.6
      vertex 9.81234 -15.2004 18.6
    endloop
  endfacet
  facet normal 0 0 1
    outer loop
      vertex 9.08713 -15.2 18.6
      vertex 9.81287 -15.2 18.6
      vertex 25.85 -14.1 18.6
    endloop
  endfacet
  facet normal 0 0 1
    outer loop
      vertex 9.81287 -15.2 18.6
      vertex 9.08713 -15.2 18.6
      vertex 9.08766 -15.2004 18.6
    endloop
  endfacet
  facet normal 0 0 1
    outer loop
      vertex 25.85 -14.1 18.6
      vertex 7.71286 -15.2 18.6
      vertex 9.08713 -15.2 18.6
    endloop
  endfacet
  facet normal 0 0 1
    outer loop
      vertex 7.71233 -15.2004 18.6
      vertex 7.15 -15.7 18.6
      vertex 7.55 -15.7 18.6
    endloop
  endfacet
  facet normal 0 0 1
    outer loop
      vertex 7.71233 -15.2004 18.6
      vertex 6.98766 -15.2004 18.6
      vertex 7.15 -15.7 18.6
    endloop
  endfacet
  facet normal 0 0 1
    outer loop
      vertex 7.71286 -15.2 18.6
      vertex 6.98766 -15.2004 18.6
      vertex 7.71233 -15.2004 18.6
    endloop
  endfacet
  facet normal 0 0 1
    outer loop
      vertex 6.98713 -15.2 18.6
      vertex 7.71286 -15.2 18.6
      vertex 25.85 -14.1 18.6
    endloop
  endfacet
  facet normal 0 0 1
    outer loop
      vertex 7.71286 -15.2 18.6
      vertex 6.98713 -15.2 18.6
      vertex 6.98766 -15.2004 18.6
    endloop
  endfacet
  facet normal 0 0 1
    outer loop
      vertex 25.85 -14.1 18.6
      vertex 5.61287 -15.2 18.6
      vertex 6.98713 -15.2 18.6
    endloop
  endfacet
  facet normal 0 0 1
    outer loop
      vertex 5.61234 -15.2004 18.6
      vertex 5.05 -15.7 18.6
      vertex 5.45 -15.7 18.6
    endloop
  endfacet
  facet normal 0 0 1
    outer loop
      vertex 5.61234 -15.2004 18.6
      vertex 4.88766 -15.2004 18.6
      vertex 5.05 -15.7 18.6
    endloop
  endfacet
  facet normal 0 0 1
    outer loop
      vertex 5.61287 -15.2 18.6
      vertex 4.88766 -15.2004 18.6
      vertex 5.61234 -15.2004 18.6
    endloop
  endfacet
  facet normal 0 0 1
    outer loop
      vertex 4.88713 -15.2 18.6
      vertex 5.61287 -15.2 18.6
      vertex 25.85 -14.1 18.6
    endloop
  endfacet
  facet normal 0 0 1
    outer loop
      vertex 5.61287 -15.2 18.6
      vertex 4.88713 -15.2 18.6
      vertex 4.88766 -15.2004 18.6
    endloop
  endfacet
  facet normal 0 0 1
    outer loop
      vertex 25.85 -14.1 18.6
      vertex 3.51287 -15.2 18.6
      vertex 4.88713 -15.2 18.6
    endloop
  endfacet
  facet normal 0 0 1
    outer loop
      vertex 3.51233 -15.2004 18.6
      vertex 2.95 -15.7 18.6
      vertex 3.35 -15.7 18.6
    endloop
  endfacet
  facet normal 0 0 1
    outer loop
      vertex 3.51233 -15.2004 18.6
      vertex 2.78766 -15.2004 18.6
      vertex 2.95 -15.7 18.6
    endloop
  endfacet
  facet normal 0 0 1
    outer loop
      vertex 3.51287 -15.2 18.6
      vertex 2.78766 -15.2004 18.6
      vertex 3.51233 -15.2004 18.6
    endloop
  endfacet
  facet normal 0 0 1
    outer loop
      vertex 2.78713 -15.2 18.6
      vertex 3.51287 -15.2 18.6
      vertex 25.85 -14.1 18.6
    endloop
  endfacet
  facet normal 0 0 1
    outer loop
      vertex 3.51287 -15.2 18.6
      vertex 2.78713 -15.2 18.6
      vertex 2.78766 -15.2004 18.6
    endloop
  endfacet
  facet normal 0 0 1
    outer loop
      vertex 25.85 -14.1 18.6
      vertex 1.41287 -15.2 18.6
      vertex 2.78713 -15.2 18.6
    endloop
  endfacet
  facet normal 0 0 1
    outer loop
      vertex 1.41234 -15.2004 18.6
      vertex 0.849998 -15.7 18.6
      vertex 1.25 -15.7 18.6
    endloop
  endfacet
  facet normal 0 0 1
    outer loop
      vertex 1.41234 -15.2004 18.6
      vertex 0.687664 -15.2004 18.6
      vertex 0.849998 -15.7 18.6
    endloop
  endfacet
  facet normal 0 0 1
    outer loop
      vertex 1.41287 -15.2 18.6
      vertex 0.687664 -15.2004 18.6
      vertex 1.41234 -15.2004 18.6
    endloop
  endfacet
  facet normal 0 0 1
    outer loop
      vertex 0.687134 -15.2 18.6
      vertex 1.41287 -15.2 18.6
      vertex 25.85 -14.1 18.6
    endloop
  endfacet
  facet normal 0 0 1
    outer loop
      vertex 1.41287 -15.2 18.6
      vertex 0.687134 -15.2 18.6
      vertex 0.687664 -15.2004 18.6
    endloop
  endfacet
  facet normal 0 0 1
    outer loop
      vertex 25.85 -14.1 18.6
      vertex -0.687134 -15.2 18.6
      vertex 0.687134 -15.2 18.6
    endloop
  endfacet
  facet normal 0 0 1
    outer loop
      vertex -0.687664 -15.2004 18.6
      vertex -1.25 -15.7 18.6
      vertex -0.849998 -15.7 18.6
    endloop
  endfacet
  facet normal 0 0 1
    outer loop
      vertex -0.687664 -15.2004 18.6
      vertex -1.41234 -15.2004 18.6
      vertex -1.25 -15.7 18.6
    endloop
  endfacet
  facet normal 0 0 1
    outer loop
      vertex -0.687134 -15.2 18.6
      vertex -1.41234 -15.2004 18.6
      vertex -0.687664 -15.2004 18.6
    endloop
  endfacet
  facet normal 0 0 1
    outer loop
      vertex -1.41287 -15.2 18.6
      vertex -0.687134 -15.2 18.6
      vertex 25.85 -14.1 18.6
    endloop
  endfacet
  facet normal 0 0 1
    outer loop
      vertex -0.687134 -15.2 18.6
      vertex -1.41287 -15.2 18.6
      vertex -1.41234 -15.2004 18.6
    endloop
  endfacet
  facet normal 0 0 1
    outer loop
      vertex 25.85 -14.1 18.6
      vertex -2.78713 -15.2 18.6
      vertex -1.41287 -15.2 18.6
    endloop
  endfacet
  facet normal 0 0 1
    outer loop
      vertex -2.78766 -15.2004 18.6
      vertex -3.35 -15.7 18.6
      vertex -2.95 -15.7 18.6
    endloop
  endfacet
  facet normal 0 0 1
    outer loop
      vertex -2.78766 -15.2004 18.6
      vertex -3.51233 -15.2004 18.6
      vertex -3.35 -15.7 18.6
    endloop
  endfacet
  facet normal 0 0 1
    outer loop
      vertex -2.78713 -15.2 18.6
      vertex -3.51233 -15.2004 18.6
      vertex -2.78766 -15.2004 18.6
    endloop
  endfacet
  facet normal -0 0 1
    outer loop
      vertex -25.85 -14.1 18.6
      vertex -2.78713 -15.2 18.6
      vertex 25.85 -14.1 18.6
    endloop
  endfacet
  facet normal 0 0 1
    outer loop
      vertex -2.78713 -15.2 18.6
      vertex -3.51287 -15.2 18.6
      vertex -3.51233 -15.2004 18.6
    endloop
  endfacet
  facet normal 0 0 1
    outer loop
      vertex -2.78713 -15.2 18.6
      vertex -25.85 -14.1 18.6
      vertex -3.51287 -15.2 18.6
    endloop
  endfacet
  facet normal 0 0 1
    outer loop
      vertex -4.88766 -15.2004 18.6
      vertex -5.45 -15.7 18.6
      vertex -5.05 -15.7 18.6
    endloop
  endfacet
  facet normal 0 0 1
    outer loop
      vertex -4.88766 -15.2004 18.6
      vertex -5.61234 -15.2004 18.6
      vertex -5.45 -15.7 18.6
    endloop
  endfacet
  facet normal 0 0 1
    outer loop
      vertex -4.88713 -15.2 18.6
      vertex -5.61234 -15.2004 18.6
      vertex -4.88766 -15.2004 18.6
    endloop
  endfacet
  facet normal 0 0 1
    outer loop
      vertex -3.51287 -15.2 18.6
      vertex -25.85 -14.1 18.6
      vertex -4.88713 -15.2 18.6
    endloop
  endfacet
  facet normal 0 0 1
    outer loop
      vertex -4.88713 -15.2 18.6
      vertex -5.61287 -15.2 18.6
      vertex -5.61234 -15.2004 18.6
    endloop
  endfacet
  facet normal 0 0 1
    outer loop
      vertex -4.88713 -15.2 18.6
      vertex -25.85 -14.1 18.6
      vertex -5.61287 -15.2 18.6
    endloop
  endfacet
  facet normal 0 0 1
    outer loop
      vertex -6.98766 -15.2004 18.6
      vertex -7.55 -15.7 18.6
      vertex -7.15 -15.7 18.6
    endloop
  endfacet
  facet normal 0 0 1
    outer loop
      vertex -6.98766 -15.2004 18.6
      vertex -7.71233 -15.2004 18.6
      vertex -7.55 -15.7 18.6
    endloop
  endfacet
  facet normal 0 0 1
    outer loop
      vertex -6.98713 -15.2 18.6
      vertex -7.71233 -15.2004 18.6
      vertex -6.98766 -15.2004 18.6
    endloop
  endfacet
  facet normal 0 0 1
    outer loop
      vertex -5.61287 -15.2 18.6
      vertex -25.85 -14.1 18.6
      vertex -6.98713 -15.2 18.6
    endloop
  endfacet
  facet normal 0 0 1
    outer loop
      vertex -6.98713 -15.2 18.6
      vertex -7.71286 -15.2 18.6
      vertex -7.71233 -15.2004 18.6
    endloop
  endfacet
  facet normal 0 0 1
    outer loop
      vertex -6.98713 -15.2 18.6
      vertex -25.85 -14.1 18.6
      vertex -7.71286 -15.2 18.6
    endloop
  endfacet
  facet normal 0 0 1
    outer loop
      vertex -9.08766 -15.2004 18.6
      vertex -9.65 -15.7 18.6
      vertex -9.25 -15.7 18.6
    endloop
  endfacet
  facet normal 0 0 1
    outer loop
      vertex -9.08766 -15.2004 18.6
      vertex -9.81234 -15.2004 18.6
      vertex -9.65 -15.7 18.6
    endloop
  endfacet
  facet normal 0 0 1
    outer loop
      vertex -9.08713 -15.2 18.6
      vertex -9.81234 -15.2004 18.6
      vertex -9.08766 -15.2004 18.6
    endloop
  endfacet
  facet normal 0 0 1
    outer loop
      vertex -7.71286 -15.2 18.6
      vertex -25.85 -14.1 18.6
      vertex -9.08713 -15.2 18.6
    endloop
  endfacet
  facet normal 0 0 1
    outer loop
      vertex -9.08713 -15.2 18.6
      vertex -9.81287 -15.2 18.6
      vertex -9.81234 -15.2004 18.6
    endloop
  endfacet
  facet normal 0 0 1
    outer loop
      vertex -9.08713 -15.2 18.6
      vertex -25.85 -14.1 18.6
      vertex -9.81287 -15.2 18.6
    endloop
  endfacet
  facet normal 0 0 1
    outer loop
      vertex -11.1877 -15.2004 18.6
      vertex -11.75 -15.7 18.6
      vertex -11.35 -15.7 18.6
    endloop
  endfacet
  facet normal 0 0 1
    outer loop
      vertex -11.1877 -15.2004 18.6
      vertex -11.9123 -15.2004 18.6
      vertex -11.75 -15.7 18.6
    endloop
  endfacet
  facet normal 0 0 1
    outer loop
      vertex -11.1871 -15.2 18.6
      vertex -11.9123 -15.2004 18.6
      vertex -11.1877 -15.2004 18.6
    endloop
  endfacet
  facet normal 0 0 1
    outer loop
      vertex -9.81287 -15.2 18.6
      vertex -25.85 -14.1 18.6
      vertex -11.1871 -15.2 18.6
    endloop
  endfacet
  facet normal 0 0 1
    outer loop
      vertex -11.1871 -15.2 18.6
      vertex -11.9129 -15.2 18.6
      vertex -11.9123 -15.2004 18.6
    endloop
  endfacet
  facet normal 0 0 1
    outer loop
      vertex -11.1871 -15.2 18.6
      vertex -25.85 -14.1 18.6
      vertex -11.9129 -15.2 18.6
    endloop
  endfacet
  facet normal 0 0 1
    outer loop
      vertex -13.2877 -15.2004 18.6
      vertex -13.85 -15.7 18.6
      vertex -13.45 -15.7 18.6
    endloop
  endfacet
  facet normal 0 0 1
    outer loop
      vertex -13.2877 -15.2004 18.6
      vertex -14.0123 -15.2004 18.6
      vertex -13.85 -15.7 18.6
    endloop
  endfacet
  facet normal 0 0 1
    outer loop
      vertex -13.2871 -15.2 18.6
      vertex -14.0123 -15.2004 18.6
      vertex -13.2877 -15.2004 18.6
    endloop
  endfacet
  facet normal 0 0 1
    outer loop
      vertex -11.9129 -15.2 18.6
      vertex -25.85 -14.1 18.6
      vertex -13.2871 -15.2 18.6
    endloop
  endfacet
  facet normal 0 0 1
    outer loop
      vertex -13.2871 -15.2 18.6
      vertex -14.0129 -15.2 18.6
      vertex -14.0123 -15.2004 18.6
    endloop
  endfacet
  facet normal 0 0 1
    outer loop
      vertex -13.2871 -15.2 18.6
      vertex -25.85 -14.1 18.6
      vertex -14.0129 -15.2 18.6
    endloop
  endfacet
  facet normal 0 0 1
    outer loop
      vertex -15.3877 -15.2004 18.6
      vertex -15.95 -15.7 18.6
      vertex -15.55 -15.7 18.6
    endloop
  endfacet
  facet normal 0 0 1
    outer loop
      vertex -15.3877 -15.2004 18.6
      vertex -16.1123 -15.2004 18.6
      vertex -15.95 -15.7 18.6
    endloop
  endfacet
  facet normal 0 0 1
    outer loop
      vertex -15.3871 -15.2 18.6
      vertex -16.1123 -15.2004 18.6
      vertex -15.3877 -15.2004 18.6
    endloop
  endfacet
  facet normal 0 0 1
    outer loop
      vertex -14.0129 -15.2 18.6
      vertex -25.85 -14.1 18.6
      vertex -15.3871 -15.2 18.6
    endloop
  endfacet
  facet normal 0 0 1
    outer loop
      vertex -15.3871 -15.2 18.6
      vertex -16.1129 -15.2 18.6
      vertex -16.1123 -15.2004 18.6
    endloop
  endfacet
  facet normal 0 0 1
    outer loop
      vertex -15.3871 -15.2 18.6
      vertex -25.85 -14.1 18.6
      vertex -16.1129 -15.2 18.6
    endloop
  endfacet
  facet normal 0 0 1
    outer loop
      vertex -17.4877 -15.2004 18.6
      vertex -18.05 -15.7 18.6
      vertex -17.65 -15.7 18.6
    endloop
  endfacet
  facet normal 0 0 1
    outer loop
      vertex -17.4877 -15.2004 18.6
      vertex -18.2123 -15.2004 18.6
      vertex -18.05 -15.7 18.6
    endloop
  endfacet
  facet normal 0 0 1
    outer loop
      vertex -17.4871 -15.2 18.6
      vertex -18.2123 -15.2004 18.6
      vertex -17.4877 -15.2004 18.6
    endloop
  endfacet
  facet normal 0 0 1
    outer loop
      vertex -16.1129 -15.2 18.6
      vertex -25.85 -14.1 18.6
      vertex -17.4871 -15.2 18.6
    endloop
  endfacet
  facet normal 0 0 1
    outer loop
      vertex -17.4871 -15.2 18.6
      vertex -18.2129 -15.2 18.6
      vertex -18.2123 -15.2004 18.6
    endloop
  endfacet
  facet normal 0 0 1
    outer loop
      vertex -17.4871 -15.2 18.6
      vertex -25.85 -14.1 18.6
      vertex -18.2129 -15.2 18.6
    endloop
  endfacet
  facet normal 0 0 1
    outer loop
      vertex -19.5877 -15.2004 18.6
      vertex -20.15 -15.7 18.6
      vertex -19.75 -15.7 18.6
    endloop
  endfacet
  facet normal 0 0 1
    outer loop
      vertex -19.5877 -15.2004 18.6
      vertex -20.3123 -15.2004 18.6
      vertex -20.15 -15.7 18.6
    endloop
  endfacet
  facet normal 0 0 1
    outer loop
      vertex -19.5871 -15.2 18.6
      vertex -20.3123 -15.2004 18.6
      vertex -19.5877 -15.2004 18.6
    endloop
  endfacet
  facet normal 0 0 1
    outer loop
      vertex -18.2129 -15.2 18.6
      vertex -25.85 -14.1 18.6
      vertex -19.5871 -15.2 18.6
    endloop
  endfacet
  facet normal 0 0 1
    outer loop
      vertex -19.5871 -15.2 18.6
      vertex -20.3129 -15.2 18.6
      vertex -20.3123 -15.2004 18.6
    endloop
  endfacet
  facet normal 0 0 1
    outer loop
      vertex -19.5871 -15.2 18.6
      vertex -25.85 -14.1 18.6
      vertex -20.3129 -15.2 18.6
    endloop
  endfacet
  facet normal 0 0 1
    outer loop
      vertex -21.6877 -15.2004 18.6
      vertex -22.25 -15.7 18.6
      vertex -21.85 -15.7 18.6
    endloop
  endfacet
  facet normal 0 0 1
    outer loop
      vertex -21.6877 -15.2004 18.6
      vertex -22.4123 -15.2004 18.6
      vertex -22.25 -15.7 18.6
    endloop
  endfacet
  facet normal 0 0 1
    outer loop
      vertex -21.6871 -15.2 18.6
      vertex -22.4123 -15.2004 18.6
      vertex -21.6877 -15.2004 18.6
    endloop
  endfacet
  facet normal 0 0 1
    outer loop
      vertex -20.3129 -15.2 18.6
      vertex -25.85 -14.1 18.6
      vertex -21.6871 -15.2 18.6
    endloop
  endfacet
  facet normal 0 0 1
    outer loop
      vertex -21.6871 -15.2 18.6
      vertex -22.4129 -15.2 18.6
      vertex -22.4123 -15.2004 18.6
    endloop
  endfacet
  facet normal 0 0 1
    outer loop
      vertex -21.6871 -15.2 18.6
      vertex -25.85 -14.1 18.6
      vertex -22.4129 -15.2 18.6
    endloop
  endfacet
  facet normal 0 0 1
    outer loop
      vertex -23.7877 -15.2004 18.6
      vertex -24.35 -15.7 18.6
      vertex -23.95 -15.7 18.6
    endloop
  endfacet
  facet normal 0 0 1
    outer loop
      vertex -23.7877 -15.2004 18.6
      vertex -24.5123 -15.2004 18.6
      vertex -24.35 -15.7 18.6
    endloop
  endfacet
  facet normal 0 0 1
    outer loop
      vertex -23.7871 -15.2 18.6
      vertex -24.5123 -15.2004 18.6
      vertex -23.7877 -15.2004 18.6
    endloop
  endfacet
  facet normal 0 0 1
    outer loop
      vertex -22.4129 -15.2 18.6
      vertex -25.85 -14.1 18.6
      vertex -23.7871 -15.2 18.6
    endloop
  endfacet
  facet normal 0 -0 1
    outer loop
      vertex -24.5129 -15.2 18.6
      vertex -23.7871 -15.2 18.6
      vertex -25.85 -14.1 18.6
    endloop
  endfacet
  facet normal 0 0 1
    outer loop
      vertex -23.7871 -15.2 18.6
      vertex -24.5129 -15.2 18.6
      vertex -24.5123 -15.2004 18.6
    endloop
  endfacet
  facet normal 0 0 1
    outer loop
      vertex -25.85 -14.1 18.6
      vertex -25.85 -15.2 18.6
      vertex -24.5129 -15.2 18.6
    endloop
  endfacet
  facet normal 0 0 1
    outer loop
      vertex -25.85 -14.1 18.6
      vertex -26.2876 -15.0187 18.6
      vertex -25.85 -15.2 18.6
    endloop
  endfacet
  facet normal -0 0 1
    outer loop
      vertex -26.2964 -15.0151 18.6
      vertex -26.2876 -15.0187 18.6
      vertex -25.85 -14.1 18.6
    endloop
  endfacet
  facet normal 0 0 1
    outer loop
      vertex -26.2876 -15.0187 18.6
      vertex -26.2964 -15.0151 18.6
      vertex -26.2938 -15.0232 18.6
    endloop
  endfacet
  facet normal 0 0 1
    outer loop
      vertex -25.85 -14.1 18.6
      vertex -27.1458 -14.6632 18.6
      vertex -26.2964 -15.0151 18.6
    endloop
  endfacet
  facet normal -0 0 1
    outer loop
      vertex -27.1769 -14.6504 18.6
      vertex -27.1458 -14.6632 18.6
      vertex -25.85 -14.1 18.6
    endloop
  endfacet
  facet normal 0 0 1
    outer loop
      vertex -27.1458 -14.6632 18.6
      vertex -27.1769 -14.6504 18.6
      vertex -27.1727 -14.6632 18.6
    endloop
  endfacet
  facet normal 0 0 1
    outer loop
      vertex -27.25 -12.7 18.6
      vertex -27.1769 -14.6504 18.6
      vertex -25.85 -14.1 18.6
    endloop
  endfacet
  facet normal -0 0 1
    outer loop
      vertex -27.8062 -14.0129 18.6
      vertex -27.1769 -14.6504 18.6
      vertex -27.25 -12.7 18.6
    endloop
  endfacet
  facet normal -0 0 1
    outer loop
      vertex -27.8168 13.9871 18.6
      vertex -27.25 12.7 18.6
      vertex -27.8062 14.0129 18.6
    endloop
  endfacet
  facet normal -0 0 1
    outer loop
      vertex -28.1449 13.1952 18.6
      vertex -27.25 12.7 18.6
      vertex -27.8168 13.9871 18.6
    endloop
  endfacet
  facet normal 0 0 1
    outer loop
      vertex -27.1769 -14.6504 18.6
      vertex -27.8062 -14.0129 18.6
      vertex -27.6178 -14.4678 18.6
    endloop
  endfacet
  facet normal -0 0 1
    outer loop
      vertex -28.1539 13.1735 18.6
      vertex -27.25 12.7 18.6
      vertex -28.1449 13.1952 18.6
    endloop
  endfacet
  facet normal 0 -0 1
    outer loop
      vertex -27.8168 13.9871 18.6
      vertex -27.8062 14.0129 18.6
      vertex -27.8252 14.0129 18.6
    endloop
  endfacet
  facet normal -0 0 1
    outer loop
      vertex 28.5873 -5.0084 18.6
      vertex 28.85 -5.4916 18.6
      vertex 28.85 -5.0084 18.6
    endloop
  endfacet
  facet normal 0 0 1
    outer loop
      vertex 28.5873 -5.0084 18.6
      vertex 28.5873 -5.4916 18.6
      vertex 28.85 -5.4916 18.6
    endloop
  endfacet
  facet normal 0 0 1
    outer loop
      vertex 28.35 -4.83596 18.6
      vertex 28.5873 -5.4916 18.6
      vertex 28.5873 -5.0084 18.6
    endloop
  endfacet
  facet normal 0 0 1
    outer loop
      vertex 28.5873 -5.4916 18.6
      vertex 28.35 -4.83596 18.6
      vertex 28.35 -5.66404 18.6
    endloop
  endfacet
  facet normal -0 0 1
    outer loop
      vertex 28.5873 -7.1084 18.6
      vertex 28.85 -7.5916 18.6
      vertex 28.85 -7.1084 18.6
    endloop
  endfacet
  facet normal 0 0 1
    outer loop
      vertex 28.5873 -7.1084 18.6
      vertex 28.5873 -7.5916 18.6
      vertex 28.85 -7.5916 18.6
    endloop
  endfacet
  facet normal 0 0 1
    outer loop
      vertex 28.35 -6.93596 18.6
      vertex 28.5873 -7.5916 18.6
      vertex 28.5873 -7.1084 18.6
    endloop
  endfacet
  facet normal 0 0 1
    outer loop
      vertex 28.5873 -7.5916 18.6
      vertex 28.35 -6.93596 18.6
      vertex 28.35 -7.76404 18.6
    endloop
  endfacet
  facet normal -0 0 1
    outer loop
      vertex 28.5873 -9.2084 18.6
      vertex 28.85 -9.6916 18.6
      vertex 28.85 -9.2084 18.6
    endloop
  endfacet
  facet normal 0 0 1
    outer loop
      vertex 28.5873 -9.2084 18.6
      vertex 28.5873 -9.6916 18.6
      vertex 28.85 -9.6916 18.6
    endloop
  endfacet
  facet normal 0 0 1
    outer loop
      vertex 28.35 -9.03596 18.6
      vertex 28.5873 -9.6916 18.6
      vertex 28.5873 -9.2084 18.6
    endloop
  endfacet
  facet normal 0 0 1
    outer loop
      vertex 28.5873 -9.6916 18.6
      vertex 28.35 -9.03596 18.6
      vertex 28.35 -9.86404 18.6
    endloop
  endfacet
  facet normal -0 0 1
    outer loop
      vertex 28.5873 -11.3084 18.6
      vertex 28.85 -11.7916 18.6
      vertex 28.85 -11.3084 18.6
    endloop
  endfacet
  facet normal 0 0 1
    outer loop
      vertex 28.5873 -11.3084 18.6
      vertex 28.5873 -11.7916 18.6
      vertex 28.85 -11.7916 18.6
    endloop
  endfacet
  facet normal 0 0 1
    outer loop
      vertex 28.35 -11.136 18.6
      vertex 28.5873 -11.7916 18.6
      vertex 28.5873 -11.3084 18.6
    endloop
  endfacet
  facet normal 0 0 1
    outer loop
      vertex 28.5873 -11.7916 18.6
      vertex 28.35 -11.136 18.6
      vertex 28.35 -11.964 18.6
    endloop
  endfacet
  facet normal 0 0 1
    outer loop
      vertex 28.1578 -13.1858 18.6
      vertex 28.1539 -13.1735 18.6
      vertex 28.1449 -13.1952 18.6
    endloop
  endfacet
  facet normal 0 0 1
    outer loop
      vertex 27.8252 -14.0129 18.6
      vertex 27.8168 -13.9871 18.6
      vertex 27.8062 -14.0129 18.6
    endloop
  endfacet
  facet normal -0 0 1
    outer loop
      vertex -28.5873 -11.3084 18.6
      vertex -28.35 -11.964 18.6
      vertex -28.35 -11.136 18.6
    endloop
  endfacet
  facet normal 0 0 1
    outer loop
      vertex -28.5873 -11.3084 18.6
      vertex -28.5873 -11.7916 18.6
      vertex -28.35 -11.964 18.6
    endloop
  endfacet
  facet normal -0 0 1
    outer loop
      vertex -28.85 -11.3084 18.6
      vertex -28.5873 -11.7916 18.6
      vertex -28.5873 -11.3084 18.6
    endloop
  endfacet
  facet normal 0 0 1
    outer loop
      vertex -28.5873 -11.7916 18.6
      vertex -28.85 -11.3084 18.6
      vertex -28.85 -11.7916 18.6
    endloop
  endfacet
  facet normal -0 0 1
    outer loop
      vertex -28.5873 -9.2084 18.6
      vertex -28.35 -9.86404 18.6
      vertex -28.35 -9.03596 18.6
    endloop
  endfacet
  facet normal 0 0 1
    outer loop
      vertex -28.5873 -9.2084 18.6
      vertex -28.5873 -9.6916 18.6
      vertex -28.35 -9.86404 18.6
    endloop
  endfacet
  facet normal -0 0 1
    outer loop
      vertex -28.85 -9.2084 18.6
      vertex -28.5873 -9.6916 18.6
      vertex -28.5873 -9.2084 18.6
    endloop
  endfacet
  facet normal 0 0 1
    outer loop
      vertex -28.5873 -9.6916 18.6
      vertex -28.85 -9.2084 18.6
      vertex -28.85 -9.6916 18.6
    endloop
  endfacet
  facet normal -0 0 1
    outer loop
      vertex -28.5873 -7.1084 18.6
      vertex -28.35 -7.76404 18.6
      vertex -28.35 -6.93596 18.6
    endloop
  endfacet
  facet normal 0 0 1
    outer loop
      vertex -28.5873 -7.1084 18.6
      vertex -28.5873 -7.5916 18.6
      vertex -28.35 -7.76404 18.6
    endloop
  endfacet
  facet normal -0 0 1
    outer loop
      vertex -28.85 -7.1084 18.6
      vertex -28.5873 -7.5916 18.6
      vertex -28.5873 -7.1084 18.6
    endloop
  endfacet
  facet normal 0 0 1
    outer loop
      vertex -28.5873 -7.5916 18.6
      vertex -28.85 -7.1084 18.6
      vertex -28.85 -7.5916 18.6
    endloop
  endfacet
  facet normal -0 0 1
    outer loop
      vertex -28.5873 -5.0084 18.6
      vertex -28.35 -5.66404 18.6
      vertex -28.35 -4.83596 18.6
    endloop
  endfacet
  facet normal 0 0 1
    outer loop
      vertex -28.5873 -5.0084 18.6
      vertex -28.5873 -5.4916 18.6
      vertex -28.35 -5.66404 18.6
    endloop
  endfacet
  facet normal -0 0 1
    outer loop
      vertex -28.85 -5.0084 18.6
      vertex -28.5873 -5.4916 18.6
      vertex -28.5873 -5.0084 18.6
    endloop
  endfacet
  facet normal 0 0 1
    outer loop
      vertex -28.5873 -5.4916 18.6
      vertex -28.85 -5.0084 18.6
      vertex -28.85 -5.4916 18.6
    endloop
  endfacet
  facet normal -0 0 1
    outer loop
      vertex -28.5873 -2.9084 18.6
      vertex -28.35 -3.56404 18.6
      vertex -28.35 -2.73596 18.6
    endloop
  endfacet
  facet normal 0 0 1
    outer loop
      vertex -28.5873 -2.9084 18.6
      vertex -28.5873 -3.3916 18.6
      vertex -28.35 -3.56404 18.6
    endloop
  endfacet
  facet normal -0 0 1
    outer loop
      vertex -28.85 -2.9084 18.6
      vertex -28.5873 -3.3916 18.6
      vertex -28.5873 -2.9084 18.6
    endloop
  endfacet
  facet normal 0 0 1
    outer loop
      vertex -28.5873 -3.3916 18.6
      vertex -28.85 -2.9084 18.6
      vertex -28.85 -3.3916 18.6
    endloop
  endfacet
  facet normal -0 0 1
    outer loop
      vertex -28.5873 -0.808397 18.6
      vertex -28.35 -1.46404 18.6
      vertex -28.35 -0.635957 18.6
    endloop
  endfacet
  facet normal 0 0 1
    outer loop
      vertex -28.5873 -0.808397 18.6
      vertex -28.5873 -1.2916 18.6
      vertex -28.35 -1.46404 18.6
    endloop
  endfacet
  facet normal -0 0 1
    outer loop
      vertex -28.85 -0.808397 18.6
      vertex -28.5873 -1.2916 18.6
      vertex -28.5873 -0.808397 18.6
    endloop
  endfacet
  facet normal 0 0 1
    outer loop
      vertex -28.5873 -1.2916 18.6
      vertex -28.85 -0.808397 18.6
      vertex -28.85 -1.2916 18.6
    endloop
  endfacet
  facet normal -0 0 1
    outer loop
      vertex -28.5873 1.2916 18.6
      vertex -28.35 0.635957 18.6
      vertex -28.35 1.46404 18.6
    endloop
  endfacet
  facet normal 0 0 1
    outer loop
      vertex -28.5873 1.2916 18.6
      vertex -28.5873 0.808397 18.6
      vertex -28.35 0.635957 18.6
    endloop
  endfacet
  facet normal -0 0 1
    outer loop
      vertex -28.85 1.2916 18.6
      vertex -28.5873 0.808397 18.6
      vertex -28.5873 1.2916 18.6
    endloop
  endfacet
  facet normal 0 0 1
    outer loop
      vertex -28.5873 0.808397 18.6
      vertex -28.85 1.2916 18.6
      vertex -28.85 0.808397 18.6
    endloop
  endfacet
  facet normal -0 0 1
    outer loop
      vertex -28.5873 3.3916 18.6
      vertex -28.35 2.73596 18.6
      vertex -28.35 3.56404 18.6
    endloop
  endfacet
  facet normal 0 0 1
    outer loop
      vertex -28.5873 3.3916 18.6
      vertex -28.5873 2.9084 18.6
      vertex -28.35 2.73596 18.6
    endloop
  endfacet
  facet normal -0 0 1
    outer loop
      vertex -28.85 3.3916 18.6
      vertex -28.5873 2.9084 18.6
      vertex -28.5873 3.3916 18.6
    endloop
  endfacet
  facet normal 0 0 1
    outer loop
      vertex -28.5873 2.9084 18.6
      vertex -28.85 3.3916 18.6
      vertex -28.85 2.9084 18.6
    endloop
  endfacet
  facet normal -0 0 1
    outer loop
      vertex -28.5873 5.4916 18.6
      vertex -28.35 4.83596 18.6
      vertex -28.35 5.66404 18.6
    endloop
  endfacet
  facet normal 0 0 1
    outer loop
      vertex -28.5873 5.4916 18.6
      vertex -28.5873 5.0084 18.6
      vertex -28.35 4.83596 18.6
    endloop
  endfacet
  facet normal -0 0 1
    outer loop
      vertex -28.85 5.4916 18.6
      vertex -28.5873 5.0084 18.6
      vertex -28.5873 5.4916 18.6
    endloop
  endfacet
  facet normal 0 0 1
    outer loop
      vertex -28.5873 5.0084 18.6
      vertex -28.85 5.4916 18.6
      vertex -28.85 5.0084 18.6
    endloop
  endfacet
  facet normal -0 0 1
    outer loop
      vertex -28.5873 7.5916 18.6
      vertex -28.35 6.93596 18.6
      vertex -28.35 7.76404 18.6
    endloop
  endfacet
  facet normal 0 0 1
    outer loop
      vertex -28.5873 7.5916 18.6
      vertex -28.5873 7.1084 18.6
      vertex -28.35 6.93596 18.6
    endloop
  endfacet
  facet normal -0 0 1
    outer loop
      vertex -28.85 7.5916 18.6
      vertex -28.5873 7.1084 18.6
      vertex -28.5873 7.5916 18.6
    endloop
  endfacet
  facet normal 0 0 1
    outer loop
      vertex -28.5873 7.1084 18.6
      vertex -28.85 7.5916 18.6
      vertex -28.85 7.1084 18.6
    endloop
  endfacet
  facet normal -0 0 1
    outer loop
      vertex -28.5873 9.6916 18.6
      vertex -28.35 9.03596 18.6
      vertex -28.35 9.86404 18.6
    endloop
  endfacet
  facet normal 0 0 1
    outer loop
      vertex -28.5873 9.6916 18.6
      vertex -28.5873 9.2084 18.6
      vertex -28.35 9.03596 18.6
    endloop
  endfacet
  facet normal -0 0 1
    outer loop
      vertex -28.85 9.6916 18.6
      vertex -28.5873 9.2084 18.6
      vertex -28.5873 9.6916 18.6
    endloop
  endfacet
  facet normal 0 0 1
    outer loop
      vertex -28.5873 9.2084 18.6
      vertex -28.85 9.6916 18.6
      vertex -28.85 9.2084 18.6
    endloop
  endfacet
  facet normal -0 0 1
    outer loop
      vertex -28.5873 11.7916 18.6
      vertex -28.35 11.136 18.6
      vertex -28.35 11.964 18.6
    endloop
  endfacet
  facet normal 0 0 1
    outer loop
      vertex -28.5873 11.7916 18.6
      vertex -28.5873 11.3084 18.6
      vertex -28.35 11.136 18.6
    endloop
  endfacet
  facet normal -0 0 1
    outer loop
      vertex -28.85 11.7916 18.6
      vertex -28.5873 11.3084 18.6
      vertex -28.5873 11.7916 18.6
    endloop
  endfacet
  facet normal 0 0 1
    outer loop
      vertex -28.5873 11.3084 18.6
      vertex -28.85 11.7916 18.6
      vertex -28.85 11.3084 18.6
    endloop
  endfacet
  facet normal 0 0 1
    outer loop
      vertex -27.25 12.7 18.6
      vertex -28.35 12.7 18.6
      vertex -28.35 11.964 18.6
    endloop
  endfacet
  facet normal 0 0 1
    outer loop
      vertex -27.25 12.7 18.6
      vertex -28.35 11.964 18.6
      vertex -28.35 11.136 18.6
    endloop
  endfacet
  facet normal 0 0 1
    outer loop
      vertex -27.25 12.7 18.6
      vertex -28.35 11.136 18.6
      vertex -28.35 9.86404 18.6
    endloop
  endfacet
  facet normal 0 0 1
    outer loop
      vertex -27.25 12.7 18.6
      vertex -28.35 9.86404 18.6
      vertex -28.35 9.03596 18.6
    endloop
  endfacet
  facet normal 0 0 1
    outer loop
      vertex -27.25 12.7 18.6
      vertex -28.35 9.03596 18.6
      vertex -28.35 7.76404 18.6
    endloop
  endfacet
  facet normal 0 0 1
    outer loop
      vertex -27.25 12.7 18.6
      vertex -28.35 7.76404 18.6
      vertex -28.35 6.93596 18.6
    endloop
  endfacet
  facet normal 0 0 1
    outer loop
      vertex -27.25 12.7 18.6
      vertex -28.35 6.93596 18.6
      vertex -28.35 5.66404 18.6
    endloop
  endfacet
  facet normal 0 0 1
    outer loop
      vertex -27.25 12.7 18.6
      vertex -28.35 5.66404 18.6
      vertex -28.35 4.83596 18.6
    endloop
  endfacet
  facet normal 0 0 1
    outer loop
      vertex -27.25 12.7 18.6
      vertex -28.35 4.83596 18.6
      vertex -28.35 3.56404 18.6
    endloop
  endfacet
  facet normal 0 0 1
    outer loop
      vertex -28.35 1.46404 18.6
      vertex -27.25 12.7 18.6
      vertex -28.35 2.73596 18.6
    endloop
  endfacet
  facet normal 0 0 1
    outer loop
      vertex -28.35 0.635957 18.6
      vertex -27.25 12.7 18.6
      vertex -28.35 1.46404 18.6
    endloop
  endfacet
  facet normal 0 0 1
    outer loop
      vertex -27.25 12.7 18.6
      vertex -28.35 0.635957 18.6
      vertex -27.25 -12.7 18.6
    endloop
  endfacet
  facet normal -0 0 1
    outer loop
      vertex -28.35 -0.635957 18.6
      vertex -27.25 -12.7 18.6
      vertex -28.35 0.635957 18.6
    endloop
  endfacet
  facet normal -0 0 1
    outer loop
      vertex -28.35 -1.46404 18.6
      vertex -27.25 -12.7 18.6
      vertex -28.35 -0.635957 18.6
    endloop
  endfacet
  facet normal -0 0 1
    outer loop
      vertex -28.35 -2.73596 18.6
      vertex -27.25 -12.7 18.6
      vertex -28.35 -1.46404 18.6
    endloop
  endfacet
  facet normal -0 0 1
    outer loop
      vertex -28.35 -3.56404 18.6
      vertex -27.25 -12.7 18.6
      vertex -28.35 -2.73596 18.6
    endloop
  endfacet
  facet normal -0 0 1
    outer loop
      vertex -28.35 -4.83596 18.6
      vertex -27.25 -12.7 18.6
      vertex -28.35 -3.56404 18.6
    endloop
  endfacet
  facet normal -0 0 1
    outer loop
      vertex -28.35 -5.66404 18.6
      vertex -27.25 -12.7 18.6
      vertex -28.35 -4.83596 18.6
    endloop
  endfacet
  facet normal -0 0 1
    outer loop
      vertex -28.35 -6.93596 18.6
      vertex -27.25 -12.7 18.6
      vertex -28.35 -5.66404 18.6
    endloop
  endfacet
  facet normal -0 0 1
    outer loop
      vertex -28.35 -7.76404 18.6
      vertex -27.25 -12.7 18.6
      vertex -28.35 -6.93596 18.6
    endloop
  endfacet
  facet normal -0 0 1
    outer loop
      vertex -28.35 -9.03596 18.6
      vertex -27.25 -12.7 18.6
      vertex -28.35 -7.76404 18.6
    endloop
  endfacet
  facet normal -0 0 1
    outer loop
      vertex -28.35 -9.86404 18.6
      vertex -27.25 -12.7 18.6
      vertex -28.35 -9.03596 18.6
    endloop
  endfacet
  facet normal -0 0 1
    outer loop
      vertex -28.35 -11.136 18.6
      vertex -27.25 -12.7 18.6
      vertex -28.35 -9.86404 18.6
    endloop
  endfacet
  facet normal -0 0 1
    outer loop
      vertex -28.35 -11.964 18.6
      vertex -27.25 -12.7 18.6
      vertex -28.35 -11.136 18.6
    endloop
  endfacet
  facet normal 0 0 1
    outer loop
      vertex -28.35 -12.7 18.6
      vertex -27.25 -12.7 18.6
      vertex -28.35 -11.964 18.6
    endloop
  endfacet
  facet normal 0 0 1
    outer loop
      vertex -27.25 -12.7 18.6
      vertex -28.35 -12.7 18.6
      vertex -28.1539 -13.1735 18.6
    endloop
  endfacet
  facet normal 0 0 1
    outer loop
      vertex -28.35 12.7 18.6
      vertex -27.25 12.7 18.6
      vertex -28.1539 13.1735 18.6
    endloop
  endfacet
  facet normal 0 0 1
    outer loop
      vertex -27.25 -12.7 18.6
      vertex -28.1449 -13.1952 18.6
      vertex -27.8168 -13.9871 18.6
    endloop
  endfacet
  facet normal 0 0 1
    outer loop
      vertex -28.35 2.73596 18.6
      vertex -27.25 12.7 18.6
      vertex -28.35 3.56404 18.6
    endloop
  endfacet
  facet normal 0 -0 1
    outer loop
      vertex -28.1539 13.1735 18.6
      vertex -28.1449 13.1952 18.6
      vertex -28.1578 13.1858 18.6
    endloop
  endfacet
  facet normal 0 0 1
    outer loop
      vertex -27.25 -12.7 18.6
      vertex -27.8168 -13.9871 18.6
      vertex -27.8062 -14.0129 18.6
    endloop
  endfacet
  facet normal 0 0 1
    outer loop
      vertex -27.8062 -14.0129 18.6
      vertex -27.8168 -13.9871 18.6
      vertex -27.8252 -14.0129 18.6
    endloop
  endfacet
  facet normal 0 0 1
    outer loop
      vertex -27.25 -12.7 18.6
      vertex -28.1539 -13.1735 18.6
      vertex -28.1449 -13.1952 18.6
    endloop
  endfacet
  facet normal 0 0 1
    outer loop
      vertex -28.1449 -13.1952 18.6
      vertex -28.1539 -13.1735 18.6
      vertex -28.1578 -13.1858 18.6
    endloop
  endfacet
  facet normal -1 0 0
    outer loop
      vertex -28.85 -1.2916 0
      vertex -28.85 -0.808397 0.5
      vertex -28.85 -0.808397 0
    endloop
  endfacet
  facet normal -1 -0 0
    outer loop
      vertex -28.85 -0.808397 0.5
      vertex -28.85 -1.2916 0
      vertex -28.85 -1.2916 0.5
    endloop
  endfacet
  facet normal -1 0 0
    outer loop
      vertex -28.85 -2.9084 0
      vertex -28.85 -3.16469 0.653335
      vertex -28.85 -2.9084 0.619594
    endloop
  endfacet
  facet normal -1 0 0
    outer loop
      vertex -28.85 -3.3916 0
      vertex -28.85 -3.16469 0.653335
      vertex -28.85 -2.9084 0
    endloop
  endfacet
  facet normal -1 -0 0
    outer loop
      vertex -28.85 -3.16469 0.653335
      vertex -28.85 -3.3916 0
      vertex -28.85 -3.3916 0.747326
    endloop
  endfacet
  facet normal -1 0 0
    outer loop
      vertex -28.85 7.1084 0
      vertex -28.85 7.5916 18.6
      vertex -28.85 7.5916 0
    endloop
  endfacet
  facet normal -1 -0 0
    outer loop
      vertex -28.85 7.5916 18.6
      vertex -28.85 7.1084 0
      vertex -28.85 7.1084 18.6
    endloop
  endfacet
  facet normal -1 0 0
    outer loop
      vertex -28.85 5.4916 0
      vertex -28.85 5.18198 1.81802
      vertex -28.85 5.4916 2.22153
    endloop
  endfacet
  facet normal -1 0 0
    outer loop
      vertex -28.85 5.0084 1.68482
      vertex -28.85 5.4916 0
      vertex -28.85 5.0084 0
    endloop
  endfacet
  facet normal -1 0 0
    outer loop
      vertex -28.85 5.4916 0
      vertex -28.85 5.0084 1.68482
      vertex -28.85 5.18198 1.81802
    endloop
  endfacet
  facet normal -1 0 0
    outer loop
      vertex -28.85 -11.7916 0
      vertex -28.85 -11.3084 18.6
      vertex -28.85 -11.3084 0
    endloop
  endfacet
  facet normal -1 -0 0
    outer loop
      vertex -28.85 -11.3084 18.6
      vertex -28.85 -11.7916 0
      vertex -28.85 -11.7916 18.6
    endloop
  endfacet
  facet normal -1 0 0
    outer loop
      vertex -28.85 -7.5916 0
      vertex -28.85 -7.1084 18.6
      vertex -28.85 -7.1084 0
    endloop
  endfacet
  facet normal -1 -0 0
    outer loop
      vertex -28.85 -7.1084 18.6
      vertex -28.85 -7.5916 0
      vertex -28.85 -7.5916 18.6
    endloop
  endfacet
  facet normal -1 0 0
    outer loop
      vertex -28.85 -9.6916 0
      vertex -28.85 -9.2084 18.6
      vertex -28.85 -9.2084 0
    endloop
  endfacet
  facet normal -1 -0 0
    outer loop
      vertex -28.85 -9.2084 18.6
      vertex -28.85 -9.6916 0
      vertex -28.85 -9.6916 18.6
    endloop
  endfacet
  facet normal -1 0 0
    outer loop
      vertex -28.85 11.3084 0
      vertex -28.85 11.7916 18.6
      vertex -28.85 11.7916 0
    endloop
  endfacet
  facet normal -1 -0 0
    outer loop
      vertex -28.85 11.7916 18.6
      vertex -28.85 11.3084 0
      vertex -28.85 11.3084 18.6
    endloop
  endfacet
  facet normal -1 0 0
    outer loop
      vertex -28.85 3.3916 0
      vertex -28.85 3.16469 0.653335
      vertex -28.85 3.3916 0.747326
    endloop
  endfacet
  facet normal -1 0 0
    outer loop
      vertex -28.85 2.9084 0
      vertex -28.85 3.16469 0.653335
      vertex -28.85 3.3916 0
    endloop
  endfacet
  facet normal -1 0 0
    outer loop
      vertex -28.85 3.16469 0.653335
      vertex -28.85 2.9084 0
      vertex -28.85 2.9084 0.619594
    endloop
  endfacet
  facet normal -1 0 0
    outer loop
      vertex -28.85 0.808397 0
      vertex -28.85 1.2916 0.5
      vertex -28.85 1.2916 0
    endloop
  endfacet
  facet normal -1 -0 0
    outer loop
      vertex -28.85 1.2916 0.5
      vertex -28.85 0.808397 0
      vertex -28.85 0.808397 0.5
    endloop
  endfacet
  facet normal -1 0 0
    outer loop
      vertex -28.85 9.2084 0
      vertex -28.85 9.6916 18.6
      vertex -28.85 9.6916 0
    endloop
  endfacet
  facet normal -1 -0 0
    outer loop
      vertex -28.85 9.6916 18.6
      vertex -28.85 9.2084 0
      vertex -28.85 9.2084 18.6
    endloop
  endfacet
  facet normal -1 0 0
    outer loop
      vertex -28.85 -5.4916 0
      vertex -28.85 -5.0084 1.68482
      vertex -28.85 -5.0084 0
    endloop
  endfacet
  facet normal -1 -0 0
    outer loop
      vertex -28.85 -5.0084 1.68482
      vertex -28.85 -5.4916 0
      vertex -28.85 -5.18198 1.81802
    endloop
  endfacet
  facet normal -1 -0 0
    outer loop
      vertex -28.85 -5.18198 1.81802
      vertex -28.85 -5.4916 0
      vertex -28.85 -5.4916 2.22153
    endloop
  endfacet
  facet normal -1 0 0
    outer loop
      vertex -28.85 -5.4916 18.6
      vertex -28.85 -5.0084 8.31518
      vertex -28.85 -5.18198 8.18198
    endloop
  endfacet
  facet normal -1 0 0
    outer loop
      vertex -28.85 -5.4916 18.6
      vertex -28.85 -5.18198 8.18198
      vertex -28.85 -5.4916 7.77847
    endloop
  endfacet
  facet normal -1 0 0
    outer loop
      vertex -28.85 -5.0084 8.31518
      vertex -28.85 -5.4916 18.6
      vertex -28.85 -5.0084 18.6
    endloop
  endfacet
  facet normal -1 0 0
    outer loop
      vertex -28.85 -3.3916 18.6
      vertex -28.85 -2.9084 9.38041
      vertex -28.85 -3.16469 9.34667
    endloop
  endfacet
  facet normal -1 0 0
    outer loop
      vertex -28.85 -3.3916 18.6
      vertex -28.85 -3.16469 9.34667
      vertex -28.85 -3.3916 9.25267
    endloop
  endfacet
  facet normal -1 0 0
    outer loop
      vertex -28.85 -2.9084 9.38041
      vertex -28.85 -3.3916 18.6
      vertex -28.85 -2.9084 18.6
    endloop
  endfacet
  facet normal -1 0 0
    outer loop
      vertex -28.85 -1.2916 9.5
      vertex -28.85 -0.808397 18.6
      vertex -28.85 -0.808397 9.5
    endloop
  endfacet
  facet normal -1 -0 0
    outer loop
      vertex -28.85 -0.808397 18.6
      vertex -28.85 -1.2916 9.5
      vertex -28.85 -1.2916 18.6
    endloop
  endfacet
  facet normal -1 0 0
    outer loop
      vertex -28.85 0.808397 9.5
      vertex -28.85 1.2916 18.6
      vertex -28.85 1.2916 9.5
    endloop
  endfacet
  facet normal -1 -0 0
    outer loop
      vertex -28.85 1.2916 18.6
      vertex -28.85 0.808397 9.5
      vertex -28.85 0.808397 18.6
    endloop
  endfacet
  facet normal -1 0 0
    outer loop
      vertex -28.85 3.16469 9.34667
      vertex -28.85 3.3916 18.6
      vertex -28.85 3.3916 9.25267
    endloop
  endfacet
  facet normal -1 0 0
    outer loop
      vertex -28.85 2.9084 9.38041
      vertex -28.85 3.3916 18.6
      vertex -28.85 3.16469 9.34667
    endloop
  endfacet
  facet normal -1 -0 0
    outer loop
      vertex -28.85 3.3916 18.6
      vertex -28.85 2.9084 9.38041
      vertex -28.85 2.9084 18.6
    endloop
  endfacet
  facet normal -1 0 0
    outer loop
      vertex -28.85 5.18198 8.18198
      vertex -28.85 5.4916 18.6
      vertex -28.85 5.4916 7.77847
    endloop
  endfacet
  facet normal -1 0 0
    outer loop
      vertex -28.85 5.0084 8.31518
      vertex -28.85 5.4916 18.6
      vertex -28.85 5.18198 8.18198
    endloop
  endfacet
  facet normal -1 -0 0
    outer loop
      vertex -28.85 5.4916 18.6
      vertex -28.85 5.0084 8.31518
      vertex -28.85 5.0084 18.6
    endloop
  endfacet
  facet normal 0 0 -1
    outer loop
      vertex -25.525 -16.4631 0
      vertex -24.35 -15.7 0
      vertex -24.5123 -16.1996 0
    endloop
  endfacet
  facet normal 0 0 -1
    outer loop
      vertex -17.65 -15.7 0
      vertex -15.95 -15.7 0
      vertex -16.1123 -16.1996 0
    endloop
  endfacet
  facet normal 0 0 -1
    outer loop
      vertex -15.55 -15.7 0
      vertex -13.85 -15.7 0
      vertex -14.0123 -16.1996 0
    endloop
  endfacet
  facet normal 0 0 -1
    outer loop
      vertex -13.45 -15.7 0
      vertex -11.75 -15.7 0
      vertex -11.9123 -16.1996 0
    endloop
  endfacet
  facet normal 0 0 -1
    outer loop
      vertex -11.35 -15.7 0
      vertex -9.65 -15.7 0
      vertex -9.81234 -16.1996 0
    endloop
  endfacet
  facet normal 0 0 -1
    outer loop
      vertex -9.25 -15.7 0
      vertex -7.55 -15.7 0
      vertex -7.71233 -16.1996 0
    endloop
  endfacet
  facet normal 0 0 -1
    outer loop
      vertex -7.15 -15.7 0
      vertex -5.45 -15.7 0
      vertex -5.61234 -16.1996 0
    endloop
  endfacet
  facet normal 0 0 -1
    outer loop
      vertex -5.05 -15.7 0
      vertex -3.35 -15.7 0
      vertex -3.51233 -16.1996 0
    endloop
  endfacet
  facet normal 0 0 -1
    outer loop
      vertex -1.41234 -16.1996 0
      vertex -1.38564 -15.8 0
      vertex -1.31318 -15.8944 0
    endloop
  endfacet
  facet normal 0 0 -1
    outer loop
      vertex -1.83609 -16.5075 0
      vertex -1.38564 -15.8 0
      vertex -1.41234 -16.1996 0
    endloop
  endfacet
  facet normal 0 0 -1
    outer loop
      vertex -3.35 15.7 0
      vertex -1.13137 13.8686 0
      vertex -3.35 -15.7 0
    endloop
  endfacet
  facet normal 0 0 -1
    outer loop
      vertex -2.95 -15.7 0
      vertex -1.54548 -15.4141 0
      vertex -1.83609 -16.5075 0
    endloop
  endfacet
  facet normal -0 0 -1
    outer loop
      vertex -1.38564 -15.8 0
      vertex -1.83609 -16.5075 0
      vertex -1.54548 -15.4141 0
    endloop
  endfacet
  facet normal -0 0 -1
    outer loop
      vertex 3.35 15.7 0
      vertex 1.6 15 0
      vertex 2.95 15.7 0
    endloop
  endfacet
  facet normal 0 0 -1
    outer loop
      vertex 5.45 15.7 0
      vertex 1.54548 14.5859 0
      vertex 1.6 15 0
    endloop
  endfacet
  facet normal -0 0 -1
    outer loop
      vertex 9.25 15.7 0
      vertex 0.799999 13.6144 0
      vertex 7.55 15.7 0
    endloop
  endfacet
  facet normal 0 0 -1
    outer loop
      vertex 5.45 15.7 0
      vertex 1.38564 14.2 0
      vertex 1.54548 14.5859 0
    endloop
  endfacet
  facet normal -0 0 -1
    outer loop
      vertex 7.55 15.7 0
      vertex 0.799999 13.6144 0
      vertex 7.15 15.7 0
    endloop
  endfacet
  facet normal 0 0 -1
    outer loop
      vertex 5.45 15.7 0
      vertex 1.13137 13.8686 0
      vertex 1.38564 14.2 0
    endloop
  endfacet
  facet normal 0 -0 -1
    outer loop
      vertex 1.13137 13.8686 0
      vertex 7.15 15.7 0
      vertex 0.799999 13.6144 0
    endloop
  endfacet
  facet normal -0 0 -1
    outer loop
      vertex 7.15 15.7 0
      vertex 1.13137 13.8686 0
      vertex 5.45 15.7 0
    endloop
  endfacet
  facet normal 0 0 -1
    outer loop
      vertex 0.41411 -13.4545 0
      vertex 0.799999 13.6144 0
      vertex 0.799999 -13.6144 0
    endloop
  endfacet
  facet normal 0 0 -1
    outer loop
      vertex 0.41411 -13.4545 0
      vertex 0.41411 13.4545 0
      vertex 0.799999 13.6144 0
    endloop
  endfacet
  facet normal 0 0 -1
    outer loop
      vertex 0 -13.4 0
      vertex 0.41411 13.4545 0
      vertex 0.41411 -13.4545 0
    endloop
  endfacet
  facet normal 0 0 -1
    outer loop
      vertex 0 -13.4 0
      vertex 0 13.4 0
      vertex 0.41411 13.4545 0
    endloop
  endfacet
  facet normal 0 0 -1
    outer loop
      vertex -0.41411 -13.4545 0
      vertex 0 13.4 0
      vertex 0 -13.4 0
    endloop
  endfacet
  facet normal 0 0 -1
    outer loop
      vertex -0.41411 -13.4545 0
      vertex -0.41411 13.4545 0
      vertex 0 13.4 0
    endloop
  endfacet
  facet normal 0 0 -1
    outer loop
      vertex -0.799999 -13.6144 0
      vertex -0.41411 13.4545 0
      vertex -0.41411 -13.4545 0
    endloop
  endfacet
  facet normal 0 0 -1
    outer loop
      vertex -0.799999 -13.6144 0
      vertex -0.799999 13.6144 0
      vertex -0.41411 13.4545 0
    endloop
  endfacet
  facet normal 0 0 -1
    outer loop
      vertex -1.13137 -13.8686 0
      vertex -0.799999 13.6144 0
      vertex -0.799999 -13.6144 0
    endloop
  endfacet
  facet normal 0 0 -1
    outer loop
      vertex -1.13137 -13.8686 0
      vertex -1.13137 13.8686 0
      vertex -0.799999 13.6144 0
    endloop
  endfacet
  facet normal -0 0 -1
    outer loop
      vertex -1.54548 -14.5859 0
      vertex -3.35 -15.7 0
      vertex -1.38564 -14.2 0
    endloop
  endfacet
  facet normal -0 0 -1
    outer loop
      vertex -1.38564 -14.2 0
      vertex -3.35 -15.7 0
      vertex -1.13137 -13.8686 0
    endloop
  endfacet
  facet normal 0 0 -1
    outer loop
      vertex -3.35 -15.7 0
      vertex -1.54548 -14.5859 0
      vertex -2.95 -15.7 0
    endloop
  endfacet
  facet normal -0 0 -1
    outer loop
      vertex -1.13137 -13.8686 0
      vertex -3.35 -15.7 0
      vertex -1.13137 13.8686 0
    endloop
  endfacet
  facet normal -0 0 -1
    outer loop
      vertex -1.54548 -15.4141 0
      vertex -2.95 -15.7 0
      vertex -1.6 -15 0
    endloop
  endfacet
  facet normal -0 0 -1
    outer loop
      vertex -1.6 -15 0
      vertex -2.95 -15.7 0
      vertex -1.54548 -14.5859 0
    endloop
  endfacet
  facet normal 0 0 -1
    outer loop
      vertex 1.54548 15.4141 0
      vertex 2.95 15.7 0
      vertex 1.6 15 0
    endloop
  endfacet
  facet normal -0 0 -1
    outer loop
      vertex 2.95 15.7 0
      vertex 1.54548 15.4141 0
      vertex 1.83609 16.5075 0
    endloop
  endfacet
  facet normal 0 0 -1
    outer loop
      vertex 1.38564 15.8 0
      vertex 1.83609 16.5075 0
      vertex 1.54548 15.4141 0
    endloop
  endfacet
  facet normal 0 0 -1
    outer loop
      vertex 1.83609 16.5075 0
      vertex 1.38564 15.8 0
      vertex 1.41234 16.1996 0
    endloop
  endfacet
  facet normal 0 0 -1
    outer loop
      vertex 1.41234 16.1996 0
      vertex 1.38564 15.8 0
      vertex 1.31318 15.8944 0
    endloop
  endfacet
  facet normal 0 0 -1
    outer loop
      vertex 1.54548 -15.4141 0
      vertex 2.95 -15.7 0
      vertex 2.78766 -16.1996 0
    endloop
  endfacet
  facet normal 0 0 -1
    outer loop
      vertex 3.35 -15.7 0
      vertex 5.05 -15.7 0
      vertex 4.88766 -16.1996 0
    endloop
  endfacet
  facet normal 0 0 -1
    outer loop
      vertex 5.45 -15.7 0
      vertex 7.15 -15.7 0
      vertex 6.98766 -16.1996 0
    endloop
  endfacet
  facet normal 0 0 -1
    outer loop
      vertex 7.55 -15.7 0
      vertex 9.25 -15.7 0
      vertex 9.08766 -16.1996 0
    endloop
  endfacet
  facet normal 0 0 -1
    outer loop
      vertex 9.65 -15.7 0
      vertex 11.35 -15.7 0
      vertex 11.1877 -16.1996 0
    endloop
  endfacet
  facet normal 0 0 -1
    outer loop
      vertex 11.75 -15.7 0
      vertex 13.45 -15.7 0
      vertex 13.2877 -16.1996 0
    endloop
  endfacet
  facet normal 0 0 -1
    outer loop
      vertex 13.85 -15.7 0
      vertex 15.55 -15.7 0
      vertex 15.3877 -16.1996 0
    endloop
  endfacet
  facet normal 0 0 -1
    outer loop
      vertex 22.25 -15.7 0
      vertex 23.95 -15.7 0
      vertex 23.7877 -16.1996 0
    endloop
  endfacet
  facet normal 0 0 -1
    outer loop
      vertex 28.7691 -14.982 0
      vertex 28.7677 -14.6564 0
      vertex 28.8213 -14.8213 0
    endloop
  endfacet
  facet normal 0 0 -1
    outer loop
      vertex 28.85 3.3916 0
      vertex 23.95 15.7 0
      vertex 28.85 5.0084 0
    endloop
  endfacet
  facet normal 0 0 -1
    outer loop
      vertex 28.1214 -15.6297 0
      vertex 28.7677 -14.6564 0
      vertex 28.7691 -14.982 0
    endloop
  endfacet
  facet normal 0 0 -1
    outer loop
      vertex 28.85 -11.3084 0
      vertex 29.6575 -10.6308 0
      vertex 29.5377 -10.9996 0
    endloop
  endfacet
  facet normal -0 0 -1
    outer loop
      vertex 29.6575 -10.6308 0
      vertex 28.85 -11.3084 0
      vertex 29.6575 -10.3692 0
    endloop
  endfacet
  facet normal 0 0 -1
    outer loop
      vertex 28.85 -11.3084 0
      vertex 29.5377 -10.9996 0
      vertex 29.1127 -11.3084 0
    endloop
  endfacet
  facet normal 0 0 -1
    outer loop
      vertex 28.85 -9.6916 0
      vertex 29.6575 -10.3692 0
      vertex 28.85 -11.3084 0
    endloop
  endfacet
  facet normal 0 0 -1
    outer loop
      vertex 29.6575 -10.3692 0
      vertex 28.85 -9.6916 0
      vertex 29.5377 -10.0004 0
    endloop
  endfacet
  facet normal 0 0 -1
    outer loop
      vertex 29.5377 -10.0004 0
      vertex 28.85 -9.6916 0
      vertex 29.1127 -9.6916 0
    endloop
  endfacet
  facet normal 0 0 -1
    outer loop
      vertex 28.85 -9.2084 0
      vertex 29.6575 -8.53084 0
      vertex 29.5377 -8.89962 0
    endloop
  endfacet
  facet normal -0 0 -1
    outer loop
      vertex 29.6575 -8.53084 0
      vertex 28.85 -9.2084 0
      vertex 29.6575 -8.26916 0
    endloop
  endfacet
  facet normal 0 0 -1
    outer loop
      vertex 28.85 -9.2084 0
      vertex 29.5377 -8.89962 0
      vertex 29.1127 -9.2084 0
    endloop
  endfacet
  facet normal 0 0 -1
    outer loop
      vertex 28.85 -7.5916 0
      vertex 29.6575 -8.26916 0
      vertex 28.85 -9.2084 0
    endloop
  endfacet
  facet normal 0 0 -1
    outer loop
      vertex 29.6575 -8.26916 0
      vertex 28.85 -7.5916 0
      vertex 29.5377 -7.90038 0
    endloop
  endfacet
  facet normal 0 0 -1
    outer loop
      vertex 29.5377 -7.90038 0
      vertex 28.85 -7.5916 0
      vertex 29.1127 -7.5916 0
    endloop
  endfacet
  facet normal 0 0 -1
    outer loop
      vertex 28.85 -7.1084 0
      vertex 29.6575 -6.43084 0
      vertex 29.5377 -6.79962 0
    endloop
  endfacet
  facet normal -0 0 -1
    outer loop
      vertex 29.6575 -6.43084 0
      vertex 28.85 -7.1084 0
      vertex 29.6575 -6.16916 0
    endloop
  endfacet
  facet normal 0 0 -1
    outer loop
      vertex 28.85 -7.1084 0
      vertex 29.5377 -6.79962 0
      vertex 29.1127 -7.1084 0
    endloop
  endfacet
  facet normal 0 0 -1
    outer loop
      vertex 28.85 -5.4916 0
      vertex 29.6575 -6.16916 0
      vertex 28.85 -7.1084 0
    endloop
  endfacet
  facet normal 0 0 -1
    outer loop
      vertex 29.6575 -6.16916 0
      vertex 28.85 -5.4916 0
      vertex 29.5377 -5.80038 0
    endloop
  endfacet
  facet normal 0 0 -1
    outer loop
      vertex 29.5377 -5.80038 0
      vertex 28.85 -5.4916 0
      vertex 29.1127 -5.4916 0
    endloop
  endfacet
  facet normal 0 0 -1
    outer loop
      vertex 28.85 -5.0084 0
      vertex 29.6575 -4.33084 0
      vertex 29.5377 -4.69962 0
    endloop
  endfacet
  facet normal -0 0 -1
    outer loop
      vertex 29.6575 -4.33084 0
      vertex 28.85 -5.0084 0
      vertex 29.6575 -4.06916 0
    endloop
  endfacet
  facet normal 0 0 -1
    outer loop
      vertex 28.85 -5.0084 0
      vertex 29.5377 -4.69962 0
      vertex 29.1127 -5.0084 0
    endloop
  endfacet
  facet normal 0 0 -1
    outer loop
      vertex 28.85 -3.3916 0
      vertex 29.6575 -4.06916 0
      vertex 28.85 -5.0084 0
    endloop
  endfacet
  facet normal 0 0 -1
    outer loop
      vertex 29.6575 -4.06916 0
      vertex 28.85 -3.3916 0
      vertex 29.5377 -3.70038 0
    endloop
  endfacet
  facet normal 0 0 -1
    outer loop
      vertex 29.5377 -3.70038 0
      vertex 28.85 -3.3916 0
      vertex 29.1127 -3.3916 0
    endloop
  endfacet
  facet normal 0 0 -1
    outer loop
      vertex 28.85 -2.9084 0
      vertex 29.6575 -2.23084 0
      vertex 29.5377 -2.59962 0
    endloop
  endfacet
  facet normal -0 0 -1
    outer loop
      vertex 29.6575 -2.23084 0
      vertex 28.85 -2.9084 0
      vertex 29.6575 -1.96916 0
    endloop
  endfacet
  facet normal 0 0 -1
    outer loop
      vertex 28.85 -2.9084 0
      vertex 29.5377 -2.59962 0
      vertex 29.1127 -2.9084 0
    endloop
  endfacet
  facet normal 0 0 -1
    outer loop
      vertex 28.85 -1.2916 0
      vertex 29.6575 -1.96916 0
      vertex 28.85 -2.9084 0
    endloop
  endfacet
  facet normal 0 0 -1
    outer loop
      vertex 29.6575 -1.96916 0
      vertex 28.85 -1.2916 0
      vertex 29.5377 -1.60038 0
    endloop
  endfacet
  facet normal 0 0 -1
    outer loop
      vertex 29.5377 -1.60038 0
      vertex 28.85 -1.2916 0
      vertex 29.1127 -1.2916 0
    endloop
  endfacet
  facet normal 0 0 -1
    outer loop
      vertex 28.85 -0.808397 0
      vertex 29.6575 -0.130844 0
      vertex 29.5377 -0.499617 0
    endloop
  endfacet
  facet normal -0 0 -1
    outer loop
      vertex 29.6575 -0.130844 0
      vertex 28.85 -0.808397 0
      vertex 29.6575 0.130844 0
    endloop
  endfacet
  facet normal 0 0 -1
    outer loop
      vertex 28.85 -0.808397 0
      vertex 29.5377 -0.499617 0
      vertex 29.1127 -0.808397 0
    endloop
  endfacet
  facet normal 0 0 -1
    outer loop
      vertex 28.85 0.808397 0
      vertex 29.6575 0.130844 0
      vertex 28.85 -0.808397 0
    endloop
  endfacet
  facet normal 0 0 -1
    outer loop
      vertex 29.6575 0.130844 0
      vertex 28.85 0.808397 0
      vertex 29.5377 0.499617 0
    endloop
  endfacet
  facet normal 0 0 -1
    outer loop
      vertex 29.5377 0.499617 0
      vertex 28.85 0.808397 0
      vertex 29.1127 0.808397 0
    endloop
  endfacet
  facet normal 0 0 -1
    outer loop
      vertex 28.85 1.2916 0
      vertex 29.6575 1.96916 0
      vertex 29.5377 1.60038 0
    endloop
  endfacet
  facet normal -0 0 -1
    outer loop
      vertex 29.6575 1.96916 0
      vertex 28.85 1.2916 0
      vertex 29.6575 2.23084 0
    endloop
  endfacet
  facet normal 0 0 -1
    outer loop
      vertex 28.85 1.2916 0
      vertex 29.5377 1.60038 0
      vertex 29.1127 1.2916 0
    endloop
  endfacet
  facet normal 0 0 -1
    outer loop
      vertex 28.85 2.9084 0
      vertex 29.6575 2.23084 0
      vertex 28.85 1.2916 0
    endloop
  endfacet
  facet normal 0 0 -1
    outer loop
      vertex 29.6575 2.23084 0
      vertex 28.85 2.9084 0
      vertex 29.5377 2.59962 0
    endloop
  endfacet
  facet normal 0 0 -1
    outer loop
      vertex 29.5377 2.59962 0
      vertex 28.85 2.9084 0
      vertex 29.1127 2.9084 0
    endloop
  endfacet
  facet normal 0 0 -1
    outer loop
      vertex 28.85 3.3916 0
      vertex 29.6575 4.06916 0
      vertex 29.5377 3.70038 0
    endloop
  endfacet
  facet normal -0 0 -1
    outer loop
      vertex 29.6575 4.06916 0
      vertex 28.85 3.3916 0
      vertex 29.6575 4.33084 0
    endloop
  endfacet
  facet normal 0 0 -1
    outer loop
      vertex 28.85 3.3916 0
      vertex 29.5377 3.70038 0
      vertex 29.1127 3.3916 0
    endloop
  endfacet
  facet normal 0 0 -1
    outer loop
      vertex 28.85 5.0084 0
      vertex 29.6575 4.33084 0
      vertex 28.85 3.3916 0
    endloop
  endfacet
  facet normal 0 0 -1
    outer loop
      vertex 29.6575 4.33084 0
      vertex 28.85 5.0084 0
      vertex 29.5377 4.69962 0
    endloop
  endfacet
  facet normal 0 0 -1
    outer loop
      vertex 29.5377 4.69962 0
      vertex 28.85 5.0084 0
      vertex 29.1127 5.0084 0
    endloop
  endfacet
  facet normal 0 0 -1
    outer loop
      vertex 28.85 5.4916 0
      vertex 29.6575 6.16916 0
      vertex 29.5377 5.80038 0
    endloop
  endfacet
  facet normal -0 0 -1
    outer loop
      vertex 29.6575 6.16916 0
      vertex 28.85 5.4916 0
      vertex 29.6575 6.43084 0
    endloop
  endfacet
  facet normal 0 0 -1
    outer loop
      vertex 28.85 5.4916 0
      vertex 29.5377 5.80038 0
      vertex 29.1127 5.4916 0
    endloop
  endfacet
  facet normal 0 0 -1
    outer loop
      vertex 28.85 7.1084 0
      vertex 29.6575 6.43084 0
      vertex 28.85 5.4916 0
    endloop
  endfacet
  facet normal 0 0 -1
    outer loop
      vertex 29.6575 6.43084 0
      vertex 28.85 7.1084 0
      vertex 29.5377 6.79962 0
    endloop
  endfacet
  facet normal 0 0 -1
    outer loop
      vertex 29.5377 6.79962 0
      vertex 28.85 7.1084 0
      vertex 29.1127 7.1084 0
    endloop
  endfacet
  facet normal 0 0 -1
    outer loop
      vertex 28.85 7.5916 0
      vertex 29.6575 8.26916 0
      vertex 29.5377 7.90038 0
    endloop
  endfacet
  facet normal -0 0 -1
    outer loop
      vertex 29.6575 8.26916 0
      vertex 28.85 7.5916 0
      vertex 29.6575 8.53084 0
    endloop
  endfacet
  facet normal 0 0 -1
    outer loop
      vertex 28.85 7.5916 0
      vertex 29.5377 7.90038 0
      vertex 29.1127 7.5916 0
    endloop
  endfacet
  facet normal 0 0 -1
    outer loop
      vertex 28.85 9.2084 0
      vertex 29.6575 8.53084 0
      vertex 28.85 7.5916 0
    endloop
  endfacet
  facet normal 0 0 -1
    outer loop
      vertex 29.6575 8.53084 0
      vertex 28.85 9.2084 0
      vertex 29.5377 8.89962 0
    endloop
  endfacet
  facet normal 0 0 -1
    outer loop
      vertex 29.5377 8.89962 0
      vertex 28.85 9.2084 0
      vertex 29.1127 9.2084 0
    endloop
  endfacet
  facet normal 0 0 -1
    outer loop
      vertex 28.85 9.6916 0
      vertex 29.6575 10.3692 0
      vertex 29.5377 10.0004 0
    endloop
  endfacet
  facet normal -0 0 -1
    outer loop
      vertex 29.6575 10.3692 0
      vertex 28.85 9.6916 0
      vertex 29.6575 10.6308 0
    endloop
  endfacet
  facet normal 0 0 -1
    outer loop
      vertex 28.85 9.6916 0
      vertex 29.5377 10.0004 0
      vertex 29.1127 9.6916 0
    endloop
  endfacet
  facet normal 0 0 -1
    outer loop
      vertex 28.85 11.3084 0
      vertex 29.6575 10.6308 0
      vertex 28.85 9.6916 0
    endloop
  endfacet
  facet normal 0 0 -1
    outer loop
      vertex 29.6575 10.6308 0
      vertex 28.85 11.3084 0
      vertex 29.5377 10.9996 0
    endloop
  endfacet
  facet normal 0 0 -1
    outer loop
      vertex 29.5377 10.9996 0
      vertex 28.85 11.3084 0
      vertex 29.1127 11.3084 0
    endloop
  endfacet
  facet normal 0 0 -1
    outer loop
      vertex 28.7677 -14.6564 0
      vertex 29.4049 -13.6427 0
      vertex 29.1934 -14.4318 0
    endloop
  endfacet
  facet normal 0 0 -1
    outer loop
      vertex 28.85 -11.7916 0
      vertex 29.6575 -12.4692 0
      vertex 29.6575 -12.7 0
    endloop
  endfacet
  facet normal 0 0 -1
    outer loop
      vertex 29.3138 -13.3623 0
      vertex 29.6575 -12.7 0
      vertex 29.5202 -13.2123 0
    endloop
  endfacet
  facet normal 0 0 -1
    outer loop
      vertex 28.85 -11.7916 0
      vertex 29.6575 -12.7 0
      vertex 29.3138 -13.3623 0
    endloop
  endfacet
  facet normal 0 0 -1
    outer loop
      vertex 29.6575 -12.4692 0
      vertex 28.85 -11.7916 0
      vertex 29.5377 -12.1004 0
    endloop
  endfacet
  facet normal -0 0 -1
    outer loop
      vertex 29.4049 -13.6427 0
      vertex 28.7677 -14.6564 0
      vertex 29.3138 -13.3623 0
    endloop
  endfacet
  facet normal 0 0 -1
    outer loop
      vertex 28.7677 -14.6564 0
      vertex 29.1934 -14.4318 0
      vertex 28.8843 -14.6564 0
    endloop
  endfacet
  facet normal 0 0 -1
    outer loop
      vertex 29.5377 -12.1004 0
      vertex 28.85 -11.7916 0
      vertex 29.1127 -11.7916 0
    endloop
  endfacet
  facet normal 0 0 -1
    outer loop
      vertex 27.7967 -15.6297 0
      vertex 28.7677 -14.6564 0
      vertex 28.1214 -15.6297 0
    endloop
  endfacet
  facet normal -0 0 -1
    outer loop
      vertex 28.7677 -14.6564 0
      vertex 27.7967 -15.6297 0
      vertex 28.85 -11.7916 0
    endloop
  endfacet
  facet normal 0 0 -1
    outer loop
      vertex 24.35 -15.7 0
      vertex 28.85 -11.7916 0
      vertex 27.7967 -15.6297 0
    endloop
  endfacet
  facet normal -0 0 -1
    outer loop
      vertex 28.85 -11.7916 0
      vertex 24.35 -15.7 0
      vertex 28.85 -11.3084 0
    endloop
  endfacet
  facet normal 0 0 -1
    outer loop
      vertex 23.95 -15.7 0
      vertex 28.85 -11.3084 0
      vertex 24.35 -15.7 0
    endloop
  endfacet
  facet normal -0 0 -1
    outer loop
      vertex 28.85 -11.3084 0
      vertex 23.95 -15.7 0
      vertex 28.85 -9.6916 0
    endloop
  endfacet
  facet normal -0 0 -1
    outer loop
      vertex 28.85 -9.6916 0
      vertex 23.95 -15.7 0
      vertex 28.85 -9.2084 0
    endloop
  endfacet
  facet normal -0 0 -1
    outer loop
      vertex 28.85 -9.2084 0
      vertex 23.95 -15.7 0
      vertex 28.85 -7.5916 0
    endloop
  endfacet
  facet normal -0 0 -1
    outer loop
      vertex 28.85 -7.5916 0
      vertex 23.95 -15.7 0
      vertex 28.85 -7.1084 0
    endloop
  endfacet
  facet normal -0 0 -1
    outer loop
      vertex 28.85 -7.1084 0
      vertex 23.95 -15.7 0
      vertex 28.85 -5.4916 0
    endloop
  endfacet
  facet normal -0 0 -1
    outer loop
      vertex 28.85 -5.4916 0
      vertex 23.95 -15.7 0
      vertex 28.85 -5.0084 0
    endloop
  endfacet
  facet normal -0 0 -1
    outer loop
      vertex 28.85 -5.0084 0
      vertex 23.95 -15.7 0
      vertex 28.85 -3.3916 0
    endloop
  endfacet
  facet normal -0 0 -1
    outer loop
      vertex 28.85 -3.3916 0
      vertex 23.95 -15.7 0
      vertex 28.85 -2.9084 0
    endloop
  endfacet
  facet normal -0 0 -1
    outer loop
      vertex 28.85 -2.9084 0
      vertex 23.95 -15.7 0
      vertex 28.85 -1.2916 0
    endloop
  endfacet
  facet normal -0 0 -1
    outer loop
      vertex 28.85 -1.2916 0
      vertex 23.95 -15.7 0
      vertex 28.85 -0.808397 0
    endloop
  endfacet
  facet normal -0 0 -1
    outer loop
      vertex 28.85 -0.808397 0
      vertex 23.95 -15.7 0
      vertex 28.85 0.808397 0
    endloop
  endfacet
  facet normal 0 0 -1
    outer loop
      vertex 23.95 15.7 0
      vertex 28.85 0.808397 0
      vertex 23.95 -15.7 0
    endloop
  endfacet
  facet normal 0 0 -1
    outer loop
      vertex 28.85 0.808397 0
      vertex 23.95 15.7 0
      vertex 28.85 1.2916 0
    endloop
  endfacet
  facet normal 0 0 -1
    outer loop
      vertex 28.85 1.2916 0
      vertex 23.95 15.7 0
      vertex 28.85 2.9084 0
    endloop
  endfacet
  facet normal 0 0 -1
    outer loop
      vertex 28.85 2.9084 0
      vertex 23.95 15.7 0
      vertex 28.85 3.3916 0
    endloop
  endfacet
  facet normal 0 0 -1
    outer loop
      vertex 28.85 7.5916 0
      vertex 28.7677 14.6564 0
      vertex 28.85 9.2084 0
    endloop
  endfacet
  facet normal 0 0 -1
    outer loop
      vertex 28.85 9.2084 0
      vertex 28.7677 14.6564 0
      vertex 28.85 9.6916 0
    endloop
  endfacet
  facet normal 0 0 -1
    outer loop
      vertex 28.85 9.6916 0
      vertex 28.7677 14.6564 0
      vertex 28.85 11.3084 0
    endloop
  endfacet
  facet normal -0 0 -1
    outer loop
      vertex 29.3138 -13.3623 0
      vertex 28.7677 -14.6564 0
      vertex 28.85 -11.7916 0
    endloop
  endfacet
  facet normal 0 0 -1
    outer loop
      vertex 28.85 11.7916 0
      vertex 29.6575 12.4692 0
      vertex 29.5377 12.1004 0
    endloop
  endfacet
  facet normal -0 0 -1
    outer loop
      vertex 29.6575 12.4692 0
      vertex 28.85 11.7916 0
      vertex 29.6575 12.7 0
    endloop
  endfacet
  facet normal 0 0 -1
    outer loop
      vertex 29.6575 12.7 0
      vertex 29.3138 13.3623 0
      vertex 29.5202 13.2123 0
    endloop
  endfacet
  facet normal 0 0 -1
    outer loop
      vertex 28.85 11.7916 0
      vertex 29.5377 12.1004 0
      vertex 29.1127 11.7916 0
    endloop
  endfacet
  facet normal -0 0 -1
    outer loop
      vertex 29.6575 12.7 0
      vertex 28.85 11.7916 0
      vertex 29.3138 13.3623 0
    endloop
  endfacet
  facet normal 0 0 -1
    outer loop
      vertex 28.7677 14.6564 0
      vertex 29.3138 13.3623 0
      vertex 28.85 11.7916 0
    endloop
  endfacet
  facet normal 0 0 -1
    outer loop
      vertex 29.3138 13.3623 0
      vertex 28.7677 14.6564 0
      vertex 29.1934 14.4318 0
    endloop
  endfacet
  facet normal 0 0 -1
    outer loop
      vertex 29.1934 14.4318 0
      vertex 28.7677 14.6564 0
      vertex 28.8843 14.6564 0
    endloop
  endfacet
  facet normal 0 0 -1
    outer loop
      vertex 28.85 11.3084 0
      vertex 28.7677 14.6564 0
      vertex 28.85 11.7916 0
    endloop
  endfacet
  facet normal -0 0 -1
    outer loop
      vertex 29.4049 13.6427 0
      vertex 29.3138 13.3623 0
      vertex 29.1934 14.4318 0
    endloop
  endfacet
  facet normal 0 0 -1
    outer loop
      vertex 28.7677 14.6564 0
      vertex 28.7691 14.982 0
      vertex 28.8213 14.8213 0
    endloop
  endfacet
  facet normal 0 0 -1
    outer loop
      vertex 28.85 5.0084 0
      vertex 23.95 15.7 0
      vertex 28.85 5.4916 0
    endloop
  endfacet
  facet normal 0 0 -1
    outer loop
      vertex 28.85 5.4916 0
      vertex 23.95 15.7 0
      vertex 28.85 7.1084 0
    endloop
  endfacet
  facet normal 0 0 -1
    outer loop
      vertex 28.85 7.1084 0
      vertex 23.95 15.7 0
      vertex 28.85 7.5916 0
    endloop
  endfacet
  facet normal 0 0 -1
    outer loop
      vertex 28.7691 14.982 0
      vertex 27.7967 15.6297 0
      vertex 28.1214 15.6297 0
    endloop
  endfacet
  facet normal 0 0 -1
    outer loop
      vertex 27.589 -16.0415 0
      vertex 27.7967 -15.6297 0
      vertex 27.6857 -15.9713 0
    endloop
  endfacet
  facet normal -0 -0 -1
    outer loop
      vertex 27.7967 15.6297 0
      vertex 28.7677 14.6564 0
      vertex 24.35 15.7 0
    endloop
  endfacet
  facet normal 0 0 -1
    outer loop
      vertex 27.7967 -15.6297 0
      vertex 27.589 -16.0415 0
      vertex 26.5543 -16.1485 0
    endloop
  endfacet
  facet normal 0 0 -1
    outer loop
      vertex 28.7677 14.6564 0
      vertex 27.7967 15.6297 0
      vertex 28.7691 14.982 0
    endloop
  endfacet
  facet normal 0 0 -1
    outer loop
      vertex 26.5543 -16.1485 0
      vertex 27.589 -16.0415 0
      vertex 26.7255 -16.2729 0
    endloop
  endfacet
  facet normal 0 0 -1
    outer loop
      vertex 27.7967 -15.6297 0
      vertex 26.5543 -16.1485 0
      vertex 24.35 -15.7 0
    endloop
  endfacet
  facet normal 0 -0 -1
    outer loop
      vertex 26.5543 16.1485 0
      vertex 27.7967 15.6297 0
      vertex 24.35 15.7 0
    endloop
  endfacet
  facet normal 0 0 -1
    outer loop
      vertex 27.589 16.0415 0
      vertex 26.5543 16.1485 0
      vertex 26.7255 16.2729 0
    endloop
  endfacet
  facet normal 0 0 -1
    outer loop
      vertex 26.2681 -16.3955 0
      vertex 26.5543 -16.1485 0
      vertex 26.5377 -16.1996 0
    endloop
  endfacet
  facet normal -0 -0 -1
    outer loop
      vertex 27.589 16.0415 0
      vertex 27.7967 15.6297 0
      vertex 26.5543 16.1485 0
    endloop
  endfacet
  facet normal 0 0 -1
    outer loop
      vertex 25.85 -16.5075 0
      vertex 26.5543 -16.1485 0
      vertex 26.2681 -16.3955 0
    endloop
  endfacet
  facet normal 0 0 -1
    outer loop
      vertex 27.7967 15.6297 0
      vertex 27.589 16.0415 0
      vertex 27.6857 15.9713 0
    endloop
  endfacet
  facet normal 0 0 -1
    outer loop
      vertex 26.5543 -16.1485 0
      vertex 25.85 -16.5075 0
      vertex 25.525 -16.4631 0
    endloop
  endfacet
  facet normal 0 -0 -1
    outer loop
      vertex 25.525 16.4631 0
      vertex 26.5543 16.1485 0
      vertex 24.35 15.7 0
    endloop
  endfacet
  facet normal 0 0 -1
    outer loop
      vertex 25.525 -16.4631 0
      vertex 25.85 -16.5075 0
      vertex 25.5861 -16.5075 0
    endloop
  endfacet
  facet normal -0 0 -1
    outer loop
      vertex 26.5543 -16.1485 0
      vertex 25.525 -16.4631 0
      vertex 24.35 -15.7 0
    endloop
  endfacet
  facet normal 0 -0 -1
    outer loop
      vertex 25.85 16.5075 0
      vertex 26.5543 16.1485 0
      vertex 25.525 16.4631 0
    endloop
  endfacet
  facet normal -0 0 -1
    outer loop
      vertex 25.85 16.5075 0
      vertex 25.525 16.4631 0
      vertex 25.5861 16.5075 0
    endloop
  endfacet
  facet normal 0 0 -1
    outer loop
      vertex 24.9361 -16.5075 0
      vertex 25.525 -16.4631 0
      vertex 25.4639 -16.5075 0
    endloop
  endfacet
  facet normal 0 0 -1
    outer loop
      vertex 26.5543 16.1485 0
      vertex 26.2681 16.3955 0
      vertex 26.5377 16.1996 0
    endloop
  endfacet
  facet normal 0 0 -1
    outer loop
      vertex 24.5123 -16.1996 0
      vertex 25.525 -16.4631 0
      vertex 24.9361 -16.5075 0
    endloop
  endfacet
  facet normal 0 0 -1
    outer loop
      vertex 26.5543 16.1485 0
      vertex 25.85 16.5075 0
      vertex 26.2681 16.3955 0
    endloop
  endfacet
  facet normal 0 0 -1
    outer loop
      vertex 25.525 -16.4631 0
      vertex 24.5123 -16.1996 0
      vertex 24.35 -15.7 0
    endloop
  endfacet
  facet normal 0 -0 -1
    outer loop
      vertex 24.5123 16.1996 0
      vertex 25.525 16.4631 0
      vertex 24.35 15.7 0
    endloop
  endfacet
  facet normal 0 0 -1
    outer loop
      vertex 25.525 16.4631 0
      vertex 24.9361 16.5075 0
      vertex 25.4639 16.5075 0
    endloop
  endfacet
  facet normal -0 -0 -1
    outer loop
      vertex 24.35 15.7 0
      vertex 28.85 7.5916 0
      vertex 23.95 15.7 0
    endloop
  endfacet
  facet normal 0 0 -1
    outer loop
      vertex 28.85 7.5916 0
      vertex 24.35 15.7 0
      vertex 28.7677 14.6564 0
    endloop
  endfacet
  facet normal -0 0 -1
    outer loop
      vertex 25.525 16.4631 0
      vertex 24.5123 16.1996 0
      vertex 24.9361 16.5075 0
    endloop
  endfacet
  facet normal 0 0 -1
    outer loop
      vertex 23.95 -15.7 0
      vertex 22.25 -15.7 0
      vertex 23.95 15.7 0
    endloop
  endfacet
  facet normal 0 0 -1
    outer loop
      vertex 22.25 -15.7 0
      vertex 23.7877 -16.1996 0
      vertex 23.3639 -16.5075 0
    endloop
  endfacet
  facet normal 0 0 -1
    outer loop
      vertex 22.25 15.7 0
      vertex 23.95 15.7 0
      vertex 22.25 -15.7 0
    endloop
  endfacet
  facet normal 0 0 -1
    outer loop
      vertex 22.25 -15.7 0
      vertex 23.3639 -16.5075 0
      vertex 22.8361 -16.5075 0
    endloop
  endfacet
  facet normal 0 0 -1
    outer loop
      vertex 23.95 15.7 0
      vertex 22.25 15.7 0
      vertex 23.7877 16.1996 0
    endloop
  endfacet
  facet normal 0 0 -1
    outer loop
      vertex 22.25 -15.7 0
      vertex 22.8361 -16.5075 0
      vertex 22.4123 -16.1996 0
    endloop
  endfacet
  facet normal -0 0 -1
    outer loop
      vertex 23.7877 16.1996 0
      vertex 22.25 15.7 0
      vertex 23.3639 16.5075 0
    endloop
  endfacet
  facet normal -0 0 -1
    outer loop
      vertex 23.3639 16.5075 0
      vertex 22.25 15.7 0
      vertex 22.8361 16.5075 0
    endloop
  endfacet
  facet normal 0 0 -1
    outer loop
      vertex 22.8361 16.5075 0
      vertex 22.25 15.7 0
      vertex 22.4123 16.1996 0
    endloop
  endfacet
  facet normal 0 0 -1
    outer loop
      vertex 15.55 -15.7 0
      vertex 15.95 15.7 0
      vertex 15.95 -15.7 0
    endloop
  endfacet
  facet normal -0 0 -1
    outer loop
      vertex 15.95 15.7 0
      vertex 15.55 -15.7 0
      vertex 15.55 15.7 0
    endloop
  endfacet
  facet normal 0 0 -1
    outer loop
      vertex 17.65 -15.7 0
      vertex 15.95 -15.7 0
      vertex 17.65 15.7 0
    endloop
  endfacet
  facet normal 0 0 -1
    outer loop
      vertex 15.95 -15.7 0
      vertex 17.65 -15.7 0
      vertex 17.4877 -16.1996 0
    endloop
  endfacet
  facet normal 0 0 -1
    outer loop
      vertex 15.95 15.7 0
      vertex 17.65 15.7 0
      vertex 15.95 -15.7 0
    endloop
  endfacet
  facet normal 0 0 -1
    outer loop
      vertex 15.95 -15.7 0
      vertex 17.4877 -16.1996 0
      vertex 17.0639 -16.5075 0
    endloop
  endfacet
  facet normal 0 0 -1
    outer loop
      vertex 15.95 -15.7 0
      vertex 17.0639 -16.5075 0
      vertex 16.5361 -16.5075 0
    endloop
  endfacet
  facet normal 0 0 -1
    outer loop
      vertex 17.65 15.7 0
      vertex 15.95 15.7 0
      vertex 17.4877 16.1996 0
    endloop
  endfacet
  facet normal 0 0 -1
    outer loop
      vertex 15.95 -15.7 0
      vertex 16.5361 -16.5075 0
      vertex 16.1123 -16.1996 0
    endloop
  endfacet
  facet normal -0 0 -1
    outer loop
      vertex 17.4877 16.1996 0
      vertex 15.95 15.7 0
      vertex 17.0639 16.5075 0
    endloop
  endfacet
  facet normal -0 0 -1
    outer loop
      vertex 17.0639 16.5075 0
      vertex 15.95 15.7 0
      vertex 16.5361 16.5075 0
    endloop
  endfacet
  facet normal 0 0 -1
    outer loop
      vertex 17.65 -15.7 0
      vertex 18.05 15.7 0
      vertex 18.05 -15.7 0
    endloop
  endfacet
  facet normal -0 0 -1
    outer loop
      vertex 18.05 15.7 0
      vertex 17.65 -15.7 0
      vertex 17.65 15.7 0
    endloop
  endfacet
  facet normal 0 0 -1
    outer loop
      vertex 19.75 -15.7 0
      vertex 18.05 -15.7 0
      vertex 19.75 15.7 0
    endloop
  endfacet
  facet normal 0 0 -1
    outer loop
      vertex 18.05 -15.7 0
      vertex 19.75 -15.7 0
      vertex 19.5877 -16.1996 0
    endloop
  endfacet
  facet normal 0 0 -1
    outer loop
      vertex 18.05 15.7 0
      vertex 19.75 15.7 0
      vertex 18.05 -15.7 0
    endloop
  endfacet
  facet normal 0 0 -1
    outer loop
      vertex 18.05 -15.7 0
      vertex 19.5877 -16.1996 0
      vertex 19.1639 -16.5075 0
    endloop
  endfacet
  facet normal 0 0 -1
    outer loop
      vertex 18.05 -15.7 0
      vertex 19.1639 -16.5075 0
      vertex 18.6361 -16.5075 0
    endloop
  endfacet
  facet normal 0 0 -1
    outer loop
      vertex 19.75 15.7 0
      vertex 18.05 15.7 0
      vertex 19.5877 16.1996 0
    endloop
  endfacet
  facet normal 0 0 -1
    outer loop
      vertex 18.05 -15.7 0
      vertex 18.6361 -16.5075 0
      vertex 18.2123 -16.1996 0
    endloop
  endfacet
  facet normal -0 0 -1
    outer loop
      vertex 19.5877 16.1996 0
      vertex 18.05 15.7 0
      vertex 19.1639 16.5075 0
    endloop
  endfacet
  facet normal -0 0 -1
    outer loop
      vertex 19.1639 16.5075 0
      vertex 18.05 15.7 0
      vertex 18.6361 16.5075 0
    endloop
  endfacet
  facet normal 0 0 -1
    outer loop
      vertex 18.6361 16.5075 0
      vertex 18.05 15.7 0
      vertex 18.2123 16.1996 0
    endloop
  endfacet
  facet normal 0 0 -1
    outer loop
      vertex 19.75 -15.7 0
      vertex 20.15 15.7 0
      vertex 20.15 -15.7 0
    endloop
  endfacet
  facet normal -0 0 -1
    outer loop
      vertex 20.15 15.7 0
      vertex 19.75 -15.7 0
      vertex 19.75 15.7 0
    endloop
  endfacet
  facet normal 0 0 -1
    outer loop
      vertex 21.85 -15.7 0
      vertex 20.15 -15.7 0
      vertex 21.85 15.7 0
    endloop
  endfacet
  facet normal 0 0 -1
    outer loop
      vertex 20.15 -15.7 0
      vertex 21.85 -15.7 0
      vertex 21.6877 -16.1996 0
    endloop
  endfacet
  facet normal 0 0 -1
    outer loop
      vertex 20.15 15.7 0
      vertex 21.85 15.7 0
      vertex 20.15 -15.7 0
    endloop
  endfacet
  facet normal 0 0 -1
    outer loop
      vertex 20.15 -15.7 0
      vertex 21.6877 -16.1996 0
      vertex 21.2639 -16.5075 0
    endloop
  endfacet
  facet normal 0 0 -1
    outer loop
      vertex 20.15 -15.7 0
      vertex 21.2639 -16.5075 0
      vertex 20.7361 -16.5075 0
    endloop
  endfacet
  facet normal 0 0 -1
    outer loop
      vertex 21.85 15.7 0
      vertex 20.15 15.7 0
      vertex 21.6877 16.1996 0
    endloop
  endfacet
  facet normal 0 0 -1
    outer loop
      vertex 20.15 -15.7 0
      vertex 20.7361 -16.5075 0
      vertex 20.3123 -16.1996 0
    endloop
  endfacet
  facet normal -0 0 -1
    outer loop
      vertex 21.6877 16.1996 0
      vertex 20.15 15.7 0
      vertex 21.2639 16.5075 0
    endloop
  endfacet
  facet normal -0 0 -1
    outer loop
      vertex 21.2639 16.5075 0
      vertex 20.15 15.7 0
      vertex 20.7361 16.5075 0
    endloop
  endfacet
  facet normal 0 0 -1
    outer loop
      vertex 20.7361 16.5075 0
      vertex 20.15 15.7 0
      vertex 20.3123 16.1996 0
    endloop
  endfacet
  facet normal 0 0 -1
    outer loop
      vertex 21.85 -15.7 0
      vertex 22.25 15.7 0
      vertex 22.25 -15.7 0
    endloop
  endfacet
  facet normal -0 0 -1
    outer loop
      vertex 22.25 15.7 0
      vertex 21.85 -15.7 0
      vertex 21.85 15.7 0
    endloop
  endfacet
  facet normal 0 0 -1
    outer loop
      vertex 16.5361 16.5075 0
      vertex 15.95 15.7 0
      vertex 16.1123 16.1996 0
    endloop
  endfacet
  facet normal 0 0 -1
    outer loop
      vertex 15.55 -15.7 0
      vertex 13.85 -15.7 0
      vertex 15.55 15.7 0
    endloop
  endfacet
  facet normal 0 0 -1
    outer loop
      vertex 13.85 -15.7 0
      vertex 15.3877 -16.1996 0
      vertex 14.9639 -16.5075 0
    endloop
  endfacet
  facet normal 0 0 -1
    outer loop
      vertex 13.85 15.7 0
      vertex 15.55 15.7 0
      vertex 13.85 -15.7 0
    endloop
  endfacet
  facet normal 0 0 -1
    outer loop
      vertex 13.85 -15.7 0
      vertex 14.9639 -16.5075 0
      vertex 14.4361 -16.5075 0
    endloop
  endfacet
  facet normal 0 0 -1
    outer loop
      vertex 15.55 15.7 0
      vertex 13.85 15.7 0
      vertex 15.3877 16.1996 0
    endloop
  endfacet
  facet normal 0 0 -1
    outer loop
      vertex 13.85 -15.7 0
      vertex 14.4361 -16.5075 0
      vertex 14.0123 -16.1996 0
    endloop
  endfacet
  facet normal -0 0 -1
    outer loop
      vertex 15.3877 16.1996 0
      vertex 13.85 15.7 0
      vertex 14.9639 16.5075 0
    endloop
  endfacet
  facet normal -0 0 -1
    outer loop
      vertex 14.9639 16.5075 0
      vertex 13.85 15.7 0
      vertex 14.4361 16.5075 0
    endloop
  endfacet
  facet normal 0 0 -1
    outer loop
      vertex 13.45 -15.7 0
      vertex 13.85 15.7 0
      vertex 13.85 -15.7 0
    endloop
  endfacet
  facet normal -0 0 -1
    outer loop
      vertex 13.85 15.7 0
      vertex 13.45 -15.7 0
      vertex 13.45 15.7 0
    endloop
  endfacet
  facet normal 0 0 -1
    outer loop
      vertex 14.4361 16.5075 0
      vertex 13.85 15.7 0
      vertex 14.0123 16.1996 0
    endloop
  endfacet
  facet normal 0 0 -1
    outer loop
      vertex 13.45 -15.7 0
      vertex 11.75 -15.7 0
      vertex 13.45 15.7 0
    endloop
  endfacet
  facet normal 0 0 -1
    outer loop
      vertex 11.75 -15.7 0
      vertex 13.2877 -16.1996 0
      vertex 12.8639 -16.5075 0
    endloop
  endfacet
  facet normal 0 0 -1
    outer loop
      vertex 11.75 15.7 0
      vertex 13.45 15.7 0
      vertex 11.75 -15.7 0
    endloop
  endfacet
  facet normal 0 0 -1
    outer loop
      vertex 11.75 -15.7 0
      vertex 12.8639 -16.5075 0
      vertex 12.3361 -16.5075 0
    endloop
  endfacet
  facet normal 0 0 -1
    outer loop
      vertex 13.45 15.7 0
      vertex 11.75 15.7 0
      vertex 13.2877 16.1996 0
    endloop
  endfacet
  facet normal 0 0 -1
    outer loop
      vertex 11.75 -15.7 0
      vertex 12.3361 -16.5075 0
      vertex 11.9123 -16.1996 0
    endloop
  endfacet
  facet normal -0 0 -1
    outer loop
      vertex 13.2877 16.1996 0
      vertex 11.75 15.7 0
      vertex 12.8639 16.5075 0
    endloop
  endfacet
  facet normal -0 0 -1
    outer loop
      vertex 12.8639 16.5075 0
      vertex 11.75 15.7 0
      vertex 12.3361 16.5075 0
    endloop
  endfacet
  facet normal 0 0 -1
    outer loop
      vertex 11.35 -15.7 0
      vertex 11.75 15.7 0
      vertex 11.75 -15.7 0
    endloop
  endfacet
  facet normal -0 0 -1
    outer loop
      vertex 11.75 15.7 0
      vertex 11.35 -15.7 0
      vertex 11.35 15.7 0
    endloop
  endfacet
  facet normal 0 0 -1
    outer loop
      vertex 12.3361 16.5075 0
      vertex 11.75 15.7 0
      vertex 11.9123 16.1996 0
    endloop
  endfacet
  facet normal 0 0 -1
    outer loop
      vertex 11.35 -15.7 0
      vertex 9.65 -15.7 0
      vertex 11.35 15.7 0
    endloop
  endfacet
  facet normal 0 0 -1
    outer loop
      vertex 9.65 -15.7 0
      vertex 11.1877 -16.1996 0
      vertex 10.7639 -16.5075 0
    endloop
  endfacet
  facet normal 0 0 -1
    outer loop
      vertex 9.65 15.7 0
      vertex 11.35 15.7 0
      vertex 9.65 -15.7 0
    endloop
  endfacet
  facet normal 0 0 -1
    outer loop
      vertex 9.65 -15.7 0
      vertex 10.7639 -16.5075 0
      vertex 10.2361 -16.5075 0
    endloop
  endfacet
  facet normal 0 0 -1
    outer loop
      vertex 11.35 15.7 0
      vertex 9.65 15.7 0
      vertex 11.1877 16.1996 0
    endloop
  endfacet
  facet normal 0 0 -1
    outer loop
      vertex 9.65 -15.7 0
      vertex 10.2361 -16.5075 0
      vertex 9.81234 -16.1996 0
    endloop
  endfacet
  facet normal -0 0 -1
    outer loop
      vertex 11.1877 16.1996 0
      vertex 9.65 15.7 0
      vertex 10.7639 16.5075 0
    endloop
  endfacet
  facet normal -0 0 -1
    outer loop
      vertex 10.7639 16.5075 0
      vertex 9.65 15.7 0
      vertex 10.2361 16.5075 0
    endloop
  endfacet
  facet normal 0 0 -1
    outer loop
      vertex 9.25 -15.7 0
      vertex 9.65 15.7 0
      vertex 9.65 -15.7 0
    endloop
  endfacet
  facet normal -0 0 -1
    outer loop
      vertex 9.65 15.7 0
      vertex 9.25 -15.7 0
      vertex 9.25 15.7 0
    endloop
  endfacet
  facet normal 0 0 -1
    outer loop
      vertex 10.2361 16.5075 0
      vertex 9.65 15.7 0
      vertex 9.81234 16.1996 0
    endloop
  endfacet
  facet normal 0 0 -1
    outer loop
      vertex 0.799999 -13.6144 0
      vertex 9.25 -15.7 0
      vertex 7.55 -15.7 0
    endloop
  endfacet
  facet normal 0 0 -1
    outer loop
      vertex 7.55 -15.7 0
      vertex 9.08766 -16.1996 0
      vertex 8.66391 -16.5075 0
    endloop
  endfacet
  facet normal 0 0 -1
    outer loop
      vertex 7.15 -15.7 0
      vertex 0.799999 -13.6144 0
      vertex 7.55 -15.7 0
    endloop
  endfacet
  facet normal 0 0 -1
    outer loop
      vertex 7.55 -15.7 0
      vertex 8.66391 -16.5075 0
      vertex 8.13609 -16.5075 0
    endloop
  endfacet
  facet normal 0 0 -1
    outer loop
      vertex 9.25 15.7 0
      vertex 7.55 15.7 0
      vertex 9.08766 16.1996 0
    endloop
  endfacet
  facet normal 0 0 -1
    outer loop
      vertex 7.55 -15.7 0
      vertex 8.13609 -16.5075 0
      vertex 7.71233 -16.1996 0
    endloop
  endfacet
  facet normal -0 0 -1
    outer loop
      vertex 9.08766 16.1996 0
      vertex 7.55 15.7 0
      vertex 8.66391 16.5075 0
    endloop
  endfacet
  facet normal -0 0 -1
    outer loop
      vertex 8.66391 16.5075 0
      vertex 7.55 15.7 0
      vertex 8.13609 16.5075 0
    endloop
  endfacet
  facet normal 0 0 -1
    outer loop
      vertex 5.45 -15.7 0
      vertex 1.13137 -13.8686 0
      vertex 7.15 -15.7 0
    endloop
  endfacet
  facet normal 0 0 -1
    outer loop
      vertex 0.799999 -13.6144 0
      vertex 7.15 -15.7 0
      vertex 1.13137 -13.8686 0
    endloop
  endfacet
  facet normal 0 0 -1
    outer loop
      vertex 8.13609 16.5075 0
      vertex 7.55 15.7 0
      vertex 7.71233 16.1996 0
    endloop
  endfacet
  facet normal 0 0 -1
    outer loop
      vertex 1.13137 -13.8686 0
      vertex 5.05 -15.7 0
      vertex 1.38564 -14.2 0
    endloop
  endfacet
  facet normal 0 0 -1
    outer loop
      vertex 5.45 -15.7 0
      vertex 6.98766 -16.1996 0
      vertex 6.56391 -16.5075 0
    endloop
  endfacet
  facet normal 0 0 -1
    outer loop
      vertex 5.05 -15.7 0
      vertex 1.13137 -13.8686 0
      vertex 5.45 -15.7 0
    endloop
  endfacet
  facet normal 0 0 -1
    outer loop
      vertex 5.45 -15.7 0
      vertex 6.56391 -16.5075 0
      vertex 6.03609 -16.5075 0
    endloop
  endfacet
  facet normal 0 0 -1
    outer loop
      vertex 7.15 15.7 0
      vertex 5.45 15.7 0
      vertex 6.98766 16.1996 0
    endloop
  endfacet
  facet normal 0 0 -1
    outer loop
      vertex 5.45 -15.7 0
      vertex 6.03609 -16.5075 0
      vertex 5.61234 -16.1996 0
    endloop
  endfacet
  facet normal -0 0 -1
    outer loop
      vertex 6.98766 16.1996 0
      vertex 5.45 15.7 0
      vertex 6.56391 16.5075 0
    endloop
  endfacet
  facet normal -0 0 -1
    outer loop
      vertex 6.56391 16.5075 0
      vertex 5.45 15.7 0
      vertex 6.03609 16.5075 0
    endloop
  endfacet
  facet normal 0 0 -1
    outer loop
      vertex 3.35 -15.7 0
      vertex 1.38564 -14.2 0
      vertex 5.05 -15.7 0
    endloop
  endfacet
  facet normal 0 0 -1
    outer loop
      vertex 9.25 -15.7 0
      vertex 0.799999 -13.6144 0
      vertex 9.25 15.7 0
    endloop
  endfacet
  facet normal 0 0 -1
    outer loop
      vertex 6.03609 16.5075 0
      vertex 5.45 15.7 0
      vertex 5.61234 16.1996 0
    endloop
  endfacet
  facet normal 0 0 -1
    outer loop
      vertex 1.38564 -14.2 0
      vertex 3.35 -15.7 0
      vertex 1.54548 -14.5859 0
    endloop
  endfacet
  facet normal 0 0 -1
    outer loop
      vertex 3.35 -15.7 0
      vertex 4.88766 -16.1996 0
      vertex 4.46391 -16.5075 0
    endloop
  endfacet
  facet normal 0 0 -1
    outer loop
      vertex 0.799999 13.6144 0
      vertex 9.25 15.7 0
      vertex 0.799999 -13.6144 0
    endloop
  endfacet
  facet normal 0 0 -1
    outer loop
      vertex 3.35 -15.7 0
      vertex 4.46391 -16.5075 0
      vertex 3.93609 -16.5075 0
    endloop
  endfacet
  facet normal 0 0 -1
    outer loop
      vertex 5.05 15.7 0
      vertex 3.35 15.7 0
      vertex 4.88766 16.1996 0
    endloop
  endfacet
  facet normal 0 0 -1
    outer loop
      vertex 3.35 -15.7 0
      vertex 3.93609 -16.5075 0
      vertex 3.51233 -16.1996 0
    endloop
  endfacet
  facet normal -0 0 -1
    outer loop
      vertex 4.88766 16.1996 0
      vertex 3.35 15.7 0
      vertex 4.46391 16.5075 0
    endloop
  endfacet
  facet normal -0 0 -1
    outer loop
      vertex 4.46391 16.5075 0
      vertex 3.35 15.7 0
      vertex 3.93609 16.5075 0
    endloop
  endfacet
  facet normal 0 0 -1
    outer loop
      vertex 1.54548 -14.5859 0
      vertex 3.35 -15.7 0
      vertex 2.95 -15.7 0
    endloop
  endfacet
  facet normal -0 0 -1
    outer loop
      vertex 5.45 15.7 0
      vertex 1.6 15 0
      vertex 5.05 15.7 0
    endloop
  endfacet
  facet normal 0 0 -1
    outer loop
      vertex 3.93609 16.5075 0
      vertex 3.35 15.7 0
      vertex 3.51233 16.1996 0
    endloop
  endfacet
  facet normal 0 0 -1
    outer loop
      vertex 1.54548 -14.5859 0
      vertex 2.95 -15.7 0
      vertex 1.6 -15 0
    endloop
  endfacet
  facet normal 0 0 -1
    outer loop
      vertex 1.54548 -15.4141 0
      vertex 2.78766 -16.1996 0
      vertex 2.36391 -16.5075 0
    endloop
  endfacet
  facet normal -0 0 -1
    outer loop
      vertex 5.05 15.7 0
      vertex 1.6 15 0
      vertex 3.35 15.7 0
    endloop
  endfacet
  facet normal 0 0 -1
    outer loop
      vertex 1.54548 -15.4141 0
      vertex 2.36391 -16.5075 0
      vertex 1.83609 -16.5075 0
    endloop
  endfacet
  facet normal 0 0 -1
    outer loop
      vertex 2.95 15.7 0
      vertex 1.83609 16.5075 0
      vertex 2.78766 16.1996 0
    endloop
  endfacet
  facet normal 0 0 -1
    outer loop
      vertex 2.78766 16.1996 0
      vertex 1.83609 16.5075 0
      vertex 2.36391 16.5075 0
    endloop
  endfacet
  facet normal 0 0 -1
    outer loop
      vertex 2.95 -15.7 0
      vertex 1.54548 -15.4141 0
      vertex 1.6 -15 0
    endloop
  endfacet
  facet normal 0 0 -1
    outer loop
      vertex 1.38564 -15.8 0
      vertex 1.83609 -16.5075 0
      vertex 1.41234 -16.1996 0
    endloop
  endfacet
  facet normal 0 0 -1
    outer loop
      vertex 1.83609 -16.5075 0
      vertex 1.38564 -15.8 0
      vertex 1.54548 -15.4141 0
    endloop
  endfacet
  facet normal 0 -0 -1
    outer loop
      vertex 1.38564 -15.8 0
      vertex 1.41234 -16.1996 0
      vertex 1.31318 -15.8944 0
    endloop
  endfacet
  facet normal 0 0 -1
    outer loop
      vertex -1.38564 15.8 0
      vertex -1.41234 16.1996 0
      vertex -1.31318 15.8944 0
    endloop
  endfacet
  facet normal 0 0 -1
    outer loop
      vertex -1.83609 16.5075 0
      vertex -1.38564 15.8 0
      vertex -1.54548 15.4141 0
    endloop
  endfacet
  facet normal 0 0 -1
    outer loop
      vertex -1.38564 15.8 0
      vertex -1.83609 16.5075 0
      vertex -1.41234 16.1996 0
    endloop
  endfacet
  facet normal 0 0 -1
    outer loop
      vertex -2.95 15.7 0
      vertex -1.54548 15.4141 0
      vertex -1.6 15 0
    endloop
  endfacet
  facet normal 0 0 -1
    outer loop
      vertex -1.13137 13.8686 0
      vertex -3.35 15.7 0
      vertex -1.38564 14.2 0
    endloop
  endfacet
  facet normal 0 0 -1
    outer loop
      vertex -2.95 -15.7 0
      vertex -1.83609 -16.5075 0
      vertex -2.36391 -16.5075 0
    endloop
  endfacet
  facet normal 0 0 -1
    outer loop
      vertex -1.38564 14.2 0
      vertex -3.35 15.7 0
      vertex -1.54548 14.5859 0
    endloop
  endfacet
  facet normal 0 0 -1
    outer loop
      vertex -2.95 -15.7 0
      vertex -2.36391 -16.5075 0
      vertex -2.78766 -16.1996 0
    endloop
  endfacet
  facet normal 0 -0 -1
    outer loop
      vertex -2.78766 16.1996 0
      vertex -1.54548 15.4141 0
      vertex -2.95 15.7 0
    endloop
  endfacet
  facet normal 0 0 -1
    outer loop
      vertex -1.54548 15.4141 0
      vertex -2.36391 16.5075 0
      vertex -1.83609 16.5075 0
    endloop
  endfacet
  facet normal -0 -0 -1
    outer loop
      vertex -2.95 15.7 0
      vertex -1.54548 14.5859 0
      vertex -3.35 15.7 0
    endloop
  endfacet
  facet normal 0 0 -1
    outer loop
      vertex -1.54548 14.5859 0
      vertex -2.95 15.7 0
      vertex -1.6 15 0
    endloop
  endfacet
  facet normal 0 0 -1
    outer loop
      vertex -1.54548 15.4141 0
      vertex -2.78766 16.1996 0
      vertex -2.36391 16.5075 0
    endloop
  endfacet
  facet normal 0 0 -1
    outer loop
      vertex -3.35 -15.7 0
      vertex -5.05 -15.7 0
      vertex -3.35 15.7 0
    endloop
  endfacet
  facet normal 0 0 -1
    outer loop
      vertex -5.05 -15.7 0
      vertex -3.51233 -16.1996 0
      vertex -3.93609 -16.5075 0
    endloop
  endfacet
  facet normal 0 0 -1
    outer loop
      vertex -5.05 15.7 0
      vertex -3.35 15.7 0
      vertex -5.05 -15.7 0
    endloop
  endfacet
  facet normal 0 0 -1
    outer loop
      vertex -5.05 -15.7 0
      vertex -3.93609 -16.5075 0
      vertex -4.46391 -16.5075 0
    endloop
  endfacet
  facet normal 0 0 -1
    outer loop
      vertex -3.35 15.7 0
      vertex -5.05 15.7 0
      vertex -3.51233 16.1996 0
    endloop
  endfacet
  facet normal 0 0 -1
    outer loop
      vertex -5.05 -15.7 0
      vertex -4.46391 -16.5075 0
      vertex -4.88766 -16.1996 0
    endloop
  endfacet
  facet normal -0 0 -1
    outer loop
      vertex -3.51233 16.1996 0
      vertex -5.05 15.7 0
      vertex -3.93609 16.5075 0
    endloop
  endfacet
  facet normal -0 0 -1
    outer loop
      vertex -3.93609 16.5075 0
      vertex -5.05 15.7 0
      vertex -4.46391 16.5075 0
    endloop
  endfacet
  facet normal 0 0 -1
    outer loop
      vertex -5.45 -15.7 0
      vertex -5.05 15.7 0
      vertex -5.05 -15.7 0
    endloop
  endfacet
  facet normal -0 0 -1
    outer loop
      vertex -5.05 15.7 0
      vertex -5.45 -15.7 0
      vertex -5.45 15.7 0
    endloop
  endfacet
  facet normal 0 0 -1
    outer loop
      vertex -4.46391 16.5075 0
      vertex -5.05 15.7 0
      vertex -4.88766 16.1996 0
    endloop
  endfacet
  facet normal 0 0 -1
    outer loop
      vertex -5.45 -15.7 0
      vertex -7.15 -15.7 0
      vertex -5.45 15.7 0
    endloop
  endfacet
  facet normal 0 0 -1
    outer loop
      vertex -7.15 -15.7 0
      vertex -5.61234 -16.1996 0
      vertex -6.03609 -16.5075 0
    endloop
  endfacet
  facet normal 0 0 -1
    outer loop
      vertex -7.15 15.7 0
      vertex -5.45 15.7 0
      vertex -7.15 -15.7 0
    endloop
  endfacet
  facet normal 0 0 -1
    outer loop
      vertex -7.15 -15.7 0
      vertex -6.03609 -16.5075 0
      vertex -6.56391 -16.5075 0
    endloop
  endfacet
  facet normal 0 0 -1
    outer loop
      vertex -5.45 15.7 0
      vertex -7.15 15.7 0
      vertex -5.61234 16.1996 0
    endloop
  endfacet
  facet normal 0 0 -1
    outer loop
      vertex -7.15 -15.7 0
      vertex -6.56391 -16.5075 0
      vertex -6.98766 -16.1996 0
    endloop
  endfacet
  facet normal -0 0 -1
    outer loop
      vertex -5.61234 16.1996 0
      vertex -7.15 15.7 0
      vertex -6.03609 16.5075 0
    endloop
  endfacet
  facet normal -0 0 -1
    outer loop
      vertex -6.03609 16.5075 0
      vertex -7.15 15.7 0
      vertex -6.56391 16.5075 0
    endloop
  endfacet
  facet normal 0 0 -1
    outer loop
      vertex -7.55 -15.7 0
      vertex -7.15 15.7 0
      vertex -7.15 -15.7 0
    endloop
  endfacet
  facet normal -0 0 -1
    outer loop
      vertex -7.15 15.7 0
      vertex -7.55 -15.7 0
      vertex -7.55 15.7 0
    endloop
  endfacet
  facet normal 0 0 -1
    outer loop
      vertex -6.56391 16.5075 0
      vertex -7.15 15.7 0
      vertex -6.98766 16.1996 0
    endloop
  endfacet
  facet normal 0 0 -1
    outer loop
      vertex -7.55 -15.7 0
      vertex -9.25 -15.7 0
      vertex -7.55 15.7 0
    endloop
  endfacet
  facet normal 0 0 -1
    outer loop
      vertex -9.25 -15.7 0
      vertex -7.71233 -16.1996 0
      vertex -8.13609 -16.5075 0
    endloop
  endfacet
  facet normal 0 0 -1
    outer loop
      vertex -9.25 15.7 0
      vertex -7.55 15.7 0
      vertex -9.25 -15.7 0
    endloop
  endfacet
  facet normal 0 0 -1
    outer loop
      vertex -9.25 -15.7 0
      vertex -8.13609 -16.5075 0
      vertex -8.66391 -16.5075 0
    endloop
  endfacet
  facet normal 0 0 -1
    outer loop
      vertex -7.55 15.7 0
      vertex -9.25 15.7 0
      vertex -7.71233 16.1996 0
    endloop
  endfacet
  facet normal 0 0 -1
    outer loop
      vertex -9.25 -15.7 0
      vertex -8.66391 -16.5075 0
      vertex -9.08766 -16.1996 0
    endloop
  endfacet
  facet normal -0 0 -1
    outer loop
      vertex -7.71233 16.1996 0
      vertex -9.25 15.7 0
      vertex -8.13609 16.5075 0
    endloop
  endfacet
  facet normal -0 0 -1
    outer loop
      vertex -8.13609 16.5075 0
      vertex -9.25 15.7 0
      vertex -8.66391 16.5075 0
    endloop
  endfacet
  facet normal 0 0 -1
    outer loop
      vertex -9.65 -15.7 0
      vertex -9.25 15.7 0
      vertex -9.25 -15.7 0
    endloop
  endfacet
  facet normal -0 0 -1
    outer loop
      vertex -9.25 15.7 0
      vertex -9.65 -15.7 0
      vertex -9.65 15.7 0
    endloop
  endfacet
  facet normal 0 0 -1
    outer loop
      vertex -8.66391 16.5075 0
      vertex -9.25 15.7 0
      vertex -9.08766 16.1996 0
    endloop
  endfacet
  facet normal 0 0 -1
    outer loop
      vertex -9.65 -15.7 0
      vertex -11.35 -15.7 0
      vertex -9.65 15.7 0
    endloop
  endfacet
  facet normal 0 0 -1
    outer loop
      vertex -11.35 -15.7 0
      vertex -9.81234 -16.1996 0
      vertex -10.2361 -16.5075 0
    endloop
  endfacet
  facet normal 0 0 -1
    outer loop
      vertex -11.35 15.7 0
      vertex -9.65 15.7 0
      vertex -11.35 -15.7 0
    endloop
  endfacet
  facet normal 0 0 -1
    outer loop
      vertex -11.35 -15.7 0
      vertex -10.2361 -16.5075 0
      vertex -10.7639 -16.5075 0
    endloop
  endfacet
  facet normal 0 0 -1
    outer loop
      vertex -9.65 15.7 0
      vertex -11.35 15.7 0
      vertex -9.81234 16.1996 0
    endloop
  endfacet
  facet normal 0 0 -1
    outer loop
      vertex -11.35 -15.7 0
      vertex -10.7639 -16.5075 0
      vertex -11.1877 -16.1996 0
    endloop
  endfacet
  facet normal -0 0 -1
    outer loop
      vertex -9.81234 16.1996 0
      vertex -11.35 15.7 0
      vertex -10.2361 16.5075 0
    endloop
  endfacet
  facet normal -0 0 -1
    outer loop
      vertex -10.2361 16.5075 0
      vertex -11.35 15.7 0
      vertex -10.7639 16.5075 0
    endloop
  endfacet
  facet normal 0 0 -1
    outer loop
      vertex -11.75 -15.7 0
      vertex -11.35 15.7 0
      vertex -11.35 -15.7 0
    endloop
  endfacet
  facet normal -0 0 -1
    outer loop
      vertex -11.35 15.7 0
      vertex -11.75 -15.7 0
      vertex -11.75 15.7 0
    endloop
  endfacet
  facet normal 0 0 -1
    outer loop
      vertex -10.7639 16.5075 0
      vertex -11.35 15.7 0
      vertex -11.1877 16.1996 0
    endloop
  endfacet
  facet normal 0 0 -1
    outer loop
      vertex -11.75 -15.7 0
      vertex -13.45 -15.7 0
      vertex -11.75 15.7 0
    endloop
  endfacet
  facet normal 0 0 -1
    outer loop
      vertex -13.45 -15.7 0
      vertex -11.9123 -16.1996 0
      vertex -12.3361 -16.5075 0
    endloop
  endfacet
  facet normal 0 0 -1
    outer loop
      vertex -13.45 15.7 0
      vertex -11.75 15.7 0
      vertex -13.45 -15.7 0
    endloop
  endfacet
  facet normal 0 0 -1
    outer loop
      vertex -13.45 -15.7 0
      vertex -12.3361 -16.5075 0
      vertex -12.8639 -16.5075 0
    endloop
  endfacet
  facet normal 0 0 -1
    outer loop
      vertex -11.75 15.7 0
      vertex -13.45 15.7 0
      vertex -11.9123 16.1996 0
    endloop
  endfacet
  facet normal 0 0 -1
    outer loop
      vertex -13.45 -15.7 0
      vertex -12.8639 -16.5075 0
      vertex -13.2877 -16.1996 0
    endloop
  endfacet
  facet normal -0 0 -1
    outer loop
      vertex -11.9123 16.1996 0
      vertex -13.45 15.7 0
      vertex -12.3361 16.5075 0
    endloop
  endfacet
  facet normal -0 0 -1
    outer loop
      vertex -12.3361 16.5075 0
      vertex -13.45 15.7 0
      vertex -12.8639 16.5075 0
    endloop
  endfacet
  facet normal 0 0 -1
    outer loop
      vertex -13.85 -15.7 0
      vertex -13.45 15.7 0
      vertex -13.45 -15.7 0
    endloop
  endfacet
  facet normal -0 0 -1
    outer loop
      vertex -13.45 15.7 0
      vertex -13.85 -15.7 0
      vertex -13.85 15.7 0
    endloop
  endfacet
  facet normal 0 0 -1
    outer loop
      vertex -12.8639 16.5075 0
      vertex -13.45 15.7 0
      vertex -13.2877 16.1996 0
    endloop
  endfacet
  facet normal 0 0 -1
    outer loop
      vertex -13.85 -15.7 0
      vertex -15.55 -15.7 0
      vertex -13.85 15.7 0
    endloop
  endfacet
  facet normal 0 0 -1
    outer loop
      vertex -15.55 -15.7 0
      vertex -14.0123 -16.1996 0
      vertex -14.4361 -16.5075 0
    endloop
  endfacet
  facet normal 0 0 -1
    outer loop
      vertex -15.55 15.7 0
      vertex -13.85 15.7 0
      vertex -15.55 -15.7 0
    endloop
  endfacet
  facet normal 0 0 -1
    outer loop
      vertex -15.55 -15.7 0
      vertex -14.4361 -16.5075 0
      vertex -14.9639 -16.5075 0
    endloop
  endfacet
  facet normal 0 0 -1
    outer loop
      vertex -13.85 15.7 0
      vertex -15.55 15.7 0
      vertex -14.0123 16.1996 0
    endloop
  endfacet
  facet normal 0 0 -1
    outer loop
      vertex -15.55 -15.7 0
      vertex -14.9639 -16.5075 0
      vertex -15.3877 -16.1996 0
    endloop
  endfacet
  facet normal -0 0 -1
    outer loop
      vertex -14.0123 16.1996 0
      vertex -15.55 15.7 0
      vertex -14.4361 16.5075 0
    endloop
  endfacet
  facet normal -0 0 -1
    outer loop
      vertex -14.4361 16.5075 0
      vertex -15.55 15.7 0
      vertex -14.9639 16.5075 0
    endloop
  endfacet
  facet normal 0 0 -1
    outer loop
      vertex -15.95 -15.7 0
      vertex -15.55 15.7 0
      vertex -15.55 -15.7 0
    endloop
  endfacet
  facet normal -0 0 -1
    outer loop
      vertex -15.55 15.7 0
      vertex -15.95 -15.7 0
      vertex -15.95 15.7 0
    endloop
  endfacet
  facet normal 0 0 -1
    outer loop
      vertex -14.9639 16.5075 0
      vertex -15.55 15.7 0
      vertex -15.3877 16.1996 0
    endloop
  endfacet
  facet normal 0 0 -1
    outer loop
      vertex -15.95 -15.7 0
      vertex -17.65 -15.7 0
      vertex -15.95 15.7 0
    endloop
  endfacet
  facet normal 0 0 -1
    outer loop
      vertex -17.65 -15.7 0
      vertex -16.1123 -16.1996 0
      vertex -16.5361 -16.5075 0
    endloop
  endfacet
  facet normal 0 0 -1
    outer loop
      vertex -17.65 15.7 0
      vertex -15.95 15.7 0
      vertex -17.65 -15.7 0
    endloop
  endfacet
  facet normal 0 0 -1
    outer loop
      vertex -17.65 -15.7 0
      vertex -16.5361 -16.5075 0
      vertex -17.0639 -16.5075 0
    endloop
  endfacet
  facet normal 0 0 -1
    outer loop
      vertex -15.95 15.7 0
      vertex -17.65 15.7 0
      vertex -16.1123 16.1996 0
    endloop
  endfacet
  facet normal 0 0 -1
    outer loop
      vertex -17.65 -15.7 0
      vertex -17.0639 -16.5075 0
      vertex -17.4877 -16.1996 0
    endloop
  endfacet
  facet normal -0 0 -1
    outer loop
      vertex -16.1123 16.1996 0
      vertex -17.65 15.7 0
      vertex -16.5361 16.5075 0
    endloop
  endfacet
  facet normal -0 0 -1
    outer loop
      vertex -16.5361 16.5075 0
      vertex -17.65 15.7 0
      vertex -17.0639 16.5075 0
    endloop
  endfacet
  facet normal 0 0 -1
    outer loop
      vertex -17.0639 16.5075 0
      vertex -17.65 15.7 0
      vertex -17.4877 16.1996 0
    endloop
  endfacet
  facet normal 0 0 -1
    outer loop
      vertex -24.35 -15.7 0
      vertex -23.95 15.7 0
      vertex -23.95 -15.7 0
    endloop
  endfacet
  facet normal -0 0 -1
    outer loop
      vertex -23.95 15.7 0
      vertex -24.35 -15.7 0
      vertex -24.35 15.7 0
    endloop
  endfacet
  facet normal 0 0 -1
    outer loop
      vertex -22.25 -15.7 0
      vertex -23.95 -15.7 0
      vertex -22.25 15.7 0
    endloop
  endfacet
  facet normal 0 0 -1
    outer loop
      vertex -23.95 -15.7 0
      vertex -22.25 -15.7 0
      vertex -22.4123 -16.1996 0
    endloop
  endfacet
  facet normal 0 0 -1
    outer loop
      vertex -23.95 15.7 0
      vertex -22.25 15.7 0
      vertex -23.95 -15.7 0
    endloop
  endfacet
  facet normal 0 0 -1
    outer loop
      vertex -23.95 -15.7 0
      vertex -22.4123 -16.1996 0
      vertex -22.8361 -16.5075 0
    endloop
  endfacet
  facet normal 0 0 -1
    outer loop
      vertex -23.95 -15.7 0
      vertex -22.8361 -16.5075 0
      vertex -23.3639 -16.5075 0
    endloop
  endfacet
  facet normal 0 0 -1
    outer loop
      vertex -22.25 15.7 0
      vertex -23.95 15.7 0
      vertex -22.4123 16.1996 0
    endloop
  endfacet
  facet normal 0 0 -1
    outer loop
      vertex -23.95 -15.7 0
      vertex -23.3639 -16.5075 0
      vertex -23.7877 -16.1996 0
    endloop
  endfacet
  facet normal -0 0 -1
    outer loop
      vertex -22.4123 16.1996 0
      vertex -23.95 15.7 0
      vertex -22.8361 16.5075 0
    endloop
  endfacet
  facet normal -0 0 -1
    outer loop
      vertex -22.8361 16.5075 0
      vertex -23.95 15.7 0
      vertex -23.3639 16.5075 0
    endloop
  endfacet
  facet normal 0 0 -1
    outer loop
      vertex -22.25 -15.7 0
      vertex -21.85 15.7 0
      vertex -21.85 -15.7 0
    endloop
  endfacet
  facet normal -0 0 -1
    outer loop
      vertex -21.85 15.7 0
      vertex -22.25 -15.7 0
      vertex -22.25 15.7 0
    endloop
  endfacet
  facet normal 0 0 -1
    outer loop
      vertex -20.15 -15.7 0
      vertex -21.85 -15.7 0
      vertex -20.15 15.7 0
    endloop
  endfacet
  facet normal 0 0 -1
    outer loop
      vertex -21.85 -15.7 0
      vertex -20.15 -15.7 0
      vertex -20.3123 -16.1996 0
    endloop
  endfacet
  facet normal 0 0 -1
    outer loop
      vertex -21.85 15.7 0
      vertex -20.15 15.7 0
      vertex -21.85 -15.7 0
    endloop
  endfacet
  facet normal 0 0 -1
    outer loop
      vertex -21.85 -15.7 0
      vertex -20.3123 -16.1996 0
      vertex -20.7361 -16.5075 0
    endloop
  endfacet
  facet normal 0 0 -1
    outer loop
      vertex -21.85 -15.7 0
      vertex -20.7361 -16.5075 0
      vertex -21.2639 -16.5075 0
    endloop
  endfacet
  facet normal 0 0 -1
    outer loop
      vertex -20.15 15.7 0
      vertex -21.85 15.7 0
      vertex -20.3123 16.1996 0
    endloop
  endfacet
  facet normal 0 0 -1
    outer loop
      vertex -21.85 -15.7 0
      vertex -21.2639 -16.5075 0
      vertex -21.6877 -16.1996 0
    endloop
  endfacet
  facet normal -0 0 -1
    outer loop
      vertex -20.3123 16.1996 0
      vertex -21.85 15.7 0
      vertex -20.7361 16.5075 0
    endloop
  endfacet
  facet normal -0 0 -1
    outer loop
      vertex -20.7361 16.5075 0
      vertex -21.85 15.7 0
      vertex -21.2639 16.5075 0
    endloop
  endfacet
  facet normal 0 0 -1
    outer loop
      vertex -21.2639 16.5075 0
      vertex -21.85 15.7 0
      vertex -21.6877 16.1996 0
    endloop
  endfacet
  facet normal 0 0 -1
    outer loop
      vertex -20.15 -15.7 0
      vertex -19.75 15.7 0
      vertex -19.75 -15.7 0
    endloop
  endfacet
  facet normal -0 0 -1
    outer loop
      vertex -19.75 15.7 0
      vertex -20.15 -15.7 0
      vertex -20.15 15.7 0
    endloop
  endfacet
  facet normal 0 0 -1
    outer loop
      vertex -18.05 -15.7 0
      vertex -19.75 -15.7 0
      vertex -18.05 15.7 0
    endloop
  endfacet
  facet normal 0 0 -1
    outer loop
      vertex -19.75 -15.7 0
      vertex -18.05 -15.7 0
      vertex -18.2123 -16.1996 0
    endloop
  endfacet
  facet normal 0 0 -1
    outer loop
      vertex -19.75 15.7 0
      vertex -18.05 15.7 0
      vertex -19.75 -15.7 0
    endloop
  endfacet
  facet normal 0 0 -1
    outer loop
      vertex -19.75 -15.7 0
      vertex -18.2123 -16.1996 0
      vertex -18.6361 -16.5075 0
    endloop
  endfacet
  facet normal 0 0 -1
    outer loop
      vertex -19.75 -15.7 0
      vertex -18.6361 -16.5075 0
      vertex -19.1639 -16.5075 0
    endloop
  endfacet
  facet normal 0 0 -1
    outer loop
      vertex -18.05 15.7 0
      vertex -19.75 15.7 0
      vertex -18.2123 16.1996 0
    endloop
  endfacet
  facet normal 0 0 -1
    outer loop
      vertex -19.75 -15.7 0
      vertex -19.1639 -16.5075 0
      vertex -19.5877 -16.1996 0
    endloop
  endfacet
  facet normal -0 0 -1
    outer loop
      vertex -18.2123 16.1996 0
      vertex -19.75 15.7 0
      vertex -18.6361 16.5075 0
    endloop
  endfacet
  facet normal -0 0 -1
    outer loop
      vertex -18.6361 16.5075 0
      vertex -19.75 15.7 0
      vertex -19.1639 16.5075 0
    endloop
  endfacet
  facet normal 0 0 -1
    outer loop
      vertex -19.1639 16.5075 0
      vertex -19.75 15.7 0
      vertex -19.5877 16.1996 0
    endloop
  endfacet
  facet normal 0 0 -1
    outer loop
      vertex -18.05 -15.7 0
      vertex -17.65 15.7 0
      vertex -17.65 -15.7 0
    endloop
  endfacet
  facet normal -0 0 -1
    outer loop
      vertex -17.65 15.7 0
      vertex -18.05 -15.7 0
      vertex -18.05 15.7 0
    endloop
  endfacet
  facet normal 0 0 -1
    outer loop
      vertex -23.3639 16.5075 0
      vertex -23.95 15.7 0
      vertex -23.7877 16.1996 0
    endloop
  endfacet
  facet normal 0 0 -1
    outer loop
      vertex -24.35 -15.7 0
      vertex -28.85 -0.808397 0
      vertex -24.35 15.7 0
    endloop
  endfacet
  facet normal 0 0 -1
    outer loop
      vertex -25.525 -16.4631 0
      vertex -24.5123 -16.1996 0
      vertex -24.9361 -16.5075 0
    endloop
  endfacet
  facet normal 0 0 -1
    outer loop
      vertex -28.85 0.808397 0
      vertex -24.35 15.7 0
      vertex -28.85 -0.808397 0
    endloop
  endfacet
  facet normal 0 0 -1
    outer loop
      vertex -25.525 -16.4631 0
      vertex -24.9361 -16.5075 0
      vertex -25.4639 -16.5075 0
    endloop
  endfacet
  facet normal 0 0 -1
    outer loop
      vertex -28.85 1.2916 0
      vertex -24.35 15.7 0
      vertex -28.85 0.808397 0
    endloop
  endfacet
  facet normal 0 0 -1
    outer loop
      vertex -24.35 -15.7 0
      vertex -25.525 -16.4631 0
      vertex -26.5543 -16.1485 0
    endloop
  endfacet
  facet normal 0 0 -1
    outer loop
      vertex -28.85 2.9084 0
      vertex -24.35 15.7 0
      vertex -28.85 1.2916 0
    endloop
  endfacet
  facet normal 0 0 -1
    outer loop
      vertex -25.85 -16.5075 0
      vertex -25.525 -16.4631 0
      vertex -25.5861 -16.5075 0
    endloop
  endfacet
  facet normal 0 0 -1
    outer loop
      vertex -28.85 3.3916 0
      vertex -24.35 15.7 0
      vertex -28.85 2.9084 0
    endloop
  endfacet
  facet normal -0 0 -1
    outer loop
      vertex -25.525 -16.4631 0
      vertex -25.85 -16.5075 0
      vertex -26.5543 -16.1485 0
    endloop
  endfacet
  facet normal 0 0 -1
    outer loop
      vertex -28.85 5.0084 0
      vertex -24.35 15.7 0
      vertex -28.85 3.3916 0
    endloop
  endfacet
  facet normal 0 0 -1
    outer loop
      vertex -26.5543 -16.1485 0
      vertex -25.85 -16.5075 0
      vertex -26.2681 -16.3955 0
    endloop
  endfacet
  facet normal 0 0 -1
    outer loop
      vertex -28.85 5.4916 0
      vertex -24.35 15.7 0
      vertex -28.85 5.0084 0
    endloop
  endfacet
  facet normal 0 0 -1
    outer loop
      vertex -26.5543 -16.1485 0
      vertex -26.2681 -16.3955 0
      vertex -26.5377 -16.1996 0
    endloop
  endfacet
  facet normal 0 0 -1
    outer loop
      vertex -28.85 7.1084 0
      vertex -24.35 15.7 0
      vertex -28.85 5.4916 0
    endloop
  endfacet
  facet normal -0 0 -1
    outer loop
      vertex -24.35 -15.7 0
      vertex -26.5543 -16.1485 0
      vertex -28.85 -11.7916 0
    endloop
  endfacet
  facet normal 0 0 -1
    outer loop
      vertex -28.85 7.5916 0
      vertex -24.35 15.7 0
      vertex -28.85 7.1084 0
    endloop
  endfacet
  facet normal 0 0 -1
    outer loop
      vertex -27.589 -16.0415 0
      vertex -26.5543 -16.1485 0
      vertex -26.7255 -16.2729 0
    endloop
  endfacet
  facet normal 0 0 -1
    outer loop
      vertex -28.85 9.2084 0
      vertex -24.35 15.7 0
      vertex -28.85 7.5916 0
    endloop
  endfacet
  facet normal 0 0 -1
    outer loop
      vertex -26.5543 -16.1485 0
      vertex -27.589 -16.0415 0
      vertex -27.7967 -15.6297 0
    endloop
  endfacet
  facet normal 0 0 -1
    outer loop
      vertex -24.35 -15.7 0
      vertex -28.85 -1.2916 0
      vertex -28.85 -0.808397 0
    endloop
  endfacet
  facet normal 0 0 -1
    outer loop
      vertex -27.7967 -15.6297 0
      vertex -27.589 -16.0415 0
      vertex -27.6857 -15.9713 0
    endloop
  endfacet
  facet normal 0 0 -1
    outer loop
      vertex -28.85 9.6916 0
      vertex -24.35 15.7 0
      vertex -28.85 9.2084 0
    endloop
  endfacet
  facet normal 0 0 -1
    outer loop
      vertex -26.5543 -16.1485 0
      vertex -27.7967 -15.6297 0
      vertex -28.85 -11.7916 0
    endloop
  endfacet
  facet normal 0 0 -1
    outer loop
      vertex -26.2681 16.3955 0
      vertex -26.5543 16.1485 0
      vertex -26.5377 16.1996 0
    endloop
  endfacet
  facet normal 0 0 -1
    outer loop
      vertex -28.7677 -14.6564 0
      vertex -27.7967 -15.6297 0
      vertex -28.1214 -15.6297 0
    endloop
  endfacet
  facet normal 0 0 -1
    outer loop
      vertex -28.85 11.3084 0
      vertex -24.35 15.7 0
      vertex -28.85 9.6916 0
    endloop
  endfacet
  facet normal 0 0 -1
    outer loop
      vertex -27.7967 -15.6297 0
      vertex -28.7677 -14.6564 0
      vertex -28.85 -11.7916 0
    endloop
  endfacet
  facet normal 0 0 -1
    outer loop
      vertex -28.7691 -14.982 0
      vertex -28.7677 -14.6564 0
      vertex -28.1214 -15.6297 0
    endloop
  endfacet
  facet normal 0 0 -1
    outer loop
      vertex -28.7677 -14.6564 0
      vertex -28.7691 -14.982 0
      vertex -28.8213 -14.8213 0
    endloop
  endfacet
  facet normal 0 0 -1
    outer loop
      vertex -28.7677 -14.6564 0
      vertex -29.4049 -13.6427 0
      vertex -29.3138 -13.3623 0
    endloop
  endfacet
  facet normal 0 0 -1
    outer loop
      vertex -29.5377 10.0004 0
      vertex -28.85 9.6916 0
      vertex -29.1127 9.6916 0
    endloop
  endfacet
  facet normal 0 0 -1
    outer loop
      vertex -28.85 9.6916 0
      vertex -29.6575 10.3692 0
      vertex -28.85 11.3084 0
    endloop
  endfacet
  facet normal 0 0 -1
    outer loop
      vertex -28.85 9.6916 0
      vertex -29.5377 10.0004 0
      vertex -29.6575 10.3692 0
    endloop
  endfacet
  facet normal 0 0 -1
    outer loop
      vertex -29.6575 10.6308 0
      vertex -28.85 11.3084 0
      vertex -29.6575 10.3692 0
    endloop
  endfacet
  facet normal 0 -0 -1
    outer loop
      vertex -29.5377 10.9996 0
      vertex -28.85 11.3084 0
      vertex -29.6575 10.6308 0
    endloop
  endfacet
  facet normal -0 0 -1
    outer loop
      vertex -28.85 11.3084 0
      vertex -29.5377 10.9996 0
      vertex -29.1127 11.3084 0
    endloop
  endfacet
  facet normal 0 0 -1
    outer loop
      vertex -29.5377 7.90038 0
      vertex -28.85 7.5916 0
      vertex -29.1127 7.5916 0
    endloop
  endfacet
  facet normal 0 0 -1
    outer loop
      vertex -28.85 7.5916 0
      vertex -29.6575 8.26916 0
      vertex -28.85 9.2084 0
    endloop
  endfacet
  facet normal 0 0 -1
    outer loop
      vertex -28.85 7.5916 0
      vertex -29.5377 7.90038 0
      vertex -29.6575 8.26916 0
    endloop
  endfacet
  facet normal 0 0 -1
    outer loop
      vertex -29.6575 8.53084 0
      vertex -28.85 9.2084 0
      vertex -29.6575 8.26916 0
    endloop
  endfacet
  facet normal 0 -0 -1
    outer loop
      vertex -29.5377 8.89962 0
      vertex -28.85 9.2084 0
      vertex -29.6575 8.53084 0
    endloop
  endfacet
  facet normal -0 0 -1
    outer loop
      vertex -28.85 9.2084 0
      vertex -29.5377 8.89962 0
      vertex -29.1127 9.2084 0
    endloop
  endfacet
  facet normal 0 0 -1
    outer loop
      vertex -29.5377 5.80038 0
      vertex -28.85 5.4916 0
      vertex -29.1127 5.4916 0
    endloop
  endfacet
  facet normal 0 0 -1
    outer loop
      vertex -28.85 5.4916 0
      vertex -29.6575 6.16916 0
      vertex -28.85 7.1084 0
    endloop
  endfacet
  facet normal 0 0 -1
    outer loop
      vertex -28.85 5.4916 0
      vertex -29.5377 5.80038 0
      vertex -29.6575 6.16916 0
    endloop
  endfacet
  facet normal 0 0 -1
    outer loop
      vertex -29.6575 6.43084 0
      vertex -28.85 7.1084 0
      vertex -29.6575 6.16916 0
    endloop
  endfacet
  facet normal 0 -0 -1
    outer loop
      vertex -29.5377 6.79962 0
      vertex -28.85 7.1084 0
      vertex -29.6575 6.43084 0
    endloop
  endfacet
  facet normal -0 0 -1
    outer loop
      vertex -28.85 7.1084 0
      vertex -29.5377 6.79962 0
      vertex -29.1127 7.1084 0
    endloop
  endfacet
  facet normal 0 0 -1
    outer loop
      vertex -29.5377 3.70038 0
      vertex -28.85 3.3916 0
      vertex -29.1127 3.3916 0
    endloop
  endfacet
  facet normal 0 0 -1
    outer loop
      vertex -28.85 3.3916 0
      vertex -29.6575 4.06916 0
      vertex -28.85 5.0084 0
    endloop
  endfacet
  facet normal 0 0 -1
    outer loop
      vertex -28.85 3.3916 0
      vertex -29.5377 3.70038 0
      vertex -29.6575 4.06916 0
    endloop
  endfacet
  facet normal 0 0 -1
    outer loop
      vertex -29.6575 4.33084 0
      vertex -28.85 5.0084 0
      vertex -29.6575 4.06916 0
    endloop
  endfacet
  facet normal 0 -0 -1
    outer loop
      vertex -29.5377 4.69962 0
      vertex -28.85 5.0084 0
      vertex -29.6575 4.33084 0
    endloop
  endfacet
  facet normal -0 0 -1
    outer loop
      vertex -28.85 5.0084 0
      vertex -29.5377 4.69962 0
      vertex -29.1127 5.0084 0
    endloop
  endfacet
  facet normal 0 0 -1
    outer loop
      vertex -29.5377 1.60038 0
      vertex -28.85 1.2916 0
      vertex -29.1127 1.2916 0
    endloop
  endfacet
  facet normal 0 0 -1
    outer loop
      vertex -28.85 1.2916 0
      vertex -29.6575 1.96916 0
      vertex -28.85 2.9084 0
    endloop
  endfacet
  facet normal 0 0 -1
    outer loop
      vertex -28.85 1.2916 0
      vertex -29.5377 1.60038 0
      vertex -29.6575 1.96916 0
    endloop
  endfacet
  facet normal 0 0 -1
    outer loop
      vertex -29.6575 2.23084 0
      vertex -28.85 2.9084 0
      vertex -29.6575 1.96916 0
    endloop
  endfacet
  facet normal 0 -0 -1
    outer loop
      vertex -29.5377 2.59962 0
      vertex -28.85 2.9084 0
      vertex -29.6575 2.23084 0
    endloop
  endfacet
  facet normal -0 0 -1
    outer loop
      vertex -28.85 2.9084 0
      vertex -29.5377 2.59962 0
      vertex -29.1127 2.9084 0
    endloop
  endfacet
  facet normal 0 0 -1
    outer loop
      vertex -29.5377 -0.499617 0
      vertex -28.85 -0.808397 0
      vertex -29.1127 -0.808397 0
    endloop
  endfacet
  facet normal 0 0 -1
    outer loop
      vertex -28.85 -0.808397 0
      vertex -29.6575 -0.130844 0
      vertex -28.85 0.808397 0
    endloop
  endfacet
  facet normal 0 0 -1
    outer loop
      vertex -28.85 -0.808397 0
      vertex -29.5377 -0.499617 0
      vertex -29.6575 -0.130844 0
    endloop
  endfacet
  facet normal 0 0 -1
    outer loop
      vertex -29.6575 0.130844 0
      vertex -28.85 0.808397 0
      vertex -29.6575 -0.130844 0
    endloop
  endfacet
  facet normal 0 -0 -1
    outer loop
      vertex -29.5377 0.499617 0
      vertex -28.85 0.808397 0
      vertex -29.6575 0.130844 0
    endloop
  endfacet
  facet normal -0 0 -1
    outer loop
      vertex -28.85 0.808397 0
      vertex -29.5377 0.499617 0
      vertex -29.1127 0.808397 0
    endloop
  endfacet
  facet normal 0 0 -1
    outer loop
      vertex -29.5377 -2.59962 0
      vertex -28.85 -2.9084 0
      vertex -29.1127 -2.9084 0
    endloop
  endfacet
  facet normal 0 0 -1
    outer loop
      vertex -28.85 -2.9084 0
      vertex -29.6575 -2.23084 0
      vertex -28.85 -1.2916 0
    endloop
  endfacet
  facet normal 0 0 -1
    outer loop
      vertex -28.85 -2.9084 0
      vertex -29.5377 -2.59962 0
      vertex -29.6575 -2.23084 0
    endloop
  endfacet
  facet normal 0 0 -1
    outer loop
      vertex -29.6575 -1.96916 0
      vertex -28.85 -1.2916 0
      vertex -29.6575 -2.23084 0
    endloop
  endfacet
  facet normal 0 -0 -1
    outer loop
      vertex -29.5377 -1.60038 0
      vertex -28.85 -1.2916 0
      vertex -29.6575 -1.96916 0
    endloop
  endfacet
  facet normal -0 0 -1
    outer loop
      vertex -28.85 -1.2916 0
      vertex -29.5377 -1.60038 0
      vertex -29.1127 -1.2916 0
    endloop
  endfacet
  facet normal 0 0 -1
    outer loop
      vertex -29.5377 -4.69962 0
      vertex -28.85 -5.0084 0
      vertex -29.1127 -5.0084 0
    endloop
  endfacet
  facet normal 0 0 -1
    outer loop
      vertex -28.85 -5.0084 0
      vertex -29.6575 -4.33084 0
      vertex -28.85 -3.3916 0
    endloop
  endfacet
  facet normal 0 0 -1
    outer loop
      vertex -28.85 -5.0084 0
      vertex -29.5377 -4.69962 0
      vertex -29.6575 -4.33084 0
    endloop
  endfacet
  facet normal 0 0 -1
    outer loop
      vertex -29.6575 -4.06916 0
      vertex -28.85 -3.3916 0
      vertex -29.6575 -4.33084 0
    endloop
  endfacet
  facet normal 0 -0 -1
    outer loop
      vertex -29.5377 -3.70038 0
      vertex -28.85 -3.3916 0
      vertex -29.6575 -4.06916 0
    endloop
  endfacet
  facet normal -0 0 -1
    outer loop
      vertex -28.85 -3.3916 0
      vertex -29.5377 -3.70038 0
      vertex -29.1127 -3.3916 0
    endloop
  endfacet
  facet normal 0 0 -1
    outer loop
      vertex -29.5377 -6.79962 0
      vertex -28.85 -7.1084 0
      vertex -29.1127 -7.1084 0
    endloop
  endfacet
  facet normal 0 0 -1
    outer loop
      vertex -28.85 -7.1084 0
      vertex -29.6575 -6.43084 0
      vertex -28.85 -5.4916 0
    endloop
  endfacet
  facet normal 0 0 -1
    outer loop
      vertex -28.85 -7.1084 0
      vertex -29.5377 -6.79962 0
      vertex -29.6575 -6.43084 0
    endloop
  endfacet
  facet normal 0 0 -1
    outer loop
      vertex -29.6575 -6.16916 0
      vertex -28.85 -5.4916 0
      vertex -29.6575 -6.43084 0
    endloop
  endfacet
  facet normal 0 -0 -1
    outer loop
      vertex -29.5377 -5.80038 0
      vertex -28.85 -5.4916 0
      vertex -29.6575 -6.16916 0
    endloop
  endfacet
  facet normal -0 0 -1
    outer loop
      vertex -28.85 -5.4916 0
      vertex -29.5377 -5.80038 0
      vertex -29.1127 -5.4916 0
    endloop
  endfacet
  facet normal 0 0 -1
    outer loop
      vertex -29.5377 -8.89962 0
      vertex -28.85 -9.2084 0
      vertex -29.1127 -9.2084 0
    endloop
  endfacet
  facet normal 0 0 -1
    outer loop
      vertex -28.85 -9.2084 0
      vertex -29.6575 -8.53084 0
      vertex -28.85 -7.5916 0
    endloop
  endfacet
  facet normal 0 0 -1
    outer loop
      vertex -28.85 -9.2084 0
      vertex -29.5377 -8.89962 0
      vertex -29.6575 -8.53084 0
    endloop
  endfacet
  facet normal 0 0 -1
    outer loop
      vertex -29.6575 -8.26916 0
      vertex -28.85 -7.5916 0
      vertex -29.6575 -8.53084 0
    endloop
  endfacet
  facet normal 0 -0 -1
    outer loop
      vertex -29.5377 -7.90038 0
      vertex -28.85 -7.5916 0
      vertex -29.6575 -8.26916 0
    endloop
  endfacet
  facet normal -0 0 -1
    outer loop
      vertex -28.85 -7.5916 0
      vertex -29.5377 -7.90038 0
      vertex -29.1127 -7.5916 0
    endloop
  endfacet
  facet normal 0 0 -1
    outer loop
      vertex -29.5377 -10.9996 0
      vertex -28.85 -11.3084 0
      vertex -29.1127 -11.3084 0
    endloop
  endfacet
  facet normal 0 0 -1
    outer loop
      vertex -28.85 -11.3084 0
      vertex -29.6575 -10.6308 0
      vertex -28.85 -9.6916 0
    endloop
  endfacet
  facet normal 0 0 -1
    outer loop
      vertex -28.85 -11.3084 0
      vertex -29.5377 -10.9996 0
      vertex -29.6575 -10.6308 0
    endloop
  endfacet
  facet normal 0 0 -1
    outer loop
      vertex -29.6575 -10.3692 0
      vertex -28.85 -9.6916 0
      vertex -29.6575 -10.6308 0
    endloop
  endfacet
  facet normal 0 -0 -1
    outer loop
      vertex -29.5377 -10.0004 0
      vertex -28.85 -9.6916 0
      vertex -29.6575 -10.3692 0
    endloop
  endfacet
  facet normal -0 0 -1
    outer loop
      vertex -28.85 -9.6916 0
      vertex -29.5377 -10.0004 0
      vertex -29.1127 -9.6916 0
    endloop
  endfacet
  facet normal 0 0 -1
    outer loop
      vertex -24.35 -15.7 0
      vertex -28.85 -11.3084 0
      vertex -28.85 -9.6916 0
    endloop
  endfacet
  facet normal 0 0 -1
    outer loop
      vertex -29.1934 -14.4318 0
      vertex -28.7677 -14.6564 0
      vertex -28.8843 -14.6564 0
    endloop
  endfacet
  facet normal 0 0 -1
    outer loop
      vertex -28.7677 -14.6564 0
      vertex -29.3138 -13.3623 0
      vertex -28.85 -11.7916 0
    endloop
  endfacet
  facet normal 0 0 -1
    outer loop
      vertex -29.4049 -13.6427 0
      vertex -28.7677 -14.6564 0
      vertex -29.1934 -14.4318 0
    endloop
  endfacet
  facet normal 0 0 -1
    outer loop
      vertex -29.6575 -12.7 0
      vertex -28.85 -11.7916 0
      vertex -29.3138 -13.3623 0
    endloop
  endfacet
  facet normal 0 0 -1
    outer loop
      vertex -29.6575 -12.7 0
      vertex -29.3138 -13.3623 0
      vertex -29.5202 -13.2123 0
    endloop
  endfacet
  facet normal 0 0 -1
    outer loop
      vertex -29.6575 -12.4692 0
      vertex -28.85 -11.7916 0
      vertex -29.6575 -12.7 0
    endloop
  endfacet
  facet normal 0 -0 -1
    outer loop
      vertex -29.5377 -12.1004 0
      vertex -28.85 -11.7916 0
      vertex -29.6575 -12.4692 0
    endloop
  endfacet
  facet normal -0 0 -1
    outer loop
      vertex -28.85 -11.7916 0
      vertex -29.5377 -12.1004 0
      vertex -29.1127 -11.7916 0
    endloop
  endfacet
  facet normal 0 0 -1
    outer loop
      vertex -24.35 -15.7 0
      vertex -28.85 -11.7916 0
      vertex -28.85 -11.3084 0
    endloop
  endfacet
  facet normal 0 0 -1
    outer loop
      vertex -28.7677 14.6564 0
      vertex -28.7691 14.982 0
      vertex -28.1214 15.6297 0
    endloop
  endfacet
  facet normal 0 -0 -1
    outer loop
      vertex -28.7691 14.982 0
      vertex -28.7677 14.6564 0
      vertex -28.8213 14.8213 0
    endloop
  endfacet
  facet normal 0 0 -1
    outer loop
      vertex -24.35 -15.7 0
      vertex -28.85 -9.6916 0
      vertex -28.85 -9.2084 0
    endloop
  endfacet
  facet normal 0 0 -1
    outer loop
      vertex -24.35 -15.7 0
      vertex -28.85 -9.2084 0
      vertex -28.85 -7.5916 0
    endloop
  endfacet
  facet normal 0 0 -1
    outer loop
      vertex -24.35 -15.7 0
      vertex -28.85 -7.5916 0
      vertex -28.85 -7.1084 0
    endloop
  endfacet
  facet normal 0 0 -1
    outer loop
      vertex -24.35 -15.7 0
      vertex -28.85 -7.1084 0
      vertex -28.85 -5.4916 0
    endloop
  endfacet
  facet normal 0 0 -1
    outer loop
      vertex -24.35 -15.7 0
      vertex -28.85 -5.4916 0
      vertex -28.85 -5.0084 0
    endloop
  endfacet
  facet normal 0 0 -1
    outer loop
      vertex -24.35 -15.7 0
      vertex -28.85 -5.0084 0
      vertex -28.85 -3.3916 0
    endloop
  endfacet
  facet normal 0 0 -1
    outer loop
      vertex -24.35 -15.7 0
      vertex -28.85 -3.3916 0
      vertex -28.85 -2.9084 0
    endloop
  endfacet
  facet normal 0 0 -1
    outer loop
      vertex -24.35 -15.7 0
      vertex -28.85 -2.9084 0
      vertex -28.85 -1.2916 0
    endloop
  endfacet
  facet normal 0 0 -1
    outer loop
      vertex -28.85 11.7916 0
      vertex -24.35 15.7 0
      vertex -28.85 11.3084 0
    endloop
  endfacet
  facet normal 0 -0 -1
    outer loop
      vertex -26.5543 16.1485 0
      vertex -24.35 15.7 0
      vertex -28.85 11.7916 0
    endloop
  endfacet
  facet normal -0 0 -1
    outer loop
      vertex -24.9361 16.5075 0
      vertex -25.525 16.4631 0
      vertex -25.4639 16.5075 0
    endloop
  endfacet
  facet normal 0 -0 -1
    outer loop
      vertex -25.525 16.4631 0
      vertex -24.35 15.7 0
      vertex -26.5543 16.1485 0
    endloop
  endfacet
  facet normal 0 0 -1
    outer loop
      vertex -24.35 15.7 0
      vertex -25.525 16.4631 0
      vertex -24.5123 16.1996 0
    endloop
  endfacet
  facet normal 0 0 -1
    outer loop
      vertex -24.5123 16.1996 0
      vertex -25.525 16.4631 0
      vertex -24.9361 16.5075 0
    endloop
  endfacet
  facet normal 0 -0 -1
    outer loop
      vertex -25.85 16.5075 0
      vertex -25.525 16.4631 0
      vertex -26.5543 16.1485 0
    endloop
  endfacet
  facet normal 0 0 -1
    outer loop
      vertex -25.85 16.5075 0
      vertex -26.5543 16.1485 0
      vertex -26.2681 16.3955 0
    endloop
  endfacet
  facet normal 0 0 -1
    outer loop
      vertex -25.525 16.4631 0
      vertex -25.85 16.5075 0
      vertex -25.5861 16.5075 0
    endloop
  endfacet
  facet normal 0 0 -1
    outer loop
      vertex -27.589 16.0415 0
      vertex -27.7967 15.6297 0
      vertex -27.6857 15.9713 0
    endloop
  endfacet
  facet normal 0 -0 -1
    outer loop
      vertex -27.7967 15.6297 0
      vertex -26.5543 16.1485 0
      vertex -28.85 11.7916 0
    endloop
  endfacet
  facet normal -0 0 -1
    outer loop
      vertex -26.5543 16.1485 0
      vertex -27.589 16.0415 0
      vertex -26.7255 16.2729 0
    endloop
  endfacet
  facet normal 0 -0 -1
    outer loop
      vertex -27.589 16.0415 0
      vertex -26.5543 16.1485 0
      vertex -27.7967 15.6297 0
    endloop
  endfacet
  facet normal 0 -0 -1
    outer loop
      vertex -28.7677 14.6564 0
      vertex -27.7967 15.6297 0
      vertex -28.85 11.7916 0
    endloop
  endfacet
  facet normal -0 0 -1
    outer loop
      vertex -27.7967 15.6297 0
      vertex -28.7677 14.6564 0
      vertex -28.1214 15.6297 0
    endloop
  endfacet
  facet normal 0 0 -1
    outer loop
      vertex -29.3138 13.3623 0
      vertex -28.7677 14.6564 0
      vertex -28.85 11.7916 0
    endloop
  endfacet
  facet normal 0 0 -1
    outer loop
      vertex -29.5377 12.1004 0
      vertex -28.85 11.7916 0
      vertex -29.1127 11.7916 0
    endloop
  endfacet
  facet normal 0 0 -1
    outer loop
      vertex -29.4049 13.6427 0
      vertex -28.7677 14.6564 0
      vertex -29.3138 13.3623 0
    endloop
  endfacet
  facet normal 0 -0 -1
    outer loop
      vertex -29.1934 14.4318 0
      vertex -28.7677 14.6564 0
      vertex -29.4049 13.6427 0
    endloop
  endfacet
  facet normal 0 0 -1
    outer loop
      vertex -28.85 11.7916 0
      vertex -29.6575 12.7 0
      vertex -29.3138 13.3623 0
    endloop
  endfacet
  facet normal 0 0 -1
    outer loop
      vertex -28.85 11.7916 0
      vertex -29.5377 12.1004 0
      vertex -29.6575 12.4692 0
    endloop
  endfacet
  facet normal 0 0 -1
    outer loop
      vertex -28.85 11.7916 0
      vertex -29.6575 12.4692 0
      vertex -29.6575 12.7 0
    endloop
  endfacet
  facet normal 0 0 -1
    outer loop
      vertex -29.3138 13.3623 0
      vertex -29.6575 12.7 0
      vertex -29.5202 13.2123 0
    endloop
  endfacet
  facet normal -0 0 -1
    outer loop
      vertex -28.7677 14.6564 0
      vertex -29.1934 14.4318 0
      vertex -28.8843 14.6564 0
    endloop
  endfacet
  facet normal -0.707107 0.707107 0
    outer loop
      vertex 25.85 -14.1 1.6
      vertex 27.25 -12.7 18.6
      vertex 27.25 -12.7 1.6
    endloop
  endfacet
  facet normal -0.707107 0.707107 0
    outer loop
      vertex 27.25 -12.7 18.6
      vertex 25.85 -14.1 1.6
      vertex 25.85 -14.1 18.6
    endloop
  endfacet
  facet normal -0.707107 -0.707107 0
    outer loop
      vertex 27.25 12.7 1.6
      vertex 25.85 14.1 18.6
      vertex 25.85 14.1 1.6
    endloop
  endfacet
  facet normal -0.707107 -0.707107 0
    outer loop
      vertex 25.85 14.1 18.6
      vertex 27.25 12.7 1.6
      vertex 27.25 12.7 18.6
    endloop
  endfacet
  facet normal 1 -0 0
    outer loop
      vertex -27.25 5.89711 7.25
      vertex -27.25 12.7 1.6
      vertex -27.25 12.7 18.6
    endloop
  endfacet
  facet normal 1 0 0
    outer loop
      vertex -27.25 12.7 1.6
      vertex -27.25 6.34667 6.16469
      vertex -27.25 6.5 5
    endloop
  endfacet
  facet normal 1 0 0
    outer loop
      vertex -27.25 12.7 1.6
      vertex -27.25 5.89711 7.25
      vertex -27.25 6.34667 6.16469
    endloop
  endfacet
  facet normal 1 0 0
    outer loop
      vertex -27.25 12.7 18.6
      vertex -27.25 5.18198 8.18198
      vertex -27.25 5.89711 7.25
    endloop
  endfacet
  facet normal 1 0 0
    outer loop
      vertex -27.25 12.7 18.6
      vertex -27.25 4.25 8.89711
      vertex -27.25 5.18198 8.18198
    endloop
  endfacet
  facet normal 1 0 0
    outer loop
      vertex -27.25 12.7 18.6
      vertex -27.25 3.16469 9.34667
      vertex -27.25 4.25 8.89711
    endloop
  endfacet
  facet normal 1 0 0
    outer loop
      vertex -27.25 12.7 18.6
      vertex -27.25 2 9.5
      vertex -27.25 3.16469 9.34667
    endloop
  endfacet
  facet normal 1 0 0
    outer loop
      vertex -27.25 12.7 18.6
      vertex -27.25 -2 9.5
      vertex -27.25 2 9.5
    endloop
  endfacet
  facet normal 1 -0 0
    outer loop
      vertex -27.25 -12.7 18.6
      vertex -27.25 -2 9.5
      vertex -27.25 12.7 18.6
    endloop
  endfacet
  facet normal 1 0 0
    outer loop
      vertex -27.25 -2 9.5
      vertex -27.25 -12.7 18.6
      vertex -27.25 -3.16469 9.34667
    endloop
  endfacet
  facet normal 1 0 0
    outer loop
      vertex -27.25 -5.89711 7.25
      vertex -27.25 -12.7 1.6
      vertex -27.25 -6.34667 6.16469
    endloop
  endfacet
  facet normal 1 0 0
    outer loop
      vertex -27.25 -12.7 1.6
      vertex -27.25 -5.89711 7.25
      vertex -27.25 -12.7 18.6
    endloop
  endfacet
  facet normal 1 0 0
    outer loop
      vertex -27.25 -5.18198 8.18198
      vertex -27.25 -12.7 18.6
      vertex -27.25 -5.89711 7.25
    endloop
  endfacet
  facet normal 1 0 0
    outer loop
      vertex -27.25 -4.25 8.89711
      vertex -27.25 -12.7 18.6
      vertex -27.25 -5.18198 8.18198
    endloop
  endfacet
  facet normal 1 0 0
    outer loop
      vertex -27.25 -3.16469 9.34667
      vertex -27.25 -12.7 18.6
      vertex -27.25 -4.25 8.89711
    endloop
  endfacet
  facet normal 1 -0 0
    outer loop
      vertex -27.25 6.34667 3.83531
      vertex -27.25 12.7 1.6
      vertex -27.25 6.5 5
    endloop
  endfacet
  facet normal 1 -0 0
    outer loop
      vertex -27.25 5.89711 2.75
      vertex -27.25 12.7 1.6
      vertex -27.25 6.34667 3.83531
    endloop
  endfacet
  facet normal 1 -0 0
    outer loop
      vertex -27.25 5.18198 1.81802
      vertex -27.25 12.7 1.6
      vertex -27.25 5.89711 2.75
    endloop
  endfacet
  facet normal 1 0 0
    outer loop
      vertex -27.25 12.7 1.6
      vertex -27.25 5.18198 1.81802
      vertex -27.25 4.89785 1.6
    endloop
  endfacet
  facet normal 1 0 0
    outer loop
      vertex -27.25 -6.34667 6.16469
      vertex -27.25 -12.7 1.6
      vertex -27.25 -6.5 5
    endloop
  endfacet
  facet normal 1 0 0
    outer loop
      vertex -27.25 -6.5 5
      vertex -27.25 -12.7 1.6
      vertex -27.25 -6.34667 3.83531
    endloop
  endfacet
  facet normal 1 0 0
    outer loop
      vertex -27.25 -5.18198 1.81802
      vertex -27.25 -12.7 1.6
      vertex -27.25 -4.89785 1.6
    endloop
  endfacet
  facet normal 1 0 0
    outer loop
      vertex -27.25 -5.89711 2.75
      vertex -27.25 -12.7 1.6
      vertex -27.25 -5.18198 1.81802
    endloop
  endfacet
  facet normal 1 0 0
    outer loop
      vertex -27.25 -6.34667 3.83531
      vertex -27.25 -12.7 1.6
      vertex -27.25 -5.89711 2.75
    endloop
  endfacet
  facet normal -1 0 0
    outer loop
      vertex 27.25 5.08134 12.3952
      vertex 27.25 12.7 18.6
      vertex 27.25 12.7 1.6
    endloop
  endfacet
  facet normal -1 0 0
    outer loop
      vertex 27.25 12.7 18.6
      vertex 27.25 5.39432 13.427
      vertex 27.25 5.5 14.5
    endloop
  endfacet
  facet normal -1 0 0
    outer loop
      vertex 27.25 12.7 18.6
      vertex 27.25 5.08134 12.3952
      vertex 27.25 5.39432 13.427
    endloop
  endfacet
  facet normal -1 0 0
    outer loop
      vertex 27.25 12.7 1.6
      vertex 27.25 4.57308 11.4444
      vertex 27.25 5.08134 12.3952
    endloop
  endfacet
  facet normal -1 0 0
    outer loop
      vertex 27.25 12.7 1.6
      vertex 27.25 3.88909 10.6109
      vertex 27.25 4.57308 11.4444
    endloop
  endfacet
  facet normal -1 0 0
    outer loop
      vertex 27.25 12.7 1.6
      vertex 27.25 3.05564 9.92692
      vertex 27.25 3.88909 10.6109
    endloop
  endfacet
  facet normal -1 0 0
    outer loop
      vertex 27.25 12.7 1.6
      vertex 27.25 2.10476 9.41866
      vertex 27.25 3.05564 9.92692
    endloop
  endfacet
  facet normal -1 0 0
    outer loop
      vertex 27.25 12.7 1.6
      vertex 27.25 1.073 9.10568
      vertex 27.25 2.10476 9.41866
    endloop
  endfacet
  facet normal -1 0 0
    outer loop
      vertex 27.25 12.7 1.6
      vertex 27.25 0 9
      vertex 27.25 1.073 9.10568
    endloop
  endfacet
  facet normal -1 0 0
    outer loop
      vertex 27.25 -12.7 1.6
      vertex 27.25 0 9
      vertex 27.25 12.7 1.6
    endloop
  endfacet
  facet normal -1 -0 0
    outer loop
      vertex 27.25 0 9
      vertex 27.25 -12.7 1.6
      vertex 27.25 -1.073 9.10568
    endloop
  endfacet
  facet normal -1 0 0
    outer loop
      vertex 27.25 -5.08134 12.3952
      vertex 27.25 -12.7 18.6
      vertex 27.25 -5.39432 13.427
    endloop
  endfacet
  facet normal -1 0 0
    outer loop
      vertex 27.25 -12.7 18.6
      vertex 27.25 -5.08134 12.3952
      vertex 27.25 -12.7 1.6
    endloop
  endfacet
  facet normal -1 -0 0
    outer loop
      vertex 27.25 -4.57308 11.4444
      vertex 27.25 -12.7 1.6
      vertex 27.25 -5.08134 12.3952
    endloop
  endfacet
  facet normal -1 -0 0
    outer loop
      vertex 27.25 -3.88909 10.6109
      vertex 27.25 -12.7 1.6
      vertex 27.25 -4.57308 11.4444
    endloop
  endfacet
  facet normal -1 -0 0
    outer loop
      vertex 27.25 -3.05564 9.92692
      vertex 27.25 -12.7 1.6
      vertex 27.25 -3.88909 10.6109
    endloop
  endfacet
  facet normal -1 -0 0
    outer loop
      vertex 27.25 -2.10476 9.41866
      vertex 27.25 -12.7 1.6
      vertex 27.25 -3.05564 9.92692
    endloop
  endfacet
  facet normal -1 -0 0
    outer loop
      vertex 27.25 -1.073 9.10568
      vertex 27.25 -12.7 1.6
      vertex 27.25 -2.10476 9.41866
    endloop
  endfacet
  facet normal -1 0 0
    outer loop
      vertex 27.25 5.39432 15.573
      vertex 27.25 12.7 18.6
      vertex 27.25 5.5 14.5
    endloop
  endfacet
  facet normal -1 0 0
    outer loop
      vertex 27.25 5.08134 16.6048
      vertex 27.25 12.7 18.6
      vertex 27.25 5.39432 15.573
    endloop
  endfacet
  facet normal -1 0 0
    outer loop
      vertex 27.25 4.57308 17.5556
      vertex 27.25 12.7 18.6
      vertex 27.25 5.08134 16.6048
    endloop
  endfacet
  facet normal -1 0 0
    outer loop
      vertex 27.25 3.88909 18.3891
      vertex 27.25 12.7 18.6
      vertex 27.25 4.57308 17.5556
    endloop
  endfacet
  facet normal -1 -0 0
    outer loop
      vertex 27.25 12.7 18.6
      vertex 27.25 3.88909 18.3891
      vertex 27.25 3.63209 18.6
    endloop
  endfacet
  facet normal -1 0 0
    outer loop
      vertex 27.25 -5.39432 13.427
      vertex 27.25 -12.7 18.6
      vertex 27.25 -5.5 14.5
    endloop
  endfacet
  facet normal -1 0 0
    outer loop
      vertex 27.25 -5.5 14.5
      vertex 27.25 -12.7 18.6
      vertex 27.25 -5.39432 15.573
    endloop
  endfacet
  facet normal -1 0 0
    outer loop
      vertex 27.25 -3.88909 18.3891
      vertex 27.25 -12.7 18.6
      vertex 27.25 -3.63209 18.6
    endloop
  endfacet
  facet normal -1 0 0
    outer loop
      vertex 27.25 -4.57308 17.5556
      vertex 27.25 -12.7 18.6
      vertex 27.25 -3.88909 18.3891
    endloop
  endfacet
  facet normal -1 0 0
    outer loop
      vertex 27.25 -5.08134 16.6048
      vertex 27.25 -12.7 18.6
      vertex 27.25 -4.57308 17.5556
    endloop
  endfacet
  facet normal -1 0 0
    outer loop
      vertex 27.25 -5.39432 15.573
      vertex 27.25 -12.7 18.6
      vertex 27.25 -5.08134 16.6048
    endloop
  endfacet
  facet normal -0 0 1
    outer loop
      vertex -27.25 -4.89785 1.6
      vertex -24 -8.5 1.6
      vertex -25.95 -4.89785 1.6
    endloop
  endfacet
  facet normal 0 0 1
    outer loop
      vertex -24 -8.5 1.6
      vertex -27.25 -4.89785 1.6
      vertex -27.25 -12.7 1.6
    endloop
  endfacet
  facet normal 0 0 1
    outer loop
      vertex -24 -8.5 1.6
      vertex -27.25 -12.7 1.6
      vertex -25.85 -14.1 1.6
    endloop
  endfacet
  facet normal -0 0 1
    outer loop
      vertex -24 8.5 1.6
      vertex 24 -8.5 1.6
      vertex 24 8.5 1.6
    endloop
  endfacet
  facet normal 0 0 1
    outer loop
      vertex 24 -8.5 1.6
      vertex -24 8.5 1.6
      vertex -24 -8.5 1.6
    endloop
  endfacet
  facet normal 0 0 1
    outer loop
      vertex 24 11.5 1.6
      vertex 27.25 12.7 1.6
      vertex 25.85 14.1 1.6
    endloop
  endfacet
  facet normal 0 0 1
    outer loop
      vertex 27.25 12.7 1.6
      vertex 24 8.5 1.6
      vertex 27.25 -12.7 1.6
    endloop
  endfacet
  facet normal 0 0 1
    outer loop
      vertex 27.25 12.7 1.6
      vertex 24 11.5 1.6
      vertex 24 8.5 1.6
    endloop
  endfacet
  facet normal -0 0 1
    outer loop
      vertex 1.3089 14.1 1.6
      vertex 24 11.5 1.6
      vertex 25.85 14.1 1.6
    endloop
  endfacet
  facet normal -0 0 1
    outer loop
      vertex 1.13137 13.8686 1.6
      vertex 24 11.5 1.6
      vertex 1.3089 14.1 1.6
    endloop
  endfacet
  facet normal -0 0 1
    outer loop
      vertex 0.799999 13.6144 1.6
      vertex 24 11.5 1.6
      vertex 1.13137 13.8686 1.6
    endloop
  endfacet
  facet normal -0 0 1
    outer loop
      vertex 0.41411 13.4545 1.6
      vertex 24 11.5 1.6
      vertex 0.799999 13.6144 1.6
    endloop
  endfacet
  facet normal -0 0 1
    outer loop
      vertex 0 13.4 1.6
      vertex 24 11.5 1.6
      vertex 0.41411 13.4545 1.6
    endloop
  endfacet
  facet normal 0 0 1
    outer loop
      vertex 0 13.4 1.6
      vertex -24 11.5 1.6
      vertex 24 11.5 1.6
    endloop
  endfacet
  facet normal 0 0 1
    outer loop
      vertex -0.41411 13.4545 1.6
      vertex -24 11.5 1.6
      vertex 0 13.4 1.6
    endloop
  endfacet
  facet normal 0 0 1
    outer loop
      vertex -0.799999 13.6144 1.6
      vertex -24 11.5 1.6
      vertex -0.41411 13.4545 1.6
    endloop
  endfacet
  facet normal 0 0 1
    outer loop
      vertex -1.13137 13.8686 1.6
      vertex -24 11.5 1.6
      vertex -0.799999 13.6144 1.6
    endloop
  endfacet
  facet normal 0 0 1
    outer loop
      vertex -1.3089 14.1 1.6
      vertex -24 11.5 1.6
      vertex -1.13137 13.8686 1.6
    endloop
  endfacet
  facet normal 0 0 1
    outer loop
      vertex -27.25 12.7 1.6
      vertex -24 8.5 1.6
      vertex -24 11.5 1.6
    endloop
  endfacet
  facet normal 0 0 1
    outer loop
      vertex -24 8.5 1.6
      vertex -25.95 4.89785 1.6
      vertex -24 -8.5 1.6
    endloop
  endfacet
  facet normal -0 0 1
    outer loop
      vertex -27.25 12.7 1.6
      vertex -24 11.5 1.6
      vertex -25.85 14.1 1.6
    endloop
  endfacet
  facet normal -0 0 1
    outer loop
      vertex -25.85 14.1 1.6
      vertex -24 11.5 1.6
      vertex -1.3089 14.1 1.6
    endloop
  endfacet
  facet normal -0 0 1
    outer loop
      vertex 24 -8.5 1.6
      vertex 27.25 -12.7 1.6
      vertex 24 8.5 1.6
    endloop
  endfacet
  facet normal -0 0 1
    outer loop
      vertex 24 -11.5 1.6
      vertex 27.25 -12.7 1.6
      vertex 24 -8.5 1.6
    endloop
  endfacet
  facet normal 0 0 1
    outer loop
      vertex 27.25 -12.7 1.6
      vertex 24 -11.5 1.6
      vertex 25.85 -14.1 1.6
    endloop
  endfacet
  facet normal 0 0 1
    outer loop
      vertex 24 -11.5 1.6
      vertex 1.3089 -14.1 1.6
      vertex 25.85 -14.1 1.6
    endloop
  endfacet
  facet normal 0 0 1
    outer loop
      vertex 24 -11.5 1.6
      vertex 1.13137 -13.8686 1.6
      vertex 1.3089 -14.1 1.6
    endloop
  endfacet
  facet normal 0 0 1
    outer loop
      vertex 24 -11.5 1.6
      vertex 0.799999 -13.6144 1.6
      vertex 1.13137 -13.8686 1.6
    endloop
  endfacet
  facet normal 0 0 1
    outer loop
      vertex 24 -11.5 1.6
      vertex 0.41411 -13.4545 1.6
      vertex 0.799999 -13.6144 1.6
    endloop
  endfacet
  facet normal 0 0 1
    outer loop
      vertex 24 -11.5 1.6
      vertex 0 -13.4 1.6
      vertex 0.41411 -13.4545 1.6
    endloop
  endfacet
  facet normal -0 0 1
    outer loop
      vertex -24 -11.5 1.6
      vertex 0 -13.4 1.6
      vertex 24 -11.5 1.6
    endloop
  endfacet
  facet normal 0 0 1
    outer loop
      vertex -24 -11.5 1.6
      vertex -0.41411 -13.4545 1.6
      vertex 0 -13.4 1.6
    endloop
  endfacet
  facet normal 0 0 1
    outer loop
      vertex -24 -11.5 1.6
      vertex -0.799999 -13.6144 1.6
      vertex -0.41411 -13.4545 1.6
    endloop
  endfacet
  facet normal 0 0 1
    outer loop
      vertex -24 -11.5 1.6
      vertex -1.13137 -13.8686 1.6
      vertex -0.799999 -13.6144 1.6
    endloop
  endfacet
  facet normal 0 0 1
    outer loop
      vertex -24 -11.5 1.6
      vertex -1.3089 -14.1 1.6
      vertex -1.13137 -13.8686 1.6
    endloop
  endfacet
  facet normal 0 0 1
    outer loop
      vertex -24 -11.5 1.6
      vertex -25.85 -14.1 1.6
      vertex -1.3089 -14.1 1.6
    endloop
  endfacet
  facet normal -0 0 1
    outer loop
      vertex -25.95 -4.89785 1.6
      vertex -24 -8.5 1.6
      vertex -25.95 4.89785 1.6
    endloop
  endfacet
  facet normal 0 0 1
    outer loop
      vertex -24 -8.5 1.6
      vertex -25.85 -14.1 1.6
      vertex -24 -11.5 1.6
    endloop
  endfacet
  facet normal 0 0 1
    outer loop
      vertex -24 8.5 1.6
      vertex -27.25 12.7 1.6
      vertex -27.25 4.89785 1.6
    endloop
  endfacet
  facet normal 0 0 1
    outer loop
      vertex -24 8.5 1.6
      vertex -27.25 4.89785 1.6
      vertex -25.95 4.89785 1.6
    endloop
  endfacet
  facet normal 0 -1 0
    outer loop
      vertex 1 14.1 9.1
      vertex 13 14.1 16.1
      vertex 1 14.1 16.1
    endloop
  endfacet
  facet normal 0 -1 -0
    outer loop
      vertex 13 14.1 16.1
      vertex 1 14.1 9.1
      vertex 13 14.1 9.1
    endloop
  endfacet
  facet normal 0 -1 0
    outer loop
      vertex -13 14.1 9.1
      vertex -1 14.1 16.1
      vertex -13 14.1 16.1
    endloop
  endfacet
  facet normal 0 -1 -0
    outer loop
      vertex -1 14.1 16.1
      vertex -13 14.1 9.1
      vertex -1 14.1 9.1
    endloop
  endfacet
  facet normal 0 -1 0
    outer loop
      vertex -13 14.1 16.1
      vertex -25.85 14.1 18.6
      vertex -15 14.1 16.1
    endloop
  endfacet
  facet normal 0 -1 0
    outer loop
      vertex -25.85 14.1 18.6
      vertex -15 14.1 9.1
      vertex -15 14.1 16.1
    endloop
  endfacet
  facet normal 0 -1 0
    outer loop
      vertex -25.85 14.1 1.6
      vertex -13 14.1 9.1
      vertex -15 14.1 9.1
    endloop
  endfacet
  facet normal 0 -1 0
    outer loop
      vertex -13 14.1 9.1
      vertex -1.3089 14.1 2.1
      vertex -1 14.1 9.1
    endloop
  endfacet
  facet normal 0 -1 -0
    outer loop
      vertex -1 14.1 9.1
      vertex -1.3089 14.1 2.1
      vertex 1 14.1 9.1
    endloop
  endfacet
  facet normal 0 -1 0
    outer loop
      vertex 1.3089 14.1 2.1
      vertex 1 14.1 9.1
      vertex -1.3089 14.1 2.1
    endloop
  endfacet
  facet normal 0 -1 0
    outer loop
      vertex 1 14.1 9.1
      vertex 1.3089 14.1 2.1
      vertex 13 14.1 9.1
    endloop
  endfacet
  facet normal 0 -1 0
    outer loop
      vertex -25.85 14.1 1.6
      vertex -15 14.1 9.1
      vertex -25.85 14.1 18.6
    endloop
  endfacet
  facet normal 0 -1 -0
    outer loop
      vertex -13 14.1 9.1
      vertex -25.85 14.1 1.6
      vertex -1.3089 14.1 1.6
    endloop
  endfacet
  facet normal 0 -1 0
    outer loop
      vertex -13 14.1 9.1
      vertex -1.3089 14.1 1.6
      vertex -1.3089 14.1 2.1
    endloop
  endfacet
  facet normal 0 -1 0
    outer loop
      vertex -1 14.1 16.1
      vertex -25.85 14.1 18.6
      vertex -13 14.1 16.1
    endloop
  endfacet
  facet normal 0 -1 0
    outer loop
      vertex -25.85 14.1 18.6
      vertex -1 14.1 16.1
      vertex 25.85 14.1 18.6
    endloop
  endfacet
  facet normal 0 -1 0
    outer loop
      vertex 1 14.1 16.1
      vertex 25.85 14.1 18.6
      vertex -1 14.1 16.1
    endloop
  endfacet
  facet normal 0 -1 0
    outer loop
      vertex 13 14.1 16.1
      vertex 25.85 14.1 18.6
      vertex 1 14.1 16.1
    endloop
  endfacet
  facet normal 0 -1 0
    outer loop
      vertex 15 14.1 16.1
      vertex 25.85 14.1 18.6
      vertex 13 14.1 16.1
    endloop
  endfacet
  facet normal 0 -1 0
    outer loop
      vertex 15 14.1 9.1
      vertex 25.85 14.1 18.6
      vertex 15 14.1 16.1
    endloop
  endfacet
  facet normal 0 -1 0
    outer loop
      vertex 1.3089 14.1 1.6
      vertex 13 14.1 9.1
      vertex 1.3089 14.1 2.1
    endloop
  endfacet
  facet normal 0 -1 0
    outer loop
      vertex 25.85 14.1 1.6
      vertex 13 14.1 9.1
      vertex 1.3089 14.1 1.6
    endloop
  endfacet
  facet normal 0 -1 0
    outer loop
      vertex 15 14.1 9.1
      vertex 25.85 14.1 1.6
      vertex 25.85 14.1 18.6
    endloop
  endfacet
  facet normal 0 -1 0
    outer loop
      vertex 13 14.1 9.1
      vertex 25.85 14.1 1.6
      vertex 15 14.1 9.1
    endloop
  endfacet
  facet normal 0.707107 0.707107 0
    outer loop
      vertex -25.85 -14.1 18.6
      vertex -27.25 -12.7 1.6
      vertex -27.25 -12.7 18.6
    endloop
  endfacet
  facet normal 0.707107 0.707107 0
    outer loop
      vertex -27.25 -12.7 1.6
      vertex -25.85 -14.1 18.6
      vertex -25.85 -14.1 1.6
    endloop
  endfacet
  facet normal 0.707107 -0.707107 0
    outer loop
      vertex -27.25 12.7 18.6
      vertex -25.85 14.1 1.6
      vertex -25.85 14.1 18.6
    endloop
  endfacet
  facet normal 0.707107 -0.707107 0
    outer loop
      vertex -25.85 14.1 1.6
      vertex -27.25 12.7 18.6
      vertex -27.25 12.7 1.6
    endloop
  endfacet
  facet normal 0 1 0
    outer loop
      vertex -2.5 -14.1 13.6
      vertex -1 -14.1 16.1
      vertex -1 -14.1 13.6
    endloop
  endfacet
  facet normal 0 1 0
    outer loop
      vertex -1 -14.1 16.1
      vertex -2.5 -14.1 13.6
      vertex -13 -14.1 16.1
    endloop
  endfacet
  facet normal 0 1 0
    outer loop
      vertex -13 -14.1 9.1
      vertex -2.5 -14.1 13.6
      vertex -2.5 -14.1 11
    endloop
  endfacet
  facet normal 0 1 0
    outer loop
      vertex -13 -14.1 9.1
      vertex -2.5 -14.1 11
      vertex -1 -14.1 9.1
    endloop
  endfacet
  facet normal 0 1 0
    outer loop
      vertex -2.5 -14.1 13.6
      vertex -13 -14.1 9.1
      vertex -13 -14.1 16.1
    endloop
  endfacet
  facet normal 0 1 0
    outer loop
      vertex 13 -14.1 16.1
      vertex 12.5 -14.1 13.6
      vertex 1 -14.1 16.1
    endloop
  endfacet
  facet normal 0 1 -0
    outer loop
      vertex 13 -14.1 9.1
      vertex 12.5 -14.1 13.6
      vertex 13 -14.1 16.1
    endloop
  endfacet
  facet normal 0 1 0
    outer loop
      vertex 12.5 -14.1 13.6
      vertex 13 -14.1 9.1
      vertex 12.5 -14.1 11
    endloop
  endfacet
  facet normal 0 1 0
    outer loop
      vertex 1 -14.1 9.1
      vertex 12.5 -14.1 11
      vertex 13 -14.1 9.1
    endloop
  endfacet
  facet normal 0 1 0
    outer loop
      vertex 12.5 -14.1 11
      vertex 1 -14.1 9.1
      vertex 1 -14.1 11
    endloop
  endfacet
  facet normal 0 1 0
    outer loop
      vertex 13 -14.1 16.1
      vertex 25.85 -14.1 18.6
      vertex 15 -14.1 16.1
    endloop
  endfacet
  facet normal 0 1 0
    outer loop
      vertex 25.85 -14.1 18.6
      vertex 15 -14.1 9.1
      vertex 15 -14.1 16.1
    endloop
  endfacet
  facet normal 0 1 0
    outer loop
      vertex 25.85 -14.1 1.6
      vertex 13 -14.1 9.1
      vertex 15 -14.1 9.1
    endloop
  endfacet
  facet normal 0 1 0
    outer loop
      vertex 13 -14.1 9.1
      vertex 1.3089 -14.1 2.1
      vertex 1 -14.1 9.1
    endloop
  endfacet
  facet normal 0 1 0
    outer loop
      vertex 1 -14.1 9.1
      vertex 1.3089 -14.1 2.1
      vertex -1 -14.1 9.1
    endloop
  endfacet
  facet normal 0 1 0
    outer loop
      vertex -1.3089 -14.1 2.1
      vertex -1 -14.1 9.1
      vertex 1.3089 -14.1 2.1
    endloop
  endfacet
  facet normal 0 1 0
    outer loop
      vertex -1 -14.1 9.1
      vertex -1.3089 -14.1 2.1
      vertex -13 -14.1 9.1
    endloop
  endfacet
  facet normal 0 1 -0
    outer loop
      vertex 25.85 -14.1 1.6
      vertex 15 -14.1 9.1
      vertex 25.85 -14.1 18.6
    endloop
  endfacet
  facet normal 0 1 0
    outer loop
      vertex 13 -14.1 9.1
      vertex 25.85 -14.1 1.6
      vertex 1.3089 -14.1 1.6
    endloop
  endfacet
  facet normal 0 1 0
    outer loop
      vertex 13 -14.1 9.1
      vertex 1.3089 -14.1 1.6
      vertex 1.3089 -14.1 2.1
    endloop
  endfacet
  facet normal 0 1 0
    outer loop
      vertex 1 -14.1 16.1
      vertex 25.85 -14.1 18.6
      vertex 13 -14.1 16.1
    endloop
  endfacet
  facet normal 0 1 0
    outer loop
      vertex 25.85 -14.1 18.6
      vertex 1 -14.1 16.1
      vertex -25.85 -14.1 18.6
    endloop
  endfacet
  facet normal 0 1 -0
    outer loop
      vertex -1 -14.1 16.1
      vertex -25.85 -14.1 18.6
      vertex 1 -14.1 16.1
    endloop
  endfacet
  facet normal 0 1 -0
    outer loop
      vertex -13 -14.1 16.1
      vertex -25.85 -14.1 18.6
      vertex -1 -14.1 16.1
    endloop
  endfacet
  facet normal 0 1 -0
    outer loop
      vertex -15 -14.1 16.1
      vertex -25.85 -14.1 18.6
      vertex -13 -14.1 16.1
    endloop
  endfacet
  facet normal 0 1 -0
    outer loop
      vertex -15 -14.1 9.1
      vertex -25.85 -14.1 18.6
      vertex -15 -14.1 16.1
    endloop
  endfacet
  facet normal 0 1 -0
    outer loop
      vertex -1.3089 -14.1 1.6
      vertex -13 -14.1 9.1
      vertex -1.3089 -14.1 2.1
    endloop
  endfacet
  facet normal 0 1 0
    outer loop
      vertex -25.85 -14.1 1.6
      vertex -13 -14.1 9.1
      vertex -1.3089 -14.1 1.6
    endloop
  endfacet
  facet normal 0 1 0
    outer loop
      vertex -15 -14.1 9.1
      vertex -25.85 -14.1 1.6
      vertex -25.85 -14.1 18.6
    endloop
  endfacet
  facet normal 0 1 0
    outer loop
      vertex -13 -14.1 9.1
      vertex -25.85 -14.1 1.6
      vertex -15 -14.1 9.1
    endloop
  endfacet
  facet normal 0 1 0
    outer loop
      vertex 1 -14.1 16.1
      vertex 12.5 -14.1 13.6
      vertex 1 -14.1 13.6
    endloop
  endfacet
  facet normal 0 1 0
    outer loop
      vertex -1 -14.1 11
      vertex -1 -14.1 9.1
      vertex -2.5 -14.1 11
    endloop
  endfacet
  facet normal -1 0 0
    outer loop
      vertex -24 -11.5 1.6
      vertex -24 -8.5 2.2
      vertex -24 -8.5 1.6
    endloop
  endfacet
  facet normal -1 -0 0
    outer loop
      vertex -24 -8.5 2.2
      vertex -24 -11.5 1.6
      vertex -24 -11.5 2.2
    endloop
  endfacet
  facet normal -0 0 1
    outer loop
      vertex -24 -8.5 2.2
      vertex 24 -11.5 2.2
      vertex 24 -8.5 2.2
    endloop
  endfacet
  facet normal 0 0 1
    outer loop
      vertex 24 -11.5 2.2
      vertex -24 -8.5 2.2
      vertex -24 -11.5 2.2
    endloop
  endfacet
  facet normal 1 -0 0
    outer loop
      vertex 24 -11.5 2.2
      vertex 24 -8.5 1.6
      vertex 24 -8.5 2.2
    endloop
  endfacet
  facet normal 1 0 0
    outer loop
      vertex 24 -8.5 1.6
      vertex 24 -11.5 2.2
      vertex 24 -11.5 1.6
    endloop
  endfacet
  facet normal 0 1 -0
    outer loop
      vertex 24 -8.5 1.6
      vertex -24 -8.5 2.2
      vertex 24 -8.5 2.2
    endloop
  endfacet
  facet normal 0 1 0
    outer loop
      vertex -24 -8.5 2.2
      vertex 24 -8.5 1.6
      vertex -24 -8.5 1.6
    endloop
  endfacet
  facet normal 0 -1 0
    outer loop
      vertex -24 -11.5 1.6
      vertex 24 -11.5 2.2
      vertex -24 -11.5 2.2
    endloop
  endfacet
  facet normal 0 -1 -0
    outer loop
      vertex 24 -11.5 2.2
      vertex -24 -11.5 1.6
      vertex 24 -11.5 1.6
    endloop
  endfacet
  facet normal -1 0 0
    outer loop
      vertex -24 8.5 1.6
      vertex -24 11.5 2.2
      vertex -24 11.5 1.6
    endloop
  endfacet
  facet normal -1 -0 0
    outer loop
      vertex -24 11.5 2.2
      vertex -24 8.5 1.6
      vertex -24 8.5 2.2
    endloop
  endfacet
  facet normal -0 0 1
    outer loop
      vertex -24 11.5 2.2
      vertex 24 8.5 2.2
      vertex 24 11.5 2.2
    endloop
  endfacet
  facet normal 0 0 1
    outer loop
      vertex 24 8.5 2.2
      vertex -24 11.5 2.2
      vertex -24 8.5 2.2
    endloop
  endfacet
  facet normal 1 -0 0
    outer loop
      vertex 24 8.5 2.2
      vertex 24 11.5 1.6
      vertex 24 11.5 2.2
    endloop
  endfacet
  facet normal 1 0 0
    outer loop
      vertex 24 11.5 1.6
      vertex 24 8.5 2.2
      vertex 24 8.5 1.6
    endloop
  endfacet
  facet normal 0 1 -0
    outer loop
      vertex 24 11.5 1.6
      vertex -24 11.5 2.2
      vertex 24 11.5 2.2
    endloop
  endfacet
  facet normal 0 1 0
    outer loop
      vertex -24 11.5 2.2
      vertex 24 11.5 1.6
      vertex -24 11.5 1.6
    endloop
  endfacet
  facet normal 0 -1 0
    outer loop
      vertex -24 8.5 1.6
      vertex 24 8.5 2.2
      vertex -24 8.5 2.2
    endloop
  endfacet
  facet normal 0 -1 -0
    outer loop
      vertex 24 8.5 2.2
      vertex -24 8.5 1.6
      vertex 24 8.5 1.6
    endloop
  endfacet
  facet normal 0.951073 0.308966 0
    outer loop
      vertex -24.5123 -15.2004 18.7
      vertex -24.35 -15.7 18.6
      vertex -24.5123 -15.2004 18.6
    endloop
  endfacet
  facet normal 0.951073 0.308966 0
    outer loop
      vertex -24.35 -15.7 18.7
      vertex -24.35 -15.7 18.6
      vertex -24.5123 -15.2004 18.7
    endloop
  endfacet
  facet normal 0 0 0
    outer loop
      vertex -24.35 -15.7 0
      vertex -24.35 -15.7 18.6
      vertex -24.35 -15.7 18.7
    endloop
  endfacet
  facet normal 0.5547 0.83205 -0
    outer loop
      vertex -24.5123 -15.2004 18.6
      vertex -24.5129 -15.2 18.7
      vertex -24.5123 -15.2004 18.7
    endloop
  endfacet
  facet normal 0.5547 0.83205 0
    outer loop
      vertex -24.5129 -15.2 18.7
      vertex -24.5123 -15.2004 18.6
      vertex -24.5129 -15.2 18.6
    endloop
  endfacet
  facet normal 0 0 1
    outer loop
      vertex -28.35 -11.964 18.7
      vertex -28.5873 -11.7916 18.7
      vertex -28.35 -12.7 18.7
    endloop
  endfacet
  facet normal 0 0 1
    outer loop
      vertex -28.1539 -13.1735 18.7
      vertex -28.35 -12.7 18.7
      vertex -28.1578 -13.1858 18.7
    endloop
  endfacet
  facet normal 0 0 1
    outer loop
      vertex -28.1449 -13.1952 18.7
      vertex -27.8252 -14.0129 18.7
      vertex -27.8168 -13.9871 18.7
    endloop
  endfacet
  facet normal 0 0 1
    outer loop
      vertex -28.7677 -14.6564 18.7
      vertex -27.8252 -14.0129 18.7
      vertex -28.1449 -13.1952 18.7
    endloop
  endfacet
  facet normal 0 0 1
    outer loop
      vertex -29.4049 -13.6427 18.7
      vertex -28.1449 -13.1952 18.7
      vertex -28.1578 -13.1858 18.7
    endloop
  endfacet
  facet normal 0 0 1
    outer loop
      vertex -29.3138 -13.3623 18.7
      vertex -28.1578 -13.1858 18.7
      vertex -28.35 -12.7 18.7
    endloop
  endfacet
  facet normal -0 0 1
    outer loop
      vertex -29.1127 -11.7916 18.7
      vertex -28.35 -12.7 18.7
      vertex -28.5873 -11.7916 18.7
    endloop
  endfacet
  facet normal 0 0 1
    outer loop
      vertex -27.8252 -14.0129 18.7
      vertex -28.7677 -14.6564 18.7
      vertex -28.1214 -15.6297 18.7
    endloop
  endfacet
  facet normal 0 0 1
    outer loop
      vertex -28.7677 -14.6564 18.7
      vertex -28.7691 -14.982 18.7
      vertex -28.1214 -15.6297 18.7
    endloop
  endfacet
  facet normal 0 -0 1
    outer loop
      vertex -28.7691 -14.982 18.7
      vertex -28.7677 -14.6564 18.7
      vertex -28.8213 -14.8213 18.7
    endloop
  endfacet
  facet normal 0 0 1
    outer loop
      vertex -24.5129 -15.2 18.7
      vertex -24.35 -15.7 18.7
      vertex -24.5123 -15.2004 18.7
    endloop
  endfacet
  facet normal 0 0 1
    outer loop
      vertex -25.525 -16.4631 18.7
      vertex -24.35 -15.7 18.7
      vertex -24.5129 -15.2 18.7
    endloop
  endfacet
  facet normal 0 0 1
    outer loop
      vertex -24.35 -15.7 18.7
      vertex -25.525 -16.4631 18.7
      vertex -24.5123 -16.1996 18.7
    endloop
  endfacet
  facet normal 0 0 1
    outer loop
      vertex -24.5123 -16.1996 18.7
      vertex -25.525 -16.4631 18.7
      vertex -24.9361 -16.5075 18.7
    endloop
  endfacet
  facet normal 0 0 1
    outer loop
      vertex -24.9361 -16.5075 18.7
      vertex -25.525 -16.4631 18.7
      vertex -25.4639 -16.5075 18.7
    endloop
  endfacet
  facet normal -0 0 1
    outer loop
      vertex -25.85 -15.2 18.7
      vertex -25.525 -16.4631 18.7
      vertex -24.5129 -15.2 18.7
    endloop
  endfacet
  facet normal 0 0 1
    outer loop
      vertex -25.85 -16.5075 18.7
      vertex -25.525 -16.4631 18.7
      vertex -25.85 -15.2 18.7
    endloop
  endfacet
  facet normal 0 0 1
    outer loop
      vertex -25.525 -16.4631 18.7
      vertex -25.85 -16.5075 18.7
      vertex -25.5861 -16.5075 18.7
    endloop
  endfacet
  facet normal 0 0 1
    outer loop
      vertex -25.85 -15.2 18.7
      vertex -26.2681 -16.3955 18.7
      vertex -25.85 -16.5075 18.7
    endloop
  endfacet
  facet normal -0 0 1
    outer loop
      vertex -26.2938 -15.0232 18.7
      vertex -25.85 -15.2 18.7
      vertex -26.2876 -15.0187 18.7
    endloop
  endfacet
  facet normal 0 0 1
    outer loop
      vertex -26.5543 -16.1485 18.7
      vertex -25.85 -15.2 18.7
      vertex -26.2938 -15.0232 18.7
    endloop
  endfacet
  facet normal 0 0 1
    outer loop
      vertex -27.1458 -14.6632 18.7
      vertex -26.2938 -15.0232 18.7
      vertex -26.2964 -15.0151 18.7
    endloop
  endfacet
  facet normal 0 0 1
    outer loop
      vertex -25.85 -15.2 18.7
      vertex -26.5543 -16.1485 18.7
      vertex -26.2681 -16.3955 18.7
    endloop
  endfacet
  facet normal 0 0 1
    outer loop
      vertex -26.2681 -16.3955 18.7
      vertex -26.5543 -16.1485 18.7
      vertex -26.5377 -16.1996 18.7
    endloop
  endfacet
  facet normal 0 0 1
    outer loop
      vertex -26.2938 -15.0232 18.7
      vertex -27.1458 -14.6632 18.7
      vertex -26.5543 -16.1485 18.7
    endloop
  endfacet
  facet normal -0 0 1
    outer loop
      vertex -27.7967 -15.6297 18.7
      vertex -26.5543 -16.1485 18.7
      vertex -27.1458 -14.6632 18.7
    endloop
  endfacet
  facet normal 0 0 1
    outer loop
      vertex -27.7967 -15.6297 18.7
      vertex -27.1458 -14.6632 18.7
      vertex -27.1727 -14.6632 18.7
    endloop
  endfacet
  facet normal 0 0 1
    outer loop
      vertex -27.6178 -14.4678 18.7
      vertex -27.1727 -14.6632 18.7
      vertex -27.1769 -14.6504 18.7
    endloop
  endfacet
  facet normal 0 0 1
    outer loop
      vertex -26.5543 -16.1485 18.7
      vertex -27.589 -16.0415 18.7
      vertex -26.7255 -16.2729 18.7
    endloop
  endfacet
  facet normal 0 0 1
    outer loop
      vertex -27.1727 -14.6632 18.7
      vertex -27.6178 -14.4678 18.7
      vertex -27.7967 -15.6297 18.7
    endloop
  endfacet
  facet normal 0 0 1
    outer loop
      vertex -26.5543 -16.1485 18.7
      vertex -27.7967 -15.6297 18.7
      vertex -27.589 -16.0415 18.7
    endloop
  endfacet
  facet normal 0 0 1
    outer loop
      vertex -27.589 -16.0415 18.7
      vertex -27.7967 -15.6297 18.7
      vertex -27.6857 -15.9713 18.7
    endloop
  endfacet
  facet normal -0 0 1
    outer loop
      vertex -27.8252 -14.0129 18.7
      vertex -27.6178 -14.4678 18.7
      vertex -27.8062 -14.0129 18.7
    endloop
  endfacet
  facet normal 0 0 1
    outer loop
      vertex -28.1214 -15.6297 18.7
      vertex -27.6178 -14.4678 18.7
      vertex -27.8252 -14.0129 18.7
    endloop
  endfacet
  facet normal 0 0 1
    outer loop
      vertex -27.6178 -14.4678 18.7
      vertex -28.1214 -15.6297 18.7
      vertex -27.7967 -15.6297 18.7
    endloop
  endfacet
  facet normal 0 0 1
    outer loop
      vertex -29.4049 -13.6427 18.7
      vertex -28.1578 -13.1858 18.7
      vertex -29.3138 -13.3623 18.7
    endloop
  endfacet
  facet normal -0 0 1
    outer loop
      vertex -29.5377 -12.1004 18.7
      vertex -28.35 -12.7 18.7
      vertex -29.1127 -11.7916 18.7
    endloop
  endfacet
  facet normal 0 0 1
    outer loop
      vertex -28.1449 -13.1952 18.7
      vertex -29.4049 -13.6427 18.7
      vertex -28.7677 -14.6564 18.7
    endloop
  endfacet
  facet normal -0 -0 1
    outer loop
      vertex -29.1934 -14.4318 18.7
      vertex -28.7677 -14.6564 18.7
      vertex -29.4049 -13.6427 18.7
    endloop
  endfacet
  facet normal 0 0 1
    outer loop
      vertex -28.35 -12.7 18.7
      vertex -29.6575 -12.7 18.7
      vertex -29.3138 -13.3623 18.7
    endloop
  endfacet
  facet normal 0 0 1
    outer loop
      vertex -28.35 -12.7 18.7
      vertex -29.5377 -12.1004 18.7
      vertex -29.6575 -12.4692 18.7
    endloop
  endfacet
  facet normal 0 0 1
    outer loop
      vertex -28.35 -12.7 18.7
      vertex -29.6575 -12.4692 18.7
      vertex -29.6575 -12.7 18.7
    endloop
  endfacet
  facet normal 0 0 1
    outer loop
      vertex -29.3138 -13.3623 18.7
      vertex -29.6575 -12.7 18.7
      vertex -29.5202 -13.2123 18.7
    endloop
  endfacet
  facet normal 0 0 1
    outer loop
      vertex -28.7677 -14.6564 18.7
      vertex -29.1934 -14.4318 18.7
      vertex -28.8843 -14.6564 18.7
    endloop
  endfacet
  facet normal 0.587774 -0.809025 0
    outer loop
      vertex -24.9361 -16.5075 0
      vertex -24.5123 -16.1996 18.7
      vertex -24.9361 -16.5075 18.7
    endloop
  endfacet
  facet normal 0.587774 -0.809025 0
    outer loop
      vertex -24.5123 -16.1996 18.7
      vertex -24.9361 -16.5075 0
      vertex -24.5123 -16.1996 0
    endloop
  endfacet
  facet normal -0.587857 -0.808965 0
    outer loop
      vertex -25.525 -16.4631 0
      vertex -25.4639 -16.5075 18.7
      vertex -25.525 -16.4631 18.7
    endloop
  endfacet
  facet normal -0.587857 -0.808965 -0
    outer loop
      vertex -25.4639 -16.5075 18.7
      vertex -25.525 -16.4631 0
      vertex -25.4639 -16.5075 0
    endloop
  endfacet
  facet normal 0.951073 -0.308966 0
    outer loop
      vertex -24.5123 -16.1996 18.7
      vertex -24.35 -15.7 0
      vertex -24.35 -15.7 18.7
    endloop
  endfacet
  facet normal 0.951073 -0.308966 0
    outer loop
      vertex -24.35 -15.7 0
      vertex -24.5123 -16.1996 18.7
      vertex -24.5123 -16.1996 0
    endloop
  endfacet
  facet normal 0.951073 0.308966 0
    outer loop
      vertex -22.4123 -15.2004 18.7
      vertex -22.25 -15.7 18.6
      vertex -22.4123 -15.2004 18.6
    endloop
  endfacet
  facet normal 0.951073 0.308966 0
    outer loop
      vertex -22.25 -15.7 18.7
      vertex -22.25 -15.7 18.6
      vertex -22.4123 -15.2004 18.7
    endloop
  endfacet
  facet normal 0 0 0
    outer loop
      vertex -22.25 -15.7 0
      vertex -22.25 -15.7 18.6
      vertex -22.25 -15.7 18.7
    endloop
  endfacet
  facet normal -0.951073 0.308966 0
    outer loop
      vertex -23.95 -15.7 18.6
      vertex -23.7877 -15.2004 18.7
      vertex -23.7877 -15.2004 18.6
    endloop
  endfacet
  facet normal -0.951073 0.308966 0
    outer loop
      vertex -23.95 -15.7 18.6
      vertex -23.95 -15.7 18.7
      vertex -23.7877 -15.2004 18.7
    endloop
  endfacet
  facet normal 0 0 0
    outer loop
      vertex -23.95 -15.7 18.7
      vertex -23.95 -15.7 18.6
      vertex -23.95 -15.7 0
    endloop
  endfacet
  facet normal 0.5547 0.83205 -0
    outer loop
      vertex -22.4123 -15.2004 18.6
      vertex -22.4129 -15.2 18.7
      vertex -22.4123 -15.2004 18.7
    endloop
  endfacet
  facet normal 0.5547 0.83205 0
    outer loop
      vertex -22.4129 -15.2 18.7
      vertex -22.4123 -15.2004 18.6
      vertex -22.4129 -15.2 18.6
    endloop
  endfacet
  facet normal 0 0 1
    outer loop
      vertex -22.4129 -15.2 18.7
      vertex -22.25 -15.7 18.7
      vertex -22.4123 -15.2004 18.7
    endloop
  endfacet
  facet normal 0 0 1
    outer loop
      vertex -22.25 -15.7 18.7
      vertex -22.4129 -15.2 18.7
      vertex -22.4123 -16.1996 18.7
    endloop
  endfacet
  facet normal 0 0 1
    outer loop
      vertex -22.4129 -15.2 18.7
      vertex -22.8361 -16.5075 18.7
      vertex -22.4123 -16.1996 18.7
    endloop
  endfacet
  facet normal 0 0 1
    outer loop
      vertex -22.4129 -15.2 18.7
      vertex -23.3639 -16.5075 18.7
      vertex -22.8361 -16.5075 18.7
    endloop
  endfacet
  facet normal -0 0 1
    outer loop
      vertex -23.7871 -15.2 18.7
      vertex -23.3639 -16.5075 18.7
      vertex -22.4129 -15.2 18.7
    endloop
  endfacet
  facet normal 0 0 1
    outer loop
      vertex -23.95 -15.7 18.7
      vertex -23.7871 -15.2 18.7
      vertex -23.7877 -15.2004 18.7
    endloop
  endfacet
  facet normal 0 0 1
    outer loop
      vertex -23.7871 -15.2 18.7
      vertex -23.7877 -16.1996 18.7
      vertex -23.3639 -16.5075 18.7
    endloop
  endfacet
  facet normal 0 0 1
    outer loop
      vertex -23.7871 -15.2 18.7
      vertex -23.95 -15.7 18.7
      vertex -23.7877 -16.1996 18.7
    endloop
  endfacet
  facet normal -0.5547 0.83205 0
    outer loop
      vertex -23.7871 -15.2 18.6
      vertex -23.7877 -15.2004 18.7
      vertex -23.7871 -15.2 18.7
    endloop
  endfacet
  facet normal -0.5547 0.83205 0
    outer loop
      vertex -23.7877 -15.2004 18.7
      vertex -23.7871 -15.2 18.6
      vertex -23.7877 -15.2004 18.6
    endloop
  endfacet
  facet normal 0.587774 -0.809025 0
    outer loop
      vertex -22.8361 -16.5075 0
      vertex -22.4123 -16.1996 18.7
      vertex -22.8361 -16.5075 18.7
    endloop
  endfacet
  facet normal 0.587774 -0.809025 0
    outer loop
      vertex -22.4123 -16.1996 18.7
      vertex -22.8361 -16.5075 0
      vertex -22.4123 -16.1996 0
    endloop
  endfacet
  facet normal 0.951073 -0.308966 0
    outer loop
      vertex -22.4123 -16.1996 18.7
      vertex -22.25 -15.7 0
      vertex -22.25 -15.7 18.7
    endloop
  endfacet
  facet normal 0.951073 -0.308966 0
    outer loop
      vertex -22.25 -15.7 0
      vertex -22.4123 -16.1996 18.7
      vertex -22.4123 -16.1996 0
    endloop
  endfacet
  facet normal -0.951073 -0.308966 0
    outer loop
      vertex -23.7877 -16.1996 0
      vertex -23.95 -15.7 18.7
      vertex -23.95 -15.7 0
    endloop
  endfacet
  facet normal -0.951073 -0.308966 0
    outer loop
      vertex -23.95 -15.7 18.7
      vertex -23.7877 -16.1996 0
      vertex -23.7877 -16.1996 18.7
    endloop
  endfacet
  facet normal -0.587774 -0.809025 0
    outer loop
      vertex -23.7877 -16.1996 0
      vertex -23.3639 -16.5075 18.7
      vertex -23.7877 -16.1996 18.7
    endloop
  endfacet
  facet normal -0.587774 -0.809025 -0
    outer loop
      vertex -23.3639 -16.5075 18.7
      vertex -23.7877 -16.1996 0
      vertex -23.3639 -16.5075 0
    endloop
  endfacet
  facet normal 0.951073 0.308966 0
    outer loop
      vertex -20.3123 -15.2004 18.7
      vertex -20.15 -15.7 18.6
      vertex -20.3123 -15.2004 18.6
    endloop
  endfacet
  facet normal 0.951073 0.308966 0
    outer loop
      vertex -20.15 -15.7 18.7
      vertex -20.15 -15.7 18.6
      vertex -20.3123 -15.2004 18.7
    endloop
  endfacet
  facet normal 0 0 0
    outer loop
      vertex -20.15 -15.7 0
      vertex -20.15 -15.7 18.6
      vertex -20.15 -15.7 18.7
    endloop
  endfacet
  facet normal -0.951073 0.308966 0
    outer loop
      vertex -21.85 -15.7 18.6
      vertex -21.6877 -15.2004 18.7
      vertex -21.6877 -15.2004 18.6
    endloop
  endfacet
  facet normal -0.951073 0.308966 0
    outer loop
      vertex -21.85 -15.7 18.6
      vertex -21.85 -15.7 18.7
      vertex -21.6877 -15.2004 18.7
    endloop
  endfacet
  facet normal 0 0 0
    outer loop
      vertex -21.85 -15.7 18.7
      vertex -21.85 -15.7 18.6
      vertex -21.85 -15.7 0
    endloop
  endfacet
  facet normal 0.5547 0.83205 -0
    outer loop
      vertex -20.3123 -15.2004 18.6
      vertex -20.3129 -15.2 18.7
      vertex -20.3123 -15.2004 18.7
    endloop
  endfacet
  facet normal 0.5547 0.83205 0
    outer loop
      vertex -20.3129 -15.2 18.7
      vertex -20.3123 -15.2004 18.6
      vertex -20.3129 -15.2 18.6
    endloop
  endfacet
  facet normal 0 0 1
    outer loop
      vertex -20.3129 -15.2 18.7
      vertex -20.15 -15.7 18.7
      vertex -20.3123 -15.2004 18.7
    endloop
  endfacet
  facet normal 0 0 1
    outer loop
      vertex -20.15 -15.7 18.7
      vertex -20.3129 -15.2 18.7
      vertex -20.3123 -16.1996 18.7
    endloop
  endfacet
  facet normal 0 0 1
    outer loop
      vertex -20.3129 -15.2 18.7
      vertex -20.7361 -16.5075 18.7
      vertex -20.3123 -16.1996 18.7
    endloop
  endfacet
  facet normal 0 0 1
    outer loop
      vertex -20.3129 -15.2 18.7
      vertex -21.2639 -16.5075 18.7
      vertex -20.7361 -16.5075 18.7
    endloop
  endfacet
  facet normal -0 0 1
    outer loop
      vertex -21.6871 -15.2 18.7
      vertex -21.2639 -16.5075 18.7
      vertex -20.3129 -15.2 18.7
    endloop
  endfacet
  facet normal 0 0 1
    outer loop
      vertex -21.85 -15.7 18.7
      vertex -21.6871 -15.2 18.7
      vertex -21.6877 -15.2004 18.7
    endloop
  endfacet
  facet normal 0 0 1
    outer loop
      vertex -21.6871 -15.2 18.7
      vertex -21.6877 -16.1996 18.7
      vertex -21.2639 -16.5075 18.7
    endloop
  endfacet
  facet normal 0 0 1
    outer loop
      vertex -21.6871 -15.2 18.7
      vertex -21.85 -15.7 18.7
      vertex -21.6877 -16.1996 18.7
    endloop
  endfacet
  facet normal -0.5547 0.83205 0
    outer loop
      vertex -21.6871 -15.2 18.6
      vertex -21.6877 -15.2004 18.7
      vertex -21.6871 -15.2 18.7
    endloop
  endfacet
  facet normal -0.5547 0.83205 0
    outer loop
      vertex -21.6877 -15.2004 18.7
      vertex -21.6871 -15.2 18.6
      vertex -21.6877 -15.2004 18.6
    endloop
  endfacet
  facet normal -0.951073 -0.308966 0
    outer loop
      vertex -21.6877 -16.1996 0
      vertex -21.85 -15.7 18.7
      vertex -21.85 -15.7 0
    endloop
  endfacet
  facet normal -0.951073 -0.308966 0
    outer loop
      vertex -21.85 -15.7 18.7
      vertex -21.6877 -16.1996 0
      vertex -21.6877 -16.1996 18.7
    endloop
  endfacet
  facet normal 0.587774 -0.809025 0
    outer loop
      vertex -20.7361 -16.5075 0
      vertex -20.3123 -16.1996 18.7
      vertex -20.7361 -16.5075 18.7
    endloop
  endfacet
  facet normal 0.587774 -0.809025 0
    outer loop
      vertex -20.3123 -16.1996 18.7
      vertex -20.7361 -16.5075 0
      vertex -20.3123 -16.1996 0
    endloop
  endfacet
  facet normal -0.587774 -0.809025 0
    outer loop
      vertex -21.6877 -16.1996 0
      vertex -21.2639 -16.5075 18.7
      vertex -21.6877 -16.1996 18.7
    endloop
  endfacet
  facet normal -0.587774 -0.809025 -0
    outer loop
      vertex -21.2639 -16.5075 18.7
      vertex -21.6877 -16.1996 0
      vertex -21.2639 -16.5075 0
    endloop
  endfacet
  facet normal 0.951073 -0.308966 0
    outer loop
      vertex -20.3123 -16.1996 18.7
      vertex -20.15 -15.7 0
      vertex -20.15 -15.7 18.7
    endloop
  endfacet
  facet normal 0.951073 -0.308966 0
    outer loop
      vertex -20.15 -15.7 0
      vertex -20.3123 -16.1996 18.7
      vertex -20.3123 -16.1996 0
    endloop
  endfacet
  facet normal 0.951073 0.308966 0
    outer loop
      vertex -18.2123 -15.2004 18.7
      vertex -18.05 -15.7 18.6
      vertex -18.2123 -15.2004 18.6
    endloop
  endfacet
  facet normal 0.951073 0.308966 0
    outer loop
      vertex -18.05 -15.7 18.7
      vertex -18.05 -15.7 18.6
      vertex -18.2123 -15.2004 18.7
    endloop
  endfacet
  facet normal 0 0 0
    outer loop
      vertex -18.05 -15.7 0
      vertex -18.05 -15.7 18.6
      vertex -18.05 -15.7 18.7
    endloop
  endfacet
  facet normal -0.951073 0.308966 0
    outer loop
      vertex -19.75 -15.7 18.6
      vertex -19.5877 -15.2004 18.7
      vertex -19.5877 -15.2004 18.6
    endloop
  endfacet
  facet normal -0.951073 0.308966 0
    outer loop
      vertex -19.75 -15.7 18.6
      vertex -19.75 -15.7 18.7
      vertex -19.5877 -15.2004 18.7
    endloop
  endfacet
  facet normal 0 0 0
    outer loop
      vertex -19.75 -15.7 18.7
      vertex -19.75 -15.7 18.6
      vertex -19.75 -15.7 0
    endloop
  endfacet
  facet normal 0.5547 0.83205 -0
    outer loop
      vertex -18.2123 -15.2004 18.6
      vertex -18.2129 -15.2 18.7
      vertex -18.2123 -15.2004 18.7
    endloop
  endfacet
  facet normal 0.5547 0.83205 0
    outer loop
      vertex -18.2129 -15.2 18.7
      vertex -18.2123 -15.2004 18.6
      vertex -18.2129 -15.2 18.6
    endloop
  endfacet
  facet normal 0 0 1
    outer loop
      vertex -18.2129 -15.2 18.7
      vertex -18.05 -15.7 18.7
      vertex -18.2123 -15.2004 18.7
    endloop
  endfacet
  facet normal 0 0 1
    outer loop
      vertex -18.05 -15.7 18.7
      vertex -18.2129 -15.2 18.7
      vertex -18.2123 -16.1996 18.7
    endloop
  endfacet
  facet normal 0 0 1
    outer loop
      vertex -18.2129 -15.2 18.7
      vertex -18.6361 -16.5075 18.7
      vertex -18.2123 -16.1996 18.7
    endloop
  endfacet
  facet normal 0 0 1
    outer loop
      vertex -18.2129 -15.2 18.7
      vertex -19.1639 -16.5075 18.7
      vertex -18.6361 -16.5075 18.7
    endloop
  endfacet
  facet normal -0 0 1
    outer loop
      vertex -19.5871 -15.2 18.7
      vertex -19.1639 -16.5075 18.7
      vertex -18.2129 -15.2 18.7
    endloop
  endfacet
  facet normal 0 0 1
    outer loop
      vertex -19.75 -15.7 18.7
      vertex -19.5871 -15.2 18.7
      vertex -19.5877 -15.2004 18.7
    endloop
  endfacet
  facet normal 0 0 1
    outer loop
      vertex -19.5871 -15.2 18.7
      vertex -19.5877 -16.1996 18.7
      vertex -19.1639 -16.5075 18.7
    endloop
  endfacet
  facet normal 0 0 1
    outer loop
      vertex -19.5871 -15.2 18.7
      vertex -19.75 -15.7 18.7
      vertex -19.5877 -16.1996 18.7
    endloop
  endfacet
  facet normal -0.5547 0.83205 0
    outer loop
      vertex -19.5871 -15.2 18.6
      vertex -19.5877 -15.2004 18.7
      vertex -19.5871 -15.2 18.7
    endloop
  endfacet
  facet normal -0.5547 0.83205 0
    outer loop
      vertex -19.5877 -15.2004 18.7
      vertex -19.5871 -15.2 18.6
      vertex -19.5877 -15.2004 18.6
    endloop
  endfacet
  facet normal -0.951073 -0.308966 0
    outer loop
      vertex -19.5877 -16.1996 0
      vertex -19.75 -15.7 18.7
      vertex -19.75 -15.7 0
    endloop
  endfacet
  facet normal -0.951073 -0.308966 0
    outer loop
      vertex -19.75 -15.7 18.7
      vertex -19.5877 -16.1996 0
      vertex -19.5877 -16.1996 18.7
    endloop
  endfacet
  facet normal 0.587774 -0.809025 0
    outer loop
      vertex -18.6361 -16.5075 0
      vertex -18.2123 -16.1996 18.7
      vertex -18.6361 -16.5075 18.7
    endloop
  endfacet
  facet normal 0.587774 -0.809025 0
    outer loop
      vertex -18.2123 -16.1996 18.7
      vertex -18.6361 -16.5075 0
      vertex -18.2123 -16.1996 0
    endloop
  endfacet
  facet normal -0.587774 -0.809025 0
    outer loop
      vertex -19.5877 -16.1996 0
      vertex -19.1639 -16.5075 18.7
      vertex -19.5877 -16.1996 18.7
    endloop
  endfacet
  facet normal -0.587774 -0.809025 -0
    outer loop
      vertex -19.1639 -16.5075 18.7
      vertex -19.5877 -16.1996 0
      vertex -19.1639 -16.5075 0
    endloop
  endfacet
  facet normal 0.951073 -0.308966 0
    outer loop
      vertex -18.2123 -16.1996 18.7
      vertex -18.05 -15.7 0
      vertex -18.05 -15.7 18.7
    endloop
  endfacet
  facet normal 0.951073 -0.308966 0
    outer loop
      vertex -18.05 -15.7 0
      vertex -18.2123 -16.1996 18.7
      vertex -18.2123 -16.1996 0
    endloop
  endfacet
  facet normal 0.951073 0.308966 0
    outer loop
      vertex -16.1123 -15.2004 18.7
      vertex -15.95 -15.7 18.6
      vertex -16.1123 -15.2004 18.6
    endloop
  endfacet
  facet normal 0.951073 0.308966 0
    outer loop
      vertex -15.95 -15.7 18.7
      vertex -15.95 -15.7 18.6
      vertex -16.1123 -15.2004 18.7
    endloop
  endfacet
  facet normal 0 0 0
    outer loop
      vertex -15.95 -15.7 0
      vertex -15.95 -15.7 18.6
      vertex -15.95 -15.7 18.7
    endloop
  endfacet
  facet normal -0.951073 0.308966 0
    outer loop
      vertex -17.65 -15.7 18.6
      vertex -17.4877 -15.2004 18.7
      vertex -17.4877 -15.2004 18.6
    endloop
  endfacet
  facet normal -0.951073 0.308966 0
    outer loop
      vertex -17.65 -15.7 18.6
      vertex -17.65 -15.7 18.7
      vertex -17.4877 -15.2004 18.7
    endloop
  endfacet
  facet normal 0 0 0
    outer loop
      vertex -17.65 -15.7 18.7
      vertex -17.65 -15.7 18.6
      vertex -17.65 -15.7 0
    endloop
  endfacet
  facet normal 0.5547 0.83205 -0
    outer loop
      vertex -16.1123 -15.2004 18.6
      vertex -16.1129 -15.2 18.7
      vertex -16.1123 -15.2004 18.7
    endloop
  endfacet
  facet normal 0.5547 0.83205 0
    outer loop
      vertex -16.1129 -15.2 18.7
      vertex -16.1123 -15.2004 18.6
      vertex -16.1129 -15.2 18.6
    endloop
  endfacet
  facet normal 0 0 1
    outer loop
      vertex -16.1129 -15.2 18.7
      vertex -15.95 -15.7 18.7
      vertex -16.1123 -15.2004 18.7
    endloop
  endfacet
  facet normal 0 0 1
    outer loop
      vertex -15.95 -15.7 18.7
      vertex -16.1129 -15.2 18.7
      vertex -16.1123 -16.1996 18.7
    endloop
  endfacet
  facet normal 0 0 1
    outer loop
      vertex -16.1129 -15.2 18.7
      vertex -16.5361 -16.5075 18.7
      vertex -16.1123 -16.1996 18.7
    endloop
  endfacet
  facet normal 0 0 1
    outer loop
      vertex -16.1129 -15.2 18.7
      vertex -17.0639 -16.5075 18.7
      vertex -16.5361 -16.5075 18.7
    endloop
  endfacet
  facet normal -0 0 1
    outer loop
      vertex -17.4871 -15.2 18.7
      vertex -17.0639 -16.5075 18.7
      vertex -16.1129 -15.2 18.7
    endloop
  endfacet
  facet normal 0 0 1
    outer loop
      vertex -17.65 -15.7 18.7
      vertex -17.4871 -15.2 18.7
      vertex -17.4877 -15.2004 18.7
    endloop
  endfacet
  facet normal 0 0 1
    outer loop
      vertex -17.4871 -15.2 18.7
      vertex -17.4877 -16.1996 18.7
      vertex -17.0639 -16.5075 18.7
    endloop
  endfacet
  facet normal 0 0 1
    outer loop
      vertex -17.4871 -15.2 18.7
      vertex -17.65 -15.7 18.7
      vertex -17.4877 -16.1996 18.7
    endloop
  endfacet
  facet normal -0.5547 0.83205 0
    outer loop
      vertex -17.4871 -15.2 18.6
      vertex -17.4877 -15.2004 18.7
      vertex -17.4871 -15.2 18.7
    endloop
  endfacet
  facet normal -0.5547 0.83205 0
    outer loop
      vertex -17.4877 -15.2004 18.7
      vertex -17.4871 -15.2 18.6
      vertex -17.4877 -15.2004 18.6
    endloop
  endfacet
  facet normal 0.587774 -0.809025 0
    outer loop
      vertex -16.5361 -16.5075 0
      vertex -16.1123 -16.1996 18.7
      vertex -16.5361 -16.5075 18.7
    endloop
  endfacet
  facet normal 0.587774 -0.809025 0
    outer loop
      vertex -16.1123 -16.1996 18.7
      vertex -16.5361 -16.5075 0
      vertex -16.1123 -16.1996 0
    endloop
  endfacet
  facet normal -0.587774 -0.809025 0
    outer loop
      vertex -17.4877 -16.1996 0
      vertex -17.0639 -16.5075 18.7
      vertex -17.4877 -16.1996 18.7
    endloop
  endfacet
  facet normal -0.587774 -0.809025 -0
    outer loop
      vertex -17.0639 -16.5075 18.7
      vertex -17.4877 -16.1996 0
      vertex -17.0639 -16.5075 0
    endloop
  endfacet
  facet normal -0.951073 -0.308966 0
    outer loop
      vertex -17.4877 -16.1996 0
      vertex -17.65 -15.7 18.7
      vertex -17.65 -15.7 0
    endloop
  endfacet
  facet normal -0.951073 -0.308966 0
    outer loop
      vertex -17.65 -15.7 18.7
      vertex -17.4877 -16.1996 0
      vertex -17.4877 -16.1996 18.7
    endloop
  endfacet
  facet normal 0.951073 -0.308966 0
    outer loop
      vertex -16.1123 -16.1996 18.7
      vertex -15.95 -15.7 0
      vertex -15.95 -15.7 18.7
    endloop
  endfacet
  facet normal 0.951073 -0.308966 0
    outer loop
      vertex -15.95 -15.7 0
      vertex -16.1123 -16.1996 18.7
      vertex -16.1123 -16.1996 0
    endloop
  endfacet
  facet normal 0.951073 0.308966 0
    outer loop
      vertex -14.0123 -15.2004 18.7
      vertex -13.85 -15.7 18.6
      vertex -14.0123 -15.2004 18.6
    endloop
  endfacet
  facet normal 0.951073 0.308966 0
    outer loop
      vertex -13.85 -15.7 18.7
      vertex -13.85 -15.7 18.6
      vertex -14.0123 -15.2004 18.7
    endloop
  endfacet
  facet normal 0 0 0
    outer loop
      vertex -13.85 -15.7 16.1
      vertex -13.85 -15.7 18.6
      vertex -13.85 -15.7 18.7
    endloop
  endfacet
  facet normal -0.951073 0.308966 0
    outer loop
      vertex -15.55 -15.7 18.6
      vertex -15.3877 -15.2004 18.7
      vertex -15.3877 -15.2004 18.6
    endloop
  endfacet
  facet normal -0.951073 0.308966 0
    outer loop
      vertex -15.55 -15.7 18.6
      vertex -15.55 -15.7 18.7
      vertex -15.3877 -15.2004 18.7
    endloop
  endfacet
  facet normal 0 0 0
    outer loop
      vertex -15.55 -15.7 18.7
      vertex -15.55 -15.7 18.6
      vertex -15.55 -15.7 0
    endloop
  endfacet
  facet normal 0.5547 0.83205 -0
    outer loop
      vertex -14.0123 -15.2004 18.6
      vertex -14.0129 -15.2 18.7
      vertex -14.0123 -15.2004 18.7
    endloop
  endfacet
  facet normal 0.5547 0.83205 0
    outer loop
      vertex -14.0129 -15.2 18.7
      vertex -14.0123 -15.2004 18.6
      vertex -14.0129 -15.2 18.6
    endloop
  endfacet
  facet normal 0 0 1
    outer loop
      vertex -14.0129 -15.2 18.7
      vertex -13.85 -15.7 18.7
      vertex -14.0123 -15.2004 18.7
    endloop
  endfacet
  facet normal 0 0 1
    outer loop
      vertex -13.85 -15.7 18.7
      vertex -14.0129 -15.2 18.7
      vertex -14.0123 -16.1996 18.7
    endloop
  endfacet
  facet normal 0 0 1
    outer loop
      vertex -14.0129 -15.2 18.7
      vertex -14.4361 -16.5075 18.7
      vertex -14.0123 -16.1996 18.7
    endloop
  endfacet
  facet normal 0 0 1
    outer loop
      vertex -14.0129 -15.2 18.7
      vertex -14.9639 -16.5075 18.7
      vertex -14.4361 -16.5075 18.7
    endloop
  endfacet
  facet normal -0 0 1
    outer loop
      vertex -15.3871 -15.2 18.7
      vertex -14.9639 -16.5075 18.7
      vertex -14.0129 -15.2 18.7
    endloop
  endfacet
  facet normal 0 0 1
    outer loop
      vertex -15.55 -15.7 18.7
      vertex -15.3871 -15.2 18.7
      vertex -15.3877 -15.2004 18.7
    endloop
  endfacet
  facet normal 0 0 1
    outer loop
      vertex -15.3871 -15.2 18.7
      vertex -15.3877 -16.1996 18.7
      vertex -14.9639 -16.5075 18.7
    endloop
  endfacet
  facet normal 0 0 1
    outer loop
      vertex -15.3871 -15.2 18.7
      vertex -15.55 -15.7 18.7
      vertex -15.3877 -16.1996 18.7
    endloop
  endfacet
  facet normal -0.5547 0.83205 0
    outer loop
      vertex -15.3871 -15.2 18.6
      vertex -15.3877 -15.2004 18.7
      vertex -15.3871 -15.2 18.7
    endloop
  endfacet
  facet normal -0.5547 0.83205 0
    outer loop
      vertex -15.3877 -15.2004 18.7
      vertex -15.3871 -15.2 18.6
      vertex -15.3877 -15.2004 18.6
    endloop
  endfacet
  facet normal -0.951073 -0.308966 0
    outer loop
      vertex -15.3877 -16.1996 0
      vertex -15.55 -15.7 18.7
      vertex -15.55 -15.7 0
    endloop
  endfacet
  facet normal -0.951073 -0.308966 0
    outer loop
      vertex -15.55 -15.7 18.7
      vertex -15.3877 -16.1996 0
      vertex -15.3877 -16.1996 18.7
    endloop
  endfacet
  facet normal 0.587774 -0.809025 0
    outer loop
      vertex -14.4361 -16.5075 16.1
      vertex -14.0123 -16.1996 18.7
      vertex -14.4361 -16.5075 18.7
    endloop
  endfacet
  facet normal 0.587774 -0.809025 0
    outer loop
      vertex -14.0123 -16.1996 18.7
      vertex -14.4361 -16.5075 16.1
      vertex -14.0123 -16.1996 16.1
    endloop
  endfacet
  facet normal 0.587774 -0.809025 0
    outer loop
      vertex -14.4361 -16.5075 0
      vertex -14.0123 -16.1996 9.1
      vertex -14.4361 -16.5075 9.1
    endloop
  endfacet
  facet normal 0.587774 -0.809025 0
    outer loop
      vertex -14.0123 -16.1996 9.1
      vertex -14.4361 -16.5075 0
      vertex -14.0123 -16.1996 0
    endloop
  endfacet
  facet normal -0.587774 -0.809025 8.53901e-06
    outer loop
      vertex -15.3877 -16.1996 18.7
      vertex -15 -16.4813 16.1
      vertex -14.9639 -16.5075 18.7
    endloop
  endfacet
  facet normal -0.587812 -0.808998 0
    outer loop
      vertex -15.3877 -16.1996 18.7
      vertex -15 -16.4813 9.1
      vertex -15 -16.4813 16.1
    endloop
  endfacet
  facet normal -0.587812 -0.808998 0
    outer loop
      vertex -15.3877 -16.1996 0
      vertex -15 -16.4813 9.1
      vertex -15.3877 -16.1996 18.7
    endloop
  endfacet
  facet normal -0.587774 -0.809025 -2.43972e-06
    outer loop
      vertex -14.9639 -16.5075 0
      vertex -15 -16.4813 9.1
      vertex -15.3877 -16.1996 0
    endloop
  endfacet
  facet normal -0.587372 -0.809317 0
    outer loop
      vertex -15 -16.4813 9.1
      vertex -14.9639 -16.5075 0
      vertex -14.9639 -16.5075 9.1
    endloop
  endfacet
  facet normal -0.587372 -0.809317 -0
    outer loop
      vertex -14.9639 -16.5075 18.7
      vertex -15 -16.4813 16.1
      vertex -14.9639 -16.5075 16.1
    endloop
  endfacet
  facet normal 0.951073 -0.308966 0
    outer loop
      vertex -14.0123 -16.1996 18.7
      vertex -13.85 -15.7 16.1
      vertex -13.85 -15.7 18.7
    endloop
  endfacet
  facet normal 0.951073 -0.308966 0
    outer loop
      vertex -13.85 -15.7 16.1
      vertex -14.0123 -16.1996 18.7
      vertex -14.0123 -16.1996 16.1
    endloop
  endfacet
  facet normal 0.951073 -0.308966 0
    outer loop
      vertex -14.0123 -16.1996 9.1
      vertex -13.85 -15.7 0
      vertex -13.85 -15.7 9.1
    endloop
  endfacet
  facet normal 0.951073 -0.308966 0
    outer loop
      vertex -13.85 -15.7 0
      vertex -14.0123 -16.1996 9.1
      vertex -14.0123 -16.1996 0
    endloop
  endfacet
  facet normal 0.951073 0.308966 0
    outer loop
      vertex -11.9123 -15.2004 18.7
      vertex -11.75 -15.7 18.6
      vertex -11.9123 -15.2004 18.6
    endloop
  endfacet
  facet normal 0.951073 0.308966 0
    outer loop
      vertex -11.75 -15.7 18.7
      vertex -11.75 -15.7 18.6
      vertex -11.9123 -15.2004 18.7
    endloop
  endfacet
  facet normal 0 0 0
    outer loop
      vertex -11.75 -15.7 0
      vertex -11.75 -15.7 18.6
      vertex -11.75 -15.7 18.7
    endloop
  endfacet
  facet normal -0.951073 0.308966 0
    outer loop
      vertex -13.45 -15.7 18.6
      vertex -13.2877 -15.2004 18.7
      vertex -13.2877 -15.2004 18.6
    endloop
  endfacet
  facet normal -0.951073 0.308966 0
    outer loop
      vertex -13.45 -15.7 18.6
      vertex -13.45 -15.7 18.7
      vertex -13.2877 -15.2004 18.7
    endloop
  endfacet
  facet normal 0 0 0
    outer loop
      vertex -13.45 -15.7 18.7
      vertex -13.45 -15.7 18.6
      vertex -13.45 -15.7 16.1
    endloop
  endfacet
  facet normal 0.5547 0.83205 -0
    outer loop
      vertex -11.9123 -15.2004 18.6
      vertex -11.9129 -15.2 18.7
      vertex -11.9123 -15.2004 18.7
    endloop
  endfacet
  facet normal 0.5547 0.83205 0
    outer loop
      vertex -11.9129 -15.2 18.7
      vertex -11.9123 -15.2004 18.6
      vertex -11.9129 -15.2 18.6
    endloop
  endfacet
  facet normal 0 0 1
    outer loop
      vertex -11.9129 -15.2 18.7
      vertex -11.75 -15.7 18.7
      vertex -11.9123 -15.2004 18.7
    endloop
  endfacet
  facet normal 0 0 1
    outer loop
      vertex -11.75 -15.7 18.7
      vertex -11.9129 -15.2 18.7
      vertex -11.9123 -16.1996 18.7
    endloop
  endfacet
  facet normal 0 0 1
    outer loop
      vertex -11.9129 -15.2 18.7
      vertex -12.3361 -16.5075 18.7
      vertex -11.9123 -16.1996 18.7
    endloop
  endfacet
  facet normal 0 0 1
    outer loop
      vertex -11.9129 -15.2 18.7
      vertex -12.8639 -16.5075 18.7
      vertex -12.3361 -16.5075 18.7
    endloop
  endfacet
  facet normal -0 0 1
    outer loop
      vertex -13.2871 -15.2 18.7
      vertex -12.8639 -16.5075 18.7
      vertex -11.9129 -15.2 18.7
    endloop
  endfacet
  facet normal 0 0 1
    outer loop
      vertex -13.45 -15.7 18.7
      vertex -13.2871 -15.2 18.7
      vertex -13.2877 -15.2004 18.7
    endloop
  endfacet
  facet normal 0 0 1
    outer loop
      vertex -13.2871 -15.2 18.7
      vertex -13.2877 -16.1996 18.7
      vertex -12.8639 -16.5075 18.7
    endloop
  endfacet
  facet normal 0 0 1
    outer loop
      vertex -13.2871 -15.2 18.7
      vertex -13.45 -15.7 18.7
      vertex -13.2877 -16.1996 18.7
    endloop
  endfacet
  facet normal -0.5547 0.83205 0
    outer loop
      vertex -13.2871 -15.2 18.6
      vertex -13.2877 -15.2004 18.7
      vertex -13.2871 -15.2 18.7
    endloop
  endfacet
  facet normal -0.5547 0.83205 0
    outer loop
      vertex -13.2877 -15.2004 18.7
      vertex -13.2871 -15.2 18.6
      vertex -13.2877 -15.2004 18.6
    endloop
  endfacet
  facet normal 0.587774 -0.809025 0
    outer loop
      vertex -12.3361 -16.5075 0
      vertex -11.9123 -16.1996 18.7
      vertex -12.3361 -16.5075 18.7
    endloop
  endfacet
  facet normal 0.587774 -0.809025 0
    outer loop
      vertex -11.9123 -16.1996 18.7
      vertex -12.3361 -16.5075 0
      vertex -11.9123 -16.1996 0
    endloop
  endfacet
  facet normal 0.951073 -0.308966 0
    outer loop
      vertex -11.9123 -16.1996 18.7
      vertex -11.75 -15.7 0
      vertex -11.75 -15.7 18.7
    endloop
  endfacet
  facet normal 0.951073 -0.308966 0
    outer loop
      vertex -11.75 -15.7 0
      vertex -11.9123 -16.1996 18.7
      vertex -11.9123 -16.1996 0
    endloop
  endfacet
  facet normal -0.951073 -0.308966 0
    outer loop
      vertex -13.2877 -16.1996 16.1
      vertex -13.45 -15.7 18.7
      vertex -13.45 -15.7 16.1
    endloop
  endfacet
  facet normal -0.951073 -0.308966 0
    outer loop
      vertex -13.45 -15.7 18.7
      vertex -13.2877 -16.1996 16.1
      vertex -13.2877 -16.1996 18.7
    endloop
  endfacet
  facet normal -0.951073 -0.308966 0
    outer loop
      vertex -13.2877 -16.1996 0
      vertex -13.45 -15.7 9.1
      vertex -13.45 -15.7 0
    endloop
  endfacet
  facet normal -0.951073 -0.308966 0
    outer loop
      vertex -13.45 -15.7 9.1
      vertex -13.2877 -16.1996 0
      vertex -13.2877 -16.1996 9.1
    endloop
  endfacet
  facet normal -0.587737 -0.809052 -0
    outer loop
      vertex -13.2877 -16.1996 9.1
      vertex -13.2877 -16.1996 0
      vertex -13 -16.4086 9.1
    endloop
  endfacet
  facet normal -0.587737 -0.809052 0
    outer loop
      vertex -13 -16.4086 16.1
      vertex -13.2877 -16.1996 18.7
      vertex -13.2877 -16.1996 16.1
    endloop
  endfacet
  facet normal -0.587774 -0.809025 -6.33634e-06
    outer loop
      vertex -13.2877 -16.1996 18.7
      vertex -13 -16.4086 16.1
      vertex -12.8639 -16.5075 18.7
    endloop
  endfacet
  facet normal -0.587854 -0.808967 0
    outer loop
      vertex -13 -16.4086 9.1
      vertex -12.8639 -16.5075 18.7
      vertex -13 -16.4086 16.1
    endloop
  endfacet
  facet normal -0.587854 -0.808967 0
    outer loop
      vertex -13 -16.4086 9.1
      vertex -12.8639 -16.5075 0
      vertex -12.8639 -16.5075 18.7
    endloop
  endfacet
  facet normal -0.587774 -0.809025 1.81038e-06
    outer loop
      vertex -12.8639 -16.5075 0
      vertex -13 -16.4086 9.1
      vertex -13.2877 -16.1996 0
    endloop
  endfacet
  facet normal 0.951051 0.309034 0
    outer loop
      vertex -9.81234 -15.2004 18.7
      vertex -9.65 -15.7 18.6
      vertex -9.81234 -15.2004 18.6
    endloop
  endfacet
  facet normal 0.951051 0.309034 0
    outer loop
      vertex -9.65 -15.7 18.7
      vertex -9.65 -15.7 18.6
      vertex -9.81234 -15.2004 18.7
    endloop
  endfacet
  facet normal 0 0 0
    outer loop
      vertex -9.65 -15.7 0
      vertex -9.65 -15.7 18.6
      vertex -9.65 -15.7 18.7
    endloop
  endfacet
  facet normal -0.951073 0.308966 0
    outer loop
      vertex -11.35 -15.7 18.6
      vertex -11.1877 -15.2004 18.7
      vertex -11.1877 -15.2004 18.6
    endloop
  endfacet
  facet normal -0.951073 0.308966 0
    outer loop
      vertex -11.35 -15.7 18.6
      vertex -11.35 -15.7 18.7
      vertex -11.1877 -15.2004 18.7
    endloop
  endfacet
  facet normal 0 0 0
    outer loop
      vertex -11.35 -15.7 18.7
      vertex -11.35 -15.7 18.6
      vertex -11.35 -15.7 0
    endloop
  endfacet
  facet normal 0.602407 0.798189 -0
    outer loop
      vertex -9.81234 -15.2004 18.6
      vertex -9.81287 -15.2 18.7
      vertex -9.81234 -15.2004 18.7
    endloop
  endfacet
  facet normal 0.602407 0.798189 0
    outer loop
      vertex -9.81287 -15.2 18.7
      vertex -9.81234 -15.2004 18.6
      vertex -9.81287 -15.2 18.6
    endloop
  endfacet
  facet normal 0 0 1
    outer loop
      vertex -9.81287 -15.2 18.7
      vertex -9.65 -15.7 18.7
      vertex -9.81234 -15.2004 18.7
    endloop
  endfacet
  facet normal 0 0 1
    outer loop
      vertex -9.65 -15.7 18.7
      vertex -9.81287 -15.2 18.7
      vertex -9.81234 -16.1996 18.7
    endloop
  endfacet
  facet normal 0 0 1
    outer loop
      vertex -9.81287 -15.2 18.7
      vertex -10.2361 -16.5075 18.7
      vertex -9.81234 -16.1996 18.7
    endloop
  endfacet
  facet normal 0 0 1
    outer loop
      vertex -9.81287 -15.2 18.7
      vertex -10.7639 -16.5075 18.7
      vertex -10.2361 -16.5075 18.7
    endloop
  endfacet
  facet normal -0 0 1
    outer loop
      vertex -11.1871 -15.2 18.7
      vertex -10.7639 -16.5075 18.7
      vertex -9.81287 -15.2 18.7
    endloop
  endfacet
  facet normal 0 0 1
    outer loop
      vertex -11.35 -15.7 18.7
      vertex -11.1871 -15.2 18.7
      vertex -11.1877 -15.2004 18.7
    endloop
  endfacet
  facet normal 0 0 1
    outer loop
      vertex -11.1871 -15.2 18.7
      vertex -11.1877 -16.1996 18.7
      vertex -10.7639 -16.5075 18.7
    endloop
  endfacet
  facet normal 0 0 1
    outer loop
      vertex -11.1871 -15.2 18.7
      vertex -11.35 -15.7 18.7
      vertex -11.1877 -16.1996 18.7
    endloop
  endfacet
  facet normal -0.5547 0.83205 0
    outer loop
      vertex -11.1871 -15.2 18.6
      vertex -11.1877 -15.2004 18.7
      vertex -11.1871 -15.2 18.7
    endloop
  endfacet
  facet normal -0.5547 0.83205 0
    outer loop
      vertex -11.1877 -15.2004 18.7
      vertex -11.1871 -15.2 18.6
      vertex -11.1877 -15.2004 18.6
    endloop
  endfacet
  facet normal 0.587811 -0.808999 0
    outer loop
      vertex -10.2361 -16.5075 0
      vertex -9.81234 -16.1996 18.7
      vertex -10.2361 -16.5075 18.7
    endloop
  endfacet
  facet normal 0.587811 -0.808999 0
    outer loop
      vertex -9.81234 -16.1996 18.7
      vertex -10.2361 -16.5075 0
      vertex -9.81234 -16.1996 0
    endloop
  endfacet
  facet normal -0.587774 -0.809025 0
    outer loop
      vertex -11.1877 -16.1996 0
      vertex -10.7639 -16.5075 18.7
      vertex -11.1877 -16.1996 18.7
    endloop
  endfacet
  facet normal -0.587774 -0.809025 -0
    outer loop
      vertex -10.7639 -16.5075 18.7
      vertex -11.1877 -16.1996 0
      vertex -10.7639 -16.5075 0
    endloop
  endfacet
  facet normal -0.951073 -0.308966 0
    outer loop
      vertex -11.1877 -16.1996 0
      vertex -11.35 -15.7 18.7
      vertex -11.35 -15.7 0
    endloop
  endfacet
  facet normal -0.951073 -0.308966 0
    outer loop
      vertex -11.35 -15.7 18.7
      vertex -11.1877 -16.1996 0
      vertex -11.1877 -16.1996 18.7
    endloop
  endfacet
  facet normal 0.951051 -0.309034 0
    outer loop
      vertex -9.81234 -16.1996 18.7
      vertex -9.65 -15.7 0
      vertex -9.65 -15.7 18.7
    endloop
  endfacet
  facet normal 0.951051 -0.309034 0
    outer loop
      vertex -9.65 -15.7 0
      vertex -9.81234 -16.1996 18.7
      vertex -9.81234 -16.1996 0
    endloop
  endfacet
  facet normal 0.951056 0.309017 0
    outer loop
      vertex -7.71233 -15.2004 18.7
      vertex -7.55 -15.7 18.6
      vertex -7.71233 -15.2004 18.6
    endloop
  endfacet
  facet normal 0.951056 0.309017 0
    outer loop
      vertex -7.55 -15.7 18.7
      vertex -7.55 -15.7 18.6
      vertex -7.71233 -15.2004 18.7
    endloop
  endfacet
  facet normal 0 0 0
    outer loop
      vertex -7.55 -15.7 0
      vertex -7.55 -15.7 18.6
      vertex -7.55 -15.7 18.7
    endloop
  endfacet
  facet normal -0.951051 0.309034 0
    outer loop
      vertex -9.25 -15.7 18.6
      vertex -9.08766 -15.2004 18.7
      vertex -9.08766 -15.2004 18.6
    endloop
  endfacet
  facet normal -0.951051 0.309034 0
    outer loop
      vertex -9.25 -15.7 18.6
      vertex -9.25 -15.7 18.7
      vertex -9.08766 -15.2004 18.7
    endloop
  endfacet
  facet normal 0 0 0
    outer loop
      vertex -9.25 -15.7 18.7
      vertex -9.25 -15.7 18.6
      vertex -9.25 -15.7 0
    endloop
  endfacet
  facet normal 0.602407 0.798189 -0
    outer loop
      vertex -7.71233 -15.2004 18.6
      vertex -7.71286 -15.2 18.7
      vertex -7.71233 -15.2004 18.7
    endloop
  endfacet
  facet normal 0.602407 0.798189 0
    outer loop
      vertex -7.71286 -15.2 18.7
      vertex -7.71233 -15.2004 18.6
      vertex -7.71286 -15.2 18.6
    endloop
  endfacet
  facet normal 0 0 1
    outer loop
      vertex -7.71286 -15.2 18.7
      vertex -7.55 -15.7 18.7
      vertex -7.71233 -15.2004 18.7
    endloop
  endfacet
  facet normal 0 0 1
    outer loop
      vertex -7.55 -15.7 18.7
      vertex -7.71286 -15.2 18.7
      vertex -7.71233 -16.1996 18.7
    endloop
  endfacet
  facet normal 0 0 1
    outer loop
      vertex -7.71286 -15.2 18.7
      vertex -8.13609 -16.5075 18.7
      vertex -7.71233 -16.1996 18.7
    endloop
  endfacet
  facet normal 0 0 1
    outer loop
      vertex -7.71286 -15.2 18.7
      vertex -8.66391 -16.5075 18.7
      vertex -8.13609 -16.5075 18.7
    endloop
  endfacet
  facet normal -0 0 1
    outer loop
      vertex -9.08713 -15.2 18.7
      vertex -8.66391 -16.5075 18.7
      vertex -7.71286 -15.2 18.7
    endloop
  endfacet
  facet normal 0 0 1
    outer loop
      vertex -9.25 -15.7 18.7
      vertex -9.08713 -15.2 18.7
      vertex -9.08766 -15.2004 18.7
    endloop
  endfacet
  facet normal 0 0 1
    outer loop
      vertex -9.08713 -15.2 18.7
      vertex -9.08766 -16.1996 18.7
      vertex -8.66391 -16.5075 18.7
    endloop
  endfacet
  facet normal 0 0 1
    outer loop
      vertex -9.08713 -15.2 18.7
      vertex -9.25 -15.7 18.7
      vertex -9.08766 -16.1996 18.7
    endloop
  endfacet
  facet normal -0.602407 0.798189 0
    outer loop
      vertex -9.08713 -15.2 18.6
      vertex -9.08766 -15.2004 18.7
      vertex -9.08713 -15.2 18.7
    endloop
  endfacet
  facet normal -0.602407 0.798189 0
    outer loop
      vertex -9.08766 -15.2004 18.7
      vertex -9.08713 -15.2 18.6
      vertex -9.08766 -15.2004 18.6
    endloop
  endfacet
  facet normal -0.951051 -0.309034 0
    outer loop
      vertex -9.08766 -16.1996 0
      vertex -9.25 -15.7 18.7
      vertex -9.25 -15.7 0
    endloop
  endfacet
  facet normal -0.951051 -0.309034 0
    outer loop
      vertex -9.25 -15.7 18.7
      vertex -9.08766 -16.1996 0
      vertex -9.08766 -16.1996 18.7
    endloop
  endfacet
  facet normal 0.587811 -0.808999 0
    outer loop
      vertex -8.13609 -16.5075 0
      vertex -7.71233 -16.1996 18.7
      vertex -8.13609 -16.5075 18.7
    endloop
  endfacet
  facet normal 0.587811 -0.808999 0
    outer loop
      vertex -7.71233 -16.1996 18.7
      vertex -8.13609 -16.5075 0
      vertex -7.71233 -16.1996 0
    endloop
  endfacet
  facet normal -0.58782 -0.808992 0
    outer loop
      vertex -9.08766 -16.1996 0
      vertex -8.66391 -16.5075 18.7
      vertex -9.08766 -16.1996 18.7
    endloop
  endfacet
  facet normal -0.58782 -0.808992 -0
    outer loop
      vertex -8.66391 -16.5075 18.7
      vertex -9.08766 -16.1996 0
      vertex -8.66391 -16.5075 0
    endloop
  endfacet
  facet normal 0.951056 -0.309017 0
    outer loop
      vertex -7.71233 -16.1996 18.7
      vertex -7.55 -15.7 0
      vertex -7.55 -15.7 18.7
    endloop
  endfacet
  facet normal 0.951056 -0.309017 0
    outer loop
      vertex -7.55 -15.7 0
      vertex -7.71233 -16.1996 18.7
      vertex -7.71233 -16.1996 0
    endloop
  endfacet
  facet normal 0.951051 0.309034 0
    outer loop
      vertex -5.61234 -15.2004 18.7
      vertex -5.45 -15.7 18.6
      vertex -5.61234 -15.2004 18.6
    endloop
  endfacet
  facet normal 0.951051 0.309034 0
    outer loop
      vertex -5.45 -15.7 18.7
      vertex -5.45 -15.7 18.6
      vertex -5.61234 -15.2004 18.7
    endloop
  endfacet
  facet normal 0 0 0
    outer loop
      vertex -5.45 -15.7 0
      vertex -5.45 -15.7 18.6
      vertex -5.45 -15.7 18.7
    endloop
  endfacet
  facet normal -0.951051 0.309034 0
    outer loop
      vertex -7.15 -15.7 18.6
      vertex -6.98766 -15.2004 18.7
      vertex -6.98766 -15.2004 18.6
    endloop
  endfacet
  facet normal -0.951051 0.309034 0
    outer loop
      vertex -7.15 -15.7 18.6
      vertex -7.15 -15.7 18.7
      vertex -6.98766 -15.2004 18.7
    endloop
  endfacet
  facet normal 0 0 0
    outer loop
      vertex -7.15 -15.7 18.7
      vertex -7.15 -15.7 18.6
      vertex -7.15 -15.7 0
    endloop
  endfacet
  facet normal 0.602407 0.798189 -0
    outer loop
      vertex -5.61234 -15.2004 18.6
      vertex -5.61287 -15.2 18.7
      vertex -5.61234 -15.2004 18.7
    endloop
  endfacet
  facet normal 0.602407 0.798189 0
    outer loop
      vertex -5.61287 -15.2 18.7
      vertex -5.61234 -15.2004 18.6
      vertex -5.61287 -15.2 18.6
    endloop
  endfacet
  facet normal 0 0 1
    outer loop
      vertex -5.61287 -15.2 18.7
      vertex -5.45 -15.7 18.7
      vertex -5.61234 -15.2004 18.7
    endloop
  endfacet
  facet normal 0 0 1
    outer loop
      vertex -5.45 -15.7 18.7
      vertex -5.61287 -15.2 18.7
      vertex -5.61234 -16.1996 18.7
    endloop
  endfacet
  facet normal 0 0 1
    outer loop
      vertex -5.61287 -15.2 18.7
      vertex -6.03609 -16.5075 18.7
      vertex -5.61234 -16.1996 18.7
    endloop
  endfacet
  facet normal 0 0 1
    outer loop
      vertex -5.61287 -15.2 18.7
      vertex -6.56391 -16.5075 18.7
      vertex -6.03609 -16.5075 18.7
    endloop
  endfacet
  facet normal -0 0 1
    outer loop
      vertex -6.98713 -15.2 18.7
      vertex -6.56391 -16.5075 18.7
      vertex -5.61287 -15.2 18.7
    endloop
  endfacet
  facet normal 0 0 1
    outer loop
      vertex -7.15 -15.7 18.7
      vertex -6.98713 -15.2 18.7
      vertex -6.98766 -15.2004 18.7
    endloop
  endfacet
  facet normal 0 0 1
    outer loop
      vertex -6.98713 -15.2 18.7
      vertex -6.98766 -16.1996 18.7
      vertex -6.56391 -16.5075 18.7
    endloop
  endfacet
  facet normal 0 0 1
    outer loop
      vertex -6.98713 -15.2 18.7
      vertex -7.15 -15.7 18.7
      vertex -6.98766 -16.1996 18.7
    endloop
  endfacet
  facet normal -0.602407 0.798189 0
    outer loop
      vertex -6.98713 -15.2 18.6
      vertex -6.98766 -15.2004 18.7
      vertex -6.98713 -15.2 18.7
    endloop
  endfacet
  facet normal -0.602407 0.798189 0
    outer loop
      vertex -6.98766 -15.2004 18.7
      vertex -6.98713 -15.2 18.6
      vertex -6.98766 -15.2004 18.6
    endloop
  endfacet
  facet normal -0.951051 -0.309034 0
    outer loop
      vertex -6.98766 -16.1996 0
      vertex -7.15 -15.7 18.7
      vertex -7.15 -15.7 0
    endloop
  endfacet
  facet normal -0.951051 -0.309034 0
    outer loop
      vertex -7.15 -15.7 18.7
      vertex -6.98766 -16.1996 0
      vertex -6.98766 -16.1996 18.7
    endloop
  endfacet
  facet normal 0.58782 -0.808992 0
    outer loop
      vertex -6.03609 -16.5075 0
      vertex -5.61234 -16.1996 18.7
      vertex -6.03609 -16.5075 18.7
    endloop
  endfacet
  facet normal 0.58782 -0.808992 0
    outer loop
      vertex -5.61234 -16.1996 18.7
      vertex -6.03609 -16.5075 0
      vertex -5.61234 -16.1996 0
    endloop
  endfacet
  facet normal 0.951051 -0.309034 0
    outer loop
      vertex -5.61234 -16.1996 18.7
      vertex -5.45 -15.7 0
      vertex -5.45 -15.7 18.7
    endloop
  endfacet
  facet normal 0.951051 -0.309034 0
    outer loop
      vertex -5.45 -15.7 0
      vertex -5.61234 -16.1996 18.7
      vertex -5.61234 -16.1996 0
    endloop
  endfacet
  facet normal -0.58782 -0.808992 0
    outer loop
      vertex -6.98766 -16.1996 0
      vertex -6.56391 -16.5075 18.7
      vertex -6.98766 -16.1996 18.7
    endloop
  endfacet
  facet normal -0.58782 -0.808992 -0
    outer loop
      vertex -6.56391 -16.5075 18.7
      vertex -6.98766 -16.1996 0
      vertex -6.56391 -16.5075 0
    endloop
  endfacet
  facet normal 0.951056 0.309017 0
    outer loop
      vertex -3.51233 -15.2004 18.7
      vertex -3.35 -15.7 18.6
      vertex -3.51233 -15.2004 18.6
    endloop
  endfacet
  facet normal 0.951056 0.309017 0
    outer loop
      vertex -3.35 -15.7 18.7
      vertex -3.35 -15.7 18.6
      vertex -3.51233 -15.2004 18.7
    endloop
  endfacet
  facet normal 0 0 0
    outer loop
      vertex -3.35 -15.7 0
      vertex -3.35 -15.7 18.6
      vertex -3.35 -15.7 18.7
    endloop
  endfacet
  facet normal -0.951051 0.309034 0
    outer loop
      vertex -5.05 -15.7 18.6
      vertex -4.88766 -15.2004 18.7
      vertex -4.88766 -15.2004 18.6
    endloop
  endfacet
  facet normal -0.951051 0.309034 0
    outer loop
      vertex -5.05 -15.7 18.6
      vertex -5.05 -15.7 18.7
      vertex -4.88766 -15.2004 18.7
    endloop
  endfacet
  facet normal 0 0 0
    outer loop
      vertex -5.05 -15.7 18.7
      vertex -5.05 -15.7 18.6
      vertex -5.05 -15.7 0
    endloop
  endfacet
  facet normal 0.595228 0.803557 -0
    outer loop
      vertex -3.51233 -15.2004 18.6
      vertex -3.51287 -15.2 18.7
      vertex -3.51233 -15.2004 18.7
    endloop
  endfacet
  facet normal 0.595228 0.803557 0
    outer loop
      vertex -3.51287 -15.2 18.7
      vertex -3.51233 -15.2004 18.6
      vertex -3.51287 -15.2 18.6
    endloop
  endfacet
  facet normal 0 0 1
    outer loop
      vertex -3.51287 -15.2 18.7
      vertex -3.35 -15.7 18.7
      vertex -3.51233 -15.2004 18.7
    endloop
  endfacet
  facet normal 0 0 1
    outer loop
      vertex -3.35 -15.7 18.7
      vertex -3.51287 -15.2 18.7
      vertex -3.51233 -16.1996 18.7
    endloop
  endfacet
  facet normal 0 0 1
    outer loop
      vertex -3.51287 -15.2 18.7
      vertex -3.93609 -16.5075 18.7
      vertex -3.51233 -16.1996 18.7
    endloop
  endfacet
  facet normal 0 0 1
    outer loop
      vertex -3.51287 -15.2 18.7
      vertex -4.46391 -16.5075 18.7
      vertex -3.93609 -16.5075 18.7
    endloop
  endfacet
  facet normal -0 0 1
    outer loop
      vertex -4.88713 -15.2 18.7
      vertex -4.46391 -16.5075 18.7
      vertex -3.51287 -15.2 18.7
    endloop
  endfacet
  facet normal 0 0 1
    outer loop
      vertex -5.05 -15.7 18.7
      vertex -4.88713 -15.2 18.7
      vertex -4.88766 -15.2004 18.7
    endloop
  endfacet
  facet normal 0 0 1
    outer loop
      vertex -4.88713 -15.2 18.7
      vertex -4.88766 -16.1996 18.7
      vertex -4.46391 -16.5075 18.7
    endloop
  endfacet
  facet normal 0 0 1
    outer loop
      vertex -4.88713 -15.2 18.7
      vertex -5.05 -15.7 18.7
      vertex -4.88766 -16.1996 18.7
    endloop
  endfacet
  facet normal -0.602407 0.798189 0
    outer loop
      vertex -4.88713 -15.2 18.6
      vertex -4.88766 -15.2004 18.7
      vertex -4.88713 -15.2 18.7
    endloop
  endfacet
  facet normal -0.602407 0.798189 0
    outer loop
      vertex -4.88766 -15.2004 18.7
      vertex -4.88713 -15.2 18.6
      vertex -4.88766 -15.2004 18.6
    endloop
  endfacet
  facet normal -0.951051 -0.309034 0
    outer loop
      vertex -4.88766 -16.1996 0
      vertex -5.05 -15.7 18.7
      vertex -5.05 -15.7 0
    endloop
  endfacet
  facet normal -0.951051 -0.309034 0
    outer loop
      vertex -5.05 -15.7 18.7
      vertex -4.88766 -16.1996 0
      vertex -4.88766 -16.1996 18.7
    endloop
  endfacet
  facet normal 0.587811 -0.808999 0
    outer loop
      vertex -3.93609 -16.5075 0
      vertex -3.51233 -16.1996 18.7
      vertex -3.93609 -16.5075 18.7
    endloop
  endfacet
  facet normal 0.587811 -0.808999 0
    outer loop
      vertex -3.51233 -16.1996 18.7
      vertex -3.93609 -16.5075 0
      vertex -3.51233 -16.1996 0
    endloop
  endfacet
  facet normal -0.58782 -0.808992 0
    outer loop
      vertex -4.88766 -16.1996 0
      vertex -4.46391 -16.5075 18.7
      vertex -4.88766 -16.1996 18.7
    endloop
  endfacet
  facet normal -0.58782 -0.808992 -0
    outer loop
      vertex -4.46391 -16.5075 18.7
      vertex -4.88766 -16.1996 0
      vertex -4.46391 -16.5075 0
    endloop
  endfacet
  facet normal 0.951056 -0.309017 0
    outer loop
      vertex -3.51233 -16.1996 18.7
      vertex -3.35 -15.7 0
      vertex -3.35 -15.7 18.7
    endloop
  endfacet
  facet normal 0.951056 -0.309017 0
    outer loop
      vertex -3.35 -15.7 0
      vertex -3.51233 -16.1996 18.7
      vertex -3.51233 -16.1996 0
    endloop
  endfacet
  facet normal 0.951051 0.309034 0
    outer loop
      vertex -1.41234 -15.2004 18.7
      vertex -1.25 -15.7 18.6
      vertex -1.41234 -15.2004 18.6
    endloop
  endfacet
  facet normal 0.951051 0.309034 0
    outer loop
      vertex -1.25 -15.7 18.7
      vertex -1.25 -15.7 18.6
      vertex -1.41234 -15.2004 18.7
    endloop
  endfacet
  facet normal 0 0 0
    outer loop
      vertex -1.25 -15.7 13.6
      vertex -1.25 -15.7 18.6
      vertex -1.25 -15.7 18.7
    endloop
  endfacet
  facet normal -0.951051 0.309034 0
    outer loop
      vertex -2.95 -15.7 18.6
      vertex -2.78766 -15.2004 18.7
      vertex -2.78766 -15.2004 18.6
    endloop
  endfacet
  facet normal -0.951051 0.309034 0
    outer loop
      vertex -2.95 -15.7 18.6
      vertex -2.95 -15.7 18.7
      vertex -2.78766 -15.2004 18.7
    endloop
  endfacet
  facet normal 0 0 0
    outer loop
      vertex -2.95 -15.7 18.7
      vertex -2.95 -15.7 18.6
      vertex -2.95 -15.7 0
    endloop
  endfacet
  facet normal 0.602407 0.798189 -0
    outer loop
      vertex -1.41234 -15.2004 18.6
      vertex -1.41287 -15.2 18.7
      vertex -1.41234 -15.2004 18.7
    endloop
  endfacet
  facet normal 0.602407 0.798189 0
    outer loop
      vertex -1.41287 -15.2 18.7
      vertex -1.41234 -15.2004 18.6
      vertex -1.41287 -15.2 18.6
    endloop
  endfacet
  facet normal 0 0 1
    outer loop
      vertex -1.41287 -15.2 18.7
      vertex -1.25 -15.7 18.7
      vertex -1.41234 -15.2004 18.7
    endloop
  endfacet
  facet normal 0 0 1
    outer loop
      vertex -1.25 -15.7 18.7
      vertex -1.41287 -15.2 18.7
      vertex -1.41234 -16.1996 18.7
    endloop
  endfacet
  facet normal 0 0 1
    outer loop
      vertex -1.41287 -15.2 18.7
      vertex -1.83609 -16.5075 18.7
      vertex -1.41234 -16.1996 18.7
    endloop
  endfacet
  facet normal 0 0 1
    outer loop
      vertex -1.41287 -15.2 18.7
      vertex -2.36391 -16.5075 18.7
      vertex -1.83609 -16.5075 18.7
    endloop
  endfacet
  facet normal -0 0 1
    outer loop
      vertex -2.78713 -15.2 18.7
      vertex -2.36391 -16.5075 18.7
      vertex -1.41287 -15.2 18.7
    endloop
  endfacet
  facet normal 0 0 1
    outer loop
      vertex -2.95 -15.7 18.7
      vertex -2.78713 -15.2 18.7
      vertex -2.78766 -15.2004 18.7
    endloop
  endfacet
  facet normal 0 0 1
    outer loop
      vertex -2.78713 -15.2 18.7
      vertex -2.78766 -16.1996 18.7
      vertex -2.36391 -16.5075 18.7
    endloop
  endfacet
  facet normal 0 0 1
    outer loop
      vertex -2.78713 -15.2 18.7
      vertex -2.95 -15.7 18.7
      vertex -2.78766 -16.1996 18.7
    endloop
  endfacet
  facet normal -0.602407 0.798189 0
    outer loop
      vertex -2.78713 -15.2 18.6
      vertex -2.78766 -15.2004 18.7
      vertex -2.78713 -15.2 18.7
    endloop
  endfacet
  facet normal -0.602407 0.798189 0
    outer loop
      vertex -2.78766 -15.2004 18.7
      vertex -2.78713 -15.2 18.6
      vertex -2.78766 -15.2004 18.6
    endloop
  endfacet
  facet normal 0.58782 -0.808992 0
    outer loop
      vertex -1.83609 -16.5075 13.6
      vertex -1.41234 -16.1996 18.7
      vertex -1.83609 -16.5075 18.7
    endloop
  endfacet
  facet normal 0.58782 -0.808992 0
    outer loop
      vertex -1.41234 -16.1996 18.7
      vertex -1.83609 -16.5075 13.6
      vertex -1.41234 -16.1996 13.6
    endloop
  endfacet
  facet normal 0.58782 -0.808992 0
    outer loop
      vertex -1.83609 -16.5075 0
      vertex -1.41234 -16.1996 11
      vertex -1.83609 -16.5075 11
    endloop
  endfacet
  facet normal 0.58782 -0.808992 0
    outer loop
      vertex -1.41234 -16.1996 11
      vertex -1.83609 -16.5075 0
      vertex -1.41234 -16.1996 0
    endloop
  endfacet
  facet normal 0.951051 -0.309034 0
    outer loop
      vertex -1.41234 -16.1996 18.7
      vertex -1.25 -15.7 13.6
      vertex -1.25 -15.7 18.7
    endloop
  endfacet
  facet normal 0.951051 -0.309034 0
    outer loop
      vertex -1.25 -15.7 13.6
      vertex -1.41234 -16.1996 18.7
      vertex -1.41234 -16.1996 13.6
    endloop
  endfacet
  facet normal 0.951034 -0.309086 0
    outer loop
      vertex -1.25 -15.7 11
      vertex -1.31318 -15.8944 2.1
      vertex -1.25 -15.7 2.1
    endloop
  endfacet
  facet normal 0.951051 -0.309034 -1.24741e-06
    outer loop
      vertex -1.41234 -16.1996 11
      vertex -1.31318 -15.8944 2.1
      vertex -1.25 -15.7 11
    endloop
  endfacet
  facet normal 0.951062 -0.309002 0
    outer loop
      vertex -1.41234 -16.1996 0
      vertex -1.31318 -15.8944 2.1
      vertex -1.41234 -16.1996 11
    endloop
  endfacet
  facet normal 0.951062 -0.309002 0
    outer loop
      vertex -1.31318 -15.8944 2.1
      vertex -1.41234 -16.1996 0
      vertex -1.31318 -15.8944 0
    endloop
  endfacet
  facet normal -0.58782 -0.808992 -2.53202e-06
    outer loop
      vertex -2.78766 -16.1996 18.7
      vertex -2.5 -16.4086 13.6
      vertex -2.36391 -16.5075 18.7
    endloop
  endfacet
  facet normal -0.58779 -0.809013 0
    outer loop
      vertex -2.78766 -16.1996 18.7
      vertex -2.5 -16.4086 11
      vertex -2.5 -16.4086 13.6
    endloop
  endfacet
  facet normal -0.58779 -0.809013 0
    outer loop
      vertex -2.78766 -16.1996 0
      vertex -2.5 -16.4086 11
      vertex -2.78766 -16.1996 18.7
    endloop
  endfacet
  facet normal -0.58782 -0.808992 1.17394e-06
    outer loop
      vertex -2.36391 -16.5075 0
      vertex -2.5 -16.4086 11
      vertex -2.78766 -16.1996 0
    endloop
  endfacet
  facet normal -0.587882 -0.808947 0
    outer loop
      vertex -2.5 -16.4086 11
      vertex -2.36391 -16.5075 0
      vertex -2.36391 -16.5075 11
    endloop
  endfacet
  facet normal -0.587882 -0.808947 -0
    outer loop
      vertex -2.36391 -16.5075 18.7
      vertex -2.5 -16.4086 13.6
      vertex -2.36391 -16.5075 13.6
    endloop
  endfacet
  facet normal -0.951051 -0.309034 0
    outer loop
      vertex -2.78766 -16.1996 0
      vertex -2.95 -15.7 18.7
      vertex -2.95 -15.7 0
    endloop
  endfacet
  facet normal -0.951051 -0.309034 0
    outer loop
      vertex -2.95 -15.7 18.7
      vertex -2.78766 -16.1996 0
      vertex -2.78766 -16.1996 18.7
    endloop
  endfacet
  facet normal 0.951054 0.309024 0
    outer loop
      vertex 0.687664 -15.2004 18.7
      vertex 0.849998 -15.7 18.6
      vertex 0.687664 -15.2004 18.6
    endloop
  endfacet
  facet normal 0.951054 0.309026 -9.51054e-06
    outer loop
      vertex 0.849999 -15.7 18.7
      vertex 0.849998 -15.7 18.6
      vertex 0.687664 -15.2004 18.7
    endloop
  endfacet
  facet normal 0 1 -0
    outer loop
      vertex 0.849999 -15.7 16.1
      vertex 0.849998 -15.7 18.6
      vertex 0.849999 -15.7 18.7
    endloop
  endfacet
  facet normal 0 1 0
    outer loop
      vertex 0.849998 -15.7 18.6
      vertex 0.849999 -15.7 16.1
      vertex 0.849998 -15.7 16.1
    endloop
  endfacet
  facet normal 0 1 0
    outer loop
      vertex 0.849999 -15.7 9.1
      vertex 0.849998 -15.7 2.1
      vertex 0.849998 -15.7 9.1
    endloop
  endfacet
  facet normal 0 1 0
    outer loop
      vertex 0.849998 -15.7 2.1
      vertex 0.849999 -15.7 9.1
      vertex 0.849999 -15.7 2.1
    endloop
  endfacet
  facet normal 0 1 -0
    outer loop
      vertex -0.849998 -15.7 16.1
      vertex -0.849999 -15.7 16.1
      vertex -0.849998 -15.7 18.6
    endloop
  endfacet
  facet normal -0.951054 0.309024 0
    outer loop
      vertex -0.849998 -15.7 18.6
      vertex -0.687664 -15.2004 18.7
      vertex -0.687664 -15.2004 18.6
    endloop
  endfacet
  facet normal -0.951054 0.309026 -9.51054e-06
    outer loop
      vertex -0.849998 -15.7 18.6
      vertex -0.849999 -15.7 18.7
      vertex -0.687664 -15.2004 18.7
    endloop
  endfacet
  facet normal 0 1 0
    outer loop
      vertex -0.849999 -15.7 18.7
      vertex -0.849998 -15.7 18.6
      vertex -0.849999 -15.7 16.1
    endloop
  endfacet
  facet normal 0 1 0
    outer loop
      vertex -0.849999 -15.7 2.1
      vertex -0.849998 -15.7 9.1
      vertex -0.849998 -15.7 2.1
    endloop
  endfacet
  facet normal 0 1 0
    outer loop
      vertex -0.849998 -15.7 9.1
      vertex -0.849999 -15.7 2.1
      vertex -0.849999 -15.7 9.1
    endloop
  endfacet
  facet normal 0.602407 0.798189 -0
    outer loop
      vertex 0.687664 -15.2004 18.6
      vertex 0.687134 -15.2 18.7
      vertex 0.687664 -15.2004 18.7
    endloop
  endfacet
  facet normal 0.602407 0.798189 0
    outer loop
      vertex 0.687134 -15.2 18.7
      vertex 0.687664 -15.2004 18.6
      vertex 0.687134 -15.2 18.6
    endloop
  endfacet
  facet normal 0 0 1
    outer loop
      vertex 0.687134 -15.2 18.7
      vertex 0.849999 -15.7 18.7
      vertex 0.687664 -15.2004 18.7
    endloop
  endfacet
  facet normal 0 0 1
    outer loop
      vertex 0.849999 -15.7 18.7
      vertex 0.687134 -15.2 18.7
      vertex 0.687664 -16.1996 18.7
    endloop
  endfacet
  facet normal 0 0 1
    outer loop
      vertex 0.687134 -15.2 18.7
      vertex 0.26391 -16.5075 18.7
      vertex 0.687664 -16.1996 18.7
    endloop
  endfacet
  facet normal 0 0 1
    outer loop
      vertex 0.687134 -15.2 18.7
      vertex -0.26391 -16.5075 18.7
      vertex 0.26391 -16.5075 18.7
    endloop
  endfacet
  facet normal -0 0 1
    outer loop
      vertex -0.687134 -15.2 18.7
      vertex -0.26391 -16.5075 18.7
      vertex 0.687134 -15.2 18.7
    endloop
  endfacet
  facet normal 0 0 1
    outer loop
      vertex -0.849999 -15.7 18.7
      vertex -0.687134 -15.2 18.7
      vertex -0.687664 -15.2004 18.7
    endloop
  endfacet
  facet normal 0 0 1
    outer loop
      vertex -0.687134 -15.2 18.7
      vertex -0.687664 -16.1996 18.7
      vertex -0.26391 -16.5075 18.7
    endloop
  endfacet
  facet normal 0 0 1
    outer loop
      vertex -0.687134 -15.2 18.7
      vertex -0.849999 -15.7 18.7
      vertex -0.687664 -16.1996 18.7
    endloop
  endfacet
  facet normal -0.602407 0.798189 0
    outer loop
      vertex -0.687134 -15.2 18.6
      vertex -0.687664 -15.2004 18.7
      vertex -0.687134 -15.2 18.7
    endloop
  endfacet
  facet normal -0.602407 0.798189 0
    outer loop
      vertex -0.687664 -15.2004 18.7
      vertex -0.687134 -15.2 18.6
      vertex -0.687664 -15.2004 18.6
    endloop
  endfacet
  facet normal 0.951054 -0.309026 0
    outer loop
      vertex 0.687664 -16.1996 18.7
      vertex 0.849999 -15.7 16.1
      vertex 0.849999 -15.7 18.7
    endloop
  endfacet
  facet normal 0.951054 -0.309026 0
    outer loop
      vertex 0.849999 -15.7 16.1
      vertex 0.687664 -16.1996 18.7
      vertex 0.687664 -16.1996 16.1
    endloop
  endfacet
  facet normal 0.951054 -0.309026 0
    outer loop
      vertex 0.687664 -16.1996 9.1
      vertex 0.849999 -15.7 2.1
      vertex 0.849999 -15.7 9.1
    endloop
  endfacet
  facet normal 0.951054 -0.309026 0
    outer loop
      vertex 0.849999 -15.7 2.1
      vertex 0.687664 -16.1996 9.1
      vertex 0.687664 -16.1996 2.1
    endloop
  endfacet
  facet normal 0.587816 -0.808995 0
    outer loop
      vertex 0.26391 -16.5075 16.1
      vertex 0.687664 -16.1996 18.7
      vertex 0.26391 -16.5075 18.7
    endloop
  endfacet
  facet normal 0.587816 -0.808995 0
    outer loop
      vertex 0.687664 -16.1996 18.7
      vertex 0.26391 -16.5075 16.1
      vertex 0.687664 -16.1996 16.1
    endloop
  endfacet
  facet normal 0.587816 -0.808995 0
    outer loop
      vertex 0.26391 -16.5075 2.1
      vertex 0.687664 -16.1996 9.1
      vertex 0.26391 -16.5075 9.1
    endloop
  endfacet
  facet normal 0.587816 -0.808995 0
    outer loop
      vertex 0.687664 -16.1996 9.1
      vertex 0.26391 -16.5075 2.1
      vertex 0.687664 -16.1996 2.1
    endloop
  endfacet
  facet normal -0.587816 -0.808995 0
    outer loop
      vertex -0.687664 -16.1996 16.1
      vertex -0.26391 -16.5075 18.7
      vertex -0.687664 -16.1996 18.7
    endloop
  endfacet
  facet normal -0.587816 -0.808995 -0
    outer loop
      vertex -0.26391 -16.5075 18.7
      vertex -0.687664 -16.1996 16.1
      vertex -0.26391 -16.5075 16.1
    endloop
  endfacet
  facet normal -0.587816 -0.808995 0
    outer loop
      vertex -0.687664 -16.1996 2.1
      vertex -0.26391 -16.5075 9.1
      vertex -0.687664 -16.1996 9.1
    endloop
  endfacet
  facet normal -0.587816 -0.808995 -0
    outer loop
      vertex -0.26391 -16.5075 9.1
      vertex -0.687664 -16.1996 2.1
      vertex -0.26391 -16.5075 2.1
    endloop
  endfacet
  facet normal -0.951054 -0.309026 0
    outer loop
      vertex -0.687664 -16.1996 16.1
      vertex -0.849999 -15.7 18.7
      vertex -0.849999 -15.7 16.1
    endloop
  endfacet
  facet normal -0.951054 -0.309026 0
    outer loop
      vertex -0.849999 -15.7 18.7
      vertex -0.687664 -16.1996 16.1
      vertex -0.687664 -16.1996 18.7
    endloop
  endfacet
  facet normal -0.951054 -0.309026 0
    outer loop
      vertex -0.687664 -16.1996 2.1
      vertex -0.849999 -15.7 9.1
      vertex -0.849999 -15.7 2.1
    endloop
  endfacet
  facet normal -0.951054 -0.309026 0
    outer loop
      vertex -0.849999 -15.7 9.1
      vertex -0.687664 -16.1996 2.1
      vertex -0.687664 -16.1996 9.1
    endloop
  endfacet
  facet normal 0.951051 0.309034 0
    outer loop
      vertex 2.78766 -15.2004 18.7
      vertex 2.95 -15.7 18.6
      vertex 2.78766 -15.2004 18.6
    endloop
  endfacet
  facet normal 0.951051 0.309034 0
    outer loop
      vertex 2.95 -15.7 18.7
      vertex 2.95 -15.7 18.6
      vertex 2.78766 -15.2004 18.7
    endloop
  endfacet
  facet normal 0 0 0
    outer loop
      vertex 2.95 -15.7 13.6
      vertex 2.95 -15.7 18.6
      vertex 2.95 -15.7 18.7
    endloop
  endfacet
  facet normal -0.951051 0.309034 0
    outer loop
      vertex 1.25 -15.7 18.6
      vertex 1.41234 -15.2004 18.7
      vertex 1.41234 -15.2004 18.6
    endloop
  endfacet
  facet normal -0.951051 0.309034 0
    outer loop
      vertex 1.25 -15.7 18.6
      vertex 1.25 -15.7 18.7
      vertex 1.41234 -15.2004 18.7
    endloop
  endfacet
  facet normal 0 0 0
    outer loop
      vertex 1.25 -15.7 18.7
      vertex 1.25 -15.7 18.6
      vertex 1.25 -15.7 13.6
    endloop
  endfacet
  facet normal 0.602407 0.798189 -0
    outer loop
      vertex 2.78766 -15.2004 18.6
      vertex 2.78713 -15.2 18.7
      vertex 2.78766 -15.2004 18.7
    endloop
  endfacet
  facet normal 0.602407 0.798189 0
    outer loop
      vertex 2.78713 -15.2 18.7
      vertex 2.78766 -15.2004 18.6
      vertex 2.78713 -15.2 18.6
    endloop
  endfacet
  facet normal 0 0 1
    outer loop
      vertex 2.78713 -15.2 18.7
      vertex 2.95 -15.7 18.7
      vertex 2.78766 -15.2004 18.7
    endloop
  endfacet
  facet normal 0 0 1
    outer loop
      vertex 2.95 -15.7 18.7
      vertex 2.78713 -15.2 18.7
      vertex 2.78766 -16.1996 18.7
    endloop
  endfacet
  facet normal 0 0 1
    outer loop
      vertex 2.78713 -15.2 18.7
      vertex 2.36391 -16.5075 18.7
      vertex 2.78766 -16.1996 18.7
    endloop
  endfacet
  facet normal 0 0 1
    outer loop
      vertex 2.78713 -15.2 18.7
      vertex 1.83609 -16.5075 18.7
      vertex 2.36391 -16.5075 18.7
    endloop
  endfacet
  facet normal -0 0 1
    outer loop
      vertex 1.41287 -15.2 18.7
      vertex 1.83609 -16.5075 18.7
      vertex 2.78713 -15.2 18.7
    endloop
  endfacet
  facet normal 0 0 1
    outer loop
      vertex 1.25 -15.7 18.7
      vertex 1.41287 -15.2 18.7
      vertex 1.41234 -15.2004 18.7
    endloop
  endfacet
  facet normal 0 0 1
    outer loop
      vertex 1.41287 -15.2 18.7
      vertex 1.41234 -16.1996 18.7
      vertex 1.83609 -16.5075 18.7
    endloop
  endfacet
  facet normal 0 0 1
    outer loop
      vertex 1.41287 -15.2 18.7
      vertex 1.25 -15.7 18.7
      vertex 1.41234 -16.1996 18.7
    endloop
  endfacet
  facet normal -0.602407 0.798189 0
    outer loop
      vertex 1.41287 -15.2 18.6
      vertex 1.41234 -15.2004 18.7
      vertex 1.41287 -15.2 18.7
    endloop
  endfacet
  facet normal -0.602407 0.798189 0
    outer loop
      vertex 1.41234 -15.2004 18.7
      vertex 1.41287 -15.2 18.6
      vertex 1.41234 -15.2004 18.6
    endloop
  endfacet
  facet normal -0.951051 -0.309034 0
    outer loop
      vertex 1.41234 -16.1996 13.6
      vertex 1.25 -15.7 18.7
      vertex 1.25 -15.7 13.6
    endloop
  endfacet
  facet normal -0.951051 -0.309034 0
    outer loop
      vertex 1.25 -15.7 18.7
      vertex 1.41234 -16.1996 13.6
      vertex 1.41234 -16.1996 18.7
    endloop
  endfacet
  facet normal -0.951062 -0.309002 0
    outer loop
      vertex 1.31318 -15.8944 0
      vertex 1.41234 -16.1996 0
      vertex 1.31318 -15.8944 2.1
    endloop
  endfacet
  facet normal -0.951034 -0.309086 0
    outer loop
      vertex 1.31318 -15.8944 2.1
      vertex 1.25 -15.7 11
      vertex 1.25 -15.7 2.1
    endloop
  endfacet
  facet normal -0.951062 -0.309002 -0
    outer loop
      vertex 1.41234 -16.1996 11
      vertex 1.31318 -15.8944 2.1
      vertex 1.41234 -16.1996 0
    endloop
  endfacet
  facet normal -0.951051 -0.309034 -1.24741e-06
    outer loop
      vertex 1.31318 -15.8944 2.1
      vertex 1.41234 -16.1996 11
      vertex 1.25 -15.7 11
    endloop
  endfacet
  facet normal 0.58782 -0.808992 0
    outer loop
      vertex 2.36391 -16.5075 13.6
      vertex 2.78766 -16.1996 18.7
      vertex 2.36391 -16.5075 18.7
    endloop
  endfacet
  facet normal 0.58782 -0.808992 0
    outer loop
      vertex 2.78766 -16.1996 18.7
      vertex 2.36391 -16.5075 13.6
      vertex 2.78766 -16.1996 13.6
    endloop
  endfacet
  facet normal 0.58782 -0.808992 0
    outer loop
      vertex 2.36391 -16.5075 0
      vertex 2.78766 -16.1996 11
      vertex 2.36391 -16.5075 11
    endloop
  endfacet
  facet normal 0.58782 -0.808992 0
    outer loop
      vertex 2.78766 -16.1996 11
      vertex 2.36391 -16.5075 0
      vertex 2.78766 -16.1996 0
    endloop
  endfacet
  facet normal 0.951051 -0.309034 0
    outer loop
      vertex 2.78766 -16.1996 18.7
      vertex 2.95 -15.7 13.6
      vertex 2.95 -15.7 18.7
    endloop
  endfacet
  facet normal 0.951051 -0.309034 0
    outer loop
      vertex 2.95 -15.7 13.6
      vertex 2.78766 -16.1996 18.7
      vertex 2.78766 -16.1996 13.6
    endloop
  endfacet
  facet normal 0.951051 -0.309034 0
    outer loop
      vertex 2.78766 -16.1996 11
      vertex 2.95 -15.7 0
      vertex 2.95 -15.7 11
    endloop
  endfacet
  facet normal 0.951051 -0.309034 0
    outer loop
      vertex 2.95 -15.7 0
      vertex 2.78766 -16.1996 11
      vertex 2.78766 -16.1996 0
    endloop
  endfacet
  facet normal -0.58782 -0.808992 0
    outer loop
      vertex 1.41234 -16.1996 13.6
      vertex 1.83609 -16.5075 18.7
      vertex 1.41234 -16.1996 18.7
    endloop
  endfacet
  facet normal -0.58782 -0.808992 -0
    outer loop
      vertex 1.83609 -16.5075 18.7
      vertex 1.41234 -16.1996 13.6
      vertex 1.83609 -16.5075 13.6
    endloop
  endfacet
  facet normal -0.58782 -0.808992 0
    outer loop
      vertex 1.41234 -16.1996 0
      vertex 1.83609 -16.5075 11
      vertex 1.41234 -16.1996 11
    endloop
  endfacet
  facet normal -0.58782 -0.808992 -0
    outer loop
      vertex 1.83609 -16.5075 11
      vertex 1.41234 -16.1996 0
      vertex 1.83609 -16.5075 0
    endloop
  endfacet
  facet normal 0.951051 0.309034 0
    outer loop
      vertex 4.88766 -15.2004 18.7
      vertex 5.05 -15.7 18.6
      vertex 4.88766 -15.2004 18.6
    endloop
  endfacet
  facet normal 0.951051 0.309034 0
    outer loop
      vertex 5.05 -15.7 18.7
      vertex 5.05 -15.7 18.6
      vertex 4.88766 -15.2004 18.7
    endloop
  endfacet
  facet normal 0 0 0
    outer loop
      vertex 5.05 -15.7 13.6
      vertex 5.05 -15.7 18.6
      vertex 5.05 -15.7 18.7
    endloop
  endfacet
  facet normal -0.951056 0.309017 0
    outer loop
      vertex 3.35 -15.7 18.6
      vertex 3.51233 -15.2004 18.7
      vertex 3.51233 -15.2004 18.6
    endloop
  endfacet
  facet normal -0.951056 0.309017 0
    outer loop
      vertex 3.35 -15.7 18.6
      vertex 3.35 -15.7 18.7
      vertex 3.51233 -15.2004 18.7
    endloop
  endfacet
  facet normal 0 0 0
    outer loop
      vertex 3.35 -15.7 18.7
      vertex 3.35 -15.7 18.6
      vertex 3.35 -15.7 13.6
    endloop
  endfacet
  facet normal 0.602407 0.798189 -0
    outer loop
      vertex 4.88766 -15.2004 18.6
      vertex 4.88713 -15.2 18.7
      vertex 4.88766 -15.2004 18.7
    endloop
  endfacet
  facet normal 0.602407 0.798189 0
    outer loop
      vertex 4.88713 -15.2 18.7
      vertex 4.88766 -15.2004 18.6
      vertex 4.88713 -15.2 18.6
    endloop
  endfacet
  facet normal 0 0 1
    outer loop
      vertex 4.88713 -15.2 18.7
      vertex 5.05 -15.7 18.7
      vertex 4.88766 -15.2004 18.7
    endloop
  endfacet
  facet normal 0 0 1
    outer loop
      vertex 5.05 -15.7 18.7
      vertex 4.88713 -15.2 18.7
      vertex 4.88766 -16.1996 18.7
    endloop
  endfacet
  facet normal 0 0 1
    outer loop
      vertex 4.88713 -15.2 18.7
      vertex 4.46391 -16.5075 18.7
      vertex 4.88766 -16.1996 18.7
    endloop
  endfacet
  facet normal 0 0 1
    outer loop
      vertex 4.88713 -15.2 18.7
      vertex 3.93609 -16.5075 18.7
      vertex 4.46391 -16.5075 18.7
    endloop
  endfacet
  facet normal -0 0 1
    outer loop
      vertex 3.51287 -15.2 18.7
      vertex 3.93609 -16.5075 18.7
      vertex 4.88713 -15.2 18.7
    endloop
  endfacet
  facet normal 0 0 1
    outer loop
      vertex 3.35 -15.7 18.7
      vertex 3.51287 -15.2 18.7
      vertex 3.51233 -15.2004 18.7
    endloop
  endfacet
  facet normal 0 0 1
    outer loop
      vertex 3.51287 -15.2 18.7
      vertex 3.51233 -16.1996 18.7
      vertex 3.93609 -16.5075 18.7
    endloop
  endfacet
  facet normal 0 0 1
    outer loop
      vertex 3.51287 -15.2 18.7
      vertex 3.35 -15.7 18.7
      vertex 3.51233 -16.1996 18.7
    endloop
  endfacet
  facet normal -0.595228 0.803557 0
    outer loop
      vertex 3.51287 -15.2 18.6
      vertex 3.51233 -15.2004 18.7
      vertex 3.51287 -15.2 18.7
    endloop
  endfacet
  facet normal -0.595228 0.803557 0
    outer loop
      vertex 3.51233 -15.2004 18.7
      vertex 3.51287 -15.2 18.6
      vertex 3.51233 -15.2004 18.6
    endloop
  endfacet
  facet normal -0.951056 -0.309017 0
    outer loop
      vertex 3.51233 -16.1996 13.6
      vertex 3.35 -15.7 18.7
      vertex 3.35 -15.7 13.6
    endloop
  endfacet
  facet normal -0.951056 -0.309017 0
    outer loop
      vertex 3.35 -15.7 18.7
      vertex 3.51233 -16.1996 13.6
      vertex 3.51233 -16.1996 18.7
    endloop
  endfacet
  facet normal -0.951056 -0.309017 0
    outer loop
      vertex 3.51233 -16.1996 0
      vertex 3.35 -15.7 11
      vertex 3.35 -15.7 0
    endloop
  endfacet
  facet normal -0.951056 -0.309017 0
    outer loop
      vertex 3.35 -15.7 11
      vertex 3.51233 -16.1996 0
      vertex 3.51233 -16.1996 11
    endloop
  endfacet
  facet normal 0.58782 -0.808992 0
    outer loop
      vertex 4.46391 -16.5075 13.6
      vertex 4.88766 -16.1996 18.7
      vertex 4.46391 -16.5075 18.7
    endloop
  endfacet
  facet normal 0.58782 -0.808992 0
    outer loop
      vertex 4.88766 -16.1996 18.7
      vertex 4.46391 -16.5075 13.6
      vertex 4.88766 -16.1996 13.6
    endloop
  endfacet
  facet normal 0.58782 -0.808992 0
    outer loop
      vertex 4.46391 -16.5075 0
      vertex 4.88766 -16.1996 11
      vertex 4.46391 -16.5075 11
    endloop
  endfacet
  facet normal 0.58782 -0.808992 0
    outer loop
      vertex 4.88766 -16.1996 11
      vertex 4.46391 -16.5075 0
      vertex 4.88766 -16.1996 0
    endloop
  endfacet
  facet normal -0.587811 -0.808999 0
    outer loop
      vertex 3.51233 -16.1996 13.6
      vertex 3.93609 -16.5075 18.7
      vertex 3.51233 -16.1996 18.7
    endloop
  endfacet
  facet normal -0.587811 -0.808999 -0
    outer loop
      vertex 3.93609 -16.5075 18.7
      vertex 3.51233 -16.1996 13.6
      vertex 3.93609 -16.5075 13.6
    endloop
  endfacet
  facet normal -0.587811 -0.808999 0
    outer loop
      vertex 3.51233 -16.1996 0
      vertex 3.93609 -16.5075 11
      vertex 3.51233 -16.1996 11
    endloop
  endfacet
  facet normal -0.587811 -0.808999 -0
    outer loop
      vertex 3.93609 -16.5075 11
      vertex 3.51233 -16.1996 0
      vertex 3.93609 -16.5075 0
    endloop
  endfacet
  facet normal 0.951051 -0.309034 0
    outer loop
      vertex 4.88766 -16.1996 18.7
      vertex 5.05 -15.7 13.6
      vertex 5.05 -15.7 18.7
    endloop
  endfacet
  facet normal 0.951051 -0.309034 0
    outer loop
      vertex 5.05 -15.7 13.6
      vertex 4.88766 -16.1996 18.7
      vertex 4.88766 -16.1996 13.6
    endloop
  endfacet
  facet normal 0.951051 -0.309034 0
    outer loop
      vertex 4.88766 -16.1996 11
      vertex 5.05 -15.7 0
      vertex 5.05 -15.7 11
    endloop
  endfacet
  facet normal 0.951051 -0.309034 0
    outer loop
      vertex 5.05 -15.7 0
      vertex 4.88766 -16.1996 11
      vertex 4.88766 -16.1996 0
    endloop
  endfacet
  facet normal 0.951051 0.309034 0
    outer loop
      vertex 6.98766 -15.2004 18.7
      vertex 7.15 -15.7 18.6
      vertex 6.98766 -15.2004 18.6
    endloop
  endfacet
  facet normal 0.951051 0.309034 0
    outer loop
      vertex 7.15 -15.7 18.7
      vertex 7.15 -15.7 18.6
      vertex 6.98766 -15.2004 18.7
    endloop
  endfacet
  facet normal 0 0 0
    outer loop
      vertex 7.15 -15.7 13.6
      vertex 7.15 -15.7 18.6
      vertex 7.15 -15.7 18.7
    endloop
  endfacet
  facet normal -0.951051 0.309034 0
    outer loop
      vertex 5.45 -15.7 18.6
      vertex 5.61234 -15.2004 18.7
      vertex 5.61234 -15.2004 18.6
    endloop
  endfacet
  facet normal -0.951051 0.309034 0
    outer loop
      vertex 5.45 -15.7 18.6
      vertex 5.45 -15.7 18.7
      vertex 5.61234 -15.2004 18.7
    endloop
  endfacet
  facet normal 0 0 0
    outer loop
      vertex 5.45 -15.7 18.7
      vertex 5.45 -15.7 18.6
      vertex 5.45 -15.7 13.6
    endloop
  endfacet
  facet normal 0.602407 0.798189 -0
    outer loop
      vertex 6.98766 -15.2004 18.6
      vertex 6.98713 -15.2 18.7
      vertex 6.98766 -15.2004 18.7
    endloop
  endfacet
  facet normal 0.602407 0.798189 0
    outer loop
      vertex 6.98713 -15.2 18.7
      vertex 6.98766 -15.2004 18.6
      vertex 6.98713 -15.2 18.6
    endloop
  endfacet
  facet normal 0 0 1
    outer loop
      vertex 6.98713 -15.2 18.7
      vertex 7.15 -15.7 18.7
      vertex 6.98766 -15.2004 18.7
    endloop
  endfacet
  facet normal 0 0 1
    outer loop
      vertex 7.15 -15.7 18.7
      vertex 6.98713 -15.2 18.7
      vertex 6.98766 -16.1996 18.7
    endloop
  endfacet
  facet normal 0 0 1
    outer loop
      vertex 6.98713 -15.2 18.7
      vertex 6.56391 -16.5075 18.7
      vertex 6.98766 -16.1996 18.7
    endloop
  endfacet
  facet normal 0 0 1
    outer loop
      vertex 6.98713 -15.2 18.7
      vertex 6.03609 -16.5075 18.7
      vertex 6.56391 -16.5075 18.7
    endloop
  endfacet
  facet normal -0 0 1
    outer loop
      vertex 5.61287 -15.2 18.7
      vertex 6.03609 -16.5075 18.7
      vertex 6.98713 -15.2 18.7
    endloop
  endfacet
  facet normal 0 0 1
    outer loop
      vertex 5.45 -15.7 18.7
      vertex 5.61287 -15.2 18.7
      vertex 5.61234 -15.2004 18.7
    endloop
  endfacet
  facet normal 0 0 1
    outer loop
      vertex 5.61287 -15.2 18.7
      vertex 5.61234 -16.1996 18.7
      vertex 6.03609 -16.5075 18.7
    endloop
  endfacet
  facet normal 0 0 1
    outer loop
      vertex 5.61287 -15.2 18.7
      vertex 5.45 -15.7 18.7
      vertex 5.61234 -16.1996 18.7
    endloop
  endfacet
  facet normal -0.602407 0.798189 0
    outer loop
      vertex 5.61287 -15.2 18.6
      vertex 5.61234 -15.2004 18.7
      vertex 5.61287 -15.2 18.7
    endloop
  endfacet
  facet normal -0.602407 0.798189 0
    outer loop
      vertex 5.61234 -15.2004 18.7
      vertex 5.61287 -15.2 18.6
      vertex 5.61234 -15.2004 18.6
    endloop
  endfacet
  facet normal -0.951051 -0.309034 0
    outer loop
      vertex 5.61234 -16.1996 13.6
      vertex 5.45 -15.7 18.7
      vertex 5.45 -15.7 13.6
    endloop
  endfacet
  facet normal -0.951051 -0.309034 0
    outer loop
      vertex 5.45 -15.7 18.7
      vertex 5.61234 -16.1996 13.6
      vertex 5.61234 -16.1996 18.7
    endloop
  endfacet
  facet normal -0.951051 -0.309034 0
    outer loop
      vertex 5.61234 -16.1996 0
      vertex 5.45 -15.7 11
      vertex 5.45 -15.7 0
    endloop
  endfacet
  facet normal -0.951051 -0.309034 0
    outer loop
      vertex 5.45 -15.7 11
      vertex 5.61234 -16.1996 0
      vertex 5.61234 -16.1996 11
    endloop
  endfacet
  facet normal 0.58782 -0.808992 0
    outer loop
      vertex 6.56391 -16.5075 13.6
      vertex 6.98766 -16.1996 18.7
      vertex 6.56391 -16.5075 18.7
    endloop
  endfacet
  facet normal 0.58782 -0.808992 0
    outer loop
      vertex 6.98766 -16.1996 18.7
      vertex 6.56391 -16.5075 13.6
      vertex 6.98766 -16.1996 13.6
    endloop
  endfacet
  facet normal 0.58782 -0.808992 0
    outer loop
      vertex 6.56391 -16.5075 0
      vertex 6.98766 -16.1996 11
      vertex 6.56391 -16.5075 11
    endloop
  endfacet
  facet normal 0.58782 -0.808992 0
    outer loop
      vertex 6.98766 -16.1996 11
      vertex 6.56391 -16.5075 0
      vertex 6.98766 -16.1996 0
    endloop
  endfacet
  facet normal 0.951051 -0.309034 0
    outer loop
      vertex 6.98766 -16.1996 18.7
      vertex 7.15 -15.7 13.6
      vertex 7.15 -15.7 18.7
    endloop
  endfacet
  facet normal 0.951051 -0.309034 0
    outer loop
      vertex 7.15 -15.7 13.6
      vertex 6.98766 -16.1996 18.7
      vertex 6.98766 -16.1996 13.6
    endloop
  endfacet
  facet normal 0.951051 -0.309034 0
    outer loop
      vertex 6.98766 -16.1996 11
      vertex 7.15 -15.7 0
      vertex 7.15 -15.7 11
    endloop
  endfacet
  facet normal 0.951051 -0.309034 0
    outer loop
      vertex 7.15 -15.7 0
      vertex 6.98766 -16.1996 11
      vertex 6.98766 -16.1996 0
    endloop
  endfacet
  facet normal -0.58782 -0.808992 0
    outer loop
      vertex 5.61234 -16.1996 13.6
      vertex 6.03609 -16.5075 18.7
      vertex 5.61234 -16.1996 18.7
    endloop
  endfacet
  facet normal -0.58782 -0.808992 -0
    outer loop
      vertex 6.03609 -16.5075 18.7
      vertex 5.61234 -16.1996 13.6
      vertex 6.03609 -16.5075 13.6
    endloop
  endfacet
  facet normal -0.58782 -0.808992 0
    outer loop
      vertex 5.61234 -16.1996 0
      vertex 6.03609 -16.5075 11
      vertex 5.61234 -16.1996 11
    endloop
  endfacet
  facet normal -0.58782 -0.808992 -0
    outer loop
      vertex 6.03609 -16.5075 11
      vertex 5.61234 -16.1996 0
      vertex 6.03609 -16.5075 0
    endloop
  endfacet
  facet normal 0.951051 0.309034 0
    outer loop
      vertex 9.08766 -15.2004 18.7
      vertex 9.25 -15.7 18.6
      vertex 9.08766 -15.2004 18.6
    endloop
  endfacet
  facet normal 0.951051 0.309034 0
    outer loop
      vertex 9.25 -15.7 18.7
      vertex 9.25 -15.7 18.6
      vertex 9.08766 -15.2004 18.7
    endloop
  endfacet
  facet normal 0 0 0
    outer loop
      vertex 9.25 -15.7 13.6
      vertex 9.25 -15.7 18.6
      vertex 9.25 -15.7 18.7
    endloop
  endfacet
  facet normal -0.602407 0.798189 0
    outer loop
      vertex 7.71286 -15.2 18.6
      vertex 7.71233 -15.2004 18.7
      vertex 7.71286 -15.2 18.7
    endloop
  endfacet
  facet normal -0.602407 0.798189 0
    outer loop
      vertex 7.71233 -15.2004 18.7
      vertex 7.71286 -15.2 18.6
      vertex 7.71233 -15.2004 18.6
    endloop
  endfacet
  facet normal 0.602407 0.798189 -0
    outer loop
      vertex 9.08766 -15.2004 18.6
      vertex 9.08713 -15.2 18.7
      vertex 9.08766 -15.2004 18.7
    endloop
  endfacet
  facet normal 0.602407 0.798189 0
    outer loop
      vertex 9.08713 -15.2 18.7
      vertex 9.08766 -15.2004 18.6
      vertex 9.08713 -15.2 18.6
    endloop
  endfacet
  facet normal 0 0 1
    outer loop
      vertex 9.08713 -15.2 18.7
      vertex 9.25 -15.7 18.7
      vertex 9.08766 -15.2004 18.7
    endloop
  endfacet
  facet normal 0 0 1
    outer loop
      vertex 9.25 -15.7 18.7
      vertex 9.08713 -15.2 18.7
      vertex 9.08766 -16.1996 18.7
    endloop
  endfacet
  facet normal 0 0 1
    outer loop
      vertex 9.08713 -15.2 18.7
      vertex 8.66391 -16.5075 18.7
      vertex 9.08766 -16.1996 18.7
    endloop
  endfacet
  facet normal 0 0 1
    outer loop
      vertex 9.08713 -15.2 18.7
      vertex 8.13609 -16.5075 18.7
      vertex 8.66391 -16.5075 18.7
    endloop
  endfacet
  facet normal -0 0 1
    outer loop
      vertex 7.71286 -15.2 18.7
      vertex 8.13609 -16.5075 18.7
      vertex 9.08713 -15.2 18.7
    endloop
  endfacet
  facet normal 0 0 1
    outer loop
      vertex 7.55 -15.7 18.7
      vertex 7.71286 -15.2 18.7
      vertex 7.71233 -15.2004 18.7
    endloop
  endfacet
  facet normal 0 0 1
    outer loop
      vertex 7.71286 -15.2 18.7
      vertex 7.71233 -16.1996 18.7
      vertex 8.13609 -16.5075 18.7
    endloop
  endfacet
  facet normal 0 0 1
    outer loop
      vertex 7.71286 -15.2 18.7
      vertex 7.55 -15.7 18.7
      vertex 7.71233 -16.1996 18.7
    endloop
  endfacet
  facet normal -0.951056 0.309017 0
    outer loop
      vertex 7.55 -15.7 18.6
      vertex 7.71233 -15.2004 18.7
      vertex 7.71233 -15.2004 18.6
    endloop
  endfacet
  facet normal -0.951056 0.309017 0
    outer loop
      vertex 7.55 -15.7 18.6
      vertex 7.55 -15.7 18.7
      vertex 7.71233 -15.2004 18.7
    endloop
  endfacet
  facet normal 0 0 0
    outer loop
      vertex 7.55 -15.7 18.7
      vertex 7.55 -15.7 18.6
      vertex 7.55 -15.7 13.6
    endloop
  endfacet
  facet normal -0.951056 -0.309017 0
    outer loop
      vertex 7.71233 -16.1996 13.6
      vertex 7.55 -15.7 18.7
      vertex 7.55 -15.7 13.6
    endloop
  endfacet
  facet normal -0.951056 -0.309017 0
    outer loop
      vertex 7.55 -15.7 18.7
      vertex 7.71233 -16.1996 13.6
      vertex 7.71233 -16.1996 18.7
    endloop
  endfacet
  facet normal -0.951056 -0.309017 0
    outer loop
      vertex 7.71233 -16.1996 0
      vertex 7.55 -15.7 11
      vertex 7.55 -15.7 0
    endloop
  endfacet
  facet normal -0.951056 -0.309017 0
    outer loop
      vertex 7.55 -15.7 11
      vertex 7.71233 -16.1996 0
      vertex 7.71233 -16.1996 11
    endloop
  endfacet
  facet normal -0.587811 -0.808999 0
    outer loop
      vertex 7.71233 -16.1996 13.6
      vertex 8.13609 -16.5075 18.7
      vertex 7.71233 -16.1996 18.7
    endloop
  endfacet
  facet normal -0.587811 -0.808999 -0
    outer loop
      vertex 8.13609 -16.5075 18.7
      vertex 7.71233 -16.1996 13.6
      vertex 8.13609 -16.5075 13.6
    endloop
  endfacet
  facet normal -0.587811 -0.808999 0
    outer loop
      vertex 7.71233 -16.1996 0
      vertex 8.13609 -16.5075 11
      vertex 7.71233 -16.1996 11
    endloop
  endfacet
  facet normal -0.587811 -0.808999 -0
    outer loop
      vertex 8.13609 -16.5075 11
      vertex 7.71233 -16.1996 0
      vertex 8.13609 -16.5075 0
    endloop
  endfacet
  facet normal 0.58782 -0.808992 0
    outer loop
      vertex 8.66391 -16.5075 13.6
      vertex 9.08766 -16.1996 18.7
      vertex 8.66391 -16.5075 18.7
    endloop
  endfacet
  facet normal 0.58782 -0.808992 0
    outer loop
      vertex 9.08766 -16.1996 18.7
      vertex 8.66391 -16.5075 13.6
      vertex 9.08766 -16.1996 13.6
    endloop
  endfacet
  facet normal 0.58782 -0.808992 0
    outer loop
      vertex 8.66391 -16.5075 0
      vertex 9.08766 -16.1996 11
      vertex 8.66391 -16.5075 11
    endloop
  endfacet
  facet normal 0.58782 -0.808992 0
    outer loop
      vertex 9.08766 -16.1996 11
      vertex 8.66391 -16.5075 0
      vertex 9.08766 -16.1996 0
    endloop
  endfacet
  facet normal 0.951051 -0.309034 0
    outer loop
      vertex 9.08766 -16.1996 18.7
      vertex 9.25 -15.7 13.6
      vertex 9.25 -15.7 18.7
    endloop
  endfacet
  facet normal 0.951051 -0.309034 0
    outer loop
      vertex 9.25 -15.7 13.6
      vertex 9.08766 -16.1996 18.7
      vertex 9.08766 -16.1996 13.6
    endloop
  endfacet
  facet normal 0.951051 -0.309034 0
    outer loop
      vertex 9.08766 -16.1996 11
      vertex 9.25 -15.7 0
      vertex 9.25 -15.7 11
    endloop
  endfacet
  facet normal 0.951051 -0.309034 0
    outer loop
      vertex 9.25 -15.7 0
      vertex 9.08766 -16.1996 11
      vertex 9.08766 -16.1996 0
    endloop
  endfacet
  facet normal 0.951073 0.308966 0
    outer loop
      vertex 11.1877 -15.2004 18.7
      vertex 11.35 -15.7 18.6
      vertex 11.1877 -15.2004 18.6
    endloop
  endfacet
  facet normal 0.951073 0.308966 0
    outer loop
      vertex 11.35 -15.7 18.7
      vertex 11.35 -15.7 18.6
      vertex 11.1877 -15.2004 18.7
    endloop
  endfacet
  facet normal 0 0 0
    outer loop
      vertex 11.35 -15.7 13.6
      vertex 11.35 -15.7 18.6
      vertex 11.35 -15.7 18.7
    endloop
  endfacet
  facet normal -0.951051 0.309034 0
    outer loop
      vertex 9.65 -15.7 18.6
      vertex 9.81234 -15.2004 18.7
      vertex 9.81234 -15.2004 18.6
    endloop
  endfacet
  facet normal -0.951051 0.309034 0
    outer loop
      vertex 9.65 -15.7 18.6
      vertex 9.65 -15.7 18.7
      vertex 9.81234 -15.2004 18.7
    endloop
  endfacet
  facet normal 0 0 0
    outer loop
      vertex 9.65 -15.7 18.7
      vertex 9.65 -15.7 18.6
      vertex 9.65 -15.7 13.6
    endloop
  endfacet
  facet normal 0.5547 0.83205 -0
    outer loop
      vertex 11.1877 -15.2004 18.6
      vertex 11.1871 -15.2 18.7
      vertex 11.1877 -15.2004 18.7
    endloop
  endfacet
  facet normal 0.5547 0.83205 0
    outer loop
      vertex 11.1871 -15.2 18.7
      vertex 11.1877 -15.2004 18.6
      vertex 11.1871 -15.2 18.6
    endloop
  endfacet
  facet normal 0 0 1
    outer loop
      vertex 11.1871 -15.2 18.7
      vertex 11.35 -15.7 18.7
      vertex 11.1877 -15.2004 18.7
    endloop
  endfacet
  facet normal 0 0 1
    outer loop
      vertex 11.35 -15.7 18.7
      vertex 11.1871 -15.2 18.7
      vertex 11.1877 -16.1996 18.7
    endloop
  endfacet
  facet normal 0 0 1
    outer loop
      vertex 11.1871 -15.2 18.7
      vertex 10.7639 -16.5075 18.7
      vertex 11.1877 -16.1996 18.7
    endloop
  endfacet
  facet normal 0 0 1
    outer loop
      vertex 11.1871 -15.2 18.7
      vertex 10.2361 -16.5075 18.7
      vertex 10.7639 -16.5075 18.7
    endloop
  endfacet
  facet normal -0 0 1
    outer loop
      vertex 9.81287 -15.2 18.7
      vertex 10.2361 -16.5075 18.7
      vertex 11.1871 -15.2 18.7
    endloop
  endfacet
  facet normal 0 0 1
    outer loop
      vertex 9.65 -15.7 18.7
      vertex 9.81287 -15.2 18.7
      vertex 9.81234 -15.2004 18.7
    endloop
  endfacet
  facet normal 0 0 1
    outer loop
      vertex 9.81287 -15.2 18.7
      vertex 9.81234 -16.1996 18.7
      vertex 10.2361 -16.5075 18.7
    endloop
  endfacet
  facet normal 0 0 1
    outer loop
      vertex 9.81287 -15.2 18.7
      vertex 9.65 -15.7 18.7
      vertex 9.81234 -16.1996 18.7
    endloop
  endfacet
  facet normal -0.602407 0.798189 0
    outer loop
      vertex 9.81287 -15.2 18.6
      vertex 9.81234 -15.2004 18.7
      vertex 9.81287 -15.2 18.7
    endloop
  endfacet
  facet normal -0.602407 0.798189 0
    outer loop
      vertex 9.81234 -15.2004 18.7
      vertex 9.81287 -15.2 18.6
      vertex 9.81234 -15.2004 18.6
    endloop
  endfacet
  facet normal -0.951051 -0.309034 0
    outer loop
      vertex 9.81234 -16.1996 13.6
      vertex 9.65 -15.7 18.7
      vertex 9.65 -15.7 13.6
    endloop
  endfacet
  facet normal -0.951051 -0.309034 0
    outer loop
      vertex 9.65 -15.7 18.7
      vertex 9.81234 -16.1996 13.6
      vertex 9.81234 -16.1996 18.7
    endloop
  endfacet
  facet normal -0.951051 -0.309034 0
    outer loop
      vertex 9.81234 -16.1996 0
      vertex 9.65 -15.7 11
      vertex 9.65 -15.7 0
    endloop
  endfacet
  facet normal -0.951051 -0.309034 0
    outer loop
      vertex 9.65 -15.7 11
      vertex 9.81234 -16.1996 0
      vertex 9.81234 -16.1996 11
    endloop
  endfacet
  facet normal 0.587774 -0.809025 0
    outer loop
      vertex 10.7639 -16.5075 13.6
      vertex 11.1877 -16.1996 18.7
      vertex 10.7639 -16.5075 18.7
    endloop
  endfacet
  facet normal 0.587774 -0.809025 0
    outer loop
      vertex 11.1877 -16.1996 18.7
      vertex 10.7639 -16.5075 13.6
      vertex 11.1877 -16.1996 13.6
    endloop
  endfacet
  facet normal 0.587774 -0.809025 0
    outer loop
      vertex 10.7639 -16.5075 0
      vertex 11.1877 -16.1996 11
      vertex 10.7639 -16.5075 11
    endloop
  endfacet
  facet normal 0.587774 -0.809025 0
    outer loop
      vertex 11.1877 -16.1996 11
      vertex 10.7639 -16.5075 0
      vertex 11.1877 -16.1996 0
    endloop
  endfacet
  facet normal 0.951073 -0.308966 0
    outer loop
      vertex 11.1877 -16.1996 18.7
      vertex 11.35 -15.7 13.6
      vertex 11.35 -15.7 18.7
    endloop
  endfacet
  facet normal 0.951073 -0.308966 0
    outer loop
      vertex 11.35 -15.7 13.6
      vertex 11.1877 -16.1996 18.7
      vertex 11.1877 -16.1996 13.6
    endloop
  endfacet
  facet normal 0.951073 -0.308966 0
    outer loop
      vertex 11.1877 -16.1996 11
      vertex 11.35 -15.7 0
      vertex 11.35 -15.7 11
    endloop
  endfacet
  facet normal 0.951073 -0.308966 0
    outer loop
      vertex 11.35 -15.7 0
      vertex 11.1877 -16.1996 11
      vertex 11.1877 -16.1996 0
    endloop
  endfacet
  facet normal -0.587811 -0.808999 0
    outer loop
      vertex 9.81234 -16.1996 13.6
      vertex 10.2361 -16.5075 18.7
      vertex 9.81234 -16.1996 18.7
    endloop
  endfacet
  facet normal -0.587811 -0.808999 -0
    outer loop
      vertex 10.2361 -16.5075 18.7
      vertex 9.81234 -16.1996 13.6
      vertex 10.2361 -16.5075 13.6
    endloop
  endfacet
  facet normal -0.587811 -0.808999 0
    outer loop
      vertex 9.81234 -16.1996 0
      vertex 10.2361 -16.5075 11
      vertex 9.81234 -16.1996 11
    endloop
  endfacet
  facet normal -0.587811 -0.808999 -0
    outer loop
      vertex 10.2361 -16.5075 11
      vertex 9.81234 -16.1996 0
      vertex 10.2361 -16.5075 0
    endloop
  endfacet
  facet normal 0.951073 0.308966 0
    outer loop
      vertex 13.2877 -15.2004 18.7
      vertex 13.45 -15.7 18.6
      vertex 13.2877 -15.2004 18.6
    endloop
  endfacet
  facet normal 0.951073 0.308966 0
    outer loop
      vertex 13.45 -15.7 18.7
      vertex 13.45 -15.7 18.6
      vertex 13.2877 -15.2004 18.7
    endloop
  endfacet
  facet normal 0 0 0
    outer loop
      vertex 13.45 -15.7 16.1
      vertex 13.45 -15.7 18.6
      vertex 13.45 -15.7 18.7
    endloop
  endfacet
  facet normal -0.951073 0.308966 0
    outer loop
      vertex 11.75 -15.7 18.6
      vertex 11.9123 -15.2004 18.7
      vertex 11.9123 -15.2004 18.6
    endloop
  endfacet
  facet normal -0.951073 0.308966 0
    outer loop
      vertex 11.75 -15.7 18.6
      vertex 11.75 -15.7 18.7
      vertex 11.9123 -15.2004 18.7
    endloop
  endfacet
  facet normal 0 0 0
    outer loop
      vertex 11.75 -15.7 18.7
      vertex 11.75 -15.7 18.6
      vertex 11.75 -15.7 13.6
    endloop
  endfacet
  facet normal 0.5547 0.83205 -0
    outer loop
      vertex 13.2877 -15.2004 18.6
      vertex 13.2871 -15.2 18.7
      vertex 13.2877 -15.2004 18.7
    endloop
  endfacet
  facet normal 0.5547 0.83205 0
    outer loop
      vertex 13.2871 -15.2 18.7
      vertex 13.2877 -15.2004 18.6
      vertex 13.2871 -15.2 18.6
    endloop
  endfacet
  facet normal 0 0 1
    outer loop
      vertex 13.2871 -15.2 18.7
      vertex 13.45 -15.7 18.7
      vertex 13.2877 -15.2004 18.7
    endloop
  endfacet
  facet normal 0 0 1
    outer loop
      vertex 13.45 -15.7 18.7
      vertex 13.2871 -15.2 18.7
      vertex 13.2877 -16.1996 18.7
    endloop
  endfacet
  facet normal 0 0 1
    outer loop
      vertex 13.2871 -15.2 18.7
      vertex 12.8639 -16.5075 18.7
      vertex 13.2877 -16.1996 18.7
    endloop
  endfacet
  facet normal 0 0 1
    outer loop
      vertex 13.2871 -15.2 18.7
      vertex 12.3361 -16.5075 18.7
      vertex 12.8639 -16.5075 18.7
    endloop
  endfacet
  facet normal -0 0 1
    outer loop
      vertex 11.9129 -15.2 18.7
      vertex 12.3361 -16.5075 18.7
      vertex 13.2871 -15.2 18.7
    endloop
  endfacet
  facet normal 0 0 1
    outer loop
      vertex 11.75 -15.7 18.7
      vertex 11.9129 -15.2 18.7
      vertex 11.9123 -15.2004 18.7
    endloop
  endfacet
  facet normal 0 0 1
    outer loop
      vertex 11.9129 -15.2 18.7
      vertex 11.9123 -16.1996 18.7
      vertex 12.3361 -16.5075 18.7
    endloop
  endfacet
  facet normal 0 0 1
    outer loop
      vertex 11.9129 -15.2 18.7
      vertex 11.75 -15.7 18.7
      vertex 11.9123 -16.1996 18.7
    endloop
  endfacet
  facet normal -0.5547 0.83205 0
    outer loop
      vertex 11.9129 -15.2 18.6
      vertex 11.9123 -15.2004 18.7
      vertex 11.9129 -15.2 18.7
    endloop
  endfacet
  facet normal -0.5547 0.83205 0
    outer loop
      vertex 11.9123 -15.2004 18.7
      vertex 11.9129 -15.2 18.6
      vertex 11.9123 -15.2004 18.6
    endloop
  endfacet
  facet normal -0.951073 -0.308966 0
    outer loop
      vertex 11.9123 -16.1996 13.6
      vertex 11.75 -15.7 18.7
      vertex 11.75 -15.7 13.6
    endloop
  endfacet
  facet normal -0.951073 -0.308966 0
    outer loop
      vertex 11.75 -15.7 18.7
      vertex 11.9123 -16.1996 13.6
      vertex 11.9123 -16.1996 18.7
    endloop
  endfacet
  facet normal -0.951073 -0.308966 0
    outer loop
      vertex 11.9123 -16.1996 0
      vertex 11.75 -15.7 11
      vertex 11.75 -15.7 0
    endloop
  endfacet
  facet normal -0.951073 -0.308966 0
    outer loop
      vertex 11.75 -15.7 11
      vertex 11.9123 -16.1996 0
      vertex 11.9123 -16.1996 11
    endloop
  endfacet
  facet normal 0.587774 -0.809025 -6.33634e-06
    outer loop
      vertex 12.8639 -16.5075 18.7
      vertex 13 -16.4086 16.1
      vertex 13.2877 -16.1996 18.7
    endloop
  endfacet
  facet normal 0.587854 -0.808967 0
    outer loop
      vertex 12.8639 -16.5075 18.7
      vertex 13 -16.4086 9.1
      vertex 13 -16.4086 16.1
    endloop
  endfacet
  facet normal 0.587854 -0.808967 0
    outer loop
      vertex 12.8639 -16.5075 0
      vertex 13 -16.4086 9.1
      vertex 12.8639 -16.5075 18.7
    endloop
  endfacet
  facet normal 0.587774 -0.809025 1.81038e-06
    outer loop
      vertex 13.2877 -16.1996 0
      vertex 13 -16.4086 9.1
      vertex 12.8639 -16.5075 0
    endloop
  endfacet
  facet normal 0.587737 -0.809052 0
    outer loop
      vertex 13 -16.4086 9.1
      vertex 13.2877 -16.1996 0
      vertex 13.2877 -16.1996 9.1
    endloop
  endfacet
  facet normal 0.587737 -0.809052 0
    outer loop
      vertex 13.2877 -16.1996 18.7
      vertex 13 -16.4086 16.1
      vertex 13.2877 -16.1996 16.1
    endloop
  endfacet
  facet normal -0.587774 -0.809025 0
    outer loop
      vertex 11.9123 -16.1996 13.6
      vertex 12.3361 -16.5075 18.7
      vertex 11.9123 -16.1996 18.7
    endloop
  endfacet
  facet normal -0.587774 -0.809025 -0
    outer loop
      vertex 12.3361 -16.5075 18.7
      vertex 11.9123 -16.1996 13.6
      vertex 12.3361 -16.5075 13.6
    endloop
  endfacet
  facet normal -0.587774 -0.809025 0
    outer loop
      vertex 11.9123 -16.1996 0
      vertex 12.3361 -16.5075 11
      vertex 11.9123 -16.1996 11
    endloop
  endfacet
  facet normal -0.587774 -0.809025 -0
    outer loop
      vertex 12.3361 -16.5075 11
      vertex 11.9123 -16.1996 0
      vertex 12.3361 -16.5075 0
    endloop
  endfacet
  facet normal 0.951073 -0.308966 0
    outer loop
      vertex 13.2877 -16.1996 18.7
      vertex 13.45 -15.7 16.1
      vertex 13.45 -15.7 18.7
    endloop
  endfacet
  facet normal 0.951073 -0.308966 0
    outer loop
      vertex 13.45 -15.7 16.1
      vertex 13.2877 -16.1996 18.7
      vertex 13.2877 -16.1996 16.1
    endloop
  endfacet
  facet normal 0.951073 -0.308966 0
    outer loop
      vertex 13.2877 -16.1996 9.1
      vertex 13.45 -15.7 0
      vertex 13.45 -15.7 9.1
    endloop
  endfacet
  facet normal 0.951073 -0.308966 0
    outer loop
      vertex 13.45 -15.7 0
      vertex 13.2877 -16.1996 9.1
      vertex 13.2877 -16.1996 0
    endloop
  endfacet
  facet normal 0.951073 0.308966 0
    outer loop
      vertex 15.3877 -15.2004 18.7
      vertex 15.55 -15.7 18.6
      vertex 15.3877 -15.2004 18.6
    endloop
  endfacet
  facet normal 0.951073 0.308966 0
    outer loop
      vertex 15.55 -15.7 18.7
      vertex 15.55 -15.7 18.6
      vertex 15.3877 -15.2004 18.7
    endloop
  endfacet
  facet normal 0 0 0
    outer loop
      vertex 15.55 -15.7 0
      vertex 15.55 -15.7 18.6
      vertex 15.55 -15.7 18.7
    endloop
  endfacet
  facet normal -0.951073 0.308966 0
    outer loop
      vertex 13.85 -15.7 18.6
      vertex 14.0123 -15.2004 18.7
      vertex 14.0123 -15.2004 18.6
    endloop
  endfacet
  facet normal -0.951073 0.308966 0
    outer loop
      vertex 13.85 -15.7 18.6
      vertex 13.85 -15.7 18.7
      vertex 14.0123 -15.2004 18.7
    endloop
  endfacet
  facet normal 0 0 0
    outer loop
      vertex 13.85 -15.7 18.7
      vertex 13.85 -15.7 18.6
      vertex 13.85 -15.7 16.1
    endloop
  endfacet
  facet normal 0.5547 0.83205 -0
    outer loop
      vertex 15.3877 -15.2004 18.6
      vertex 15.3871 -15.2 18.7
      vertex 15.3877 -15.2004 18.7
    endloop
  endfacet
  facet normal 0.5547 0.83205 0
    outer loop
      vertex 15.3871 -15.2 18.7
      vertex 15.3877 -15.2004 18.6
      vertex 15.3871 -15.2 18.6
    endloop
  endfacet
  facet normal 0 0 1
    outer loop
      vertex 15.3871 -15.2 18.7
      vertex 15.55 -15.7 18.7
      vertex 15.3877 -15.2004 18.7
    endloop
  endfacet
  facet normal 0 0 1
    outer loop
      vertex 15.55 -15.7 18.7
      vertex 15.3871 -15.2 18.7
      vertex 15.3877 -16.1996 18.7
    endloop
  endfacet
  facet normal 0 0 1
    outer loop
      vertex 15.3871 -15.2 18.7
      vertex 14.9639 -16.5075 18.7
      vertex 15.3877 -16.1996 18.7
    endloop
  endfacet
  facet normal 0 0 1
    outer loop
      vertex 15.3871 -15.2 18.7
      vertex 14.4361 -16.5075 18.7
      vertex 14.9639 -16.5075 18.7
    endloop
  endfacet
  facet normal -0 0 1
    outer loop
      vertex 14.0129 -15.2 18.7
      vertex 14.4361 -16.5075 18.7
      vertex 15.3871 -15.2 18.7
    endloop
  endfacet
  facet normal 0 0 1
    outer loop
      vertex 13.85 -15.7 18.7
      vertex 14.0129 -15.2 18.7
      vertex 14.0123 -15.2004 18.7
    endloop
  endfacet
  facet normal 0 0 1
    outer loop
      vertex 14.0129 -15.2 18.7
      vertex 14.0123 -16.1996 18.7
      vertex 14.4361 -16.5075 18.7
    endloop
  endfacet
  facet normal 0 0 1
    outer loop
      vertex 14.0129 -15.2 18.7
      vertex 13.85 -15.7 18.7
      vertex 14.0123 -16.1996 18.7
    endloop
  endfacet
  facet normal -0.5547 0.83205 0
    outer loop
      vertex 14.0129 -15.2 18.6
      vertex 14.0123 -15.2004 18.7
      vertex 14.0129 -15.2 18.7
    endloop
  endfacet
  facet normal -0.5547 0.83205 0
    outer loop
      vertex 14.0123 -15.2004 18.7
      vertex 14.0129 -15.2 18.6
      vertex 14.0123 -15.2004 18.6
    endloop
  endfacet
  facet normal -0.951073 -0.308966 0
    outer loop
      vertex 14.0123 -16.1996 16.1
      vertex 13.85 -15.7 18.7
      vertex 13.85 -15.7 16.1
    endloop
  endfacet
  facet normal -0.951073 -0.308966 0
    outer loop
      vertex 13.85 -15.7 18.7
      vertex 14.0123 -16.1996 16.1
      vertex 14.0123 -16.1996 18.7
    endloop
  endfacet
  facet normal -0.951073 -0.308966 0
    outer loop
      vertex 14.0123 -16.1996 0
      vertex 13.85 -15.7 9.1
      vertex 13.85 -15.7 0
    endloop
  endfacet
  facet normal -0.951073 -0.308966 0
    outer loop
      vertex 13.85 -15.7 9.1
      vertex 14.0123 -16.1996 0
      vertex 14.0123 -16.1996 9.1
    endloop
  endfacet
  facet normal 0.587372 -0.809317 0
    outer loop
      vertex 14.9639 -16.5075 9.1
      vertex 14.9639 -16.5075 0
      vertex 15 -16.4813 9.1
    endloop
  endfacet
  facet normal 0.587372 -0.809317 0
    outer loop
      vertex 15 -16.4813 16.1
      vertex 14.9639 -16.5075 18.7
      vertex 14.9639 -16.5075 16.1
    endloop
  endfacet
  facet normal 0.587774 -0.809025 8.53901e-06
    outer loop
      vertex 14.9639 -16.5075 18.7
      vertex 15 -16.4813 16.1
      vertex 15.3877 -16.1996 18.7
    endloop
  endfacet
  facet normal 0.587812 -0.808998 0
    outer loop
      vertex 15 -16.4813 9.1
      vertex 15.3877 -16.1996 18.7
      vertex 15 -16.4813 16.1
    endloop
  endfacet
  facet normal 0.587774 -0.809025 -2.43972e-06
    outer loop
      vertex 15.3877 -16.1996 0
      vertex 15 -16.4813 9.1
      vertex 14.9639 -16.5075 0
    endloop
  endfacet
  facet normal 0.587812 -0.808998 0
    outer loop
      vertex 15 -16.4813 9.1
      vertex 15.3877 -16.1996 0
      vertex 15.3877 -16.1996 18.7
    endloop
  endfacet
  facet normal 0.951073 -0.308966 0
    outer loop
      vertex 15.3877 -16.1996 18.7
      vertex 15.55 -15.7 0
      vertex 15.55 -15.7 18.7
    endloop
  endfacet
  facet normal 0.951073 -0.308966 0
    outer loop
      vertex 15.55 -15.7 0
      vertex 15.3877 -16.1996 18.7
      vertex 15.3877 -16.1996 0
    endloop
  endfacet
  facet normal -0.587774 -0.809025 0
    outer loop
      vertex 14.0123 -16.1996 16.1
      vertex 14.4361 -16.5075 18.7
      vertex 14.0123 -16.1996 18.7
    endloop
  endfacet
  facet normal -0.587774 -0.809025 -0
    outer loop
      vertex 14.4361 -16.5075 18.7
      vertex 14.0123 -16.1996 16.1
      vertex 14.4361 -16.5075 16.1
    endloop
  endfacet
  facet normal -0.587774 -0.809025 0
    outer loop
      vertex 14.0123 -16.1996 0
      vertex 14.4361 -16.5075 9.1
      vertex 14.0123 -16.1996 9.1
    endloop
  endfacet
  facet normal -0.587774 -0.809025 -0
    outer loop
      vertex 14.4361 -16.5075 9.1
      vertex 14.0123 -16.1996 0
      vertex 14.4361 -16.5075 0
    endloop
  endfacet
  facet normal 0.951073 0.308966 0
    outer loop
      vertex 17.4877 -15.2004 18.7
      vertex 17.65 -15.7 18.6
      vertex 17.4877 -15.2004 18.6
    endloop
  endfacet
  facet normal 0.951073 0.308966 0
    outer loop
      vertex 17.65 -15.7 18.7
      vertex 17.65 -15.7 18.6
      vertex 17.4877 -15.2004 18.7
    endloop
  endfacet
  facet normal 0 0 0
    outer loop
      vertex 17.65 -15.7 0
      vertex 17.65 -15.7 18.6
      vertex 17.65 -15.7 18.7
    endloop
  endfacet
  facet normal -0.951073 0.308966 0
    outer loop
      vertex 15.95 -15.7 18.6
      vertex 16.1123 -15.2004 18.7
      vertex 16.1123 -15.2004 18.6
    endloop
  endfacet
  facet normal -0.951073 0.308966 0
    outer loop
      vertex 15.95 -15.7 18.6
      vertex 15.95 -15.7 18.7
      vertex 16.1123 -15.2004 18.7
    endloop
  endfacet
  facet normal 0 0 0
    outer loop
      vertex 15.95 -15.7 18.7
      vertex 15.95 -15.7 18.6
      vertex 15.95 -15.7 0
    endloop
  endfacet
  facet normal 0.5547 0.83205 -0
    outer loop
      vertex 17.4877 -15.2004 18.6
      vertex 17.4871 -15.2 18.7
      vertex 17.4877 -15.2004 18.7
    endloop
  endfacet
  facet normal 0.5547 0.83205 0
    outer loop
      vertex 17.4871 -15.2 18.7
      vertex 17.4877 -15.2004 18.6
      vertex 17.4871 -15.2 18.6
    endloop
  endfacet
  facet normal 0 0 1
    outer loop
      vertex 17.4871 -15.2 18.7
      vertex 17.65 -15.7 18.7
      vertex 17.4877 -15.2004 18.7
    endloop
  endfacet
  facet normal 0 0 1
    outer loop
      vertex 17.65 -15.7 18.7
      vertex 17.4871 -15.2 18.7
      vertex 17.4877 -16.1996 18.7
    endloop
  endfacet
  facet normal 0 0 1
    outer loop
      vertex 17.4871 -15.2 18.7
      vertex 17.0639 -16.5075 18.7
      vertex 17.4877 -16.1996 18.7
    endloop
  endfacet
  facet normal 0 0 1
    outer loop
      vertex 17.4871 -15.2 18.7
      vertex 16.5361 -16.5075 18.7
      vertex 17.0639 -16.5075 18.7
    endloop
  endfacet
  facet normal -0 0 1
    outer loop
      vertex 16.1129 -15.2 18.7
      vertex 16.5361 -16.5075 18.7
      vertex 17.4871 -15.2 18.7
    endloop
  endfacet
  facet normal 0 0 1
    outer loop
      vertex 15.95 -15.7 18.7
      vertex 16.1129 -15.2 18.7
      vertex 16.1123 -15.2004 18.7
    endloop
  endfacet
  facet normal 0 0 1
    outer loop
      vertex 16.1129 -15.2 18.7
      vertex 16.1123 -16.1996 18.7
      vertex 16.5361 -16.5075 18.7
    endloop
  endfacet
  facet normal 0 0 1
    outer loop
      vertex 16.1129 -15.2 18.7
      vertex 15.95 -15.7 18.7
      vertex 16.1123 -16.1996 18.7
    endloop
  endfacet
  facet normal -0.5547 0.83205 0
    outer loop
      vertex 16.1129 -15.2 18.6
      vertex 16.1123 -15.2004 18.7
      vertex 16.1129 -15.2 18.7
    endloop
  endfacet
  facet normal -0.5547 0.83205 0
    outer loop
      vertex 16.1123 -15.2004 18.7
      vertex 16.1129 -15.2 18.6
      vertex 16.1123 -15.2004 18.6
    endloop
  endfacet
  facet normal -0.951073 -0.308966 0
    outer loop
      vertex 16.1123 -16.1996 0
      vertex 15.95 -15.7 18.7
      vertex 15.95 -15.7 0
    endloop
  endfacet
  facet normal -0.951073 -0.308966 0
    outer loop
      vertex 15.95 -15.7 18.7
      vertex 16.1123 -16.1996 0
      vertex 16.1123 -16.1996 18.7
    endloop
  endfacet
  facet normal 0.587774 -0.809025 0
    outer loop
      vertex 17.0639 -16.5075 0
      vertex 17.4877 -16.1996 18.7
      vertex 17.0639 -16.5075 18.7
    endloop
  endfacet
  facet normal 0.587774 -0.809025 0
    outer loop
      vertex 17.4877 -16.1996 18.7
      vertex 17.0639 -16.5075 0
      vertex 17.4877 -16.1996 0
    endloop
  endfacet
  facet normal -0.587774 -0.809025 0
    outer loop
      vertex 16.1123 -16.1996 0
      vertex 16.5361 -16.5075 18.7
      vertex 16.1123 -16.1996 18.7
    endloop
  endfacet
  facet normal -0.587774 -0.809025 -0
    outer loop
      vertex 16.5361 -16.5075 18.7
      vertex 16.1123 -16.1996 0
      vertex 16.5361 -16.5075 0
    endloop
  endfacet
  facet normal 0.951073 -0.308966 0
    outer loop
      vertex 17.4877 -16.1996 18.7
      vertex 17.65 -15.7 0
      vertex 17.65 -15.7 18.7
    endloop
  endfacet
  facet normal 0.951073 -0.308966 0
    outer loop
      vertex 17.65 -15.7 0
      vertex 17.4877 -16.1996 18.7
      vertex 17.4877 -16.1996 0
    endloop
  endfacet
  facet normal 0.951073 0.308966 0
    outer loop
      vertex 19.5877 -15.2004 18.7
      vertex 19.75 -15.7 18.6
      vertex 19.5877 -15.2004 18.6
    endloop
  endfacet
  facet normal 0.951073 0.308966 0
    outer loop
      vertex 19.75 -15.7 18.7
      vertex 19.75 -15.7 18.6
      vertex 19.5877 -15.2004 18.7
    endloop
  endfacet
  facet normal 0 0 0
    outer loop
      vertex 19.75 -15.7 0
      vertex 19.75 -15.7 18.6
      vertex 19.75 -15.7 18.7
    endloop
  endfacet
  facet normal -0.5547 0.83205 0
    outer loop
      vertex 18.2129 -15.2 18.6
      vertex 18.2123 -15.2004 18.7
      vertex 18.2129 -15.2 18.7
    endloop
  endfacet
  facet normal -0.5547 0.83205 0
    outer loop
      vertex 18.2123 -15.2004 18.7
      vertex 18.2129 -15.2 18.6
      vertex 18.2123 -15.2004 18.6
    endloop
  endfacet
  facet normal 0.5547 0.83205 -0
    outer loop
      vertex 19.5877 -15.2004 18.6
      vertex 19.5871 -15.2 18.7
      vertex 19.5877 -15.2004 18.7
    endloop
  endfacet
  facet normal 0.5547 0.83205 0
    outer loop
      vertex 19.5871 -15.2 18.7
      vertex 19.5877 -15.2004 18.6
      vertex 19.5871 -15.2 18.6
    endloop
  endfacet
  facet normal 0 0 1
    outer loop
      vertex 19.5871 -15.2 18.7
      vertex 19.75 -15.7 18.7
      vertex 19.5877 -15.2004 18.7
    endloop
  endfacet
  facet normal 0 0 1
    outer loop
      vertex 19.75 -15.7 18.7
      vertex 19.5871 -15.2 18.7
      vertex 19.5877 -16.1996 18.7
    endloop
  endfacet
  facet normal 0 0 1
    outer loop
      vertex 19.5871 -15.2 18.7
      vertex 19.1639 -16.5075 18.7
      vertex 19.5877 -16.1996 18.7
    endloop
  endfacet
  facet normal 0 0 1
    outer loop
      vertex 19.5871 -15.2 18.7
      vertex 18.6361 -16.5075 18.7
      vertex 19.1639 -16.5075 18.7
    endloop
  endfacet
  facet normal -0 0 1
    outer loop
      vertex 18.2129 -15.2 18.7
      vertex 18.6361 -16.5075 18.7
      vertex 19.5871 -15.2 18.7
    endloop
  endfacet
  facet normal 0 0 1
    outer loop
      vertex 18.05 -15.7 18.7
      vertex 18.2129 -15.2 18.7
      vertex 18.2123 -15.2004 18.7
    endloop
  endfacet
  facet normal 0 0 1
    outer loop
      vertex 18.2129 -15.2 18.7
      vertex 18.2123 -16.1996 18.7
      vertex 18.6361 -16.5075 18.7
    endloop
  endfacet
  facet normal 0 0 1
    outer loop
      vertex 18.2129 -15.2 18.7
      vertex 18.05 -15.7 18.7
      vertex 18.2123 -16.1996 18.7
    endloop
  endfacet
  facet normal -0.951073 0.308966 0
    outer loop
      vertex 18.05 -15.7 18.6
      vertex 18.2123 -15.2004 18.7
      vertex 18.2123 -15.2004 18.6
    endloop
  endfacet
  facet normal -0.951073 0.308966 0
    outer loop
      vertex 18.05 -15.7 18.6
      vertex 18.05 -15.7 18.7
      vertex 18.2123 -15.2004 18.7
    endloop
  endfacet
  facet normal 0 0 0
    outer loop
      vertex 18.05 -15.7 18.7
      vertex 18.05 -15.7 18.6
      vertex 18.05 -15.7 0
    endloop
  endfacet
  facet normal -0.951073 -0.308966 0
    outer loop
      vertex 18.2123 -16.1996 0
      vertex 18.05 -15.7 18.7
      vertex 18.05 -15.7 0
    endloop
  endfacet
  facet normal -0.951073 -0.308966 0
    outer loop
      vertex 18.05 -15.7 18.7
      vertex 18.2123 -16.1996 0
      vertex 18.2123 -16.1996 18.7
    endloop
  endfacet
  facet normal -0.587774 -0.809025 0
    outer loop
      vertex 18.2123 -16.1996 0
      vertex 18.6361 -16.5075 18.7
      vertex 18.2123 -16.1996 18.7
    endloop
  endfacet
  facet normal -0.587774 -0.809025 -0
    outer loop
      vertex 18.6361 -16.5075 18.7
      vertex 18.2123 -16.1996 0
      vertex 18.6361 -16.5075 0
    endloop
  endfacet
  facet normal 0.587774 -0.809025 0
    outer loop
      vertex 19.1639 -16.5075 0
      vertex 19.5877 -16.1996 18.7
      vertex 19.1639 -16.5075 18.7
    endloop
  endfacet
  facet normal 0.587774 -0.809025 0
    outer loop
      vertex 19.5877 -16.1996 18.7
      vertex 19.1639 -16.5075 0
      vertex 19.5877 -16.1996 0
    endloop
  endfacet
  facet normal 0.951073 -0.308966 0
    outer loop
      vertex 19.5877 -16.1996 18.7
      vertex 19.75 -15.7 0
      vertex 19.75 -15.7 18.7
    endloop
  endfacet
  facet normal 0.951073 -0.308966 0
    outer loop
      vertex 19.75 -15.7 0
      vertex 19.5877 -16.1996 18.7
      vertex 19.5877 -16.1996 0
    endloop
  endfacet
  facet normal 0.951073 0.308966 0
    outer loop
      vertex 21.6877 -15.2004 18.7
      vertex 21.85 -15.7 18.6
      vertex 21.6877 -15.2004 18.6
    endloop
  endfacet
  facet normal 0.951073 0.308966 0
    outer loop
      vertex 21.85 -15.7 18.7
      vertex 21.85 -15.7 18.6
      vertex 21.6877 -15.2004 18.7
    endloop
  endfacet
  facet normal 0 0 0
    outer loop
      vertex 21.85 -15.7 0
      vertex 21.85 -15.7 18.6
      vertex 21.85 -15.7 18.7
    endloop
  endfacet
  facet normal -0.951073 0.308966 0
    outer loop
      vertex 20.15 -15.7 18.6
      vertex 20.3123 -15.2004 18.7
      vertex 20.3123 -15.2004 18.6
    endloop
  endfacet
  facet normal -0.951073 0.308966 0
    outer loop
      vertex 20.15 -15.7 18.6
      vertex 20.15 -15.7 18.7
      vertex 20.3123 -15.2004 18.7
    endloop
  endfacet
  facet normal 0 0 0
    outer loop
      vertex 20.15 -15.7 18.7
      vertex 20.15 -15.7 18.6
      vertex 20.15 -15.7 0
    endloop
  endfacet
  facet normal 0.5547 0.83205 -0
    outer loop
      vertex 21.6877 -15.2004 18.6
      vertex 21.6871 -15.2 18.7
      vertex 21.6877 -15.2004 18.7
    endloop
  endfacet
  facet normal 0.5547 0.83205 0
    outer loop
      vertex 21.6871 -15.2 18.7
      vertex 21.6877 -15.2004 18.6
      vertex 21.6871 -15.2 18.6
    endloop
  endfacet
  facet normal 0 0 1
    outer loop
      vertex 21.6871 -15.2 18.7
      vertex 21.85 -15.7 18.7
      vertex 21.6877 -15.2004 18.7
    endloop
  endfacet
  facet normal 0 0 1
    outer loop
      vertex 21.85 -15.7 18.7
      vertex 21.6871 -15.2 18.7
      vertex 21.6877 -16.1996 18.7
    endloop
  endfacet
  facet normal 0 0 1
    outer loop
      vertex 21.6871 -15.2 18.7
      vertex 21.2639 -16.5075 18.7
      vertex 21.6877 -16.1996 18.7
    endloop
  endfacet
  facet normal 0 0 1
    outer loop
      vertex 21.6871 -15.2 18.7
      vertex 20.7361 -16.5075 18.7
      vertex 21.2639 -16.5075 18.7
    endloop
  endfacet
  facet normal -0 0 1
    outer loop
      vertex 20.3129 -15.2 18.7
      vertex 20.7361 -16.5075 18.7
      vertex 21.6871 -15.2 18.7
    endloop
  endfacet
  facet normal 0 0 1
    outer loop
      vertex 20.15 -15.7 18.7
      vertex 20.3129 -15.2 18.7
      vertex 20.3123 -15.2004 18.7
    endloop
  endfacet
  facet normal 0 0 1
    outer loop
      vertex 20.3129 -15.2 18.7
      vertex 20.3123 -16.1996 18.7
      vertex 20.7361 -16.5075 18.7
    endloop
  endfacet
  facet normal 0 0 1
    outer loop
      vertex 20.3129 -15.2 18.7
      vertex 20.15 -15.7 18.7
      vertex 20.3123 -16.1996 18.7
    endloop
  endfacet
  facet normal -0.5547 0.83205 0
    outer loop
      vertex 20.3129 -15.2 18.6
      vertex 20.3123 -15.2004 18.7
      vertex 20.3129 -15.2 18.7
    endloop
  endfacet
  facet normal -0.5547 0.83205 0
    outer loop
      vertex 20.3123 -15.2004 18.7
      vertex 20.3129 -15.2 18.6
      vertex 20.3123 -15.2004 18.6
    endloop
  endfacet
  facet normal -0.951073 -0.308966 0
    outer loop
      vertex 20.3123 -16.1996 0
      vertex 20.15 -15.7 18.7
      vertex 20.15 -15.7 0
    endloop
  endfacet
  facet normal -0.951073 -0.308966 0
    outer loop
      vertex 20.15 -15.7 18.7
      vertex 20.3123 -16.1996 0
      vertex 20.3123 -16.1996 18.7
    endloop
  endfacet
  facet normal 0.587774 -0.809025 0
    outer loop
      vertex 21.2639 -16.5075 0
      vertex 21.6877 -16.1996 18.7
      vertex 21.2639 -16.5075 18.7
    endloop
  endfacet
  facet normal 0.587774 -0.809025 0
    outer loop
      vertex 21.6877 -16.1996 18.7
      vertex 21.2639 -16.5075 0
      vertex 21.6877 -16.1996 0
    endloop
  endfacet
  facet normal 0.951073 -0.308966 0
    outer loop
      vertex 21.6877 -16.1996 18.7
      vertex 21.85 -15.7 0
      vertex 21.85 -15.7 18.7
    endloop
  endfacet
  facet normal 0.951073 -0.308966 0
    outer loop
      vertex 21.85 -15.7 0
      vertex 21.6877 -16.1996 18.7
      vertex 21.6877 -16.1996 0
    endloop
  endfacet
  facet normal -0.587774 -0.809025 0
    outer loop
      vertex 20.3123 -16.1996 0
      vertex 20.7361 -16.5075 18.7
      vertex 20.3123 -16.1996 18.7
    endloop
  endfacet
  facet normal -0.587774 -0.809025 -0
    outer loop
      vertex 20.7361 -16.5075 18.7
      vertex 20.3123 -16.1996 0
      vertex 20.7361 -16.5075 0
    endloop
  endfacet
  facet normal 0.951073 0.308966 0
    outer loop
      vertex 23.7877 -15.2004 18.7
      vertex 23.95 -15.7 18.6
      vertex 23.7877 -15.2004 18.6
    endloop
  endfacet
  facet normal 0.951073 0.308966 0
    outer loop
      vertex 23.95 -15.7 18.7
      vertex 23.95 -15.7 18.6
      vertex 23.7877 -15.2004 18.7
    endloop
  endfacet
  facet normal 0 0 0
    outer loop
      vertex 23.95 -15.7 0
      vertex 23.95 -15.7 18.6
      vertex 23.95 -15.7 18.7
    endloop
  endfacet
  facet normal -0.951073 0.308966 0
    outer loop
      vertex 22.25 -15.7 18.6
      vertex 22.4123 -15.2004 18.7
      vertex 22.4123 -15.2004 18.6
    endloop
  endfacet
  facet normal -0.951073 0.308966 0
    outer loop
      vertex 22.25 -15.7 18.6
      vertex 22.25 -15.7 18.7
      vertex 22.4123 -15.2004 18.7
    endloop
  endfacet
  facet normal 0 0 0
    outer loop
      vertex 22.25 -15.7 18.7
      vertex 22.25 -15.7 18.6
      vertex 22.25 -15.7 0
    endloop
  endfacet
  facet normal 0.5547 0.83205 -0
    outer loop
      vertex 23.7877 -15.2004 18.6
      vertex 23.7871 -15.2 18.7
      vertex 23.7877 -15.2004 18.7
    endloop
  endfacet
  facet normal 0.5547 0.83205 0
    outer loop
      vertex 23.7871 -15.2 18.7
      vertex 23.7877 -15.2004 18.6
      vertex 23.7871 -15.2 18.6
    endloop
  endfacet
  facet normal 0 0 1
    outer loop
      vertex 23.7871 -15.2 18.7
      vertex 23.95 -15.7 18.7
      vertex 23.7877 -15.2004 18.7
    endloop
  endfacet
  facet normal 0 0 1
    outer loop
      vertex 23.95 -15.7 18.7
      vertex 23.7871 -15.2 18.7
      vertex 23.7877 -16.1996 18.7
    endloop
  endfacet
  facet normal 0 0 1
    outer loop
      vertex 23.7871 -15.2 18.7
      vertex 23.3639 -16.5075 18.7
      vertex 23.7877 -16.1996 18.7
    endloop
  endfacet
  facet normal 0 0 1
    outer loop
      vertex 23.7871 -15.2 18.7
      vertex 22.8361 -16.5075 18.7
      vertex 23.3639 -16.5075 18.7
    endloop
  endfacet
  facet normal -0 0 1
    outer loop
      vertex 22.4129 -15.2 18.7
      vertex 22.8361 -16.5075 18.7
      vertex 23.7871 -15.2 18.7
    endloop
  endfacet
  facet normal 0 0 1
    outer loop
      vertex 22.25 -15.7 18.7
      vertex 22.4129 -15.2 18.7
      vertex 22.4123 -15.2004 18.7
    endloop
  endfacet
  facet normal 0 0 1
    outer loop
      vertex 22.4129 -15.2 18.7
      vertex 22.4123 -16.1996 18.7
      vertex 22.8361 -16.5075 18.7
    endloop
  endfacet
  facet normal 0 0 1
    outer loop
      vertex 22.4129 -15.2 18.7
      vertex 22.25 -15.7 18.7
      vertex 22.4123 -16.1996 18.7
    endloop
  endfacet
  facet normal -0.5547 0.83205 0
    outer loop
      vertex 22.4129 -15.2 18.6
      vertex 22.4123 -15.2004 18.7
      vertex 22.4129 -15.2 18.7
    endloop
  endfacet
  facet normal -0.5547 0.83205 0
    outer loop
      vertex 22.4123 -15.2004 18.7
      vertex 22.4129 -15.2 18.6
      vertex 22.4123 -15.2004 18.6
    endloop
  endfacet
  facet normal 0.951073 -0.308966 0
    outer loop
      vertex 23.7877 -16.1996 18.7
      vertex 23.95 -15.7 0
      vertex 23.95 -15.7 18.7
    endloop
  endfacet
  facet normal 0.951073 -0.308966 0
    outer loop
      vertex 23.95 -15.7 0
      vertex 23.7877 -16.1996 18.7
      vertex 23.7877 -16.1996 0
    endloop
  endfacet
  facet normal 0.587774 -0.809025 0
    outer loop
      vertex 23.3639 -16.5075 0
      vertex 23.7877 -16.1996 18.7
      vertex 23.3639 -16.5075 18.7
    endloop
  endfacet
  facet normal 0.587774 -0.809025 0
    outer loop
      vertex 23.7877 -16.1996 18.7
      vertex 23.3639 -16.5075 0
      vertex 23.7877 -16.1996 0
    endloop
  endfacet
  facet normal -0.587774 -0.809025 0
    outer loop
      vertex 22.4123 -16.1996 0
      vertex 22.8361 -16.5075 18.7
      vertex 22.4123 -16.1996 18.7
    endloop
  endfacet
  facet normal -0.587774 -0.809025 -0
    outer loop
      vertex 22.8361 -16.5075 18.7
      vertex 22.4123 -16.1996 0
      vertex 22.8361 -16.5075 0
    endloop
  endfacet
  facet normal -0.951073 -0.308966 0
    outer loop
      vertex 22.4123 -16.1996 0
      vertex 22.25 -15.7 18.7
      vertex 22.25 -15.7 0
    endloop
  endfacet
  facet normal -0.951073 -0.308966 0
    outer loop
      vertex 22.25 -15.7 18.7
      vertex 22.4123 -16.1996 0
      vertex 22.4123 -16.1996 18.7
    endloop
  endfacet
  facet normal -0.951073 0.308966 0
    outer loop
      vertex 24.35 -15.7 18.6
      vertex 24.5123 -15.2004 18.7
      vertex 24.5123 -15.2004 18.6
    endloop
  endfacet
  facet normal -0.951073 0.308966 0
    outer loop
      vertex 24.35 -15.7 18.6
      vertex 24.35 -15.7 18.7
      vertex 24.5123 -15.2004 18.7
    endloop
  endfacet
  facet normal 0 0 0
    outer loop
      vertex 24.35 -15.7 18.7
      vertex 24.35 -15.7 18.6
      vertex 24.35 -15.7 0
    endloop
  endfacet
  facet normal 0 0 1
    outer loop
      vertex 28.35 -12.7 18.7
      vertex 29.6575 -12.4692 18.7
      vertex 29.5377 -12.1004 18.7
    endloop
  endfacet
  facet normal 0 0 1
    outer loop
      vertex 29.6575 -12.4692 18.7
      vertex 28.35 -12.7 18.7
      vertex 29.6575 -12.7 18.7
    endloop
  endfacet
  facet normal 0 -0 1
    outer loop
      vertex 29.3138 -13.3623 18.7
      vertex 29.6575 -12.7 18.7
      vertex 28.35 -12.7 18.7
    endloop
  endfacet
  facet normal 0 0 1
    outer loop
      vertex 28.35 -12.7 18.7
      vertex 29.5377 -12.1004 18.7
      vertex 29.1127 -11.7916 18.7
    endloop
  endfacet
  facet normal 0 0 1
    outer loop
      vertex 29.6575 -12.7 18.7
      vertex 29.3138 -13.3623 18.7
      vertex 29.5202 -13.2123 18.7
    endloop
  endfacet
  facet normal -0 0 1
    outer loop
      vertex 28.1578 -13.1858 18.7
      vertex 29.3138 -13.3623 18.7
      vertex 28.35 -12.7 18.7
    endloop
  endfacet
  facet normal 0 0 1
    outer loop
      vertex 29.3138 -13.3623 18.7
      vertex 28.1578 -13.1858 18.7
      vertex 29.1934 -14.4318 18.7
    endloop
  endfacet
  facet normal 0 0 1
    outer loop
      vertex 28.35 -12.7 18.7
      vertex 29.1127 -11.7916 18.7
      vertex 28.5873 -11.7916 18.7
    endloop
  endfacet
  facet normal 0 0 1
    outer loop
      vertex 29.4049 -13.6427 18.7
      vertex 29.3138 -13.3623 18.7
      vertex 29.1934 -14.4318 18.7
    endloop
  endfacet
  facet normal 0 0 1
    outer loop
      vertex 28.7677 -14.6564 18.7
      vertex 28.7691 -14.982 18.7
      vertex 28.8213 -14.8213 18.7
    endloop
  endfacet
  facet normal 0 -0 1
    outer loop
      vertex 28.7677 -14.6564 18.7
      vertex 29.1934 -14.4318 18.7
      vertex 28.1578 -13.1858 18.7
    endloop
  endfacet
  facet normal 0 0 1
    outer loop
      vertex 28.35 -12.7 18.7
      vertex 28.5873 -11.7916 18.7
      vertex 28.35 -11.964 18.7
    endloop
  endfacet
  facet normal 0 0 1
    outer loop
      vertex 29.1934 -14.4318 18.7
      vertex 28.7677 -14.6564 18.7
      vertex 28.8843 -14.6564 18.7
    endloop
  endfacet
  facet normal -0 0 1
    outer loop
      vertex 27.8252 -14.0129 18.7
      vertex 28.7677 -14.6564 18.7
      vertex 28.1578 -13.1858 18.7
    endloop
  endfacet
  facet normal 0 0 1
    outer loop
      vertex 27.8252 -14.0129 18.7
      vertex 28.1578 -13.1858 18.7
      vertex 28.1449 -13.1952 18.7
    endloop
  endfacet
  facet normal -0 0 1
    outer loop
      vertex 27.6178 -14.4678 18.7
      vertex 28.7677 -14.6564 18.7
      vertex 27.8252 -14.0129 18.7
    endloop
  endfacet
  facet normal 0 0 1
    outer loop
      vertex 28.7677 -14.6564 18.7
      vertex 27.6178 -14.4678 18.7
      vertex 28.7691 -14.982 18.7
    endloop
  endfacet
  facet normal 0 -0 1
    outer loop
      vertex 27.8252 -14.0129 18.7
      vertex 28.1449 -13.1952 18.7
      vertex 27.8168 -13.9871 18.7
    endloop
  endfacet
  facet normal 0 0 1
    outer loop
      vertex 28.35 -12.7 18.7
      vertex 28.1539 -13.1735 18.7
      vertex 28.1578 -13.1858 18.7
    endloop
  endfacet
  facet normal 0 0 1
    outer loop
      vertex 27.6178 -14.4678 18.7
      vertex 27.8252 -14.0129 18.7
      vertex 27.8062 -14.0129 18.7
    endloop
  endfacet
  facet normal 0 0 1
    outer loop
      vertex 28.7691 -14.982 18.7
      vertex 27.6178 -14.4678 18.7
      vertex 28.1214 -15.6297 18.7
    endloop
  endfacet
  facet normal 0 0 1
    outer loop
      vertex 28.1214 -15.6297 18.7
      vertex 27.6178 -14.4678 18.7
      vertex 27.7967 -15.6297 18.7
    endloop
  endfacet
  facet normal -0 0 1
    outer loop
      vertex 27.1727 -14.6632 18.7
      vertex 27.7967 -15.6297 18.7
      vertex 27.6178 -14.4678 18.7
    endloop
  endfacet
  facet normal -0 0 1
    outer loop
      vertex 27.1458 -14.6632 18.7
      vertex 27.7967 -15.6297 18.7
      vertex 27.1727 -14.6632 18.7
    endloop
  endfacet
  facet normal 0 0 1
    outer loop
      vertex 27.1727 -14.6632 18.7
      vertex 27.6178 -14.4678 18.7
      vertex 27.1769 -14.6504 18.7
    endloop
  endfacet
  facet normal 0 0 1
    outer loop
      vertex 27.7967 -15.6297 18.7
      vertex 27.589 -16.0415 18.7
      vertex 27.6857 -15.9713 18.7
    endloop
  endfacet
  facet normal 0 0 1
    outer loop
      vertex 26.5543 -16.1485 18.7
      vertex 27.7967 -15.6297 18.7
      vertex 27.1458 -14.6632 18.7
    endloop
  endfacet
  facet normal 0 0 1
    outer loop
      vertex 27.7967 -15.6297 18.7
      vertex 26.5543 -16.1485 18.7
      vertex 27.589 -16.0415 18.7
    endloop
  endfacet
  facet normal 0 0 1
    outer loop
      vertex 27.589 -16.0415 18.7
      vertex 26.5543 -16.1485 18.7
      vertex 26.7255 -16.2729 18.7
    endloop
  endfacet
  facet normal 0 0 1
    outer loop
      vertex 26.2938 -15.0232 18.7
      vertex 27.1458 -14.6632 18.7
      vertex 26.2964 -15.0151 18.7
    endloop
  endfacet
  facet normal 0 0 1
    outer loop
      vertex 27.1458 -14.6632 18.7
      vertex 26.2938 -15.0232 18.7
      vertex 26.5543 -16.1485 18.7
    endloop
  endfacet
  facet normal -0 0 1
    outer loop
      vertex 25.85 -15.2 18.7
      vertex 26.5543 -16.1485 18.7
      vertex 26.2938 -15.0232 18.7
    endloop
  endfacet
  facet normal 0 0 1
    outer loop
      vertex 25.85 -15.2 18.7
      vertex 26.2938 -15.0232 18.7
      vertex 26.2876 -15.0187 18.7
    endloop
  endfacet
  facet normal 0 -0 1
    outer loop
      vertex 26.2681 -16.3955 18.7
      vertex 26.5543 -16.1485 18.7
      vertex 25.85 -15.2 18.7
    endloop
  endfacet
  facet normal 0 0 1
    outer loop
      vertex 26.5543 -16.1485 18.7
      vertex 26.2681 -16.3955 18.7
      vertex 26.5377 -16.1996 18.7
    endloop
  endfacet
  facet normal 0 0 1
    outer loop
      vertex 25.85 -15.2 18.7
      vertex 25.85 -16.5075 18.7
      vertex 26.2681 -16.3955 18.7
    endloop
  endfacet
  facet normal -0 0 1
    outer loop
      vertex 25.525 -16.4631 18.7
      vertex 25.85 -16.5075 18.7
      vertex 25.85 -15.2 18.7
    endloop
  endfacet
  facet normal 0 0 1
    outer loop
      vertex 25.85 -16.5075 18.7
      vertex 25.525 -16.4631 18.7
      vertex 25.5861 -16.5075 18.7
    endloop
  endfacet
  facet normal -0 0 1
    outer loop
      vertex 24.5123 -16.1996 18.7
      vertex 25.525 -16.4631 18.7
      vertex 25.85 -15.2 18.7
    endloop
  endfacet
  facet normal 0 0 1
    outer loop
      vertex 25.525 -16.4631 18.7
      vertex 24.9361 -16.5075 18.7
      vertex 25.4639 -16.5075 18.7
    endloop
  endfacet
  facet normal 0 0 1
    outer loop
      vertex 24.35 -15.7 18.7
      vertex 25.85 -15.2 18.7
      vertex 24.5129 -15.2 18.7
    endloop
  endfacet
  facet normal 0 0 1
    outer loop
      vertex 24.35 -15.7 18.7
      vertex 24.5129 -15.2 18.7
      vertex 24.5123 -15.2004 18.7
    endloop
  endfacet
  facet normal 0 0 1
    outer loop
      vertex 25.525 -16.4631 18.7
      vertex 24.5123 -16.1996 18.7
      vertex 24.9361 -16.5075 18.7
    endloop
  endfacet
  facet normal 0 0 1
    outer loop
      vertex 25.85 -15.2 18.7
      vertex 24.35 -15.7 18.7
      vertex 24.5123 -16.1996 18.7
    endloop
  endfacet
  facet normal -0.5547 0.83205 0
    outer loop
      vertex 24.5129 -15.2 18.6
      vertex 24.5123 -15.2004 18.7
      vertex 24.5129 -15.2 18.7
    endloop
  endfacet
  facet normal -0.5547 0.83205 0
    outer loop
      vertex 24.5123 -15.2004 18.7
      vertex 24.5129 -15.2 18.6
      vertex 24.5123 -15.2004 18.6
    endloop
  endfacet
  facet normal -0.951073 -0.308966 0
    outer loop
      vertex 24.5123 -16.1996 0
      vertex 24.35 -15.7 18.7
      vertex 24.35 -15.7 0
    endloop
  endfacet
  facet normal -0.951073 -0.308966 0
    outer loop
      vertex 24.35 -15.7 18.7
      vertex 24.5123 -16.1996 0
      vertex 24.5123 -16.1996 18.7
    endloop
  endfacet
  facet normal 0.587857 -0.808965 0
    outer loop
      vertex 25.4639 -16.5075 0
      vertex 25.525 -16.4631 18.7
      vertex 25.4639 -16.5075 18.7
    endloop
  endfacet
  facet normal 0.587857 -0.808965 0
    outer loop
      vertex 25.525 -16.4631 18.7
      vertex 25.4639 -16.5075 0
      vertex 25.525 -16.4631 0
    endloop
  endfacet
  facet normal -0.587774 -0.809025 0
    outer loop
      vertex 24.5123 -16.1996 0
      vertex 24.9361 -16.5075 18.7
      vertex 24.5123 -16.1996 18.7
    endloop
  endfacet
  facet normal -0.587774 -0.809025 -0
    outer loop
      vertex 24.9361 -16.5075 18.7
      vertex 24.5123 -16.1996 0
      vertex 24.9361 -16.5075 0
    endloop
  endfacet
  facet normal 0.951073 0.308966 0
    outer loop
      vertex -24.35 15.7 18.7
      vertex -24.5123 16.1996 0
      vertex -24.5123 16.1996 18.7
    endloop
  endfacet
  facet normal 0.951073 0.308966 0
    outer loop
      vertex -24.5123 16.1996 0
      vertex -24.35 15.7 18.7
      vertex -24.35 15.7 0
    endloop
  endfacet
  facet normal 0.587774 0.809025 -0
    outer loop
      vertex -24.5123 16.1996 0
      vertex -24.9361 16.5075 18.7
      vertex -24.5123 16.1996 18.7
    endloop
  endfacet
  facet normal 0.587774 0.809025 0
    outer loop
      vertex -24.9361 16.5075 18.7
      vertex -24.5123 16.1996 0
      vertex -24.9361 16.5075 0
    endloop
  endfacet
  facet normal 0 0 1
    outer loop
      vertex -25.525 16.4631 18.7
      vertex -24.35 15.7 18.7
      vertex -24.5123 16.1996 18.7
    endloop
  endfacet
  facet normal 0 0 1
    outer loop
      vertex -24.35 15.7 18.7
      vertex -24.5129 15.2 18.7
      vertex -24.5123 15.2004 18.7
    endloop
  endfacet
  facet normal -0 0 1
    outer loop
      vertex -25.525 16.4631 18.7
      vertex -24.5123 16.1996 18.7
      vertex -24.9361 16.5075 18.7
    endloop
  endfacet
  facet normal 0 0 1
    outer loop
      vertex -25.525 16.4631 18.7
      vertex -24.9361 16.5075 18.7
      vertex -25.4639 16.5075 18.7
    endloop
  endfacet
  facet normal 0 0 1
    outer loop
      vertex -24.35 15.7 18.7
      vertex -25.525 16.4631 18.7
      vertex -24.5129 15.2 18.7
    endloop
  endfacet
  facet normal -0 0 1
    outer loop
      vertex -25.85 16.5075 18.7
      vertex -25.525 16.4631 18.7
      vertex -25.5861 16.5075 18.7
    endloop
  endfacet
  facet normal 0 0 1
    outer loop
      vertex -25.525 16.4631 18.7
      vertex -25.85 16.5075 18.7
      vertex -25.85 15.2 18.7
    endloop
  endfacet
  facet normal 0 0 1
    outer loop
      vertex -25.525 16.4631 18.7
      vertex -25.85 15.2 18.7
      vertex -24.5129 15.2 18.7
    endloop
  endfacet
  facet normal -0 0 1
    outer loop
      vertex -26.2681 16.3955 18.7
      vertex -25.85 15.2 18.7
      vertex -25.85 16.5075 18.7
    endloop
  endfacet
  facet normal -0 0 1
    outer loop
      vertex -26.5543 16.1485 18.7
      vertex -25.85 15.2 18.7
      vertex -26.2681 16.3955 18.7
    endloop
  endfacet
  facet normal 0 0 1
    outer loop
      vertex -25.85 15.2 18.7
      vertex -26.2938 15.0232 18.7
      vertex -26.2876 15.0187 18.7
    endloop
  endfacet
  facet normal 0 0 1
    outer loop
      vertex -25.85 15.2 18.7
      vertex -26.5543 16.1485 18.7
      vertex -26.2938 15.0232 18.7
    endloop
  endfacet
  facet normal 0 0 1
    outer loop
      vertex -26.5543 16.1485 18.7
      vertex -26.2681 16.3955 18.7
      vertex -26.5377 16.1996 18.7
    endloop
  endfacet
  facet normal 0 0 1
    outer loop
      vertex -27.1458 14.6632 18.7
      vertex -26.2938 15.0232 18.7
      vertex -26.5543 16.1485 18.7
    endloop
  endfacet
  facet normal 0 0 1
    outer loop
      vertex -27.589 16.0415 18.7
      vertex -26.5543 16.1485 18.7
      vertex -26.7255 16.2729 18.7
    endloop
  endfacet
  facet normal 0 0 1
    outer loop
      vertex -27.7967 15.6297 18.7
      vertex -26.5543 16.1485 18.7
      vertex -27.589 16.0415 18.7
    endloop
  endfacet
  facet normal 0 0 1
    outer loop
      vertex -26.2938 15.0232 18.7
      vertex -27.1458 14.6632 18.7
      vertex -26.2964 15.0151 18.7
    endloop
  endfacet
  facet normal 0 0 1
    outer loop
      vertex -26.5543 16.1485 18.7
      vertex -27.7967 15.6297 18.7
      vertex -27.1458 14.6632 18.7
    endloop
  endfacet
  facet normal 0 0 1
    outer loop
      vertex -27.1458 14.6632 18.7
      vertex -27.7967 15.6297 18.7
      vertex -27.1727 14.6632 18.7
    endloop
  endfacet
  facet normal 0 -0 1
    outer loop
      vertex -27.6178 14.4678 18.7
      vertex -27.1727 14.6632 18.7
      vertex -27.7967 15.6297 18.7
    endloop
  endfacet
  facet normal 0 0 1
    outer loop
      vertex -27.7967 15.6297 18.7
      vertex -27.589 16.0415 18.7
      vertex -27.6857 15.9713 18.7
    endloop
  endfacet
  facet normal 0 0 1
    outer loop
      vertex -27.1727 14.6632 18.7
      vertex -27.6178 14.4678 18.7
      vertex -27.1769 14.6504 18.7
    endloop
  endfacet
  facet normal -0 0 1
    outer loop
      vertex -28.1214 15.6297 18.7
      vertex -27.6178 14.4678 18.7
      vertex -27.7967 15.6297 18.7
    endloop
  endfacet
  facet normal 0 0 1
    outer loop
      vertex -27.6178 14.4678 18.7
      vertex -27.8252 14.0129 18.7
      vertex -27.8062 14.0129 18.7
    endloop
  endfacet
  facet normal -0 0 1
    outer loop
      vertex -28.7691 14.982 18.7
      vertex -27.6178 14.4678 18.7
      vertex -28.1214 15.6297 18.7
    endloop
  endfacet
  facet normal 0 0 1
    outer loop
      vertex -27.8252 14.0129 18.7
      vertex -28.1449 13.1952 18.7
      vertex -27.8168 13.9871 18.7
    endloop
  endfacet
  facet normal 0 0 1
    outer loop
      vertex -27.6178 14.4678 18.7
      vertex -28.7677 14.6564 18.7
      vertex -27.8252 14.0129 18.7
    endloop
  endfacet
  facet normal 0 0 1
    outer loop
      vertex -27.8252 14.0129 18.7
      vertex -28.7677 14.6564 18.7
      vertex -28.1449 13.1952 18.7
    endloop
  endfacet
  facet normal -0 0 1
    outer loop
      vertex -29.4049 13.6427 18.7
      vertex -28.1449 13.1952 18.7
      vertex -28.7677 14.6564 18.7
    endloop
  endfacet
  facet normal 0 0 1
    outer loop
      vertex -28.35 12.7 18.7
      vertex -28.5873 11.7916 18.7
      vertex -28.35 11.964 18.7
    endloop
  endfacet
  facet normal 0 0 1
    outer loop
      vertex -28.1449 13.1952 18.7
      vertex -29.4049 13.6427 18.7
      vertex -28.1578 13.1858 18.7
    endloop
  endfacet
  facet normal 0 0 1
    outer loop
      vertex -28.1578 13.1858 18.7
      vertex -29.3138 13.3623 18.7
      vertex -28.35 12.7 18.7
    endloop
  endfacet
  facet normal 0 0 1
    outer loop
      vertex -27.6178 14.4678 18.7
      vertex -28.7691 14.982 18.7
      vertex -28.7677 14.6564 18.7
    endloop
  endfacet
  facet normal 0 0 1
    outer loop
      vertex -28.7677 14.6564 18.7
      vertex -28.7691 14.982 18.7
      vertex -28.8213 14.8213 18.7
    endloop
  endfacet
  facet normal 0 0 1
    outer loop
      vertex -28.1578 13.1858 18.7
      vertex -29.4049 13.6427 18.7
      vertex -29.3138 13.3623 18.7
    endloop
  endfacet
  facet normal 0 0 1
    outer loop
      vertex -28.1539 13.1735 18.7
      vertex -28.1578 13.1858 18.7
      vertex -28.35 12.7 18.7
    endloop
  endfacet
  facet normal 0 0 1
    outer loop
      vertex -29.1934 14.4318 18.7
      vertex -28.7677 14.6564 18.7
      vertex -28.8843 14.6564 18.7
    endloop
  endfacet
  facet normal 0 0 1
    outer loop
      vertex -29.6575 12.7 18.7
      vertex -28.35 12.7 18.7
      vertex -29.3138 13.3623 18.7
    endloop
  endfacet
  facet normal 0 0 1
    outer loop
      vertex -29.4049 13.6427 18.7
      vertex -28.7677 14.6564 18.7
      vertex -29.1934 14.4318 18.7
    endloop
  endfacet
  facet normal 0 0 1
    outer loop
      vertex -29.6575 12.4692 18.7
      vertex -28.35 12.7 18.7
      vertex -29.6575 12.7 18.7
    endloop
  endfacet
  facet normal 0 0 1
    outer loop
      vertex -29.6575 12.7 18.7
      vertex -29.3138 13.3623 18.7
      vertex -29.5202 13.2123 18.7
    endloop
  endfacet
  facet normal 0 -0 1
    outer loop
      vertex -29.5377 12.1004 18.7
      vertex -28.35 12.7 18.7
      vertex -29.6575 12.4692 18.7
    endloop
  endfacet
  facet normal 0 0 1
    outer loop
      vertex -28.35 12.7 18.7
      vertex -29.1127 11.7916 18.7
      vertex -28.5873 11.7916 18.7
    endloop
  endfacet
  facet normal 0 0 1
    outer loop
      vertex -28.35 12.7 18.7
      vertex -29.5377 12.1004 18.7
      vertex -29.1127 11.7916 18.7
    endloop
  endfacet
  facet normal -0.587857 0.808965 0
    outer loop
      vertex -25.4639 16.5075 0
      vertex -25.525 16.4631 18.7
      vertex -25.4639 16.5075 18.7
    endloop
  endfacet
  facet normal -0.587857 0.808965 0
    outer loop
      vertex -25.525 16.4631 18.7
      vertex -25.4639 16.5075 0
      vertex -25.525 16.4631 0
    endloop
  endfacet
  facet normal 0 0 0
    outer loop
      vertex -24.35 15.7 18.7
      vertex -24.35 15.7 18.6
      vertex -24.35 15.7 0
    endloop
  endfacet
  facet normal 0.951073 -0.308966 0
    outer loop
      vertex -24.5123 15.2004 18.7
      vertex -24.35 15.7 18.6
      vertex -24.35 15.7 18.7
    endloop
  endfacet
  facet normal 0.951073 -0.308966 0
    outer loop
      vertex -24.35 15.7 18.6
      vertex -24.5123 15.2004 18.7
      vertex -24.5123 15.2004 18.6
    endloop
  endfacet
  facet normal 0.5547 -0.83205 0
    outer loop
      vertex -24.5129 15.2 18.6
      vertex -24.5123 15.2004 18.7
      vertex -24.5129 15.2 18.7
    endloop
  endfacet
  facet normal 0.5547 -0.83205 0
    outer loop
      vertex -24.5123 15.2004 18.7
      vertex -24.5129 15.2 18.6
      vertex -24.5123 15.2004 18.6
    endloop
  endfacet
  facet normal 0.951073 0.308966 0
    outer loop
      vertex -22.25 15.7 18.7
      vertex -22.4123 16.1996 0
      vertex -22.4123 16.1996 18.7
    endloop
  endfacet
  facet normal 0.951073 0.308966 0
    outer loop
      vertex -22.4123 16.1996 0
      vertex -22.25 15.7 18.7
      vertex -22.25 15.7 0
    endloop
  endfacet
  facet normal -0.951073 0.308966 0
    outer loop
      vertex -23.95 15.7 0
      vertex -23.7877 16.1996 18.7
      vertex -23.7877 16.1996 0
    endloop
  endfacet
  facet normal -0.951073 0.308966 0
    outer loop
      vertex -23.7877 16.1996 18.7
      vertex -23.95 15.7 0
      vertex -23.95 15.7 18.7
    endloop
  endfacet
  facet normal 0.587774 0.809025 -0
    outer loop
      vertex -22.4123 16.1996 0
      vertex -22.8361 16.5075 18.7
      vertex -22.4123 16.1996 18.7
    endloop
  endfacet
  facet normal 0.587774 0.809025 0
    outer loop
      vertex -22.8361 16.5075 18.7
      vertex -22.4123 16.1996 0
      vertex -22.8361 16.5075 0
    endloop
  endfacet
  facet normal 0 0 1
    outer loop
      vertex -22.4129 15.2 18.7
      vertex -22.25 15.7 18.7
      vertex -22.4123 16.1996 18.7
    endloop
  endfacet
  facet normal 0 0 1
    outer loop
      vertex -22.25 15.7 18.7
      vertex -22.4129 15.2 18.7
      vertex -22.4123 15.2004 18.7
    endloop
  endfacet
  facet normal 0 0 1
    outer loop
      vertex -22.8361 16.5075 18.7
      vertex -22.4129 15.2 18.7
      vertex -22.4123 16.1996 18.7
    endloop
  endfacet
  facet normal -0 0 1
    outer loop
      vertex -23.3639 16.5075 18.7
      vertex -22.4129 15.2 18.7
      vertex -22.8361 16.5075 18.7
    endloop
  endfacet
  facet normal 0 0 1
    outer loop
      vertex -23.3639 16.5075 18.7
      vertex -23.7871 15.2 18.7
      vertex -22.4129 15.2 18.7
    endloop
  endfacet
  facet normal -0 0 1
    outer loop
      vertex -23.7877 16.1996 18.7
      vertex -23.7871 15.2 18.7
      vertex -23.3639 16.5075 18.7
    endloop
  endfacet
  facet normal -0 0 1
    outer loop
      vertex -23.95 15.7 18.7
      vertex -23.7871 15.2 18.7
      vertex -23.7877 16.1996 18.7
    endloop
  endfacet
  facet normal 0 0 1
    outer loop
      vertex -23.7871 15.2 18.7
      vertex -23.95 15.7 18.7
      vertex -23.7877 15.2004 18.7
    endloop
  endfacet
  facet normal -0.587774 0.809025 0
    outer loop
      vertex -23.3639 16.5075 0
      vertex -23.7877 16.1996 18.7
      vertex -23.3639 16.5075 18.7
    endloop
  endfacet
  facet normal -0.587774 0.809025 0
    outer loop
      vertex -23.7877 16.1996 18.7
      vertex -23.3639 16.5075 0
      vertex -23.7877 16.1996 0
    endloop
  endfacet
  facet normal 0 0 0
    outer loop
      vertex -22.25 15.7 18.7
      vertex -22.25 15.7 18.6
      vertex -22.25 15.7 0
    endloop
  endfacet
  facet normal 0.951073 -0.308966 0
    outer loop
      vertex -22.4123 15.2004 18.7
      vertex -22.25 15.7 18.6
      vertex -22.25 15.7 18.7
    endloop
  endfacet
  facet normal 0.951073 -0.308966 0
    outer loop
      vertex -22.25 15.7 18.6
      vertex -22.4123 15.2004 18.7
      vertex -22.4123 15.2004 18.6
    endloop
  endfacet
  facet normal 0 0 0
    outer loop
      vertex -23.95 15.7 0
      vertex -23.95 15.7 18.6
      vertex -23.95 15.7 18.7
    endloop
  endfacet
  facet normal -0.951073 -0.308966 0
    outer loop
      vertex -23.7877 15.2004 18.6
      vertex -23.95 15.7 18.7
      vertex -23.95 15.7 18.6
    endloop
  endfacet
  facet normal -0.951073 -0.308966 0
    outer loop
      vertex -23.95 15.7 18.7
      vertex -23.7877 15.2004 18.6
      vertex -23.7877 15.2004 18.7
    endloop
  endfacet
  facet normal 0.5547 -0.83205 0
    outer loop
      vertex -22.4129 15.2 18.6
      vertex -22.4123 15.2004 18.7
      vertex -22.4129 15.2 18.7
    endloop
  endfacet
  facet normal 0.5547 -0.83205 0
    outer loop
      vertex -22.4123 15.2004 18.7
      vertex -22.4129 15.2 18.6
      vertex -22.4123 15.2004 18.6
    endloop
  endfacet
  facet normal -0.5547 -0.83205 0
    outer loop
      vertex -23.7877 15.2004 18.6
      vertex -23.7871 15.2 18.7
      vertex -23.7877 15.2004 18.7
    endloop
  endfacet
  facet normal -0.5547 -0.83205 -0
    outer loop
      vertex -23.7871 15.2 18.7
      vertex -23.7877 15.2004 18.6
      vertex -23.7871 15.2 18.6
    endloop
  endfacet
  facet normal 0.951073 0.308966 0
    outer loop
      vertex -20.15 15.7 18.7
      vertex -20.3123 16.1996 0
      vertex -20.3123 16.1996 18.7
    endloop
  endfacet
  facet normal 0.951073 0.308966 0
    outer loop
      vertex -20.3123 16.1996 0
      vertex -20.15 15.7 18.7
      vertex -20.15 15.7 0
    endloop
  endfacet
  facet normal -0.951073 0.308966 0
    outer loop
      vertex -21.85 15.7 0
      vertex -21.6877 16.1996 18.7
      vertex -21.6877 16.1996 0
    endloop
  endfacet
  facet normal -0.951073 0.308966 0
    outer loop
      vertex -21.6877 16.1996 18.7
      vertex -21.85 15.7 0
      vertex -21.85 15.7 18.7
    endloop
  endfacet
  facet normal 0.587774 0.809025 -0
    outer loop
      vertex -20.3123 16.1996 0
      vertex -20.7361 16.5075 18.7
      vertex -20.3123 16.1996 18.7
    endloop
  endfacet
  facet normal 0.587774 0.809025 0
    outer loop
      vertex -20.7361 16.5075 18.7
      vertex -20.3123 16.1996 0
      vertex -20.7361 16.5075 0
    endloop
  endfacet
  facet normal 0 0 1
    outer loop
      vertex -20.3129 15.2 18.7
      vertex -20.15 15.7 18.7
      vertex -20.3123 16.1996 18.7
    endloop
  endfacet
  facet normal 0 0 1
    outer loop
      vertex -20.15 15.7 18.7
      vertex -20.3129 15.2 18.7
      vertex -20.3123 15.2004 18.7
    endloop
  endfacet
  facet normal 0 0 1
    outer loop
      vertex -20.7361 16.5075 18.7
      vertex -20.3129 15.2 18.7
      vertex -20.3123 16.1996 18.7
    endloop
  endfacet
  facet normal -0 0 1
    outer loop
      vertex -21.2639 16.5075 18.7
      vertex -20.3129 15.2 18.7
      vertex -20.7361 16.5075 18.7
    endloop
  endfacet
  facet normal 0 0 1
    outer loop
      vertex -21.2639 16.5075 18.7
      vertex -21.6871 15.2 18.7
      vertex -20.3129 15.2 18.7
    endloop
  endfacet
  facet normal -0 0 1
    outer loop
      vertex -21.6877 16.1996 18.7
      vertex -21.6871 15.2 18.7
      vertex -21.2639 16.5075 18.7
    endloop
  endfacet
  facet normal -0 0 1
    outer loop
      vertex -21.85 15.7 18.7
      vertex -21.6871 15.2 18.7
      vertex -21.6877 16.1996 18.7
    endloop
  endfacet
  facet normal 0 0 1
    outer loop
      vertex -21.6871 15.2 18.7
      vertex -21.85 15.7 18.7
      vertex -21.6877 15.2004 18.7
    endloop
  endfacet
  facet normal -0.587774 0.809025 0
    outer loop
      vertex -21.2639 16.5075 0
      vertex -21.6877 16.1996 18.7
      vertex -21.2639 16.5075 18.7
    endloop
  endfacet
  facet normal -0.587774 0.809025 0
    outer loop
      vertex -21.6877 16.1996 18.7
      vertex -21.2639 16.5075 0
      vertex -21.6877 16.1996 0
    endloop
  endfacet
  facet normal 0 0 0
    outer loop
      vertex -21.85 15.7 0
      vertex -21.85 15.7 18.6
      vertex -21.85 15.7 18.7
    endloop
  endfacet
  facet normal -0.951073 -0.308966 0
    outer loop
      vertex -21.6877 15.2004 18.6
      vertex -21.85 15.7 18.7
      vertex -21.85 15.7 18.6
    endloop
  endfacet
  facet normal -0.951073 -0.308966 0
    outer loop
      vertex -21.85 15.7 18.7
      vertex -21.6877 15.2004 18.6
      vertex -21.6877 15.2004 18.7
    endloop
  endfacet
  facet normal 0.5547 -0.83205 0
    outer loop
      vertex -20.3129 15.2 18.6
      vertex -20.3123 15.2004 18.7
      vertex -20.3129 15.2 18.7
    endloop
  endfacet
  facet normal 0.5547 -0.83205 0
    outer loop
      vertex -20.3123 15.2004 18.7
      vertex -20.3129 15.2 18.6
      vertex -20.3123 15.2004 18.6
    endloop
  endfacet
  facet normal 0 0 0
    outer loop
      vertex -20.15 15.7 18.7
      vertex -20.15 15.7 18.6
      vertex -20.15 15.7 0
    endloop
  endfacet
  facet normal 0.951073 -0.308966 0
    outer loop
      vertex -20.3123 15.2004 18.7
      vertex -20.15 15.7 18.6
      vertex -20.15 15.7 18.7
    endloop
  endfacet
  facet normal 0.951073 -0.308966 0
    outer loop
      vertex -20.15 15.7 18.6
      vertex -20.3123 15.2004 18.7
      vertex -20.3123 15.2004 18.6
    endloop
  endfacet
  facet normal -0.5547 -0.83205 0
    outer loop
      vertex -21.6877 15.2004 18.6
      vertex -21.6871 15.2 18.7
      vertex -21.6877 15.2004 18.7
    endloop
  endfacet
  facet normal -0.5547 -0.83205 -0
    outer loop
      vertex -21.6871 15.2 18.7
      vertex -21.6877 15.2004 18.6
      vertex -21.6871 15.2 18.6
    endloop
  endfacet
  facet normal 0.951073 0.308966 0
    outer loop
      vertex -18.05 15.7 18.7
      vertex -18.2123 16.1996 0
      vertex -18.2123 16.1996 18.7
    endloop
  endfacet
  facet normal 0.951073 0.308966 0
    outer loop
      vertex -18.2123 16.1996 0
      vertex -18.05 15.7 18.7
      vertex -18.05 15.7 0
    endloop
  endfacet
  facet normal -0.951073 0.308966 0
    outer loop
      vertex -19.75 15.7 0
      vertex -19.5877 16.1996 18.7
      vertex -19.5877 16.1996 0
    endloop
  endfacet
  facet normal -0.951073 0.308966 0
    outer loop
      vertex -19.5877 16.1996 18.7
      vertex -19.75 15.7 0
      vertex -19.75 15.7 18.7
    endloop
  endfacet
  facet normal 0.587774 0.809025 -0
    outer loop
      vertex -18.2123 16.1996 0
      vertex -18.6361 16.5075 18.7
      vertex -18.2123 16.1996 18.7
    endloop
  endfacet
  facet normal 0.587774 0.809025 0
    outer loop
      vertex -18.6361 16.5075 18.7
      vertex -18.2123 16.1996 0
      vertex -18.6361 16.5075 0
    endloop
  endfacet
  facet normal 0 0 1
    outer loop
      vertex -18.2129 15.2 18.7
      vertex -18.05 15.7 18.7
      vertex -18.2123 16.1996 18.7
    endloop
  endfacet
  facet normal 0 0 1
    outer loop
      vertex -18.05 15.7 18.7
      vertex -18.2129 15.2 18.7
      vertex -18.2123 15.2004 18.7
    endloop
  endfacet
  facet normal 0 0 1
    outer loop
      vertex -18.6361 16.5075 18.7
      vertex -18.2129 15.2 18.7
      vertex -18.2123 16.1996 18.7
    endloop
  endfacet
  facet normal -0 0 1
    outer loop
      vertex -19.1639 16.5075 18.7
      vertex -18.2129 15.2 18.7
      vertex -18.6361 16.5075 18.7
    endloop
  endfacet
  facet normal 0 0 1
    outer loop
      vertex -19.1639 16.5075 18.7
      vertex -19.5871 15.2 18.7
      vertex -18.2129 15.2 18.7
    endloop
  endfacet
  facet normal -0 0 1
    outer loop
      vertex -19.5877 16.1996 18.7
      vertex -19.5871 15.2 18.7
      vertex -19.1639 16.5075 18.7
    endloop
  endfacet
  facet normal -0 0 1
    outer loop
      vertex -19.75 15.7 18.7
      vertex -19.5871 15.2 18.7
      vertex -19.5877 16.1996 18.7
    endloop
  endfacet
  facet normal 0 0 1
    outer loop
      vertex -19.5871 15.2 18.7
      vertex -19.75 15.7 18.7
      vertex -19.5877 15.2004 18.7
    endloop
  endfacet
  facet normal -0.587774 0.809025 0
    outer loop
      vertex -19.1639 16.5075 0
      vertex -19.5877 16.1996 18.7
      vertex -19.1639 16.5075 18.7
    endloop
  endfacet
  facet normal -0.587774 0.809025 0
    outer loop
      vertex -19.5877 16.1996 18.7
      vertex -19.1639 16.5075 0
      vertex -19.5877 16.1996 0
    endloop
  endfacet
  facet normal 0 0 0
    outer loop
      vertex -18.05 15.7 18.7
      vertex -18.05 15.7 18.6
      vertex -18.05 15.7 0
    endloop
  endfacet
  facet normal 0.951073 -0.308966 0
    outer loop
      vertex -18.2123 15.2004 18.7
      vertex -18.05 15.7 18.6
      vertex -18.05 15.7 18.7
    endloop
  endfacet
  facet normal 0.951073 -0.308966 0
    outer loop
      vertex -18.05 15.7 18.6
      vertex -18.2123 15.2004 18.7
      vertex -18.2123 15.2004 18.6
    endloop
  endfacet
  facet normal 0.5547 -0.83205 0
    outer loop
      vertex -18.2129 15.2 18.6
      vertex -18.2123 15.2004 18.7
      vertex -18.2129 15.2 18.7
    endloop
  endfacet
  facet normal 0.5547 -0.83205 0
    outer loop
      vertex -18.2123 15.2004 18.7
      vertex -18.2129 15.2 18.6
      vertex -18.2123 15.2004 18.6
    endloop
  endfacet
  facet normal 0 0 0
    outer loop
      vertex -19.75 15.7 0
      vertex -19.75 15.7 18.6
      vertex -19.75 15.7 18.7
    endloop
  endfacet
  facet normal -0.951073 -0.308966 0
    outer loop
      vertex -19.5877 15.2004 18.6
      vertex -19.75 15.7 18.7
      vertex -19.75 15.7 18.6
    endloop
  endfacet
  facet normal -0.951073 -0.308966 0
    outer loop
      vertex -19.75 15.7 18.7
      vertex -19.5877 15.2004 18.6
      vertex -19.5877 15.2004 18.7
    endloop
  endfacet
  facet normal -0.5547 -0.83205 0
    outer loop
      vertex -19.5877 15.2004 18.6
      vertex -19.5871 15.2 18.7
      vertex -19.5877 15.2004 18.7
    endloop
  endfacet
  facet normal -0.5547 -0.83205 -0
    outer loop
      vertex -19.5871 15.2 18.7
      vertex -19.5877 15.2004 18.6
      vertex -19.5871 15.2 18.6
    endloop
  endfacet
  facet normal 0.951073 0.308966 0
    outer loop
      vertex -15.95 15.7 18.7
      vertex -16.1123 16.1996 0
      vertex -16.1123 16.1996 18.7
    endloop
  endfacet
  facet normal 0.951073 0.308966 0
    outer loop
      vertex -16.1123 16.1996 0
      vertex -15.95 15.7 18.7
      vertex -15.95 15.7 0
    endloop
  endfacet
  facet normal -0.951073 0.308966 0
    outer loop
      vertex -17.65 15.7 0
      vertex -17.4877 16.1996 18.7
      vertex -17.4877 16.1996 0
    endloop
  endfacet
  facet normal -0.951073 0.308966 0
    outer loop
      vertex -17.4877 16.1996 18.7
      vertex -17.65 15.7 0
      vertex -17.65 15.7 18.7
    endloop
  endfacet
  facet normal 0.587774 0.809025 -0
    outer loop
      vertex -16.1123 16.1996 0
      vertex -16.5361 16.5075 18.7
      vertex -16.1123 16.1996 18.7
    endloop
  endfacet
  facet normal 0.587774 0.809025 0
    outer loop
      vertex -16.5361 16.5075 18.7
      vertex -16.1123 16.1996 0
      vertex -16.5361 16.5075 0
    endloop
  endfacet
  facet normal 0 0 1
    outer loop
      vertex -16.1129 15.2 18.7
      vertex -15.95 15.7 18.7
      vertex -16.1123 16.1996 18.7
    endloop
  endfacet
  facet normal 0 0 1
    outer loop
      vertex -15.95 15.7 18.7
      vertex -16.1129 15.2 18.7
      vertex -16.1123 15.2004 18.7
    endloop
  endfacet
  facet normal 0 0 1
    outer loop
      vertex -16.5361 16.5075 18.7
      vertex -16.1129 15.2 18.7
      vertex -16.1123 16.1996 18.7
    endloop
  endfacet
  facet normal -0 0 1
    outer loop
      vertex -17.0639 16.5075 18.7
      vertex -16.1129 15.2 18.7
      vertex -16.5361 16.5075 18.7
    endloop
  endfacet
  facet normal 0 0 1
    outer loop
      vertex -17.0639 16.5075 18.7
      vertex -17.4871 15.2 18.7
      vertex -16.1129 15.2 18.7
    endloop
  endfacet
  facet normal -0 0 1
    outer loop
      vertex -17.4877 16.1996 18.7
      vertex -17.4871 15.2 18.7
      vertex -17.0639 16.5075 18.7
    endloop
  endfacet
  facet normal -0 0 1
    outer loop
      vertex -17.65 15.7 18.7
      vertex -17.4871 15.2 18.7
      vertex -17.4877 16.1996 18.7
    endloop
  endfacet
  facet normal 0 0 1
    outer loop
      vertex -17.4871 15.2 18.7
      vertex -17.65 15.7 18.7
      vertex -17.4877 15.2004 18.7
    endloop
  endfacet
  facet normal -0.587774 0.809025 0
    outer loop
      vertex -17.0639 16.5075 0
      vertex -17.4877 16.1996 18.7
      vertex -17.0639 16.5075 18.7
    endloop
  endfacet
  facet normal -0.587774 0.809025 0
    outer loop
      vertex -17.4877 16.1996 18.7
      vertex -17.0639 16.5075 0
      vertex -17.4877 16.1996 0
    endloop
  endfacet
  facet normal 0 0 0
    outer loop
      vertex -17.65 15.7 0
      vertex -17.65 15.7 18.6
      vertex -17.65 15.7 18.7
    endloop
  endfacet
  facet normal -0.951073 -0.308966 0
    outer loop
      vertex -17.4877 15.2004 18.6
      vertex -17.65 15.7 18.7
      vertex -17.65 15.7 18.6
    endloop
  endfacet
  facet normal -0.951073 -0.308966 0
    outer loop
      vertex -17.65 15.7 18.7
      vertex -17.4877 15.2004 18.6
      vertex -17.4877 15.2004 18.7
    endloop
  endfacet
  facet normal 0.5547 -0.83205 0
    outer loop
      vertex -16.1129 15.2 18.6
      vertex -16.1123 15.2004 18.7
      vertex -16.1129 15.2 18.7
    endloop
  endfacet
  facet normal 0.5547 -0.83205 0
    outer loop
      vertex -16.1123 15.2004 18.7
      vertex -16.1129 15.2 18.6
      vertex -16.1123 15.2004 18.6
    endloop
  endfacet
  facet normal 0 0 0
    outer loop
      vertex -15.95 15.7 18.7
      vertex -15.95 15.7 18.6
      vertex -15.95 15.7 0
    endloop
  endfacet
  facet normal 0.951073 -0.308966 0
    outer loop
      vertex -16.1123 15.2004 18.7
      vertex -15.95 15.7 18.6
      vertex -15.95 15.7 18.7
    endloop
  endfacet
  facet normal 0.951073 -0.308966 0
    outer loop
      vertex -15.95 15.7 18.6
      vertex -16.1123 15.2004 18.7
      vertex -16.1123 15.2004 18.6
    endloop
  endfacet
  facet normal -0.5547 -0.83205 0
    outer loop
      vertex -17.4877 15.2004 18.6
      vertex -17.4871 15.2 18.7
      vertex -17.4877 15.2004 18.7
    endloop
  endfacet
  facet normal -0.5547 -0.83205 -0
    outer loop
      vertex -17.4871 15.2 18.7
      vertex -17.4877 15.2004 18.6
      vertex -17.4871 15.2 18.6
    endloop
  endfacet
  facet normal 0.951073 0.308966 0
    outer loop
      vertex -13.85 15.7 18.7
      vertex -14.0123 16.1996 16.1
      vertex -14.0123 16.1996 18.7
    endloop
  endfacet
  facet normal 0.951073 0.308966 0
    outer loop
      vertex -14.0123 16.1996 16.1
      vertex -13.85 15.7 18.7
      vertex -13.85 15.7 16.1
    endloop
  endfacet
  facet normal 0.951073 0.308966 0
    outer loop
      vertex -13.85 15.7 9.1
      vertex -14.0123 16.1996 0
      vertex -14.0123 16.1996 9.1
    endloop
  endfacet
  facet normal 0.951073 0.308966 0
    outer loop
      vertex -14.0123 16.1996 0
      vertex -13.85 15.7 9.1
      vertex -13.85 15.7 0
    endloop
  endfacet
  facet normal -0.951073 0.308966 0
    outer loop
      vertex -15.55 15.7 0
      vertex -15.3877 16.1996 18.7
      vertex -15.3877 16.1996 0
    endloop
  endfacet
  facet normal -0.951073 0.308966 0
    outer loop
      vertex -15.3877 16.1996 18.7
      vertex -15.55 15.7 0
      vertex -15.55 15.7 18.7
    endloop
  endfacet
  facet normal 0.587774 0.809025 -0
    outer loop
      vertex -14.0123 16.1996 16.1
      vertex -14.4361 16.5075 18.7
      vertex -14.0123 16.1996 18.7
    endloop
  endfacet
  facet normal 0.587774 0.809025 0
    outer loop
      vertex -14.4361 16.5075 18.7
      vertex -14.0123 16.1996 16.1
      vertex -14.4361 16.5075 16.1
    endloop
  endfacet
  facet normal 0.587774 0.809025 -0
    outer loop
      vertex -14.0123 16.1996 0
      vertex -14.4361 16.5075 9.1
      vertex -14.0123 16.1996 9.1
    endloop
  endfacet
  facet normal 0.587774 0.809025 0
    outer loop
      vertex -14.4361 16.5075 9.1
      vertex -14.0123 16.1996 0
      vertex -14.4361 16.5075 0
    endloop
  endfacet
  facet normal 0 0 1
    outer loop
      vertex -14.0129 15.2 18.7
      vertex -13.85 15.7 18.7
      vertex -14.0123 16.1996 18.7
    endloop
  endfacet
  facet normal 0 0 1
    outer loop
      vertex -13.85 15.7 18.7
      vertex -14.0129 15.2 18.7
      vertex -14.0123 15.2004 18.7
    endloop
  endfacet
  facet normal 0 0 1
    outer loop
      vertex -14.4361 16.5075 18.7
      vertex -14.0129 15.2 18.7
      vertex -14.0123 16.1996 18.7
    endloop
  endfacet
  facet normal -0 0 1
    outer loop
      vertex -14.9639 16.5075 18.7
      vertex -14.0129 15.2 18.7
      vertex -14.4361 16.5075 18.7
    endloop
  endfacet
  facet normal 0 0 1
    outer loop
      vertex -14.9639 16.5075 18.7
      vertex -15.3871 15.2 18.7
      vertex -14.0129 15.2 18.7
    endloop
  endfacet
  facet normal -0 0 1
    outer loop
      vertex -15.3877 16.1996 18.7
      vertex -15.3871 15.2 18.7
      vertex -14.9639 16.5075 18.7
    endloop
  endfacet
  facet normal -0 0 1
    outer loop
      vertex -15.55 15.7 18.7
      vertex -15.3871 15.2 18.7
      vertex -15.3877 16.1996 18.7
    endloop
  endfacet
  facet normal 0 0 1
    outer loop
      vertex -15.3871 15.2 18.7
      vertex -15.55 15.7 18.7
      vertex -15.3877 15.2004 18.7
    endloop
  endfacet
  facet normal -0.587372 0.809317 0
    outer loop
      vertex -14.9639 16.5075 9.1
      vertex -14.9639 16.5075 0
      vertex -15 16.4813 9.1
    endloop
  endfacet
  facet normal -0.587372 0.809317 0
    outer loop
      vertex -15 16.4813 16.1
      vertex -14.9639 16.5075 18.7
      vertex -14.9639 16.5075 16.1
    endloop
  endfacet
  facet normal -0.587774 0.809025 8.53901e-06
    outer loop
      vertex -14.9639 16.5075 18.7
      vertex -15 16.4813 16.1
      vertex -15.3877 16.1996 18.7
    endloop
  endfacet
  facet normal -0.587812 0.808998 0
    outer loop
      vertex -15 16.4813 9.1
      vertex -15.3877 16.1996 18.7
      vertex -15 16.4813 16.1
    endloop
  endfacet
  facet normal -0.587774 0.809025 -2.43972e-06
    outer loop
      vertex -15.3877 16.1996 0
      vertex -15 16.4813 9.1
      vertex -14.9639 16.5075 0
    endloop
  endfacet
  facet normal -0.587812 0.808998 0
    outer loop
      vertex -15 16.4813 9.1
      vertex -15.3877 16.1996 0
      vertex -15.3877 16.1996 18.7
    endloop
  endfacet
  facet normal 0 0 0
    outer loop
      vertex -15.55 15.7 0
      vertex -15.55 15.7 18.6
      vertex -15.55 15.7 18.7
    endloop
  endfacet
  facet normal -0.951073 -0.308966 0
    outer loop
      vertex -15.3877 15.2004 18.6
      vertex -15.55 15.7 18.7
      vertex -15.55 15.7 18.6
    endloop
  endfacet
  facet normal -0.951073 -0.308966 0
    outer loop
      vertex -15.55 15.7 18.7
      vertex -15.3877 15.2004 18.6
      vertex -15.3877 15.2004 18.7
    endloop
  endfacet
  facet normal 0.5547 -0.83205 0
    outer loop
      vertex -14.0129 15.2 18.6
      vertex -14.0123 15.2004 18.7
      vertex -14.0129 15.2 18.7
    endloop
  endfacet
  facet normal 0.5547 -0.83205 0
    outer loop
      vertex -14.0123 15.2004 18.7
      vertex -14.0129 15.2 18.6
      vertex -14.0123 15.2004 18.6
    endloop
  endfacet
  facet normal -0.5547 -0.83205 0
    outer loop
      vertex -15.3877 15.2004 18.6
      vertex -15.3871 15.2 18.7
      vertex -15.3877 15.2004 18.7
    endloop
  endfacet
  facet normal -0.5547 -0.83205 -0
    outer loop
      vertex -15.3871 15.2 18.7
      vertex -15.3877 15.2004 18.6
      vertex -15.3871 15.2 18.6
    endloop
  endfacet
  facet normal 0 0 0
    outer loop
      vertex -13.85 15.7 18.7
      vertex -13.85 15.7 18.6
      vertex -13.85 15.7 16.1
    endloop
  endfacet
  facet normal 0.951073 -0.308966 0
    outer loop
      vertex -14.0123 15.2004 18.7
      vertex -13.85 15.7 18.6
      vertex -13.85 15.7 18.7
    endloop
  endfacet
  facet normal 0.951073 -0.308966 0
    outer loop
      vertex -13.85 15.7 18.6
      vertex -14.0123 15.2004 18.7
      vertex -14.0123 15.2004 18.6
    endloop
  endfacet
  facet normal 0.951073 0.308966 0
    outer loop
      vertex -11.75 15.7 18.7
      vertex -11.9123 16.1996 0
      vertex -11.9123 16.1996 18.7
    endloop
  endfacet
  facet normal 0.951073 0.308966 0
    outer loop
      vertex -11.9123 16.1996 0
      vertex -11.75 15.7 18.7
      vertex -11.75 15.7 0
    endloop
  endfacet
  facet normal -0.951073 0.308966 0
    outer loop
      vertex -13.45 15.7 16.1
      vertex -13.2877 16.1996 18.7
      vertex -13.2877 16.1996 16.1
    endloop
  endfacet
  facet normal -0.951073 0.308966 0
    outer loop
      vertex -13.2877 16.1996 18.7
      vertex -13.45 15.7 16.1
      vertex -13.45 15.7 18.7
    endloop
  endfacet
  facet normal -0.951073 0.308966 0
    outer loop
      vertex -13.45 15.7 0
      vertex -13.2877 16.1996 9.1
      vertex -13.2877 16.1996 0
    endloop
  endfacet
  facet normal -0.951073 0.308966 0
    outer loop
      vertex -13.2877 16.1996 9.1
      vertex -13.45 15.7 0
      vertex -13.45 15.7 9.1
    endloop
  endfacet
  facet normal 0.587774 0.809025 -0
    outer loop
      vertex -11.9123 16.1996 0
      vertex -12.3361 16.5075 18.7
      vertex -11.9123 16.1996 18.7
    endloop
  endfacet
  facet normal 0.587774 0.809025 0
    outer loop
      vertex -12.3361 16.5075 18.7
      vertex -11.9123 16.1996 0
      vertex -12.3361 16.5075 0
    endloop
  endfacet
  facet normal 0 0 1
    outer loop
      vertex -11.9129 15.2 18.7
      vertex -11.75 15.7 18.7
      vertex -11.9123 16.1996 18.7
    endloop
  endfacet
  facet normal 0 0 1
    outer loop
      vertex -11.75 15.7 18.7
      vertex -11.9129 15.2 18.7
      vertex -11.9123 15.2004 18.7
    endloop
  endfacet
  facet normal 0 0 1
    outer loop
      vertex -12.3361 16.5075 18.7
      vertex -11.9129 15.2 18.7
      vertex -11.9123 16.1996 18.7
    endloop
  endfacet
  facet normal -0 0 1
    outer loop
      vertex -12.8639 16.5075 18.7
      vertex -11.9129 15.2 18.7
      vertex -12.3361 16.5075 18.7
    endloop
  endfacet
  facet normal 0 0 1
    outer loop
      vertex -12.8639 16.5075 18.7
      vertex -13.2871 15.2 18.7
      vertex -11.9129 15.2 18.7
    endloop
  endfacet
  facet normal -0 0 1
    outer loop
      vertex -13.2877 16.1996 18.7
      vertex -13.2871 15.2 18.7
      vertex -12.8639 16.5075 18.7
    endloop
  endfacet
  facet normal -0 0 1
    outer loop
      vertex -13.45 15.7 18.7
      vertex -13.2871 15.2 18.7
      vertex -13.2877 16.1996 18.7
    endloop
  endfacet
  facet normal 0 0 1
    outer loop
      vertex -13.2871 15.2 18.7
      vertex -13.45 15.7 18.7
      vertex -13.2877 15.2004 18.7
    endloop
  endfacet
  facet normal -0.587774 0.809025 -6.33634e-06
    outer loop
      vertex -12.8639 16.5075 18.7
      vertex -13 16.4086 16.1
      vertex -13.2877 16.1996 18.7
    endloop
  endfacet
  facet normal -0.587854 0.808967 0
    outer loop
      vertex -12.8639 16.5075 18.7
      vertex -13 16.4086 9.1
      vertex -13 16.4086 16.1
    endloop
  endfacet
  facet normal -0.587854 0.808967 0
    outer loop
      vertex -12.8639 16.5075 0
      vertex -13 16.4086 9.1
      vertex -12.8639 16.5075 18.7
    endloop
  endfacet
  facet normal -0.587774 0.809025 1.81038e-06
    outer loop
      vertex -13.2877 16.1996 0
      vertex -13 16.4086 9.1
      vertex -12.8639 16.5075 0
    endloop
  endfacet
  facet normal -0.587737 0.809052 0
    outer loop
      vertex -13 16.4086 9.1
      vertex -13.2877 16.1996 0
      vertex -13.2877 16.1996 9.1
    endloop
  endfacet
  facet normal -0.587737 0.809052 0
    outer loop
      vertex -13.2877 16.1996 18.7
      vertex -13 16.4086 16.1
      vertex -13.2877 16.1996 16.1
    endloop
  endfacet
  facet normal 0 0 0
    outer loop
      vertex -11.75 15.7 18.7
      vertex -11.75 15.7 18.6
      vertex -11.75 15.7 0
    endloop
  endfacet
  facet normal 0.951073 -0.308966 0
    outer loop
      vertex -11.9123 15.2004 18.7
      vertex -11.75 15.7 18.6
      vertex -11.75 15.7 18.7
    endloop
  endfacet
  facet normal 0.951073 -0.308966 0
    outer loop
      vertex -11.75 15.7 18.6
      vertex -11.9123 15.2004 18.7
      vertex -11.9123 15.2004 18.6
    endloop
  endfacet
  facet normal 0 0 0
    outer loop
      vertex -13.45 15.7 16.1
      vertex -13.45 15.7 18.6
      vertex -13.45 15.7 18.7
    endloop
  endfacet
  facet normal -0.951073 -0.308966 0
    outer loop
      vertex -13.2877 15.2004 18.6
      vertex -13.45 15.7 18.7
      vertex -13.45 15.7 18.6
    endloop
  endfacet
  facet normal -0.951073 -0.308966 0
    outer loop
      vertex -13.45 15.7 18.7
      vertex -13.2877 15.2004 18.6
      vertex -13.2877 15.2004 18.7
    endloop
  endfacet
  facet normal 0.5547 -0.83205 0
    outer loop
      vertex -11.9129 15.2 18.6
      vertex -11.9123 15.2004 18.7
      vertex -11.9129 15.2 18.7
    endloop
  endfacet
  facet normal 0.5547 -0.83205 0
    outer loop
      vertex -11.9123 15.2004 18.7
      vertex -11.9129 15.2 18.6
      vertex -11.9123 15.2004 18.6
    endloop
  endfacet
  facet normal -0.5547 -0.83205 0
    outer loop
      vertex -13.2877 15.2004 18.6
      vertex -13.2871 15.2 18.7
      vertex -13.2877 15.2004 18.7
    endloop
  endfacet
  facet normal -0.5547 -0.83205 -0
    outer loop
      vertex -13.2871 15.2 18.7
      vertex -13.2877 15.2004 18.6
      vertex -13.2871 15.2 18.6
    endloop
  endfacet
  facet normal 0.951051 0.309034 0
    outer loop
      vertex -9.65 15.7 18.7
      vertex -9.81234 16.1996 0
      vertex -9.81234 16.1996 18.7
    endloop
  endfacet
  facet normal 0.951051 0.309034 0
    outer loop
      vertex -9.81234 16.1996 0
      vertex -9.65 15.7 18.7
      vertex -9.65 15.7 0
    endloop
  endfacet
  facet normal -0.951073 0.308966 0
    outer loop
      vertex -11.35 15.7 0
      vertex -11.1877 16.1996 18.7
      vertex -11.1877 16.1996 0
    endloop
  endfacet
  facet normal -0.951073 0.308966 0
    outer loop
      vertex -11.1877 16.1996 18.7
      vertex -11.35 15.7 0
      vertex -11.35 15.7 18.7
    endloop
  endfacet
  facet normal 0.587811 0.808999 -0
    outer loop
      vertex -9.81234 16.1996 0
      vertex -10.2361 16.5075 18.7
      vertex -9.81234 16.1996 18.7
    endloop
  endfacet
  facet normal 0.587811 0.808999 0
    outer loop
      vertex -10.2361 16.5075 18.7
      vertex -9.81234 16.1996 0
      vertex -10.2361 16.5075 0
    endloop
  endfacet
  facet normal 0 0 1
    outer loop
      vertex -9.81287 15.2 18.7
      vertex -9.65 15.7 18.7
      vertex -9.81234 16.1996 18.7
    endloop
  endfacet
  facet normal 0 0 1
    outer loop
      vertex -9.65 15.7 18.7
      vertex -9.81287 15.2 18.7
      vertex -9.81234 15.2004 18.7
    endloop
  endfacet
  facet normal 0 0 1
    outer loop
      vertex -10.2361 16.5075 18.7
      vertex -9.81287 15.2 18.7
      vertex -9.81234 16.1996 18.7
    endloop
  endfacet
  facet normal -0 0 1
    outer loop
      vertex -10.7639 16.5075 18.7
      vertex -9.81287 15.2 18.7
      vertex -10.2361 16.5075 18.7
    endloop
  endfacet
  facet normal 0 0 1
    outer loop
      vertex -10.7639 16.5075 18.7
      vertex -11.1871 15.2 18.7
      vertex -9.81287 15.2 18.7
    endloop
  endfacet
  facet normal -0 0 1
    outer loop
      vertex -11.1877 16.1996 18.7
      vertex -11.1871 15.2 18.7
      vertex -10.7639 16.5075 18.7
    endloop
  endfacet
  facet normal -0 0 1
    outer loop
      vertex -11.35 15.7 18.7
      vertex -11.1871 15.2 18.7
      vertex -11.1877 16.1996 18.7
    endloop
  endfacet
  facet normal 0 0 1
    outer loop
      vertex -11.1871 15.2 18.7
      vertex -11.35 15.7 18.7
      vertex -11.1877 15.2004 18.7
    endloop
  endfacet
  facet normal -0.587774 0.809025 0
    outer loop
      vertex -10.7639 16.5075 0
      vertex -11.1877 16.1996 18.7
      vertex -10.7639 16.5075 18.7
    endloop
  endfacet
  facet normal -0.587774 0.809025 0
    outer loop
      vertex -11.1877 16.1996 18.7
      vertex -10.7639 16.5075 0
      vertex -11.1877 16.1996 0
    endloop
  endfacet
  facet normal 0 0 0
    outer loop
      vertex -11.35 15.7 0
      vertex -11.35 15.7 18.6
      vertex -11.35 15.7 18.7
    endloop
  endfacet
  facet normal -0.951073 -0.308966 0
    outer loop
      vertex -11.1877 15.2004 18.6
      vertex -11.35 15.7 18.7
      vertex -11.35 15.7 18.6
    endloop
  endfacet
  facet normal -0.951073 -0.308966 0
    outer loop
      vertex -11.35 15.7 18.7
      vertex -11.1877 15.2004 18.6
      vertex -11.1877 15.2004 18.7
    endloop
  endfacet
  facet normal 0.602407 -0.798189 0
    outer loop
      vertex -9.81287 15.2 18.6
      vertex -9.81234 15.2004 18.7
      vertex -9.81287 15.2 18.7
    endloop
  endfacet
  facet normal 0.602407 -0.798189 0
    outer loop
      vertex -9.81234 15.2004 18.7
      vertex -9.81287 15.2 18.6
      vertex -9.81234 15.2004 18.6
    endloop
  endfacet
  facet normal 0 0 0
    outer loop
      vertex -9.65 15.7 18.7
      vertex -9.65 15.7 18.6
      vertex -9.65 15.7 0
    endloop
  endfacet
  facet normal 0.951051 -0.309034 0
    outer loop
      vertex -9.81234 15.2004 18.7
      vertex -9.65 15.7 18.6
      vertex -9.65 15.7 18.7
    endloop
  endfacet
  facet normal 0.951051 -0.309034 0
    outer loop
      vertex -9.65 15.7 18.6
      vertex -9.81234 15.2004 18.7
      vertex -9.81234 15.2004 18.6
    endloop
  endfacet
  facet normal -0.5547 -0.83205 0
    outer loop
      vertex -11.1877 15.2004 18.6
      vertex -11.1871 15.2 18.7
      vertex -11.1877 15.2004 18.7
    endloop
  endfacet
  facet normal -0.5547 -0.83205 -0
    outer loop
      vertex -11.1871 15.2 18.7
      vertex -11.1877 15.2004 18.6
      vertex -11.1871 15.2 18.6
    endloop
  endfacet
  facet normal 0.951056 0.309017 0
    outer loop
      vertex -7.55 15.7 18.7
      vertex -7.71233 16.1996 0
      vertex -7.71233 16.1996 18.7
    endloop
  endfacet
  facet normal 0.951056 0.309017 0
    outer loop
      vertex -7.71233 16.1996 0
      vertex -7.55 15.7 18.7
      vertex -7.55 15.7 0
    endloop
  endfacet
  facet normal -0.951051 0.309034 0
    outer loop
      vertex -9.25 15.7 0
      vertex -9.08766 16.1996 18.7
      vertex -9.08766 16.1996 0
    endloop
  endfacet
  facet normal -0.951051 0.309034 0
    outer loop
      vertex -9.08766 16.1996 18.7
      vertex -9.25 15.7 0
      vertex -9.25 15.7 18.7
    endloop
  endfacet
  facet normal 0.587811 0.808999 -0
    outer loop
      vertex -7.71233 16.1996 0
      vertex -8.13609 16.5075 18.7
      vertex -7.71233 16.1996 18.7
    endloop
  endfacet
  facet normal 0.587811 0.808999 0
    outer loop
      vertex -8.13609 16.5075 18.7
      vertex -7.71233 16.1996 0
      vertex -8.13609 16.5075 0
    endloop
  endfacet
  facet normal 0 0 1
    outer loop
      vertex -7.71286 15.2 18.7
      vertex -7.55 15.7 18.7
      vertex -7.71233 16.1996 18.7
    endloop
  endfacet
  facet normal 0 0 1
    outer loop
      vertex -7.55 15.7 18.7
      vertex -7.71286 15.2 18.7
      vertex -7.71233 15.2004 18.7
    endloop
  endfacet
  facet normal 0 0 1
    outer loop
      vertex -8.13609 16.5075 18.7
      vertex -7.71286 15.2 18.7
      vertex -7.71233 16.1996 18.7
    endloop
  endfacet
  facet normal -0 0 1
    outer loop
      vertex -8.66391 16.5075 18.7
      vertex -7.71286 15.2 18.7
      vertex -8.13609 16.5075 18.7
    endloop
  endfacet
  facet normal 0 0 1
    outer loop
      vertex -8.66391 16.5075 18.7
      vertex -9.08713 15.2 18.7
      vertex -7.71286 15.2 18.7
    endloop
  endfacet
  facet normal -0 0 1
    outer loop
      vertex -9.08766 16.1996 18.7
      vertex -9.08713 15.2 18.7
      vertex -8.66391 16.5075 18.7
    endloop
  endfacet
  facet normal -0 0 1
    outer loop
      vertex -9.25 15.7 18.7
      vertex -9.08713 15.2 18.7
      vertex -9.08766 16.1996 18.7
    endloop
  endfacet
  facet normal 0 0 1
    outer loop
      vertex -9.08713 15.2 18.7
      vertex -9.25 15.7 18.7
      vertex -9.08766 15.2004 18.7
    endloop
  endfacet
  facet normal -0.58782 0.808992 0
    outer loop
      vertex -8.66391 16.5075 0
      vertex -9.08766 16.1996 18.7
      vertex -8.66391 16.5075 18.7
    endloop
  endfacet
  facet normal -0.58782 0.808992 0
    outer loop
      vertex -9.08766 16.1996 18.7
      vertex -8.66391 16.5075 0
      vertex -9.08766 16.1996 0
    endloop
  endfacet
  facet normal 0 0 0
    outer loop
      vertex -7.55 15.7 18.7
      vertex -7.55 15.7 18.6
      vertex -7.55 15.7 0
    endloop
  endfacet
  facet normal 0.951056 -0.309017 0
    outer loop
      vertex -7.71233 15.2004 18.7
      vertex -7.55 15.7 18.6
      vertex -7.55 15.7 18.7
    endloop
  endfacet
  facet normal 0.951056 -0.309017 0
    outer loop
      vertex -7.55 15.7 18.6
      vertex -7.71233 15.2004 18.7
      vertex -7.71233 15.2004 18.6
    endloop
  endfacet
  facet normal 0.602407 -0.798189 0
    outer loop
      vertex -7.71286 15.2 18.6
      vertex -7.71233 15.2004 18.7
      vertex -7.71286 15.2 18.7
    endloop
  endfacet
  facet normal 0.602407 -0.798189 0
    outer loop
      vertex -7.71233 15.2004 18.7
      vertex -7.71286 15.2 18.6
      vertex -7.71233 15.2004 18.6
    endloop
  endfacet
  facet normal 0 0 0
    outer loop
      vertex -9.25 15.7 0
      vertex -9.25 15.7 18.6
      vertex -9.25 15.7 18.7
    endloop
  endfacet
  facet normal -0.951051 -0.309034 0
    outer loop
      vertex -9.08766 15.2004 18.6
      vertex -9.25 15.7 18.7
      vertex -9.25 15.7 18.6
    endloop
  endfacet
  facet normal -0.951051 -0.309034 0
    outer loop
      vertex -9.25 15.7 18.7
      vertex -9.08766 15.2004 18.6
      vertex -9.08766 15.2004 18.7
    endloop
  endfacet
  facet normal -0.602407 -0.798189 0
    outer loop
      vertex -9.08766 15.2004 18.6
      vertex -9.08713 15.2 18.7
      vertex -9.08766 15.2004 18.7
    endloop
  endfacet
  facet normal -0.602407 -0.798189 -0
    outer loop
      vertex -9.08713 15.2 18.7
      vertex -9.08766 15.2004 18.6
      vertex -9.08713 15.2 18.6
    endloop
  endfacet
  facet normal 0.951051 0.309034 0
    outer loop
      vertex -5.45 15.7 18.7
      vertex -5.61234 16.1996 0
      vertex -5.61234 16.1996 18.7
    endloop
  endfacet
  facet normal 0.951051 0.309034 0
    outer loop
      vertex -5.61234 16.1996 0
      vertex -5.45 15.7 18.7
      vertex -5.45 15.7 0
    endloop
  endfacet
  facet normal -0.951051 0.309034 0
    outer loop
      vertex -7.15 15.7 0
      vertex -6.98766 16.1996 18.7
      vertex -6.98766 16.1996 0
    endloop
  endfacet
  facet normal -0.951051 0.309034 0
    outer loop
      vertex -6.98766 16.1996 18.7
      vertex -7.15 15.7 0
      vertex -7.15 15.7 18.7
    endloop
  endfacet
  facet normal 0.58782 0.808992 -0
    outer loop
      vertex -5.61234 16.1996 0
      vertex -6.03609 16.5075 18.7
      vertex -5.61234 16.1996 18.7
    endloop
  endfacet
  facet normal 0.58782 0.808992 0
    outer loop
      vertex -6.03609 16.5075 18.7
      vertex -5.61234 16.1996 0
      vertex -6.03609 16.5075 0
    endloop
  endfacet
  facet normal 0 0 1
    outer loop
      vertex -5.61287 15.2 18.7
      vertex -5.45 15.7 18.7
      vertex -5.61234 16.1996 18.7
    endloop
  endfacet
  facet normal 0 0 1
    outer loop
      vertex -5.45 15.7 18.7
      vertex -5.61287 15.2 18.7
      vertex -5.61234 15.2004 18.7
    endloop
  endfacet
  facet normal 0 0 1
    outer loop
      vertex -6.03609 16.5075 18.7
      vertex -5.61287 15.2 18.7
      vertex -5.61234 16.1996 18.7
    endloop
  endfacet
  facet normal -0 0 1
    outer loop
      vertex -6.56391 16.5075 18.7
      vertex -5.61287 15.2 18.7
      vertex -6.03609 16.5075 18.7
    endloop
  endfacet
  facet normal 0 0 1
    outer loop
      vertex -6.56391 16.5075 18.7
      vertex -6.98713 15.2 18.7
      vertex -5.61287 15.2 18.7
    endloop
  endfacet
  facet normal -0 0 1
    outer loop
      vertex -6.98766 16.1996 18.7
      vertex -6.98713 15.2 18.7
      vertex -6.56391 16.5075 18.7
    endloop
  endfacet
  facet normal -0 0 1
    outer loop
      vertex -7.15 15.7 18.7
      vertex -6.98713 15.2 18.7
      vertex -6.98766 16.1996 18.7
    endloop
  endfacet
  facet normal 0 0 1
    outer loop
      vertex -6.98713 15.2 18.7
      vertex -7.15 15.7 18.7
      vertex -6.98766 15.2004 18.7
    endloop
  endfacet
  facet normal -0.58782 0.808992 0
    outer loop
      vertex -6.56391 16.5075 0
      vertex -6.98766 16.1996 18.7
      vertex -6.56391 16.5075 18.7
    endloop
  endfacet
  facet normal -0.58782 0.808992 0
    outer loop
      vertex -6.98766 16.1996 18.7
      vertex -6.56391 16.5075 0
      vertex -6.98766 16.1996 0
    endloop
  endfacet
  facet normal 0 0 0
    outer loop
      vertex -7.15 15.7 0
      vertex -7.15 15.7 18.6
      vertex -7.15 15.7 18.7
    endloop
  endfacet
  facet normal -0.951051 -0.309034 0
    outer loop
      vertex -6.98766 15.2004 18.6
      vertex -7.15 15.7 18.7
      vertex -7.15 15.7 18.6
    endloop
  endfacet
  facet normal -0.951051 -0.309034 0
    outer loop
      vertex -7.15 15.7 18.7
      vertex -6.98766 15.2004 18.6
      vertex -6.98766 15.2004 18.7
    endloop
  endfacet
  facet normal 0.602407 -0.798189 0
    outer loop
      vertex -5.61287 15.2 18.6
      vertex -5.61234 15.2004 18.7
      vertex -5.61287 15.2 18.7
    endloop
  endfacet
  facet normal 0.602407 -0.798189 0
    outer loop
      vertex -5.61234 15.2004 18.7
      vertex -5.61287 15.2 18.6
      vertex -5.61234 15.2004 18.6
    endloop
  endfacet
  facet normal 0 0 0
    outer loop
      vertex -5.45 15.7 18.7
      vertex -5.45 15.7 18.6
      vertex -5.45 15.7 0
    endloop
  endfacet
  facet normal 0.951051 -0.309034 0
    outer loop
      vertex -5.61234 15.2004 18.7
      vertex -5.45 15.7 18.6
      vertex -5.45 15.7 18.7
    endloop
  endfacet
  facet normal 0.951051 -0.309034 0
    outer loop
      vertex -5.45 15.7 18.6
      vertex -5.61234 15.2004 18.7
      vertex -5.61234 15.2004 18.6
    endloop
  endfacet
  facet normal -0.602407 -0.798189 0
    outer loop
      vertex -6.98766 15.2004 18.6
      vertex -6.98713 15.2 18.7
      vertex -6.98766 15.2004 18.7
    endloop
  endfacet
  facet normal -0.602407 -0.798189 -0
    outer loop
      vertex -6.98713 15.2 18.7
      vertex -6.98766 15.2004 18.6
      vertex -6.98713 15.2 18.6
    endloop
  endfacet
  facet normal 0.951056 0.309017 0
    outer loop
      vertex -3.35 15.7 18.7
      vertex -3.51233 16.1996 0
      vertex -3.51233 16.1996 18.7
    endloop
  endfacet
  facet normal 0.951056 0.309017 0
    outer loop
      vertex -3.51233 16.1996 0
      vertex -3.35 15.7 18.7
      vertex -3.35 15.7 0
    endloop
  endfacet
  facet normal -0.951051 0.309034 0
    outer loop
      vertex -5.05 15.7 0
      vertex -4.88766 16.1996 18.7
      vertex -4.88766 16.1996 0
    endloop
  endfacet
  facet normal -0.951051 0.309034 0
    outer loop
      vertex -4.88766 16.1996 18.7
      vertex -5.05 15.7 0
      vertex -5.05 15.7 18.7
    endloop
  endfacet
  facet normal 0.587811 0.808999 -0
    outer loop
      vertex -3.51233 16.1996 0
      vertex -3.93609 16.5075 18.7
      vertex -3.51233 16.1996 18.7
    endloop
  endfacet
  facet normal 0.587811 0.808999 0
    outer loop
      vertex -3.93609 16.5075 18.7
      vertex -3.51233 16.1996 0
      vertex -3.93609 16.5075 0
    endloop
  endfacet
  facet normal 0 0 1
    outer loop
      vertex -3.51287 15.2 18.7
      vertex -3.35 15.7 18.7
      vertex -3.51233 16.1996 18.7
    endloop
  endfacet
  facet normal 0 0 1
    outer loop
      vertex -3.35 15.7 18.7
      vertex -3.51287 15.2 18.7
      vertex -3.51233 15.2004 18.7
    endloop
  endfacet
  facet normal 0 0 1
    outer loop
      vertex -3.93609 16.5075 18.7
      vertex -3.51287 15.2 18.7
      vertex -3.51233 16.1996 18.7
    endloop
  endfacet
  facet normal -0 0 1
    outer loop
      vertex -4.46391 16.5075 18.7
      vertex -3.51287 15.2 18.7
      vertex -3.93609 16.5075 18.7
    endloop
  endfacet
  facet normal 0 0 1
    outer loop
      vertex -4.46391 16.5075 18.7
      vertex -4.88713 15.2 18.7
      vertex -3.51287 15.2 18.7
    endloop
  endfacet
  facet normal -0 0 1
    outer loop
      vertex -4.88766 16.1996 18.7
      vertex -4.88713 15.2 18.7
      vertex -4.46391 16.5075 18.7
    endloop
  endfacet
  facet normal -0 0 1
    outer loop
      vertex -5.05 15.7 18.7
      vertex -4.88713 15.2 18.7
      vertex -4.88766 16.1996 18.7
    endloop
  endfacet
  facet normal 0 0 1
    outer loop
      vertex -4.88713 15.2 18.7
      vertex -5.05 15.7 18.7
      vertex -4.88766 15.2004 18.7
    endloop
  endfacet
  facet normal -0.58782 0.808992 0
    outer loop
      vertex -4.46391 16.5075 0
      vertex -4.88766 16.1996 18.7
      vertex -4.46391 16.5075 18.7
    endloop
  endfacet
  facet normal -0.58782 0.808992 0
    outer loop
      vertex -4.88766 16.1996 18.7
      vertex -4.46391 16.5075 0
      vertex -4.88766 16.1996 0
    endloop
  endfacet
  facet normal 0 0 0
    outer loop
      vertex -3.35 15.7 18.7
      vertex -3.35 15.7 18.6
      vertex -3.35 15.7 0
    endloop
  endfacet
  facet normal 0.951056 -0.309017 0
    outer loop
      vertex -3.51233 15.2004 18.7
      vertex -3.35 15.7 18.6
      vertex -3.35 15.7 18.7
    endloop
  endfacet
  facet normal 0.951056 -0.309017 0
    outer loop
      vertex -3.35 15.7 18.6
      vertex -3.51233 15.2004 18.7
      vertex -3.51233 15.2004 18.6
    endloop
  endfacet
  facet normal 0.595228 -0.803557 0
    outer loop
      vertex -3.51287 15.2 18.6
      vertex -3.51233 15.2004 18.7
      vertex -3.51287 15.2 18.7
    endloop
  endfacet
  facet normal 0.595228 -0.803557 0
    outer loop
      vertex -3.51233 15.2004 18.7
      vertex -3.51287 15.2 18.6
      vertex -3.51233 15.2004 18.6
    endloop
  endfacet
  facet normal -0.602407 -0.798189 0
    outer loop
      vertex -4.88766 15.2004 18.6
      vertex -4.88713 15.2 18.7
      vertex -4.88766 15.2004 18.7
    endloop
  endfacet
  facet normal -0.602407 -0.798189 -0
    outer loop
      vertex -4.88713 15.2 18.7
      vertex -4.88766 15.2004 18.6
      vertex -4.88713 15.2 18.6
    endloop
  endfacet
  facet normal 0 0 0
    outer loop
      vertex -5.05 15.7 0
      vertex -5.05 15.7 18.6
      vertex -5.05 15.7 18.7
    endloop
  endfacet
  facet normal -0.951051 -0.309034 0
    outer loop
      vertex -4.88766 15.2004 18.6
      vertex -5.05 15.7 18.7
      vertex -5.05 15.7 18.6
    endloop
  endfacet
  facet normal -0.951051 -0.309034 0
    outer loop
      vertex -5.05 15.7 18.7
      vertex -4.88766 15.2004 18.6
      vertex -4.88766 15.2004 18.7
    endloop
  endfacet
  facet normal 0.951062 0.309002 0
    outer loop
      vertex -1.41234 16.1996 18.7
      vertex -1.31318 15.8944 2.1
      vertex -1.41234 16.1996 0
    endloop
  endfacet
  facet normal 0.951051 0.309034 -6.68791e-07
    outer loop
      vertex -1.25 15.7 18.7
      vertex -1.31318 15.8944 2.1
      vertex -1.41234 16.1996 18.7
    endloop
  endfacet
  facet normal 0.951034 0.309086 0
    outer loop
      vertex -1.31318 15.8944 2.1
      vertex -1.25 15.7 18.7
      vertex -1.25 15.7 2.1
    endloop
  endfacet
  facet normal 0.951062 0.309002 0
    outer loop
      vertex -1.41234 16.1996 0
      vertex -1.31318 15.8944 2.1
      vertex -1.31318 15.8944 0
    endloop
  endfacet
  facet normal -0.951051 0.309034 0
    outer loop
      vertex -2.95 15.7 0
      vertex -2.78766 16.1996 18.7
      vertex -2.78766 16.1996 0
    endloop
  endfacet
  facet normal -0.951051 0.309034 0
    outer loop
      vertex -2.78766 16.1996 18.7
      vertex -2.95 15.7 0
      vertex -2.95 15.7 18.7
    endloop
  endfacet
  facet normal 0.58782 0.808992 -0
    outer loop
      vertex -1.41234 16.1996 0
      vertex -1.83609 16.5075 18.7
      vertex -1.41234 16.1996 18.7
    endloop
  endfacet
  facet normal 0.58782 0.808992 0
    outer loop
      vertex -1.83609 16.5075 18.7
      vertex -1.41234 16.1996 0
      vertex -1.83609 16.5075 0
    endloop
  endfacet
  facet normal 0 0 1
    outer loop
      vertex -1.41287 15.2 18.7
      vertex -1.25 15.7 18.7
      vertex -1.41234 16.1996 18.7
    endloop
  endfacet
  facet normal 0 0 1
    outer loop
      vertex -1.25 15.7 18.7
      vertex -1.41287 15.2 18.7
      vertex -1.41234 15.2004 18.7
    endloop
  endfacet
  facet normal 0 0 1
    outer loop
      vertex -1.83609 16.5075 18.7
      vertex -1.41287 15.2 18.7
      vertex -1.41234 16.1996 18.7
    endloop
  endfacet
  facet normal -0 0 1
    outer loop
      vertex -2.36391 16.5075 18.7
      vertex -1.41287 15.2 18.7
      vertex -1.83609 16.5075 18.7
    endloop
  endfacet
  facet normal 0 0 1
    outer loop
      vertex -2.36391 16.5075 18.7
      vertex -2.78713 15.2 18.7
      vertex -1.41287 15.2 18.7
    endloop
  endfacet
  facet normal -0 0 1
    outer loop
      vertex -2.78766 16.1996 18.7
      vertex -2.78713 15.2 18.7
      vertex -2.36391 16.5075 18.7
    endloop
  endfacet
  facet normal -0 0 1
    outer loop
      vertex -2.95 15.7 18.7
      vertex -2.78713 15.2 18.7
      vertex -2.78766 16.1996 18.7
    endloop
  endfacet
  facet normal 0 0 1
    outer loop
      vertex -2.78713 15.2 18.7
      vertex -2.95 15.7 18.7
      vertex -2.78766 15.2004 18.7
    endloop
  endfacet
  facet normal -0.58782 0.808992 0
    outer loop
      vertex -2.36391 16.5075 0
      vertex -2.78766 16.1996 18.7
      vertex -2.36391 16.5075 18.7
    endloop
  endfacet
  facet normal -0.58782 0.808992 0
    outer loop
      vertex -2.78766 16.1996 18.7
      vertex -2.36391 16.5075 0
      vertex -2.78766 16.1996 0
    endloop
  endfacet
  facet normal 0 0 0
    outer loop
      vertex -1.25 15.7 18.7
      vertex -1.25 15.7 18.6
      vertex -1.25 15.7 2.1
    endloop
  endfacet
  facet normal 0.951051 -0.309034 0
    outer loop
      vertex -1.41234 15.2004 18.7
      vertex -1.25 15.7 18.6
      vertex -1.25 15.7 18.7
    endloop
  endfacet
  facet normal 0.951051 -0.309034 0
    outer loop
      vertex -1.25 15.7 18.6
      vertex -1.41234 15.2004 18.7
      vertex -1.41234 15.2004 18.6
    endloop
  endfacet
  facet normal 0 0 0
    outer loop
      vertex -2.95 15.7 0
      vertex -2.95 15.7 18.6
      vertex -2.95 15.7 18.7
    endloop
  endfacet
  facet normal -0.951051 -0.309034 0
    outer loop
      vertex -2.78766 15.2004 18.6
      vertex -2.95 15.7 18.7
      vertex -2.95 15.7 18.6
    endloop
  endfacet
  facet normal -0.951051 -0.309034 0
    outer loop
      vertex -2.95 15.7 18.7
      vertex -2.78766 15.2004 18.6
      vertex -2.78766 15.2004 18.7
    endloop
  endfacet
  facet normal 0.602407 -0.798189 0
    outer loop
      vertex -1.41287 15.2 18.6
      vertex -1.41234 15.2004 18.7
      vertex -1.41287 15.2 18.7
    endloop
  endfacet
  facet normal 0.602407 -0.798189 0
    outer loop
      vertex -1.41234 15.2004 18.7
      vertex -1.41287 15.2 18.6
      vertex -1.41234 15.2004 18.6
    endloop
  endfacet
  facet normal -0.602407 -0.798189 0
    outer loop
      vertex -2.78766 15.2004 18.6
      vertex -2.78713 15.2 18.7
      vertex -2.78766 15.2004 18.7
    endloop
  endfacet
  facet normal -0.602407 -0.798189 -0
    outer loop
      vertex -2.78713 15.2 18.7
      vertex -2.78766 15.2004 18.6
      vertex -2.78713 15.2 18.6
    endloop
  endfacet
  facet normal 0.951054 0.309026 0
    outer loop
      vertex 0.849999 15.7 18.7
      vertex 0.687664 16.1996 16.1
      vertex 0.687664 16.1996 18.7
    endloop
  endfacet
  facet normal 0.951054 0.309026 0
    outer loop
      vertex 0.687664 16.1996 16.1
      vertex 0.849999 15.7 18.7
      vertex 0.849999 15.7 16.1
    endloop
  endfacet
  facet normal 0.951054 0.309026 0
    outer loop
      vertex 0.849999 15.7 9.1
      vertex 0.687664 16.1996 2.1
      vertex 0.687664 16.1996 9.1
    endloop
  endfacet
  facet normal 0.951054 0.309026 0
    outer loop
      vertex 0.687664 16.1996 2.1
      vertex 0.849999 15.7 9.1
      vertex 0.849999 15.7 2.1
    endloop
  endfacet
  facet normal -0.951054 0.309026 0
    outer loop
      vertex -0.849999 15.7 16.1
      vertex -0.687664 16.1996 18.7
      vertex -0.687664 16.1996 16.1
    endloop
  endfacet
  facet normal -0.951054 0.309026 0
    outer loop
      vertex -0.687664 16.1996 18.7
      vertex -0.849999 15.7 16.1
      vertex -0.849999 15.7 18.7
    endloop
  endfacet
  facet normal -0.951054 0.309026 0
    outer loop
      vertex -0.849999 15.7 2.1
      vertex -0.687664 16.1996 9.1
      vertex -0.687664 16.1996 2.1
    endloop
  endfacet
  facet normal -0.951054 0.309026 0
    outer loop
      vertex -0.687664 16.1996 9.1
      vertex -0.849999 15.7 2.1
      vertex -0.849999 15.7 9.1
    endloop
  endfacet
  facet normal 0.587816 0.808995 -0
    outer loop
      vertex 0.687664 16.1996 16.1
      vertex 0.26391 16.5075 18.7
      vertex 0.687664 16.1996 18.7
    endloop
  endfacet
  facet normal 0.587816 0.808995 0
    outer loop
      vertex 0.26391 16.5075 18.7
      vertex 0.687664 16.1996 16.1
      vertex 0.26391 16.5075 16.1
    endloop
  endfacet
  facet normal 0.587816 0.808995 -0
    outer loop
      vertex 0.687664 16.1996 2.1
      vertex 0.26391 16.5075 9.1
      vertex 0.687664 16.1996 9.1
    endloop
  endfacet
  facet normal 0.587816 0.808995 0
    outer loop
      vertex 0.26391 16.5075 9.1
      vertex 0.687664 16.1996 2.1
      vertex 0.26391 16.5075 2.1
    endloop
  endfacet
  facet normal 0 0 1
    outer loop
      vertex 0.687134 15.2 18.7
      vertex 0.849999 15.7 18.7
      vertex 0.687664 16.1996 18.7
    endloop
  endfacet
  facet normal 0 0 1
    outer loop
      vertex 0.849999 15.7 18.7
      vertex 0.687134 15.2 18.7
      vertex 0.687664 15.2004 18.7
    endloop
  endfacet
  facet normal 0 0 1
    outer loop
      vertex 0.26391 16.5075 18.7
      vertex 0.687134 15.2 18.7
      vertex 0.687664 16.1996 18.7
    endloop
  endfacet
  facet normal -0 0 1
    outer loop
      vertex -0.26391 16.5075 18.7
      vertex 0.687134 15.2 18.7
      vertex 0.26391 16.5075 18.7
    endloop
  endfacet
  facet normal 0 0 1
    outer loop
      vertex -0.26391 16.5075 18.7
      vertex -0.687134 15.2 18.7
      vertex 0.687134 15.2 18.7
    endloop
  endfacet
  facet normal -0 0 1
    outer loop
      vertex -0.687664 16.1996 18.7
      vertex -0.687134 15.2 18.7
      vertex -0.26391 16.5075 18.7
    endloop
  endfacet
  facet normal -0 0 1
    outer loop
      vertex -0.849999 15.7 18.7
      vertex -0.687134 15.2 18.7
      vertex -0.687664 16.1996 18.7
    endloop
  endfacet
  facet normal 0 0 1
    outer loop
      vertex -0.687134 15.2 18.7
      vertex -0.849999 15.7 18.7
      vertex -0.687664 15.2004 18.7
    endloop
  endfacet
  facet normal -0.587816 0.808995 0
    outer loop
      vertex -0.26391 16.5075 16.1
      vertex -0.687664 16.1996 18.7
      vertex -0.26391 16.5075 18.7
    endloop
  endfacet
  facet normal -0.587816 0.808995 0
    outer loop
      vertex -0.687664 16.1996 18.7
      vertex -0.26391 16.5075 16.1
      vertex -0.687664 16.1996 16.1
    endloop
  endfacet
  facet normal -0.587816 0.808995 0
    outer loop
      vertex -0.26391 16.5075 2.1
      vertex -0.687664 16.1996 9.1
      vertex -0.26391 16.5075 9.1
    endloop
  endfacet
  facet normal -0.587816 0.808995 0
    outer loop
      vertex -0.687664 16.1996 9.1
      vertex -0.26391 16.5075 2.1
      vertex -0.687664 16.1996 2.1
    endloop
  endfacet
  facet normal 0 -1 -0
    outer loop
      vertex 0.849999 15.7 18.7
      vertex 0.849998 15.7 18.6
      vertex 0.849999 15.7 16.1
    endloop
  endfacet
  facet normal 0.951054 -0.309026 -9.51054e-06
    outer loop
      vertex 0.687664 15.2004 18.7
      vertex 0.849998 15.7 18.6
      vertex 0.849999 15.7 18.7
    endloop
  endfacet
  facet normal 0.951054 -0.309024 0
    outer loop
      vertex 0.849998 15.7 18.6
      vertex 0.687664 15.2004 18.7
      vertex 0.687664 15.2004 18.6
    endloop
  endfacet
  facet normal 0 -1 0
    outer loop
      vertex 0.849999 15.7 16.1
      vertex 0.849998 15.7 18.6
      vertex 0.849998 15.7 16.1
    endloop
  endfacet
  facet normal 0 -1 0
    outer loop
      vertex 0.849998 15.7 9.1
      vertex 0.849999 15.7 2.1
      vertex 0.849999 15.7 9.1
    endloop
  endfacet
  facet normal 0 -1 0
    outer loop
      vertex 0.849999 15.7 2.1
      vertex 0.849998 15.7 9.1
      vertex 0.849998 15.7 2.1
    endloop
  endfacet
  facet normal 0.602407 -0.798189 0
    outer loop
      vertex 0.687134 15.2 18.6
      vertex 0.687664 15.2004 18.7
      vertex 0.687134 15.2 18.7
    endloop
  endfacet
  facet normal 0.602407 -0.798189 0
    outer loop
      vertex 0.687664 15.2004 18.7
      vertex 0.687134 15.2 18.6
      vertex 0.687664 15.2004 18.6
    endloop
  endfacet
  facet normal -0.602407 -0.798189 0
    outer loop
      vertex -0.687664 15.2004 18.6
      vertex -0.687134 15.2 18.7
      vertex -0.687664 15.2004 18.7
    endloop
  endfacet
  facet normal -0.602407 -0.798189 -0
    outer loop
      vertex -0.687134 15.2 18.7
      vertex -0.687664 15.2004 18.6
      vertex -0.687134 15.2 18.6
    endloop
  endfacet
  facet normal 0 -1 -0
    outer loop
      vertex -0.849998 15.7 18.6
      vertex -0.849999 15.7 16.1
      vertex -0.849998 15.7 16.1
    endloop
  endfacet
  facet normal 0 -1 0
    outer loop
      vertex -0.849999 15.7 16.1
      vertex -0.849998 15.7 18.6
      vertex -0.849999 15.7 18.7
    endloop
  endfacet
  facet normal -0.951054 -0.309024 -9.51054e-06
    outer loop
      vertex -0.687664 15.2004 18.6
      vertex -0.849999 15.7 18.7
      vertex -0.849998 15.7 18.6
    endloop
  endfacet
  facet normal -0.951054 -0.309026 0
    outer loop
      vertex -0.849999 15.7 18.7
      vertex -0.687664 15.2004 18.6
      vertex -0.687664 15.2004 18.7
    endloop
  endfacet
  facet normal 0 -1 0
    outer loop
      vertex -0.849998 15.7 2.1
      vertex -0.849999 15.7 9.1
      vertex -0.849999 15.7 2.1
    endloop
  endfacet
  facet normal 0 -1 0
    outer loop
      vertex -0.849999 15.7 9.1
      vertex -0.849998 15.7 2.1
      vertex -0.849998 15.7 9.1
    endloop
  endfacet
  facet normal 0.951051 0.309034 0
    outer loop
      vertex 2.95 15.7 18.7
      vertex 2.78766 16.1996 0
      vertex 2.78766 16.1996 18.7
    endloop
  endfacet
  facet normal 0.951051 0.309034 0
    outer loop
      vertex 2.78766 16.1996 0
      vertex 2.95 15.7 18.7
      vertex 2.95 15.7 0
    endloop
  endfacet
  facet normal -0.951062 0.309002 0
    outer loop
      vertex 1.31318 15.8944 2.1
      vertex 1.41234 16.1996 0
      vertex 1.31318 15.8944 0
    endloop
  endfacet
  facet normal -0.951062 0.309002 0
    outer loop
      vertex 1.41234 16.1996 0
      vertex 1.31318 15.8944 2.1
      vertex 1.41234 16.1996 18.7
    endloop
  endfacet
  facet normal -0.951034 0.309086 0
    outer loop
      vertex 1.25 15.7 18.7
      vertex 1.31318 15.8944 2.1
      vertex 1.25 15.7 2.1
    endloop
  endfacet
  facet normal -0.951051 0.309034 -6.68791e-07
    outer loop
      vertex 1.31318 15.8944 2.1
      vertex 1.25 15.7 18.7
      vertex 1.41234 16.1996 18.7
    endloop
  endfacet
  facet normal 0.58782 0.808992 -0
    outer loop
      vertex 2.78766 16.1996 0
      vertex 2.36391 16.5075 18.7
      vertex 2.78766 16.1996 18.7
    endloop
  endfacet
  facet normal 0.58782 0.808992 0
    outer loop
      vertex 2.36391 16.5075 18.7
      vertex 2.78766 16.1996 0
      vertex 2.36391 16.5075 0
    endloop
  endfacet
  facet normal 0 0 1
    outer loop
      vertex 2.78713 15.2 18.7
      vertex 2.95 15.7 18.7
      vertex 2.78766 16.1996 18.7
    endloop
  endfacet
  facet normal 0 0 1
    outer loop
      vertex 2.95 15.7 18.7
      vertex 2.78713 15.2 18.7
      vertex 2.78766 15.2004 18.7
    endloop
  endfacet
  facet normal 0 0 1
    outer loop
      vertex 2.36391 16.5075 18.7
      vertex 2.78713 15.2 18.7
      vertex 2.78766 16.1996 18.7
    endloop
  endfacet
  facet normal -0 0 1
    outer loop
      vertex 1.83609 16.5075 18.7
      vertex 2.78713 15.2 18.7
      vertex 2.36391 16.5075 18.7
    endloop
  endfacet
  facet normal 0 0 1
    outer loop
      vertex 1.83609 16.5075 18.7
      vertex 1.41287 15.2 18.7
      vertex 2.78713 15.2 18.7
    endloop
  endfacet
  facet normal -0 0 1
    outer loop
      vertex 1.41234 16.1996 18.7
      vertex 1.41287 15.2 18.7
      vertex 1.83609 16.5075 18.7
    endloop
  endfacet
  facet normal -0 0 1
    outer loop
      vertex 1.25 15.7 18.7
      vertex 1.41287 15.2 18.7
      vertex 1.41234 16.1996 18.7
    endloop
  endfacet
  facet normal 0 0 1
    outer loop
      vertex 1.41287 15.2 18.7
      vertex 1.25 15.7 18.7
      vertex 1.41234 15.2004 18.7
    endloop
  endfacet
  facet normal -0.58782 0.808992 0
    outer loop
      vertex 1.83609 16.5075 0
      vertex 1.41234 16.1996 18.7
      vertex 1.83609 16.5075 18.7
    endloop
  endfacet
  facet normal -0.58782 0.808992 0
    outer loop
      vertex 1.41234 16.1996 18.7
      vertex 1.83609 16.5075 0
      vertex 1.41234 16.1996 0
    endloop
  endfacet
  facet normal 0 0 0
    outer loop
      vertex 2.95 15.7 18.7
      vertex 2.95 15.7 18.6
      vertex 2.95 15.7 0
    endloop
  endfacet
  facet normal 0.951051 -0.309034 0
    outer loop
      vertex 2.78766 15.2004 18.7
      vertex 2.95 15.7 18.6
      vertex 2.95 15.7 18.7
    endloop
  endfacet
  facet normal 0.951051 -0.309034 0
    outer loop
      vertex 2.95 15.7 18.6
      vertex 2.78766 15.2004 18.7
      vertex 2.78766 15.2004 18.6
    endloop
  endfacet
  facet normal 0.602407 -0.798189 0
    outer loop
      vertex 2.78713 15.2 18.6
      vertex 2.78766 15.2004 18.7
      vertex 2.78713 15.2 18.7
    endloop
  endfacet
  facet normal 0.602407 -0.798189 0
    outer loop
      vertex 2.78766 15.2004 18.7
      vertex 2.78713 15.2 18.6
      vertex 2.78766 15.2004 18.6
    endloop
  endfacet
  facet normal 0 0 0
    outer loop
      vertex 1.25 15.7 2.1
      vertex 1.25 15.7 18.6
      vertex 1.25 15.7 18.7
    endloop
  endfacet
  facet normal -0.951051 -0.309034 0
    outer loop
      vertex 1.41234 15.2004 18.6
      vertex 1.25 15.7 18.7
      vertex 1.25 15.7 18.6
    endloop
  endfacet
  facet normal -0.951051 -0.309034 0
    outer loop
      vertex 1.25 15.7 18.7
      vertex 1.41234 15.2004 18.6
      vertex 1.41234 15.2004 18.7
    endloop
  endfacet
  facet normal -0.602407 -0.798189 0
    outer loop
      vertex 1.41234 15.2004 18.6
      vertex 1.41287 15.2 18.7
      vertex 1.41234 15.2004 18.7
    endloop
  endfacet
  facet normal -0.602407 -0.798189 -0
    outer loop
      vertex 1.41287 15.2 18.7
      vertex 1.41234 15.2004 18.6
      vertex 1.41287 15.2 18.6
    endloop
  endfacet
  facet normal 0.951051 0.309034 0
    outer loop
      vertex 5.05 15.7 18.7
      vertex 4.88766 16.1996 0
      vertex 4.88766 16.1996 18.7
    endloop
  endfacet
  facet normal 0.951051 0.309034 0
    outer loop
      vertex 4.88766 16.1996 0
      vertex 5.05 15.7 18.7
      vertex 5.05 15.7 0
    endloop
  endfacet
  facet normal -0.951056 0.309017 0
    outer loop
      vertex 3.35 15.7 0
      vertex 3.51233 16.1996 18.7
      vertex 3.51233 16.1996 0
    endloop
  endfacet
  facet normal -0.951056 0.309017 0
    outer loop
      vertex 3.51233 16.1996 18.7
      vertex 3.35 15.7 0
      vertex 3.35 15.7 18.7
    endloop
  endfacet
  facet normal 0.58782 0.808992 -0
    outer loop
      vertex 4.88766 16.1996 0
      vertex 4.46391 16.5075 18.7
      vertex 4.88766 16.1996 18.7
    endloop
  endfacet
  facet normal 0.58782 0.808992 0
    outer loop
      vertex 4.46391 16.5075 18.7
      vertex 4.88766 16.1996 0
      vertex 4.46391 16.5075 0
    endloop
  endfacet
  facet normal 0 0 1
    outer loop
      vertex 4.88713 15.2 18.7
      vertex 5.05 15.7 18.7
      vertex 4.88766 16.1996 18.7
    endloop
  endfacet
  facet normal 0 0 1
    outer loop
      vertex 5.05 15.7 18.7
      vertex 4.88713 15.2 18.7
      vertex 4.88766 15.2004 18.7
    endloop
  endfacet
  facet normal 0 0 1
    outer loop
      vertex 4.46391 16.5075 18.7
      vertex 4.88713 15.2 18.7
      vertex 4.88766 16.1996 18.7
    endloop
  endfacet
  facet normal -0 0 1
    outer loop
      vertex 3.93609 16.5075 18.7
      vertex 4.88713 15.2 18.7
      vertex 4.46391 16.5075 18.7
    endloop
  endfacet
  facet normal 0 0 1
    outer loop
      vertex 3.93609 16.5075 18.7
      vertex 3.51287 15.2 18.7
      vertex 4.88713 15.2 18.7
    endloop
  endfacet
  facet normal -0 0 1
    outer loop
      vertex 3.51233 16.1996 18.7
      vertex 3.51287 15.2 18.7
      vertex 3.93609 16.5075 18.7
    endloop
  endfacet
  facet normal -0 0 1
    outer loop
      vertex 3.35 15.7 18.7
      vertex 3.51287 15.2 18.7
      vertex 3.51233 16.1996 18.7
    endloop
  endfacet
  facet normal 0 0 1
    outer loop
      vertex 3.51287 15.2 18.7
      vertex 3.35 15.7 18.7
      vertex 3.51233 15.2004 18.7
    endloop
  endfacet
  facet normal -0.587811 0.808999 0
    outer loop
      vertex 3.93609 16.5075 0
      vertex 3.51233 16.1996 18.7
      vertex 3.93609 16.5075 18.7
    endloop
  endfacet
  facet normal -0.587811 0.808999 0
    outer loop
      vertex 3.51233 16.1996 18.7
      vertex 3.93609 16.5075 0
      vertex 3.51233 16.1996 0
    endloop
  endfacet
  facet normal 0 0 0
    outer loop
      vertex 5.05 15.7 18.7
      vertex 5.05 15.7 18.6
      vertex 5.05 15.7 0
    endloop
  endfacet
  facet normal 0.951051 -0.309034 0
    outer loop
      vertex 4.88766 15.2004 18.7
      vertex 5.05 15.7 18.6
      vertex 5.05 15.7 18.7
    endloop
  endfacet
  facet normal 0.951051 -0.309034 0
    outer loop
      vertex 5.05 15.7 18.6
      vertex 4.88766 15.2004 18.7
      vertex 4.88766 15.2004 18.6
    endloop
  endfacet
  facet normal 0.602407 -0.798189 0
    outer loop
      vertex 4.88713 15.2 18.6
      vertex 4.88766 15.2004 18.7
      vertex 4.88713 15.2 18.7
    endloop
  endfacet
  facet normal 0.602407 -0.798189 0
    outer loop
      vertex 4.88766 15.2004 18.7
      vertex 4.88713 15.2 18.6
      vertex 4.88766 15.2004 18.6
    endloop
  endfacet
  facet normal -0.595228 -0.803557 0
    outer loop
      vertex 3.51233 15.2004 18.6
      vertex 3.51287 15.2 18.7
      vertex 3.51233 15.2004 18.7
    endloop
  endfacet
  facet normal -0.595228 -0.803557 -0
    outer loop
      vertex 3.51287 15.2 18.7
      vertex 3.51233 15.2004 18.6
      vertex 3.51287 15.2 18.6
    endloop
  endfacet
  facet normal 0 0 0
    outer loop
      vertex 3.35 15.7 0
      vertex 3.35 15.7 18.6
      vertex 3.35 15.7 18.7
    endloop
  endfacet
  facet normal -0.951056 -0.309017 0
    outer loop
      vertex 3.51233 15.2004 18.6
      vertex 3.35 15.7 18.7
      vertex 3.35 15.7 18.6
    endloop
  endfacet
  facet normal -0.951056 -0.309017 0
    outer loop
      vertex 3.35 15.7 18.7
      vertex 3.51233 15.2004 18.6
      vertex 3.51233 15.2004 18.7
    endloop
  endfacet
  facet normal 0.951051 0.309034 0
    outer loop
      vertex 7.15 15.7 18.7
      vertex 6.98766 16.1996 0
      vertex 6.98766 16.1996 18.7
    endloop
  endfacet
  facet normal 0.951051 0.309034 0
    outer loop
      vertex 6.98766 16.1996 0
      vertex 7.15 15.7 18.7
      vertex 7.15 15.7 0
    endloop
  endfacet
  facet normal -0.951051 0.309034 0
    outer loop
      vertex 5.45 15.7 0
      vertex 5.61234 16.1996 18.7
      vertex 5.61234 16.1996 0
    endloop
  endfacet
  facet normal -0.951051 0.309034 0
    outer loop
      vertex 5.61234 16.1996 18.7
      vertex 5.45 15.7 0
      vertex 5.45 15.7 18.7
    endloop
  endfacet
  facet normal 0.58782 0.808992 -0
    outer loop
      vertex 6.98766 16.1996 0
      vertex 6.56391 16.5075 18.7
      vertex 6.98766 16.1996 18.7
    endloop
  endfacet
  facet normal 0.58782 0.808992 0
    outer loop
      vertex 6.56391 16.5075 18.7
      vertex 6.98766 16.1996 0
      vertex 6.56391 16.5075 0
    endloop
  endfacet
  facet normal 0 0 1
    outer loop
      vertex 6.98713 15.2 18.7
      vertex 7.15 15.7 18.7
      vertex 6.98766 16.1996 18.7
    endloop
  endfacet
  facet normal 0 0 1
    outer loop
      vertex 7.15 15.7 18.7
      vertex 6.98713 15.2 18.7
      vertex 6.98766 15.2004 18.7
    endloop
  endfacet
  facet normal 0 0 1
    outer loop
      vertex 6.56391 16.5075 18.7
      vertex 6.98713 15.2 18.7
      vertex 6.98766 16.1996 18.7
    endloop
  endfacet
  facet normal -0 0 1
    outer loop
      vertex 6.03609 16.5075 18.7
      vertex 6.98713 15.2 18.7
      vertex 6.56391 16.5075 18.7
    endloop
  endfacet
  facet normal 0 0 1
    outer loop
      vertex 6.03609 16.5075 18.7
      vertex 5.61287 15.2 18.7
      vertex 6.98713 15.2 18.7
    endloop
  endfacet
  facet normal -0 0 1
    outer loop
      vertex 5.61234 16.1996 18.7
      vertex 5.61287 15.2 18.7
      vertex 6.03609 16.5075 18.7
    endloop
  endfacet
  facet normal -0 0 1
    outer loop
      vertex 5.45 15.7 18.7
      vertex 5.61287 15.2 18.7
      vertex 5.61234 16.1996 18.7
    endloop
  endfacet
  facet normal 0 0 1
    outer loop
      vertex 5.61287 15.2 18.7
      vertex 5.45 15.7 18.7
      vertex 5.61234 15.2004 18.7
    endloop
  endfacet
  facet normal -0.58782 0.808992 0
    outer loop
      vertex 6.03609 16.5075 0
      vertex 5.61234 16.1996 18.7
      vertex 6.03609 16.5075 18.7
    endloop
  endfacet
  facet normal -0.58782 0.808992 0
    outer loop
      vertex 5.61234 16.1996 18.7
      vertex 6.03609 16.5075 0
      vertex 5.61234 16.1996 0
    endloop
  endfacet
  facet normal 0 0 0
    outer loop
      vertex 5.45 15.7 0
      vertex 5.45 15.7 18.6
      vertex 5.45 15.7 18.7
    endloop
  endfacet
  facet normal -0.951051 -0.309034 0
    outer loop
      vertex 5.61234 15.2004 18.6
      vertex 5.45 15.7 18.7
      vertex 5.45 15.7 18.6
    endloop
  endfacet
  facet normal -0.951051 -0.309034 0
    outer loop
      vertex 5.45 15.7 18.7
      vertex 5.61234 15.2004 18.6
      vertex 5.61234 15.2004 18.7
    endloop
  endfacet
  facet normal 0.602407 -0.798189 0
    outer loop
      vertex 6.98713 15.2 18.6
      vertex 6.98766 15.2004 18.7
      vertex 6.98713 15.2 18.7
    endloop
  endfacet
  facet normal 0.602407 -0.798189 0
    outer loop
      vertex 6.98766 15.2004 18.7
      vertex 6.98713 15.2 18.6
      vertex 6.98766 15.2004 18.6
    endloop
  endfacet
  facet normal 0 0 0
    outer loop
      vertex 7.15 15.7 18.7
      vertex 7.15 15.7 18.6
      vertex 7.15 15.7 0
    endloop
  endfacet
  facet normal 0.951051 -0.309034 0
    outer loop
      vertex 6.98766 15.2004 18.7
      vertex 7.15 15.7 18.6
      vertex 7.15 15.7 18.7
    endloop
  endfacet
  facet normal 0.951051 -0.309034 0
    outer loop
      vertex 7.15 15.7 18.6
      vertex 6.98766 15.2004 18.7
      vertex 6.98766 15.2004 18.6
    endloop
  endfacet
  facet normal -0.602407 -0.798189 0
    outer loop
      vertex 5.61234 15.2004 18.6
      vertex 5.61287 15.2 18.7
      vertex 5.61234 15.2004 18.7
    endloop
  endfacet
  facet normal -0.602407 -0.798189 -0
    outer loop
      vertex 5.61287 15.2 18.7
      vertex 5.61234 15.2004 18.6
      vertex 5.61287 15.2 18.6
    endloop
  endfacet
  facet normal 0.951051 0.309034 0
    outer loop
      vertex 9.25 15.7 18.7
      vertex 9.08766 16.1996 0
      vertex 9.08766 16.1996 18.7
    endloop
  endfacet
  facet normal 0.951051 0.309034 0
    outer loop
      vertex 9.08766 16.1996 0
      vertex 9.25 15.7 18.7
      vertex 9.25 15.7 0
    endloop
  endfacet
  facet normal -0.587811 0.808999 0
    outer loop
      vertex 8.13609 16.5075 0
      vertex 7.71233 16.1996 18.7
      vertex 8.13609 16.5075 18.7
    endloop
  endfacet
  facet normal -0.587811 0.808999 0
    outer loop
      vertex 7.71233 16.1996 18.7
      vertex 8.13609 16.5075 0
      vertex 7.71233 16.1996 0
    endloop
  endfacet
  facet normal 0.58782 0.808992 -0
    outer loop
      vertex 9.08766 16.1996 0
      vertex 8.66391 16.5075 18.7
      vertex 9.08766 16.1996 18.7
    endloop
  endfacet
  facet normal 0.58782 0.808992 0
    outer loop
      vertex 8.66391 16.5075 18.7
      vertex 9.08766 16.1996 0
      vertex 8.66391 16.5075 0
    endloop
  endfacet
  facet normal 0 0 1
    outer loop
      vertex 9.08713 15.2 18.7
      vertex 9.25 15.7 18.7
      vertex 9.08766 16.1996 18.7
    endloop
  endfacet
  facet normal 0 0 1
    outer loop
      vertex 9.25 15.7 18.7
      vertex 9.08713 15.2 18.7
      vertex 9.08766 15.2004 18.7
    endloop
  endfacet
  facet normal 0 0 1
    outer loop
      vertex 8.66391 16.5075 18.7
      vertex 9.08713 15.2 18.7
      vertex 9.08766 16.1996 18.7
    endloop
  endfacet
  facet normal -0 0 1
    outer loop
      vertex 8.13609 16.5075 18.7
      vertex 9.08713 15.2 18.7
      vertex 8.66391 16.5075 18.7
    endloop
  endfacet
  facet normal 0 0 1
    outer loop
      vertex 8.13609 16.5075 18.7
      vertex 7.71286 15.2 18.7
      vertex 9.08713 15.2 18.7
    endloop
  endfacet
  facet normal -0 0 1
    outer loop
      vertex 7.71233 16.1996 18.7
      vertex 7.71286 15.2 18.7
      vertex 8.13609 16.5075 18.7
    endloop
  endfacet
  facet normal -0 0 1
    outer loop
      vertex 7.55 15.7 18.7
      vertex 7.71286 15.2 18.7
      vertex 7.71233 16.1996 18.7
    endloop
  endfacet
  facet normal 0 0 1
    outer loop
      vertex 7.71286 15.2 18.7
      vertex 7.55 15.7 18.7
      vertex 7.71233 15.2004 18.7
    endloop
  endfacet
  facet normal -0.951056 0.309017 0
    outer loop
      vertex 7.55 15.7 0
      vertex 7.71233 16.1996 18.7
      vertex 7.71233 16.1996 0
    endloop
  endfacet
  facet normal -0.951056 0.309017 0
    outer loop
      vertex 7.71233 16.1996 18.7
      vertex 7.55 15.7 0
      vertex 7.55 15.7 18.7
    endloop
  endfacet
  facet normal 0.602407 -0.798189 0
    outer loop
      vertex 9.08713 15.2 18.6
      vertex 9.08766 15.2004 18.7
      vertex 9.08713 15.2 18.7
    endloop
  endfacet
  facet normal 0.602407 -0.798189 0
    outer loop
      vertex 9.08766 15.2004 18.7
      vertex 9.08713 15.2 18.6
      vertex 9.08766 15.2004 18.6
    endloop
  endfacet
  facet normal -0.602407 -0.798189 0
    outer loop
      vertex 7.71233 15.2004 18.6
      vertex 7.71286 15.2 18.7
      vertex 7.71233 15.2004 18.7
    endloop
  endfacet
  facet normal -0.602407 -0.798189 -0
    outer loop
      vertex 7.71286 15.2 18.7
      vertex 7.71233 15.2004 18.6
      vertex 7.71286 15.2 18.6
    endloop
  endfacet
  facet normal 0 0 0
    outer loop
      vertex 7.55 15.7 0
      vertex 7.55 15.7 18.6
      vertex 7.55 15.7 18.7
    endloop
  endfacet
  facet normal -0.951056 -0.309017 0
    outer loop
      vertex 7.71233 15.2004 18.6
      vertex 7.55 15.7 18.7
      vertex 7.55 15.7 18.6
    endloop
  endfacet
  facet normal -0.951056 -0.309017 0
    outer loop
      vertex 7.55 15.7 18.7
      vertex 7.71233 15.2004 18.6
      vertex 7.71233 15.2004 18.7
    endloop
  endfacet
  facet normal 0 0 0
    outer loop
      vertex 9.25 15.7 18.7
      vertex 9.25 15.7 18.6
      vertex 9.25 15.7 0
    endloop
  endfacet
  facet normal 0.951051 -0.309034 0
    outer loop
      vertex 9.08766 15.2004 18.7
      vertex 9.25 15.7 18.6
      vertex 9.25 15.7 18.7
    endloop
  endfacet
  facet normal 0.951051 -0.309034 0
    outer loop
      vertex 9.25 15.7 18.6
      vertex 9.08766 15.2004 18.7
      vertex 9.08766 15.2004 18.6
    endloop
  endfacet
  facet normal 0.951073 0.308966 0
    outer loop
      vertex 11.35 15.7 18.7
      vertex 11.1877 16.1996 0
      vertex 11.1877 16.1996 18.7
    endloop
  endfacet
  facet normal 0.951073 0.308966 0
    outer loop
      vertex 11.1877 16.1996 0
      vertex 11.35 15.7 18.7
      vertex 11.35 15.7 0
    endloop
  endfacet
  facet normal -0.951051 0.309034 0
    outer loop
      vertex 9.65 15.7 0
      vertex 9.81234 16.1996 18.7
      vertex 9.81234 16.1996 0
    endloop
  endfacet
  facet normal -0.951051 0.309034 0
    outer loop
      vertex 9.81234 16.1996 18.7
      vertex 9.65 15.7 0
      vertex 9.65 15.7 18.7
    endloop
  endfacet
  facet normal 0.587774 0.809025 -0
    outer loop
      vertex 11.1877 16.1996 0
      vertex 10.7639 16.5075 18.7
      vertex 11.1877 16.1996 18.7
    endloop
  endfacet
  facet normal 0.587774 0.809025 0
    outer loop
      vertex 10.7639 16.5075 18.7
      vertex 11.1877 16.1996 0
      vertex 10.7639 16.5075 0
    endloop
  endfacet
  facet normal 0 0 1
    outer loop
      vertex 11.1871 15.2 18.7
      vertex 11.35 15.7 18.7
      vertex 11.1877 16.1996 18.7
    endloop
  endfacet
  facet normal 0 0 1
    outer loop
      vertex 11.35 15.7 18.7
      vertex 11.1871 15.2 18.7
      vertex 11.1877 15.2004 18.7
    endloop
  endfacet
  facet normal 0 0 1
    outer loop
      vertex 10.7639 16.5075 18.7
      vertex 11.1871 15.2 18.7
      vertex 11.1877 16.1996 18.7
    endloop
  endfacet
  facet normal -0 0 1
    outer loop
      vertex 10.2361 16.5075 18.7
      vertex 11.1871 15.2 18.7
      vertex 10.7639 16.5075 18.7
    endloop
  endfacet
  facet normal 0 0 1
    outer loop
      vertex 10.2361 16.5075 18.7
      vertex 9.81287 15.2 18.7
      vertex 11.1871 15.2 18.7
    endloop
  endfacet
  facet normal -0 0 1
    outer loop
      vertex 9.81234 16.1996 18.7
      vertex 9.81287 15.2 18.7
      vertex 10.2361 16.5075 18.7
    endloop
  endfacet
  facet normal -0 0 1
    outer loop
      vertex 9.65 15.7 18.7
      vertex 9.81287 15.2 18.7
      vertex 9.81234 16.1996 18.7
    endloop
  endfacet
  facet normal 0 0 1
    outer loop
      vertex 9.81287 15.2 18.7
      vertex 9.65 15.7 18.7
      vertex 9.81234 15.2004 18.7
    endloop
  endfacet
  facet normal -0.587811 0.808999 0
    outer loop
      vertex 10.2361 16.5075 0
      vertex 9.81234 16.1996 18.7
      vertex 10.2361 16.5075 18.7
    endloop
  endfacet
  facet normal -0.587811 0.808999 0
    outer loop
      vertex 9.81234 16.1996 18.7
      vertex 10.2361 16.5075 0
      vertex 9.81234 16.1996 0
    endloop
  endfacet
  facet normal 0 0 0
    outer loop
      vertex 9.65 15.7 0
      vertex 9.65 15.7 18.6
      vertex 9.65 15.7 18.7
    endloop
  endfacet
  facet normal -0.951051 -0.309034 0
    outer loop
      vertex 9.81234 15.2004 18.6
      vertex 9.65 15.7 18.7
      vertex 9.65 15.7 18.6
    endloop
  endfacet
  facet normal -0.951051 -0.309034 0
    outer loop
      vertex 9.65 15.7 18.7
      vertex 9.81234 15.2004 18.6
      vertex 9.81234 15.2004 18.7
    endloop
  endfacet
  facet normal 0.5547 -0.83205 0
    outer loop
      vertex 11.1871 15.2 18.6
      vertex 11.1877 15.2004 18.7
      vertex 11.1871 15.2 18.7
    endloop
  endfacet
  facet normal 0.5547 -0.83205 0
    outer loop
      vertex 11.1877 15.2004 18.7
      vertex 11.1871 15.2 18.6
      vertex 11.1877 15.2004 18.6
    endloop
  endfacet
  facet normal 0 0 0
    outer loop
      vertex 11.35 15.7 18.7
      vertex 11.35 15.7 18.6
      vertex 11.35 15.7 0
    endloop
  endfacet
  facet normal 0.951073 -0.308966 0
    outer loop
      vertex 11.1877 15.2004 18.7
      vertex 11.35 15.7 18.6
      vertex 11.35 15.7 18.7
    endloop
  endfacet
  facet normal 0.951073 -0.308966 0
    outer loop
      vertex 11.35 15.7 18.6
      vertex 11.1877 15.2004 18.7
      vertex 11.1877 15.2004 18.6
    endloop
  endfacet
  facet normal -0.602407 -0.798189 0
    outer loop
      vertex 9.81234 15.2004 18.6
      vertex 9.81287 15.2 18.7
      vertex 9.81234 15.2004 18.7
    endloop
  endfacet
  facet normal -0.602407 -0.798189 -0
    outer loop
      vertex 9.81287 15.2 18.7
      vertex 9.81234 15.2004 18.6
      vertex 9.81287 15.2 18.6
    endloop
  endfacet
  facet normal 0.951073 0.308966 0
    outer loop
      vertex 13.45 15.7 18.7
      vertex 13.2877 16.1996 16.1
      vertex 13.2877 16.1996 18.7
    endloop
  endfacet
  facet normal 0.951073 0.308966 0
    outer loop
      vertex 13.2877 16.1996 16.1
      vertex 13.45 15.7 18.7
      vertex 13.45 15.7 16.1
    endloop
  endfacet
  facet normal 0.951073 0.308966 0
    outer loop
      vertex 13.45 15.7 9.1
      vertex 13.2877 16.1996 0
      vertex 13.2877 16.1996 9.1
    endloop
  endfacet
  facet normal 0.951073 0.308966 0
    outer loop
      vertex 13.2877 16.1996 0
      vertex 13.45 15.7 9.1
      vertex 13.45 15.7 0
    endloop
  endfacet
  facet normal -0.951073 0.308966 0
    outer loop
      vertex 11.75 15.7 0
      vertex 11.9123 16.1996 18.7
      vertex 11.9123 16.1996 0
    endloop
  endfacet
  facet normal -0.951073 0.308966 0
    outer loop
      vertex 11.9123 16.1996 18.7
      vertex 11.75 15.7 0
      vertex 11.75 15.7 18.7
    endloop
  endfacet
  facet normal 0.587737 0.809052 0
    outer loop
      vertex 13.2877 16.1996 9.1
      vertex 13.2877 16.1996 0
      vertex 13 16.4086 9.1
    endloop
  endfacet
  facet normal 0.587737 0.809052 0
    outer loop
      vertex 13 16.4086 16.1
      vertex 13.2877 16.1996 18.7
      vertex 13.2877 16.1996 16.1
    endloop
  endfacet
  facet normal 0.587774 0.809025 -6.33634e-06
    outer loop
      vertex 13.2877 16.1996 18.7
      vertex 13 16.4086 16.1
      vertex 12.8639 16.5075 18.7
    endloop
  endfacet
  facet normal 0.587854 0.808967 -0
    outer loop
      vertex 13 16.4086 9.1
      vertex 12.8639 16.5075 18.7
      vertex 13 16.4086 16.1
    endloop
  endfacet
  facet normal 0.587854 0.808967 0
    outer loop
      vertex 13 16.4086 9.1
      vertex 12.8639 16.5075 0
      vertex 12.8639 16.5075 18.7
    endloop
  endfacet
  facet normal 0.587774 0.809025 1.81038e-06
    outer loop
      vertex 12.8639 16.5075 0
      vertex 13 16.4086 9.1
      vertex 13.2877 16.1996 0
    endloop
  endfacet
  facet normal 0 0 1
    outer loop
      vertex 13.2871 15.2 18.7
      vertex 13.45 15.7 18.7
      vertex 13.2877 16.1996 18.7
    endloop
  endfacet
  facet normal 0 0 1
    outer loop
      vertex 13.45 15.7 18.7
      vertex 13.2871 15.2 18.7
      vertex 13.2877 15.2004 18.7
    endloop
  endfacet
  facet normal 0 0 1
    outer loop
      vertex 12.8639 16.5075 18.7
      vertex 13.2871 15.2 18.7
      vertex 13.2877 16.1996 18.7
    endloop
  endfacet
  facet normal -0 0 1
    outer loop
      vertex 12.3361 16.5075 18.7
      vertex 13.2871 15.2 18.7
      vertex 12.8639 16.5075 18.7
    endloop
  endfacet
  facet normal 0 0 1
    outer loop
      vertex 12.3361 16.5075 18.7
      vertex 11.9129 15.2 18.7
      vertex 13.2871 15.2 18.7
    endloop
  endfacet
  facet normal -0 0 1
    outer loop
      vertex 11.9123 16.1996 18.7
      vertex 11.9129 15.2 18.7
      vertex 12.3361 16.5075 18.7
    endloop
  endfacet
  facet normal -0 0 1
    outer loop
      vertex 11.75 15.7 18.7
      vertex 11.9129 15.2 18.7
      vertex 11.9123 16.1996 18.7
    endloop
  endfacet
  facet normal 0 0 1
    outer loop
      vertex 11.9129 15.2 18.7
      vertex 11.75 15.7 18.7
      vertex 11.9123 15.2004 18.7
    endloop
  endfacet
  facet normal -0.587774 0.809025 0
    outer loop
      vertex 12.3361 16.5075 0
      vertex 11.9123 16.1996 18.7
      vertex 12.3361 16.5075 18.7
    endloop
  endfacet
  facet normal -0.587774 0.809025 0
    outer loop
      vertex 11.9123 16.1996 18.7
      vertex 12.3361 16.5075 0
      vertex 11.9123 16.1996 0
    endloop
  endfacet
  facet normal 0.5547 -0.83205 0
    outer loop
      vertex 13.2871 15.2 18.6
      vertex 13.2877 15.2004 18.7
      vertex 13.2871 15.2 18.7
    endloop
  endfacet
  facet normal 0.5547 -0.83205 0
    outer loop
      vertex 13.2877 15.2004 18.7
      vertex 13.2871 15.2 18.6
      vertex 13.2877 15.2004 18.6
    endloop
  endfacet
  facet normal 0 0 0
    outer loop
      vertex 13.45 15.7 18.7
      vertex 13.45 15.7 18.6
      vertex 13.45 15.7 16.1
    endloop
  endfacet
  facet normal 0.951073 -0.308966 0
    outer loop
      vertex 13.2877 15.2004 18.7
      vertex 13.45 15.7 18.6
      vertex 13.45 15.7 18.7
    endloop
  endfacet
  facet normal 0.951073 -0.308966 0
    outer loop
      vertex 13.45 15.7 18.6
      vertex 13.2877 15.2004 18.7
      vertex 13.2877 15.2004 18.6
    endloop
  endfacet
  facet normal 0 0 0
    outer loop
      vertex 11.75 15.7 0
      vertex 11.75 15.7 18.6
      vertex 11.75 15.7 18.7
    endloop
  endfacet
  facet normal -0.951073 -0.308966 0
    outer loop
      vertex 11.9123 15.2004 18.6
      vertex 11.75 15.7 18.7
      vertex 11.75 15.7 18.6
    endloop
  endfacet
  facet normal -0.951073 -0.308966 0
    outer loop
      vertex 11.75 15.7 18.7
      vertex 11.9123 15.2004 18.6
      vertex 11.9123 15.2004 18.7
    endloop
  endfacet
  facet normal -0.5547 -0.83205 0
    outer loop
      vertex 11.9123 15.2004 18.6
      vertex 11.9129 15.2 18.7
      vertex 11.9123 15.2004 18.7
    endloop
  endfacet
  facet normal -0.5547 -0.83205 -0
    outer loop
      vertex 11.9129 15.2 18.7
      vertex 11.9123 15.2004 18.6
      vertex 11.9129 15.2 18.6
    endloop
  endfacet
  facet normal 0.951073 0.308966 0
    outer loop
      vertex 15.55 15.7 18.7
      vertex 15.3877 16.1996 0
      vertex 15.3877 16.1996 18.7
    endloop
  endfacet
  facet normal 0.951073 0.308966 0
    outer loop
      vertex 15.3877 16.1996 0
      vertex 15.55 15.7 18.7
      vertex 15.55 15.7 0
    endloop
  endfacet
  facet normal -0.951073 0.308966 0
    outer loop
      vertex 13.85 15.7 16.1
      vertex 14.0123 16.1996 18.7
      vertex 14.0123 16.1996 16.1
    endloop
  endfacet
  facet normal -0.951073 0.308966 0
    outer loop
      vertex 14.0123 16.1996 18.7
      vertex 13.85 15.7 16.1
      vertex 13.85 15.7 18.7
    endloop
  endfacet
  facet normal -0.951073 0.308966 0
    outer loop
      vertex 13.85 15.7 0
      vertex 14.0123 16.1996 9.1
      vertex 14.0123 16.1996 0
    endloop
  endfacet
  facet normal -0.951073 0.308966 0
    outer loop
      vertex 14.0123 16.1996 9.1
      vertex 13.85 15.7 0
      vertex 13.85 15.7 9.1
    endloop
  endfacet
  facet normal 0.587774 0.809025 8.53901e-06
    outer loop
      vertex 15.3877 16.1996 18.7
      vertex 15 16.4813 16.1
      vertex 14.9639 16.5075 18.7
    endloop
  endfacet
  facet normal 0.587812 0.808998 0
    outer loop
      vertex 15.3877 16.1996 18.7
      vertex 15 16.4813 9.1
      vertex 15 16.4813 16.1
    endloop
  endfacet
  facet normal 0.587812 0.808998 -0
    outer loop
      vertex 15.3877 16.1996 0
      vertex 15 16.4813 9.1
      vertex 15.3877 16.1996 18.7
    endloop
  endfacet
  facet normal 0.587774 0.809025 -2.43972e-06
    outer loop
      vertex 14.9639 16.5075 0
      vertex 15 16.4813 9.1
      vertex 15.3877 16.1996 0
    endloop
  endfacet
  facet normal 0.587372 0.809317 0
    outer loop
      vertex 15 16.4813 9.1
      vertex 14.9639 16.5075 0
      vertex 14.9639 16.5075 9.1
    endloop
  endfacet
  facet normal 0.587372 0.809317 0
    outer loop
      vertex 14.9639 16.5075 18.7
      vertex 15 16.4813 16.1
      vertex 14.9639 16.5075 16.1
    endloop
  endfacet
  facet normal 0 0 1
    outer loop
      vertex 15.3871 15.2 18.7
      vertex 15.55 15.7 18.7
      vertex 15.3877 16.1996 18.7
    endloop
  endfacet
  facet normal 0 0 1
    outer loop
      vertex 15.55 15.7 18.7
      vertex 15.3871 15.2 18.7
      vertex 15.3877 15.2004 18.7
    endloop
  endfacet
  facet normal 0 0 1
    outer loop
      vertex 14.9639 16.5075 18.7
      vertex 15.3871 15.2 18.7
      vertex 15.3877 16.1996 18.7
    endloop
  endfacet
  facet normal -0 0 1
    outer loop
      vertex 14.4361 16.5075 18.7
      vertex 15.3871 15.2 18.7
      vertex 14.9639 16.5075 18.7
    endloop
  endfacet
  facet normal 0 0 1
    outer loop
      vertex 14.4361 16.5075 18.7
      vertex 14.0129 15.2 18.7
      vertex 15.3871 15.2 18.7
    endloop
  endfacet
  facet normal -0 0 1
    outer loop
      vertex 14.0123 16.1996 18.7
      vertex 14.0129 15.2 18.7
      vertex 14.4361 16.5075 18.7
    endloop
  endfacet
  facet normal -0 0 1
    outer loop
      vertex 13.85 15.7 18.7
      vertex 14.0129 15.2 18.7
      vertex 14.0123 16.1996 18.7
    endloop
  endfacet
  facet normal 0 0 1
    outer loop
      vertex 14.0129 15.2 18.7
      vertex 13.85 15.7 18.7
      vertex 14.0123 15.2004 18.7
    endloop
  endfacet
  facet normal -0.587774 0.809025 0
    outer loop
      vertex 14.4361 16.5075 16.1
      vertex 14.0123 16.1996 18.7
      vertex 14.4361 16.5075 18.7
    endloop
  endfacet
  facet normal -0.587774 0.809025 0
    outer loop
      vertex 14.0123 16.1996 18.7
      vertex 14.4361 16.5075 16.1
      vertex 14.0123 16.1996 16.1
    endloop
  endfacet
  facet normal -0.587774 0.809025 0
    outer loop
      vertex 14.4361 16.5075 0
      vertex 14.0123 16.1996 9.1
      vertex 14.4361 16.5075 9.1
    endloop
  endfacet
  facet normal -0.587774 0.809025 0
    outer loop
      vertex 14.0123 16.1996 9.1
      vertex 14.4361 16.5075 0
      vertex 14.0123 16.1996 0
    endloop
  endfacet
  facet normal 0 0 0
    outer loop
      vertex 13.85 15.7 16.1
      vertex 13.85 15.7 18.6
      vertex 13.85 15.7 18.7
    endloop
  endfacet
  facet normal -0.951073 -0.308966 0
    outer loop
      vertex 14.0123 15.2004 18.6
      vertex 13.85 15.7 18.7
      vertex 13.85 15.7 18.6
    endloop
  endfacet
  facet normal -0.951073 -0.308966 0
    outer loop
      vertex 13.85 15.7 18.7
      vertex 14.0123 15.2004 18.6
      vertex 14.0123 15.2004 18.7
    endloop
  endfacet
  facet normal 0.5547 -0.83205 0
    outer loop
      vertex 15.3871 15.2 18.6
      vertex 15.3877 15.2004 18.7
      vertex 15.3871 15.2 18.7
    endloop
  endfacet
  facet normal 0.5547 -0.83205 0
    outer loop
      vertex 15.3877 15.2004 18.7
      vertex 15.3871 15.2 18.6
      vertex 15.3877 15.2004 18.6
    endloop
  endfacet
  facet normal 0 0 0
    outer loop
      vertex 15.55 15.7 18.7
      vertex 15.55 15.7 18.6
      vertex 15.55 15.7 0
    endloop
  endfacet
  facet normal 0.951073 -0.308966 0
    outer loop
      vertex 15.3877 15.2004 18.7
      vertex 15.55 15.7 18.6
      vertex 15.55 15.7 18.7
    endloop
  endfacet
  facet normal 0.951073 -0.308966 0
    outer loop
      vertex 15.55 15.7 18.6
      vertex 15.3877 15.2004 18.7
      vertex 15.3877 15.2004 18.6
    endloop
  endfacet
  facet normal -0.5547 -0.83205 0
    outer loop
      vertex 14.0123 15.2004 18.6
      vertex 14.0129 15.2 18.7
      vertex 14.0123 15.2004 18.7
    endloop
  endfacet
  facet normal -0.5547 -0.83205 -0
    outer loop
      vertex 14.0129 15.2 18.7
      vertex 14.0123 15.2004 18.6
      vertex 14.0129 15.2 18.6
    endloop
  endfacet
  facet normal 0.951073 0.308966 0
    outer loop
      vertex 17.65 15.7 18.7
      vertex 17.4877 16.1996 0
      vertex 17.4877 16.1996 18.7
    endloop
  endfacet
  facet normal 0.951073 0.308966 0
    outer loop
      vertex 17.4877 16.1996 0
      vertex 17.65 15.7 18.7
      vertex 17.65 15.7 0
    endloop
  endfacet
  facet normal -0.951073 0.308966 0
    outer loop
      vertex 15.95 15.7 0
      vertex 16.1123 16.1996 18.7
      vertex 16.1123 16.1996 0
    endloop
  endfacet
  facet normal -0.951073 0.308966 0
    outer loop
      vertex 16.1123 16.1996 18.7
      vertex 15.95 15.7 0
      vertex 15.95 15.7 18.7
    endloop
  endfacet
  facet normal 0.587774 0.809025 -0
    outer loop
      vertex 17.4877 16.1996 0
      vertex 17.0639 16.5075 18.7
      vertex 17.4877 16.1996 18.7
    endloop
  endfacet
  facet normal 0.587774 0.809025 0
    outer loop
      vertex 17.0639 16.5075 18.7
      vertex 17.4877 16.1996 0
      vertex 17.0639 16.5075 0
    endloop
  endfacet
  facet normal 0 0 1
    outer loop
      vertex 17.4871 15.2 18.7
      vertex 17.65 15.7 18.7
      vertex 17.4877 16.1996 18.7
    endloop
  endfacet
  facet normal 0 0 1
    outer loop
      vertex 17.65 15.7 18.7
      vertex 17.4871 15.2 18.7
      vertex 17.4877 15.2004 18.7
    endloop
  endfacet
  facet normal 0 0 1
    outer loop
      vertex 17.0639 16.5075 18.7
      vertex 17.4871 15.2 18.7
      vertex 17.4877 16.1996 18.7
    endloop
  endfacet
  facet normal -0 0 1
    outer loop
      vertex 16.5361 16.5075 18.7
      vertex 17.4871 15.2 18.7
      vertex 17.0639 16.5075 18.7
    endloop
  endfacet
  facet normal 0 0 1
    outer loop
      vertex 16.5361 16.5075 18.7
      vertex 16.1129 15.2 18.7
      vertex 17.4871 15.2 18.7
    endloop
  endfacet
  facet normal -0 0 1
    outer loop
      vertex 16.1123 16.1996 18.7
      vertex 16.1129 15.2 18.7
      vertex 16.5361 16.5075 18.7
    endloop
  endfacet
  facet normal -0 0 1
    outer loop
      vertex 15.95 15.7 18.7
      vertex 16.1129 15.2 18.7
      vertex 16.1123 16.1996 18.7
    endloop
  endfacet
  facet normal 0 0 1
    outer loop
      vertex 16.1129 15.2 18.7
      vertex 15.95 15.7 18.7
      vertex 16.1123 15.2004 18.7
    endloop
  endfacet
  facet normal -0.587774 0.809025 0
    outer loop
      vertex 16.5361 16.5075 0
      vertex 16.1123 16.1996 18.7
      vertex 16.5361 16.5075 18.7
    endloop
  endfacet
  facet normal -0.587774 0.809025 0
    outer loop
      vertex 16.1123 16.1996 18.7
      vertex 16.5361 16.5075 0
      vertex 16.1123 16.1996 0
    endloop
  endfacet
  facet normal 0 0 0
    outer loop
      vertex 15.95 15.7 0
      vertex 15.95 15.7 18.6
      vertex 15.95 15.7 18.7
    endloop
  endfacet
  facet normal -0.951073 -0.308966 0
    outer loop
      vertex 16.1123 15.2004 18.6
      vertex 15.95 15.7 18.7
      vertex 15.95 15.7 18.6
    endloop
  endfacet
  facet normal -0.951073 -0.308966 0
    outer loop
      vertex 15.95 15.7 18.7
      vertex 16.1123 15.2004 18.6
      vertex 16.1123 15.2004 18.7
    endloop
  endfacet
  facet normal 0.5547 -0.83205 0
    outer loop
      vertex 17.4871 15.2 18.6
      vertex 17.4877 15.2004 18.7
      vertex 17.4871 15.2 18.7
    endloop
  endfacet
  facet normal 0.5547 -0.83205 0
    outer loop
      vertex 17.4877 15.2004 18.7
      vertex 17.4871 15.2 18.6
      vertex 17.4877 15.2004 18.6
    endloop
  endfacet
  facet normal 0 0 0
    outer loop
      vertex 17.65 15.7 18.7
      vertex 17.65 15.7 18.6
      vertex 17.65 15.7 0
    endloop
  endfacet
  facet normal 0.951073 -0.308966 0
    outer loop
      vertex 17.4877 15.2004 18.7
      vertex 17.65 15.7 18.6
      vertex 17.65 15.7 18.7
    endloop
  endfacet
  facet normal 0.951073 -0.308966 0
    outer loop
      vertex 17.65 15.7 18.6
      vertex 17.4877 15.2004 18.7
      vertex 17.4877 15.2004 18.6
    endloop
  endfacet
  facet normal -0.5547 -0.83205 0
    outer loop
      vertex 16.1123 15.2004 18.6
      vertex 16.1129 15.2 18.7
      vertex 16.1123 15.2004 18.7
    endloop
  endfacet
  facet normal -0.5547 -0.83205 -0
    outer loop
      vertex 16.1129 15.2 18.7
      vertex 16.1123 15.2004 18.6
      vertex 16.1129 15.2 18.6
    endloop
  endfacet
  facet normal 0.951073 0.308966 0
    outer loop
      vertex 19.75 15.7 18.7
      vertex 19.5877 16.1996 0
      vertex 19.5877 16.1996 18.7
    endloop
  endfacet
  facet normal 0.951073 0.308966 0
    outer loop
      vertex 19.5877 16.1996 0
      vertex 19.75 15.7 18.7
      vertex 19.75 15.7 0
    endloop
  endfacet
  facet normal -0.587774 0.809025 0
    outer loop
      vertex 18.6361 16.5075 0
      vertex 18.2123 16.1996 18.7
      vertex 18.6361 16.5075 18.7
    endloop
  endfacet
  facet normal -0.587774 0.809025 0
    outer loop
      vertex 18.2123 16.1996 18.7
      vertex 18.6361 16.5075 0
      vertex 18.2123 16.1996 0
    endloop
  endfacet
  facet normal 0.587774 0.809025 -0
    outer loop
      vertex 19.5877 16.1996 0
      vertex 19.1639 16.5075 18.7
      vertex 19.5877 16.1996 18.7
    endloop
  endfacet
  facet normal 0.587774 0.809025 0
    outer loop
      vertex 19.1639 16.5075 18.7
      vertex 19.5877 16.1996 0
      vertex 19.1639 16.5075 0
    endloop
  endfacet
  facet normal 0 0 1
    outer loop
      vertex 19.5871 15.2 18.7
      vertex 19.75 15.7 18.7
      vertex 19.5877 16.1996 18.7
    endloop
  endfacet
  facet normal 0 0 1
    outer loop
      vertex 19.75 15.7 18.7
      vertex 19.5871 15.2 18.7
      vertex 19.5877 15.2004 18.7
    endloop
  endfacet
  facet normal 0 0 1
    outer loop
      vertex 19.1639 16.5075 18.7
      vertex 19.5871 15.2 18.7
      vertex 19.5877 16.1996 18.7
    endloop
  endfacet
  facet normal -0 0 1
    outer loop
      vertex 18.6361 16.5075 18.7
      vertex 19.5871 15.2 18.7
      vertex 19.1639 16.5075 18.7
    endloop
  endfacet
  facet normal 0 0 1
    outer loop
      vertex 18.6361 16.5075 18.7
      vertex 18.2129 15.2 18.7
      vertex 19.5871 15.2 18.7
    endloop
  endfacet
  facet normal -0 0 1
    outer loop
      vertex 18.2123 16.1996 18.7
      vertex 18.2129 15.2 18.7
      vertex 18.6361 16.5075 18.7
    endloop
  endfacet
  facet normal -0 0 1
    outer loop
      vertex 18.05 15.7 18.7
      vertex 18.2129 15.2 18.7
      vertex 18.2123 16.1996 18.7
    endloop
  endfacet
  facet normal 0 0 1
    outer loop
      vertex 18.2129 15.2 18.7
      vertex 18.05 15.7 18.7
      vertex 18.2123 15.2004 18.7
    endloop
  endfacet
  facet normal -0.951073 0.308966 0
    outer loop
      vertex 18.05 15.7 0
      vertex 18.2123 16.1996 18.7
      vertex 18.2123 16.1996 0
    endloop
  endfacet
  facet normal -0.951073 0.308966 0
    outer loop
      vertex 18.2123 16.1996 18.7
      vertex 18.05 15.7 0
      vertex 18.05 15.7 18.7
    endloop
  endfacet
  facet normal 0 0 0
    outer loop
      vertex 19.75 15.7 18.7
      vertex 19.75 15.7 18.6
      vertex 19.75 15.7 0
    endloop
  endfacet
  facet normal 0.951073 -0.308966 0
    outer loop
      vertex 19.5877 15.2004 18.7
      vertex 19.75 15.7 18.6
      vertex 19.75 15.7 18.7
    endloop
  endfacet
  facet normal 0.951073 -0.308966 0
    outer loop
      vertex 19.75 15.7 18.6
      vertex 19.5877 15.2004 18.7
      vertex 19.5877 15.2004 18.6
    endloop
  endfacet
  facet normal 0.5547 -0.83205 0
    outer loop
      vertex 19.5871 15.2 18.6
      vertex 19.5877 15.2004 18.7
      vertex 19.5871 15.2 18.7
    endloop
  endfacet
  facet normal 0.5547 -0.83205 0
    outer loop
      vertex 19.5877 15.2004 18.7
      vertex 19.5871 15.2 18.6
      vertex 19.5877 15.2004 18.6
    endloop
  endfacet
  facet normal -0.5547 -0.83205 0
    outer loop
      vertex 18.2123 15.2004 18.6
      vertex 18.2129 15.2 18.7
      vertex 18.2123 15.2004 18.7
    endloop
  endfacet
  facet normal -0.5547 -0.83205 -0
    outer loop
      vertex 18.2129 15.2 18.7
      vertex 18.2123 15.2004 18.6
      vertex 18.2129 15.2 18.6
    endloop
  endfacet
  facet normal 0 0 0
    outer loop
      vertex 18.05 15.7 0
      vertex 18.05 15.7 18.6
      vertex 18.05 15.7 18.7
    endloop
  endfacet
  facet normal -0.951073 -0.308966 0
    outer loop
      vertex 18.2123 15.2004 18.6
      vertex 18.05 15.7 18.7
      vertex 18.05 15.7 18.6
    endloop
  endfacet
  facet normal -0.951073 -0.308966 0
    outer loop
      vertex 18.05 15.7 18.7
      vertex 18.2123 15.2004 18.6
      vertex 18.2123 15.2004 18.7
    endloop
  endfacet
  facet normal 0.951073 0.308966 0
    outer loop
      vertex 21.85 15.7 18.7
      vertex 21.6877 16.1996 0
      vertex 21.6877 16.1996 18.7
    endloop
  endfacet
  facet normal 0.951073 0.308966 0
    outer loop
      vertex 21.6877 16.1996 0
      vertex 21.85 15.7 18.7
      vertex 21.85 15.7 0
    endloop
  endfacet
  facet normal -0.951073 0.308966 0
    outer loop
      vertex 20.15 15.7 0
      vertex 20.3123 16.1996 18.7
      vertex 20.3123 16.1996 0
    endloop
  endfacet
  facet normal -0.951073 0.308966 0
    outer loop
      vertex 20.3123 16.1996 18.7
      vertex 20.15 15.7 0
      vertex 20.15 15.7 18.7
    endloop
  endfacet
  facet normal 0.587774 0.809025 -0
    outer loop
      vertex 21.6877 16.1996 0
      vertex 21.2639 16.5075 18.7
      vertex 21.6877 16.1996 18.7
    endloop
  endfacet
  facet normal 0.587774 0.809025 0
    outer loop
      vertex 21.2639 16.5075 18.7
      vertex 21.6877 16.1996 0
      vertex 21.2639 16.5075 0
    endloop
  endfacet
  facet normal 0 0 1
    outer loop
      vertex 21.6871 15.2 18.7
      vertex 21.85 15.7 18.7
      vertex 21.6877 16.1996 18.7
    endloop
  endfacet
  facet normal 0 0 1
    outer loop
      vertex 21.85 15.7 18.7
      vertex 21.6871 15.2 18.7
      vertex 21.6877 15.2004 18.7
    endloop
  endfacet
  facet normal 0 0 1
    outer loop
      vertex 21.2639 16.5075 18.7
      vertex 21.6871 15.2 18.7
      vertex 21.6877 16.1996 18.7
    endloop
  endfacet
  facet normal -0 0 1
    outer loop
      vertex 20.7361 16.5075 18.7
      vertex 21.6871 15.2 18.7
      vertex 21.2639 16.5075 18.7
    endloop
  endfacet
  facet normal 0 0 1
    outer loop
      vertex 20.7361 16.5075 18.7
      vertex 20.3129 15.2 18.7
      vertex 21.6871 15.2 18.7
    endloop
  endfacet
  facet normal -0 0 1
    outer loop
      vertex 20.3123 16.1996 18.7
      vertex 20.3129 15.2 18.7
      vertex 20.7361 16.5075 18.7
    endloop
  endfacet
  facet normal -0 0 1
    outer loop
      vertex 20.15 15.7 18.7
      vertex 20.3129 15.2 18.7
      vertex 20.3123 16.1996 18.7
    endloop
  endfacet
  facet normal 0 0 1
    outer loop
      vertex 20.3129 15.2 18.7
      vertex 20.15 15.7 18.7
      vertex 20.3123 15.2004 18.7
    endloop
  endfacet
  facet normal -0.587774 0.809025 0
    outer loop
      vertex 20.7361 16.5075 0
      vertex 20.3123 16.1996 18.7
      vertex 20.7361 16.5075 18.7
    endloop
  endfacet
  facet normal -0.587774 0.809025 0
    outer loop
      vertex 20.3123 16.1996 18.7
      vertex 20.7361 16.5075 0
      vertex 20.3123 16.1996 0
    endloop
  endfacet
  facet normal 0 0 0
    outer loop
      vertex 20.15 15.7 0
      vertex 20.15 15.7 18.6
      vertex 20.15 15.7 18.7
    endloop
  endfacet
  facet normal -0.951073 -0.308966 0
    outer loop
      vertex 20.3123 15.2004 18.6
      vertex 20.15 15.7 18.7
      vertex 20.15 15.7 18.6
    endloop
  endfacet
  facet normal -0.951073 -0.308966 0
    outer loop
      vertex 20.15 15.7 18.7
      vertex 20.3123 15.2004 18.6
      vertex 20.3123 15.2004 18.7
    endloop
  endfacet
  facet normal 0.5547 -0.83205 0
    outer loop
      vertex 21.6871 15.2 18.6
      vertex 21.6877 15.2004 18.7
      vertex 21.6871 15.2 18.7
    endloop
  endfacet
  facet normal 0.5547 -0.83205 0
    outer loop
      vertex 21.6877 15.2004 18.7
      vertex 21.6871 15.2 18.6
      vertex 21.6877 15.2004 18.6
    endloop
  endfacet
  facet normal 0 0 0
    outer loop
      vertex 21.85 15.7 18.7
      vertex 21.85 15.7 18.6
      vertex 21.85 15.7 0
    endloop
  endfacet
  facet normal 0.951073 -0.308966 0
    outer loop
      vertex 21.6877 15.2004 18.7
      vertex 21.85 15.7 18.6
      vertex 21.85 15.7 18.7
    endloop
  endfacet
  facet normal 0.951073 -0.308966 0
    outer loop
      vertex 21.85 15.7 18.6
      vertex 21.6877 15.2004 18.7
      vertex 21.6877 15.2004 18.6
    endloop
  endfacet
  facet normal -0.5547 -0.83205 0
    outer loop
      vertex 20.3123 15.2004 18.6
      vertex 20.3129 15.2 18.7
      vertex 20.3123 15.2004 18.7
    endloop
  endfacet
  facet normal -0.5547 -0.83205 -0
    outer loop
      vertex 20.3129 15.2 18.7
      vertex 20.3123 15.2004 18.6
      vertex 20.3129 15.2 18.6
    endloop
  endfacet
  facet normal 0.951073 0.308966 0
    outer loop
      vertex 23.95 15.7 18.7
      vertex 23.7877 16.1996 0
      vertex 23.7877 16.1996 18.7
    endloop
  endfacet
  facet normal 0.951073 0.308966 0
    outer loop
      vertex 23.7877 16.1996 0
      vertex 23.95 15.7 18.7
      vertex 23.95 15.7 0
    endloop
  endfacet
  facet normal -0.951073 0.308966 0
    outer loop
      vertex 22.25 15.7 0
      vertex 22.4123 16.1996 18.7
      vertex 22.4123 16.1996 0
    endloop
  endfacet
  facet normal -0.951073 0.308966 0
    outer loop
      vertex 22.4123 16.1996 18.7
      vertex 22.25 15.7 0
      vertex 22.25 15.7 18.7
    endloop
  endfacet
  facet normal 0.587774 0.809025 -0
    outer loop
      vertex 23.7877 16.1996 0
      vertex 23.3639 16.5075 18.7
      vertex 23.7877 16.1996 18.7
    endloop
  endfacet
  facet normal 0.587774 0.809025 0
    outer loop
      vertex 23.3639 16.5075 18.7
      vertex 23.7877 16.1996 0
      vertex 23.3639 16.5075 0
    endloop
  endfacet
  facet normal 0 0 1
    outer loop
      vertex 23.7871 15.2 18.7
      vertex 23.95 15.7 18.7
      vertex 23.7877 16.1996 18.7
    endloop
  endfacet
  facet normal 0 0 1
    outer loop
      vertex 23.95 15.7 18.7
      vertex 23.7871 15.2 18.7
      vertex 23.7877 15.2004 18.7
    endloop
  endfacet
  facet normal 0 0 1
    outer loop
      vertex 23.3639 16.5075 18.7
      vertex 23.7871 15.2 18.7
      vertex 23.7877 16.1996 18.7
    endloop
  endfacet
  facet normal -0 0 1
    outer loop
      vertex 22.8361 16.5075 18.7
      vertex 23.7871 15.2 18.7
      vertex 23.3639 16.5075 18.7
    endloop
  endfacet
  facet normal 0 0 1
    outer loop
      vertex 22.8361 16.5075 18.7
      vertex 22.4129 15.2 18.7
      vertex 23.7871 15.2 18.7
    endloop
  endfacet
  facet normal -0 0 1
    outer loop
      vertex 22.4123 16.1996 18.7
      vertex 22.4129 15.2 18.7
      vertex 22.8361 16.5075 18.7
    endloop
  endfacet
  facet normal -0 0 1
    outer loop
      vertex 22.25 15.7 18.7
      vertex 22.4129 15.2 18.7
      vertex 22.4123 16.1996 18.7
    endloop
  endfacet
  facet normal 0 0 1
    outer loop
      vertex 22.4129 15.2 18.7
      vertex 22.25 15.7 18.7
      vertex 22.4123 15.2004 18.7
    endloop
  endfacet
  facet normal -0.587774 0.809025 0
    outer loop
      vertex 22.8361 16.5075 0
      vertex 22.4123 16.1996 18.7
      vertex 22.8361 16.5075 18.7
    endloop
  endfacet
  facet normal -0.587774 0.809025 0
    outer loop
      vertex 22.4123 16.1996 18.7
      vertex 22.8361 16.5075 0
      vertex 22.4123 16.1996 0
    endloop
  endfacet
  facet normal 0 0 0
    outer loop
      vertex 23.95 15.7 18.7
      vertex 23.95 15.7 18.6
      vertex 23.95 15.7 0
    endloop
  endfacet
  facet normal 0.951073 -0.308966 0
    outer loop
      vertex 23.7877 15.2004 18.7
      vertex 23.95 15.7 18.6
      vertex 23.95 15.7 18.7
    endloop
  endfacet
  facet normal 0.951073 -0.308966 0
    outer loop
      vertex 23.95 15.7 18.6
      vertex 23.7877 15.2004 18.7
      vertex 23.7877 15.2004 18.6
    endloop
  endfacet
  facet normal 0.5547 -0.83205 0
    outer loop
      vertex 23.7871 15.2 18.6
      vertex 23.7877 15.2004 18.7
      vertex 23.7871 15.2 18.7
    endloop
  endfacet
  facet normal 0.5547 -0.83205 0
    outer loop
      vertex 23.7877 15.2004 18.7
      vertex 23.7871 15.2 18.6
      vertex 23.7877 15.2004 18.6
    endloop
  endfacet
  facet normal 0 0 0
    outer loop
      vertex 22.25 15.7 0
      vertex 22.25 15.7 18.6
      vertex 22.25 15.7 18.7
    endloop
  endfacet
  facet normal -0.951073 -0.308966 0
    outer loop
      vertex 22.4123 15.2004 18.6
      vertex 22.25 15.7 18.7
      vertex 22.25 15.7 18.6
    endloop
  endfacet
  facet normal -0.951073 -0.308966 0
    outer loop
      vertex 22.25 15.7 18.7
      vertex 22.4123 15.2004 18.6
      vertex 22.4123 15.2004 18.7
    endloop
  endfacet
  facet normal -0.5547 -0.83205 0
    outer loop
      vertex 22.4123 15.2004 18.6
      vertex 22.4129 15.2 18.7
      vertex 22.4123 15.2004 18.7
    endloop
  endfacet
  facet normal -0.5547 -0.83205 -0
    outer loop
      vertex 22.4129 15.2 18.7
      vertex 22.4123 15.2004 18.6
      vertex 22.4129 15.2 18.6
    endloop
  endfacet
  facet normal -0.951073 0.308966 0
    outer loop
      vertex 24.35 15.7 0
      vertex 24.5123 16.1996 18.7
      vertex 24.5123 16.1996 0
    endloop
  endfacet
  facet normal -0.951073 0.308966 0
    outer loop
      vertex 24.5123 16.1996 18.7
      vertex 24.35 15.7 0
      vertex 24.35 15.7 18.7
    endloop
  endfacet
  facet normal 0.587857 0.808965 -0
    outer loop
      vertex 25.525 16.4631 0
      vertex 25.4639 16.5075 18.7
      vertex 25.525 16.4631 18.7
    endloop
  endfacet
  facet normal 0.587857 0.808965 0
    outer loop
      vertex 25.4639 16.5075 18.7
      vertex 25.525 16.4631 0
      vertex 25.4639 16.5075 0
    endloop
  endfacet
  facet normal 0 0 1
    outer loop
      vertex 28.1578 13.1858 18.7
      vertex 29.4049 13.6427 18.7
      vertex 29.1934 14.4318 18.7
    endloop
  endfacet
  facet normal -0 0 1
    outer loop
      vertex 28.35 12.7 18.7
      vertex 29.6575 12.4692 18.7
      vertex 29.6575 12.7 18.7
    endloop
  endfacet
  facet normal 0 0 1
    outer loop
      vertex 29.3138 13.3623 18.7
      vertex 29.6575 12.7 18.7
      vertex 29.5202 13.2123 18.7
    endloop
  endfacet
  facet normal 0 0 1
    outer loop
      vertex 29.6575 12.7 18.7
      vertex 29.3138 13.3623 18.7
      vertex 28.35 12.7 18.7
    endloop
  endfacet
  facet normal 0 0 1
    outer loop
      vertex 29.6575 12.4692 18.7
      vertex 28.35 12.7 18.7
      vertex 29.5377 12.1004 18.7
    endloop
  endfacet
  facet normal 0 0 1
    outer loop
      vertex 29.4049 13.6427 18.7
      vertex 28.1578 13.1858 18.7
      vertex 29.3138 13.3623 18.7
    endloop
  endfacet
  facet normal -0 0 1
    outer loop
      vertex 28.7677 14.6564 18.7
      vertex 29.1934 14.4318 18.7
      vertex 28.8843 14.6564 18.7
    endloop
  endfacet
  facet normal 0 0 1
    outer loop
      vertex 29.1934 14.4318 18.7
      vertex 28.7677 14.6564 18.7
      vertex 28.1578 13.1858 18.7
    endloop
  endfacet
  facet normal 0 0 1
    outer loop
      vertex 29.5377 12.1004 18.7
      vertex 28.35 12.7 18.7
      vertex 29.1127 11.7916 18.7
    endloop
  endfacet
  facet normal 0 0 1
    outer loop
      vertex 28.7677 14.6564 18.7
      vertex 27.6178 14.4678 18.7
      vertex 27.8252 14.0129 18.7
    endloop
  endfacet
  facet normal 0 0 1
    outer loop
      vertex 27.6178 14.4678 18.7
      vertex 28.1214 15.6297 18.7
      vertex 27.7967 15.6297 18.7
    endloop
  endfacet
  facet normal 0 0 1
    outer loop
      vertex 27.589 16.0415 18.7
      vertex 27.7967 15.6297 18.7
      vertex 27.6857 15.9713 18.7
    endloop
  endfacet
  facet normal 0 0 1
    outer loop
      vertex 27.8252 14.0129 18.7
      vertex 27.6178 14.4678 18.7
      vertex 27.8062 14.0129 18.7
    endloop
  endfacet
  facet normal 0 0 1
    outer loop
      vertex 26.5543 16.1485 18.7
      vertex 27.7967 15.6297 18.7
      vertex 27.589 16.0415 18.7
    endloop
  endfacet
  facet normal 0 0 1
    outer loop
      vertex 27.7967 15.6297 18.7
      vertex 27.1727 14.6632 18.7
      vertex 27.6178 14.4678 18.7
    endloop
  endfacet
  facet normal 0 0 1
    outer loop
      vertex 27.6178 14.4678 18.7
      vertex 27.1727 14.6632 18.7
      vertex 27.1769 14.6504 18.7
    endloop
  endfacet
  facet normal 0 0 1
    outer loop
      vertex 27.7967 15.6297 18.7
      vertex 27.1458 14.6632 18.7
      vertex 27.1727 14.6632 18.7
    endloop
  endfacet
  facet normal -0 0 1
    outer loop
      vertex 26.5543 16.1485 18.7
      vertex 27.589 16.0415 18.7
      vertex 26.7255 16.2729 18.7
    endloop
  endfacet
  facet normal 0 0 1
    outer loop
      vertex 27.7967 15.6297 18.7
      vertex 26.5543 16.1485 18.7
      vertex 27.1458 14.6632 18.7
    endloop
  endfacet
  facet normal -0 0 1
    outer loop
      vertex 26.2938 15.0232 18.7
      vertex 27.1458 14.6632 18.7
      vertex 26.5543 16.1485 18.7
    endloop
  endfacet
  facet normal 0 0 1
    outer loop
      vertex 26.2681 16.3955 18.7
      vertex 26.5543 16.1485 18.7
      vertex 26.5377 16.1996 18.7
    endloop
  endfacet
  facet normal 0 0 1
    outer loop
      vertex 27.1458 14.6632 18.7
      vertex 26.2938 15.0232 18.7
      vertex 26.2964 15.0151 18.7
    endloop
  endfacet
  facet normal 0 0 1
    outer loop
      vertex 26.5543 16.1485 18.7
      vertex 25.85 15.2 18.7
      vertex 26.2938 15.0232 18.7
    endloop
  endfacet
  facet normal 0 0 1
    outer loop
      vertex 26.5543 16.1485 18.7
      vertex 26.2681 16.3955 18.7
      vertex 25.85 15.2 18.7
    endloop
  endfacet
  facet normal 0 0 1
    outer loop
      vertex 25.85 15.2 18.7
      vertex 26.2681 16.3955 18.7
      vertex 25.85 16.5075 18.7
    endloop
  endfacet
  facet normal 0 0 1
    outer loop
      vertex 26.2938 15.0232 18.7
      vertex 25.85 15.2 18.7
      vertex 26.2876 15.0187 18.7
    endloop
  endfacet
  facet normal 0 0 1
    outer loop
      vertex 25.525 16.4631 18.7
      vertex 25.85 16.5075 18.7
      vertex 25.5861 16.5075 18.7
    endloop
  endfacet
  facet normal 0 0 1
    outer loop
      vertex 25.85 16.5075 18.7
      vertex 25.525 16.4631 18.7
      vertex 25.85 15.2 18.7
    endloop
  endfacet
  facet normal -0 0 1
    outer loop
      vertex 24.9361 16.5075 18.7
      vertex 25.525 16.4631 18.7
      vertex 25.4639 16.5075 18.7
    endloop
  endfacet
  facet normal 0 0 1
    outer loop
      vertex 24.5123 16.1996 18.7
      vertex 25.525 16.4631 18.7
      vertex 24.9361 16.5075 18.7
    endloop
  endfacet
  facet normal 0 0 1
    outer loop
      vertex 25.525 16.4631 18.7
      vertex 24.5123 16.1996 18.7
      vertex 25.85 15.2 18.7
    endloop
  endfacet
  facet normal -0 0 1
    outer loop
      vertex 24.35 15.7 18.7
      vertex 25.85 15.2 18.7
      vertex 24.5123 16.1996 18.7
    endloop
  endfacet
  facet normal 0 0 1
    outer loop
      vertex 25.85 15.2 18.7
      vertex 24.35 15.7 18.7
      vertex 24.5129 15.2 18.7
    endloop
  endfacet
  facet normal 0 0 1
    outer loop
      vertex 24.5129 15.2 18.7
      vertex 24.35 15.7 18.7
      vertex 24.5123 15.2004 18.7
    endloop
  endfacet
  facet normal 0 0 1
    outer loop
      vertex 28.7691 14.982 18.7
      vertex 28.7677 14.6564 18.7
      vertex 28.8213 14.8213 18.7
    endloop
  endfacet
  facet normal 0 0 1
    outer loop
      vertex 27.6178 14.4678 18.7
      vertex 28.7677 14.6564 18.7
      vertex 28.7691 14.982 18.7
    endloop
  endfacet
  facet normal 0 0 1
    outer loop
      vertex 29.1127 11.7916 18.7
      vertex 28.35 12.7 18.7
      vertex 28.5873 11.7916 18.7
    endloop
  endfacet
  facet normal 0 0 1
    outer loop
      vertex 29.3138 13.3623 18.7
      vertex 28.1578 13.1858 18.7
      vertex 28.35 12.7 18.7
    endloop
  endfacet
  facet normal 0 0 1
    outer loop
      vertex 28.7677 14.6564 18.7
      vertex 27.8252 14.0129 18.7
      vertex 28.1578 13.1858 18.7
    endloop
  endfacet
  facet normal 0 0 1
    outer loop
      vertex 27.6178 14.4678 18.7
      vertex 28.7691 14.982 18.7
      vertex 28.1214 15.6297 18.7
    endloop
  endfacet
  facet normal 0 0 1
    outer loop
      vertex 28.1578 13.1858 18.7
      vertex 27.8252 14.0129 18.7
      vertex 28.1449 13.1952 18.7
    endloop
  endfacet
  facet normal 0 0 1
    outer loop
      vertex 28.1449 13.1952 18.7
      vertex 27.8252 14.0129 18.7
      vertex 27.8168 13.9871 18.7
    endloop
  endfacet
  facet normal 0 0 1
    outer loop
      vertex 28.5873 11.7916 18.7
      vertex 28.35 12.7 18.7
      vertex 28.35 11.964 18.7
    endloop
  endfacet
  facet normal 0 0 1
    outer loop
      vertex 28.35 12.7 18.7
      vertex 28.1578 13.1858 18.7
      vertex 28.1539 13.1735 18.7
    endloop
  endfacet
  facet normal -0.587774 0.809025 0
    outer loop
      vertex 24.9361 16.5075 0
      vertex 24.5123 16.1996 18.7
      vertex 24.9361 16.5075 18.7
    endloop
  endfacet
  facet normal -0.587774 0.809025 0
    outer loop
      vertex 24.5123 16.1996 18.7
      vertex 24.9361 16.5075 0
      vertex 24.5123 16.1996 0
    endloop
  endfacet
  facet normal 0 0 0
    outer loop
      vertex 24.35 15.7 0
      vertex 24.35 15.7 18.6
      vertex 24.35 15.7 18.7
    endloop
  endfacet
  facet normal -0.951073 -0.308966 0
    outer loop
      vertex 24.5123 15.2004 18.6
      vertex 24.35 15.7 18.7
      vertex 24.35 15.7 18.6
    endloop
  endfacet
  facet normal -0.951073 -0.308966 0
    outer loop
      vertex 24.35 15.7 18.7
      vertex 24.5123 15.2004 18.6
      vertex 24.5123 15.2004 18.7
    endloop
  endfacet
  facet normal -0.5547 -0.83205 0
    outer loop
      vertex 24.5123 15.2004 18.6
      vertex 24.5129 15.2 18.7
      vertex 24.5123 15.2004 18.7
    endloop
  endfacet
  facet normal -0.5547 -0.83205 -0
    outer loop
      vertex 24.5129 15.2 18.7
      vertex 24.5123 15.2004 18.6
      vertex 24.5129 15.2 18.6
    endloop
  endfacet
  facet normal -0.95108 0.308946 0
    outer loop
      vertex -29.6575 -12.4692 0
      vertex -29.5377 -12.1004 18.7
      vertex -29.5377 -12.1004 0
    endloop
  endfacet
  facet normal -0.95108 0.308946 0
    outer loop
      vertex -29.5377 -12.1004 18.7
      vertex -29.6575 -12.4692 0
      vertex -29.6575 -12.4692 18.7
    endloop
  endfacet
  facet normal 0 1 0
    outer loop
      vertex -28.85 -11.7916 18.6
      vertex -28.5873 -11.7916 18.7
      vertex -28.5873 -11.7916 18.6
    endloop
  endfacet
  facet normal 0 1 0
    outer loop
      vertex -28.5873 -11.7916 18.7
      vertex -28.85 -11.7916 18.6
      vertex -29.1127 -11.7916 18.7
    endloop
  endfacet
  facet normal 0 1 0
    outer loop
      vertex -29.1127 -11.7916 0
      vertex -28.85 -11.7916 18.6
      vertex -28.85 -11.7916 0
    endloop
  endfacet
  facet normal 0 1 0
    outer loop
      vertex -28.85 -11.7916 18.6
      vertex -29.1127 -11.7916 0
      vertex -29.1127 -11.7916 18.7
    endloop
  endfacet
  facet normal 0.587766 0.809031 -0
    outer loop
      vertex -28.35 -11.964 18.6
      vertex -28.5873 -11.7916 18.7
      vertex -28.35 -11.964 18.7
    endloop
  endfacet
  facet normal 0.587766 0.809031 0
    outer loop
      vertex -28.5873 -11.7916 18.7
      vertex -28.35 -11.964 18.6
      vertex -28.5873 -11.7916 18.6
    endloop
  endfacet
  facet normal -0.587809 0.808999 0
    outer loop
      vertex -29.1127 -11.7916 0
      vertex -29.5377 -12.1004 18.7
      vertex -29.1127 -11.7916 18.7
    endloop
  endfacet
  facet normal -0.587809 0.808999 0
    outer loop
      vertex -29.5377 -12.1004 18.7
      vertex -29.1127 -11.7916 0
      vertex -29.5377 -12.1004 0
    endloop
  endfacet
  facet normal -0.95108 0.308946 0
    outer loop
      vertex -29.6575 -10.3692 0
      vertex -29.5377 -10.0004 18.7
      vertex -29.5377 -10.0004 0
    endloop
  endfacet
  facet normal -0.95108 0.308946 0
    outer loop
      vertex -29.5377 -10.0004 18.7
      vertex -29.6575 -10.3692 0
      vertex -29.6575 -10.3692 18.7
    endloop
  endfacet
  facet normal 0 1 0
    outer loop
      vertex -28.85 -9.6916 18.6
      vertex -28.5873 -9.6916 18.7
      vertex -28.5873 -9.6916 18.6
    endloop
  endfacet
  facet normal 0 1 0
    outer loop
      vertex -28.5873 -9.6916 18.7
      vertex -28.85 -9.6916 18.6
      vertex -29.1127 -9.6916 18.7
    endloop
  endfacet
  facet normal 0 1 0
    outer loop
      vertex -29.1127 -9.6916 0
      vertex -28.85 -9.6916 18.6
      vertex -28.85 -9.6916 0
    endloop
  endfacet
  facet normal 0 1 0
    outer loop
      vertex -28.85 -9.6916 18.6
      vertex -29.1127 -9.6916 0
      vertex -29.1127 -9.6916 18.7
    endloop
  endfacet
  facet normal 0.587855 0.808966 -0
    outer loop
      vertex -28.35 -9.86404 18.6
      vertex -28.5873 -9.6916 18.7
      vertex -28.35 -9.86404 18.7
    endloop
  endfacet
  facet normal 0.587855 0.808966 0
    outer loop
      vertex -28.5873 -9.6916 18.7
      vertex -28.35 -9.86404 18.6
      vertex -28.5873 -9.6916 18.6
    endloop
  endfacet
  facet normal -0 0 1
    outer loop
      vertex -29.1127 -9.6916 18.7
      vertex -28.35 -9.86404 18.7
      vertex -28.5873 -9.6916 18.7
    endloop
  endfacet
  facet normal 0 0 1
    outer loop
      vertex -28.35 -9.86404 18.7
      vertex -29.6575 -10.3692 18.7
      vertex -28.35 -11.136 18.7
    endloop
  endfacet
  facet normal 0 0 1
    outer loop
      vertex -28.35 -9.86404 18.7
      vertex -29.1127 -9.6916 18.7
      vertex -29.6575 -10.3692 18.7
    endloop
  endfacet
  facet normal -0 0 1
    outer loop
      vertex -29.6575 -10.6308 18.7
      vertex -28.35 -11.136 18.7
      vertex -29.6575 -10.3692 18.7
    endloop
  endfacet
  facet normal 0 0 1
    outer loop
      vertex -29.6575 -10.3692 18.7
      vertex -29.1127 -9.6916 18.7
      vertex -29.5377 -10.0004 18.7
    endloop
  endfacet
  facet normal 0 -0 1
    outer loop
      vertex -29.1127 -11.3084 18.7
      vertex -28.35 -11.136 18.7
      vertex -29.6575 -10.6308 18.7
    endloop
  endfacet
  facet normal 0 0 1
    outer loop
      vertex -28.35 -11.136 18.7
      vertex -29.1127 -11.3084 18.7
      vertex -28.5873 -11.3084 18.7
    endloop
  endfacet
  facet normal 0 0 1
    outer loop
      vertex -29.1127 -11.3084 18.7
      vertex -29.6575 -10.6308 18.7
      vertex -29.5377 -10.9996 18.7
    endloop
  endfacet
  facet normal -0.587809 0.808999 0
    outer loop
      vertex -29.1127 -9.6916 0
      vertex -29.5377 -10.0004 18.7
      vertex -29.1127 -9.6916 18.7
    endloop
  endfacet
  facet normal -0.587809 0.808999 0
    outer loop
      vertex -29.5377 -10.0004 18.7
      vertex -29.1127 -9.6916 0
      vertex -29.5377 -10.0004 0
    endloop
  endfacet
  facet normal -0.95108 -0.308946 0
    outer loop
      vertex -29.5377 -10.9996 0
      vertex -29.6575 -10.6308 18.7
      vertex -29.6575 -10.6308 0
    endloop
  endfacet
  facet normal -0.95108 -0.308946 0
    outer loop
      vertex -29.6575 -10.6308 18.7
      vertex -29.5377 -10.9996 0
      vertex -29.5377 -10.9996 18.7
    endloop
  endfacet
  facet normal 0 -1 0
    outer loop
      vertex -29.1127 -11.3084 18.7
      vertex -28.85 -11.3084 18.6
      vertex -28.5873 -11.3084 18.7
    endloop
  endfacet
  facet normal 0 -1 0
    outer loop
      vertex -29.1127 -11.3084 0
      vertex -28.85 -11.3084 18.6
      vertex -29.1127 -11.3084 18.7
    endloop
  endfacet
  facet normal 0 -1 -0
    outer loop
      vertex -28.85 -11.3084 18.6
      vertex -29.1127 -11.3084 0
      vertex -28.85 -11.3084 0
    endloop
  endfacet
  facet normal 0 -1 -0
    outer loop
      vertex -28.5873 -11.3084 18.7
      vertex -28.85 -11.3084 18.6
      vertex -28.5873 -11.3084 18.6
    endloop
  endfacet
  facet normal 0.587766 -0.809031 0
    outer loop
      vertex -28.5873 -11.3084 18.6
      vertex -28.35 -11.136 18.7
      vertex -28.5873 -11.3084 18.7
    endloop
  endfacet
  facet normal 0.587766 -0.809031 0
    outer loop
      vertex -28.35 -11.136 18.7
      vertex -28.5873 -11.3084 18.6
      vertex -28.35 -11.136 18.6
    endloop
  endfacet
  facet normal -0.587809 -0.808999 0
    outer loop
      vertex -29.5377 -10.9996 0
      vertex -29.1127 -11.3084 18.7
      vertex -29.5377 -10.9996 18.7
    endloop
  endfacet
  facet normal -0.587809 -0.808999 -0
    outer loop
      vertex -29.1127 -11.3084 18.7
      vertex -29.5377 -10.9996 0
      vertex -29.1127 -11.3084 0
    endloop
  endfacet
  facet normal -0.951075 0.308961 0
    outer loop
      vertex -29.6575 -8.26916 0
      vertex -29.5377 -7.90038 18.7
      vertex -29.5377 -7.90038 0
    endloop
  endfacet
  facet normal -0.951075 0.308961 0
    outer loop
      vertex -29.5377 -7.90038 18.7
      vertex -29.6575 -8.26916 0
      vertex -29.6575 -8.26916 18.7
    endloop
  endfacet
  facet normal 0 1 0
    outer loop
      vertex -28.85 -7.5916 18.6
      vertex -28.5873 -7.5916 18.7
      vertex -28.5873 -7.5916 18.6
    endloop
  endfacet
  facet normal 0 1 0
    outer loop
      vertex -28.5873 -7.5916 18.7
      vertex -28.85 -7.5916 18.6
      vertex -29.1127 -7.5916 18.7
    endloop
  endfacet
  facet normal 0 1 0
    outer loop
      vertex -29.1127 -7.5916 0
      vertex -28.85 -7.5916 18.6
      vertex -28.85 -7.5916 0
    endloop
  endfacet
  facet normal 0 1 0
    outer loop
      vertex -28.85 -7.5916 18.6
      vertex -29.1127 -7.5916 0
      vertex -29.1127 -7.5916 18.7
    endloop
  endfacet
  facet normal 0.587855 0.808966 -0
    outer loop
      vertex -28.35 -7.76404 18.6
      vertex -28.5873 -7.5916 18.7
      vertex -28.35 -7.76404 18.7
    endloop
  endfacet
  facet normal 0.587855 0.808966 0
    outer loop
      vertex -28.5873 -7.5916 18.7
      vertex -28.35 -7.76404 18.6
      vertex -28.5873 -7.5916 18.6
    endloop
  endfacet
  facet normal -0 0 1
    outer loop
      vertex -29.1127 -7.5916 18.7
      vertex -28.35 -7.76404 18.7
      vertex -28.5873 -7.5916 18.7
    endloop
  endfacet
  facet normal 0 0 1
    outer loop
      vertex -28.35 -7.76404 18.7
      vertex -29.6575 -8.26916 18.7
      vertex -28.35 -9.03596 18.7
    endloop
  endfacet
  facet normal 0 0 1
    outer loop
      vertex -28.35 -7.76404 18.7
      vertex -29.1127 -7.5916 18.7
      vertex -29.6575 -8.26916 18.7
    endloop
  endfacet
  facet normal -0 0 1
    outer loop
      vertex -29.6575 -8.53084 18.7
      vertex -28.35 -9.03596 18.7
      vertex -29.6575 -8.26916 18.7
    endloop
  endfacet
  facet normal 0 0 1
    outer loop
      vertex -29.6575 -8.26916 18.7
      vertex -29.1127 -7.5916 18.7
      vertex -29.5377 -7.90038 18.7
    endloop
  endfacet
  facet normal 0 -0 1
    outer loop
      vertex -29.1127 -9.2084 18.7
      vertex -28.35 -9.03596 18.7
      vertex -29.6575 -8.53084 18.7
    endloop
  endfacet
  facet normal 0 0 1
    outer loop
      vertex -28.35 -9.03596 18.7
      vertex -29.1127 -9.2084 18.7
      vertex -28.5873 -9.2084 18.7
    endloop
  endfacet
  facet normal 0 0 1
    outer loop
      vertex -29.1127 -9.2084 18.7
      vertex -29.6575 -8.53084 18.7
      vertex -29.5377 -8.89962 18.7
    endloop
  endfacet
  facet normal -0.587785 0.809018 0
    outer loop
      vertex -29.1127 -7.5916 0
      vertex -29.5377 -7.90038 18.7
      vertex -29.1127 -7.5916 18.7
    endloop
  endfacet
  facet normal -0.587785 0.809018 0
    outer loop
      vertex -29.5377 -7.90038 18.7
      vertex -29.1127 -7.5916 0
      vertex -29.5377 -7.90038 0
    endloop
  endfacet
  facet normal -0.951075 -0.308961 0
    outer loop
      vertex -29.5377 -8.89962 0
      vertex -29.6575 -8.53084 18.7
      vertex -29.6575 -8.53084 0
    endloop
  endfacet
  facet normal -0.951075 -0.308961 0
    outer loop
      vertex -29.6575 -8.53084 18.7
      vertex -29.5377 -8.89962 0
      vertex -29.5377 -8.89962 18.7
    endloop
  endfacet
  facet normal 0 -1 0
    outer loop
      vertex -29.1127 -9.2084 18.7
      vertex -28.85 -9.2084 18.6
      vertex -28.5873 -9.2084 18.7
    endloop
  endfacet
  facet normal 0 -1 0
    outer loop
      vertex -29.1127 -9.2084 0
      vertex -28.85 -9.2084 18.6
      vertex -29.1127 -9.2084 18.7
    endloop
  endfacet
  facet normal 0 -1 -0
    outer loop
      vertex -28.85 -9.2084 18.6
      vertex -29.1127 -9.2084 0
      vertex -28.85 -9.2084 0
    endloop
  endfacet
  facet normal 0 -1 -0
    outer loop
      vertex -28.5873 -9.2084 18.7
      vertex -28.85 -9.2084 18.6
      vertex -28.5873 -9.2084 18.6
    endloop
  endfacet
  facet normal 0.587855 -0.808966 0
    outer loop
      vertex -28.5873 -9.2084 18.6
      vertex -28.35 -9.03596 18.7
      vertex -28.5873 -9.2084 18.7
    endloop
  endfacet
  facet normal 0.587855 -0.808966 0
    outer loop
      vertex -28.35 -9.03596 18.7
      vertex -28.5873 -9.2084 18.6
      vertex -28.35 -9.03596 18.6
    endloop
  endfacet
  facet normal -0.587785 -0.809018 0
    outer loop
      vertex -29.5377 -8.89962 0
      vertex -29.1127 -9.2084 18.7
      vertex -29.5377 -8.89962 18.7
    endloop
  endfacet
  facet normal -0.587785 -0.809018 -0
    outer loop
      vertex -29.1127 -9.2084 18.7
      vertex -29.5377 -8.89962 0
      vertex -29.1127 -9.2084 0
    endloop
  endfacet
  facet normal -0.951139 0.308763 -7.13196e-06
    outer loop
      vertex -29.6575 -6.16916 18.7
      vertex -29.5377 -5.80038 7.37606
      vertex -29.5691 -5.89711 7.25
    endloop
  endfacet
  facet normal -0.951051 0.309035 0
    outer loop
      vertex -29.6575 -6.16916 18.7
      vertex -29.5691 -5.89711 7.25
      vertex -29.6575 -6.16916 6.59323
    endloop
  endfacet
  facet normal -0.951075 0.308961 0
    outer loop
      vertex -29.5377 -5.80038 7.37606
      vertex -29.6575 -6.16916 18.7
      vertex -29.5377 -5.80038 18.7
    endloop
  endfacet
  facet normal -0.951075 0.308961 0
    outer loop
      vertex -29.6575 -6.16916 0
      vertex -29.5377 -5.80038 2.62394
      vertex -29.5377 -5.80038 0
    endloop
  endfacet
  facet normal -0.951131 0.308787 2.7118e-05
    outer loop
      vertex -29.5377 -5.80038 2.62394
      vertex -29.6575 -6.16916 0
      vertex -29.5691 -5.89711 2.75
    endloop
  endfacet
  facet normal -0.951051 0.309035 0
    outer loop
      vertex -29.5691 -5.89711 2.75
      vertex -29.6575 -6.16916 0
      vertex -29.6575 -6.16916 3.40677
    endloop
  endfacet
  facet normal 0 1 0
    outer loop
      vertex -28.85 -5.4916 18.6
      vertex -28.5873 -5.4916 18.7
      vertex -28.5873 -5.4916 18.6
    endloop
  endfacet
  facet normal 0 1 0
    outer loop
      vertex -28.5873 -5.4916 18.7
      vertex -28.85 -5.4916 18.6
      vertex -29.1127 -5.4916 18.7
    endloop
  endfacet
  facet normal 0 1 0
    outer loop
      vertex -29.1127 -5.4916 7.77847
      vertex -28.85 -5.4916 18.6
      vertex -28.85 -5.4916 7.77847
    endloop
  endfacet
  facet normal 0 1 0
    outer loop
      vertex -28.85 -5.4916 18.6
      vertex -29.1127 -5.4916 7.77847
      vertex -29.1127 -5.4916 18.7
    endloop
  endfacet
  facet normal 0 1 -0
    outer loop
      vertex -28.85 -5.4916 0
      vertex -29.1127 -5.4916 2.22153
      vertex -28.85 -5.4916 2.22153
    endloop
  endfacet
  facet normal 0 1 0
    outer loop
      vertex -29.1127 -5.4916 2.22153
      vertex -28.85 -5.4916 0
      vertex -29.1127 -5.4916 0
    endloop
  endfacet
  facet normal 0.587855 0.808966 -0
    outer loop
      vertex -28.35 -5.66404 18.6
      vertex -28.5873 -5.4916 18.7
      vertex -28.35 -5.66404 18.7
    endloop
  endfacet
  facet normal 0.587855 0.808966 0
    outer loop
      vertex -28.5873 -5.4916 18.7
      vertex -28.35 -5.66404 18.6
      vertex -28.5873 -5.4916 18.6
    endloop
  endfacet
  facet normal -0 0 1
    outer loop
      vertex -29.1127 -5.4916 18.7
      vertex -28.35 -5.66404 18.7
      vertex -28.5873 -5.4916 18.7
    endloop
  endfacet
  facet normal 0 0 1
    outer loop
      vertex -28.35 -5.66404 18.7
      vertex -29.6575 -6.16916 18.7
      vertex -28.35 -6.93596 18.7
    endloop
  endfacet
  facet normal 0 0 1
    outer loop
      vertex -28.35 -5.66404 18.7
      vertex -29.1127 -5.4916 18.7
      vertex -29.6575 -6.16916 18.7
    endloop
  endfacet
  facet normal -0 0 1
    outer loop
      vertex -29.6575 -6.43084 18.7
      vertex -28.35 -6.93596 18.7
      vertex -29.6575 -6.16916 18.7
    endloop
  endfacet
  facet normal 0 0 1
    outer loop
      vertex -29.6575 -6.16916 18.7
      vertex -29.1127 -5.4916 18.7
      vertex -29.5377 -5.80038 18.7
    endloop
  endfacet
  facet normal 0 -0 1
    outer loop
      vertex -29.1127 -7.1084 18.7
      vertex -28.35 -6.93596 18.7
      vertex -29.6575 -6.43084 18.7
    endloop
  endfacet
  facet normal 0 0 1
    outer loop
      vertex -28.35 -6.93596 18.7
      vertex -29.1127 -7.1084 18.7
      vertex -28.5873 -7.1084 18.7
    endloop
  endfacet
  facet normal 0 0 1
    outer loop
      vertex -29.1127 -7.1084 18.7
      vertex -29.6575 -6.43084 18.7
      vertex -29.5377 -6.79962 18.7
    endloop
  endfacet
  facet normal -0.587785 0.809018 0
    outer loop
      vertex -29.1127 -5.4916 7.77847
      vertex -29.5377 -5.80038 18.7
      vertex -29.1127 -5.4916 18.7
    endloop
  endfacet
  facet normal -0.587785 0.809018 0
    outer loop
      vertex -29.5377 -5.80038 18.7
      vertex -29.1127 -5.4916 7.77847
      vertex -29.5377 -5.80038 7.37606
    endloop
  endfacet
  facet normal -0.587785 0.809018 0
    outer loop
      vertex -29.5377 -5.80038 0
      vertex -29.1127 -5.4916 2.22153
      vertex -29.1127 -5.4916 0
    endloop
  endfacet
  facet normal -0.587785 0.809018 0
    outer loop
      vertex -29.1127 -5.4916 2.22153
      vertex -29.5377 -5.80038 0
      vertex -29.5377 -5.80038 2.62394
    endloop
  endfacet
  facet normal -0.951075 -0.308961 0
    outer loop
      vertex -29.5377 -6.79962 0
      vertex -29.6575 -6.43084 4.47471
      vertex -29.6575 -6.43084 0
    endloop
  endfacet
  facet normal -0.950992 -0.309214 2.30232e-05
    outer loop
      vertex -29.6575 -6.43084 4.47471
      vertex -29.5377 -6.79962 0
      vertex -29.635 -6.5 5
    endloop
  endfacet
  facet normal -0.950964 -0.3093 -1.0485e-05
    outer loop
      vertex -29.5377 -6.79962 18.7
      vertex -29.6575 -6.43084 5.52529
      vertex -29.635 -6.5 5
    endloop
  endfacet
  facet normal -0.951105 -0.308866 -0
    outer loop
      vertex -29.5377 -6.79962 18.7
      vertex -29.635 -6.5 5
      vertex -29.5377 -6.79962 0
    endloop
  endfacet
  facet normal -0.951075 -0.308961 0
    outer loop
      vertex -29.6575 -6.43084 5.52529
      vertex -29.5377 -6.79962 18.7
      vertex -29.6575 -6.43084 18.7
    endloop
  endfacet
  facet normal 0 -1 0
    outer loop
      vertex -29.1127 -7.1084 18.7
      vertex -28.85 -7.1084 18.6
      vertex -28.5873 -7.1084 18.7
    endloop
  endfacet
  facet normal 0 -1 0
    outer loop
      vertex -29.1127 -7.1084 0
      vertex -28.85 -7.1084 18.6
      vertex -29.1127 -7.1084 18.7
    endloop
  endfacet
  facet normal 0 -1 -0
    outer loop
      vertex -28.85 -7.1084 18.6
      vertex -29.1127 -7.1084 0
      vertex -28.85 -7.1084 0
    endloop
  endfacet
  facet normal 0 -1 -0
    outer loop
      vertex -28.5873 -7.1084 18.7
      vertex -28.85 -7.1084 18.6
      vertex -28.5873 -7.1084 18.6
    endloop
  endfacet
  facet normal 0.587855 -0.808966 0
    outer loop
      vertex -28.5873 -7.1084 18.6
      vertex -28.35 -6.93596 18.7
      vertex -28.5873 -7.1084 18.7
    endloop
  endfacet
  facet normal 0.587855 -0.808966 0
    outer loop
      vertex -28.35 -6.93596 18.7
      vertex -28.5873 -7.1084 18.6
      vertex -28.35 -6.93596 18.6
    endloop
  endfacet
  facet normal -0.587785 -0.809018 0
    outer loop
      vertex -29.5377 -6.79962 0
      vertex -29.1127 -7.1084 18.7
      vertex -29.5377 -6.79962 18.7
    endloop
  endfacet
  facet normal -0.587785 -0.809018 -0
    outer loop
      vertex -29.1127 -7.1084 18.7
      vertex -29.5377 -6.79962 0
      vertex -29.1127 -7.1084 0
    endloop
  endfacet
  facet normal -0.951075 0.308961 0
    outer loop
      vertex -29.6575 -4.06916 18.7
      vertex -29.5377 -3.70038 9.12477
      vertex -29.6575 -4.06916 8.97202
    endloop
  endfacet
  facet normal -0.951075 0.308961 0
    outer loop
      vertex -29.5377 -3.70038 9.12477
      vertex -29.6575 -4.06916 18.7
      vertex -29.5377 -3.70038 18.7
    endloop
  endfacet
  facet normal -0.951075 0.308961 0
    outer loop
      vertex -29.6575 -4.06916 0
      vertex -29.5377 -3.70038 0.875227
      vertex -29.5377 -3.70038 0
    endloop
  endfacet
  facet normal -0.951075 0.308961 0
    outer loop
      vertex -29.5377 -3.70038 0.875227
      vertex -29.6575 -4.06916 0
      vertex -29.6575 -4.06916 1.02798
    endloop
  endfacet
  facet normal 0 1 0
    outer loop
      vertex -28.85 -3.3916 18.6
      vertex -28.5873 -3.3916 18.7
      vertex -28.5873 -3.3916 18.6
    endloop
  endfacet
  facet normal 0 1 0
    outer loop
      vertex -28.5873 -3.3916 18.7
      vertex -28.85 -3.3916 18.6
      vertex -29.1127 -3.3916 18.7
    endloop
  endfacet
  facet normal 0 1 0
    outer loop
      vertex -29.1127 -3.3916 9.25267
      vertex -28.85 -3.3916 18.6
      vertex -28.85 -3.3916 9.25267
    endloop
  endfacet
  facet normal 0 1 0
    outer loop
      vertex -28.85 -3.3916 18.6
      vertex -29.1127 -3.3916 9.25267
      vertex -29.1127 -3.3916 18.7
    endloop
  endfacet
  facet normal 0 1 -0
    outer loop
      vertex -28.85 -3.3916 0
      vertex -29.1127 -3.3916 0.747326
      vertex -28.85 -3.3916 0.747326
    endloop
  endfacet
  facet normal 0 1 0
    outer loop
      vertex -29.1127 -3.3916 0.747326
      vertex -28.85 -3.3916 0
      vertex -29.1127 -3.3916 0
    endloop
  endfacet
  facet normal 0.587855 0.808966 -0
    outer loop
      vertex -28.35 -3.56404 18.6
      vertex -28.5873 -3.3916 18.7
      vertex -28.35 -3.56404 18.7
    endloop
  endfacet
  facet normal 0.587855 0.808966 0
    outer loop
      vertex -28.5873 -3.3916 18.7
      vertex -28.35 -3.56404 18.6
      vertex -28.5873 -3.3916 18.6
    endloop
  endfacet
  facet normal -0 0 1
    outer loop
      vertex -29.1127 -3.3916 18.7
      vertex -28.35 -3.56404 18.7
      vertex -28.5873 -3.3916 18.7
    endloop
  endfacet
  facet normal 0 0 1
    outer loop
      vertex -28.35 -3.56404 18.7
      vertex -29.6575 -4.06916 18.7
      vertex -28.35 -4.83596 18.7
    endloop
  endfacet
  facet normal 0 0 1
    outer loop
      vertex -28.35 -3.56404 18.7
      vertex -29.1127 -3.3916 18.7
      vertex -29.6575 -4.06916 18.7
    endloop
  endfacet
  facet normal -0 0 1
    outer loop
      vertex -29.6575 -4.33084 18.7
      vertex -28.35 -4.83596 18.7
      vertex -29.6575 -4.06916 18.7
    endloop
  endfacet
  facet normal 0 0 1
    outer loop
      vertex -29.6575 -4.06916 18.7
      vertex -29.1127 -3.3916 18.7
      vertex -29.5377 -3.70038 18.7
    endloop
  endfacet
  facet normal 0 -0 1
    outer loop
      vertex -29.1127 -5.0084 18.7
      vertex -28.35 -4.83596 18.7
      vertex -29.6575 -4.33084 18.7
    endloop
  endfacet
  facet normal 0 0 1
    outer loop
      vertex -28.35 -4.83596 18.7
      vertex -29.1127 -5.0084 18.7
      vertex -28.5873 -5.0084 18.7
    endloop
  endfacet
  facet normal 0 0 1
    outer loop
      vertex -29.1127 -5.0084 18.7
      vertex -29.6575 -4.33084 18.7
      vertex -29.5377 -4.69962 18.7
    endloop
  endfacet
  facet normal -0.587785 0.809018 0
    outer loop
      vertex -29.1127 -3.3916 9.25267
      vertex -29.5377 -3.70038 18.7
      vertex -29.1127 -3.3916 18.7
    endloop
  endfacet
  facet normal -0.587785 0.809018 0
    outer loop
      vertex -29.5377 -3.70038 18.7
      vertex -29.1127 -3.3916 9.25267
      vertex -29.5377 -3.70038 9.12477
    endloop
  endfacet
  facet normal -0.587785 0.809018 0
    outer loop
      vertex -29.5377 -3.70038 0
      vertex -29.1127 -3.3916 0.747326
      vertex -29.1127 -3.3916 0
    endloop
  endfacet
  facet normal -0.587785 0.809018 0
    outer loop
      vertex -29.1127 -3.3916 0.747326
      vertex -29.5377 -3.70038 0
      vertex -29.5377 -3.70038 0.875227
    endloop
  endfacet
  facet normal -0.951075 -0.308961 -0
    outer loop
      vertex -29.5377 -4.69962 18.7
      vertex -29.6575 -4.33084 8.83508
      vertex -29.5377 -4.69962 8.55211
    endloop
  endfacet
  facet normal -0.951075 -0.308961 0
    outer loop
      vertex -29.6575 -4.33084 8.83508
      vertex -29.5377 -4.69962 18.7
      vertex -29.6575 -4.33084 18.7
    endloop
  endfacet
  facet normal -0.951075 -0.308961 0
    outer loop
      vertex -29.5377 -4.69962 0
      vertex -29.6575 -4.33084 1.16492
      vertex -29.6575 -4.33084 0
    endloop
  endfacet
  facet normal -0.951075 -0.308961 0
    outer loop
      vertex -29.6575 -4.33084 1.16492
      vertex -29.5377 -4.69962 0
      vertex -29.5377 -4.69962 1.44789
    endloop
  endfacet
  facet normal 0.587855 -0.808966 0
    outer loop
      vertex -28.5873 -5.0084 18.6
      vertex -28.35 -4.83596 18.7
      vertex -28.5873 -5.0084 18.7
    endloop
  endfacet
  facet normal 0.587855 -0.808966 0
    outer loop
      vertex -28.35 -4.83596 18.7
      vertex -28.5873 -5.0084 18.6
      vertex -28.35 -4.83596 18.6
    endloop
  endfacet
  facet normal 0 -1 0
    outer loop
      vertex -29.1127 -5.0084 18.7
      vertex -28.85 -5.0084 18.6
      vertex -28.5873 -5.0084 18.7
    endloop
  endfacet
  facet normal 0 -1 0
    outer loop
      vertex -29.1127 -5.0084 8.31518
      vertex -28.85 -5.0084 18.6
      vertex -29.1127 -5.0084 18.7
    endloop
  endfacet
  facet normal 0 -1 -0
    outer loop
      vertex -28.85 -5.0084 18.6
      vertex -29.1127 -5.0084 8.31518
      vertex -28.85 -5.0084 8.31518
    endloop
  endfacet
  facet normal 0 -1 -0
    outer loop
      vertex -28.5873 -5.0084 18.7
      vertex -28.85 -5.0084 18.6
      vertex -28.5873 -5.0084 18.6
    endloop
  endfacet
  facet normal 0 -1 0
    outer loop
      vertex -29.1127 -5.0084 0
      vertex -28.85 -5.0084 1.68482
      vertex -29.1127 -5.0084 1.68482
    endloop
  endfacet
  facet normal 0 -1 -0
    outer loop
      vertex -28.85 -5.0084 1.68482
      vertex -29.1127 -5.0084 0
      vertex -28.85 -5.0084 0
    endloop
  endfacet
  facet normal -0.587785 -0.809018 0
    outer loop
      vertex -29.5377 -4.69962 8.55211
      vertex -29.1127 -5.0084 18.7
      vertex -29.5377 -4.69962 18.7
    endloop
  endfacet
  facet normal -0.587785 -0.809018 -0
    outer loop
      vertex -29.1127 -5.0084 18.7
      vertex -29.5377 -4.69962 8.55211
      vertex -29.1127 -5.0084 8.31518
    endloop
  endfacet
  facet normal -0.587785 -0.809018 0
    outer loop
      vertex -29.1127 -5.0084 0
      vertex -29.5377 -4.69962 1.44789
      vertex -29.5377 -4.69962 0
    endloop
  endfacet
  facet normal -0.587785 -0.809018 0
    outer loop
      vertex -29.5377 -4.69962 1.44789
      vertex -29.1127 -5.0084 0
      vertex -29.1127 -5.0084 1.68482
    endloop
  endfacet
  facet normal -0.951075 0.308961 0
    outer loop
      vertex -29.6575 -1.96916 9.5
      vertex -29.5377 -1.60038 18.7
      vertex -29.5377 -1.60038 9.5
    endloop
  endfacet
  facet normal -0.951075 0.308961 0
    outer loop
      vertex -29.5377 -1.60038 18.7
      vertex -29.6575 -1.96916 9.5
      vertex -29.6575 -1.96916 18.7
    endloop
  endfacet
  facet normal -0.951075 0.308961 0
    outer loop
      vertex -29.6575 -1.96916 0
      vertex -29.5377 -1.60038 0.5
      vertex -29.5377 -1.60038 0
    endloop
  endfacet
  facet normal -0.951075 0.308961 0
    outer loop
      vertex -29.5377 -1.60038 0.5
      vertex -29.6575 -1.96916 0
      vertex -29.6575 -1.96916 0.5
    endloop
  endfacet
  facet normal 0 1 0
    outer loop
      vertex -28.85 -1.2916 18.6
      vertex -28.5873 -1.2916 18.7
      vertex -28.5873 -1.2916 18.6
    endloop
  endfacet
  facet normal 0 1 0
    outer loop
      vertex -28.5873 -1.2916 18.7
      vertex -28.85 -1.2916 18.6
      vertex -29.1127 -1.2916 18.7
    endloop
  endfacet
  facet normal 0 1 0
    outer loop
      vertex -29.1127 -1.2916 9.5
      vertex -28.85 -1.2916 18.6
      vertex -28.85 -1.2916 9.5
    endloop
  endfacet
  facet normal 0 1 0
    outer loop
      vertex -28.85 -1.2916 18.6
      vertex -29.1127 -1.2916 9.5
      vertex -29.1127 -1.2916 18.7
    endloop
  endfacet
  facet normal 0 1 -0
    outer loop
      vertex -28.85 -1.2916 0
      vertex -29.1127 -1.2916 0.5
      vertex -28.85 -1.2916 0.5
    endloop
  endfacet
  facet normal 0 1 0
    outer loop
      vertex -29.1127 -1.2916 0.5
      vertex -28.85 -1.2916 0
      vertex -29.1127 -1.2916 0
    endloop
  endfacet
  facet normal 0.587855 0.808966 -0
    outer loop
      vertex -28.35 -1.46404 18.6
      vertex -28.5873 -1.2916 18.7
      vertex -28.35 -1.46404 18.7
    endloop
  endfacet
  facet normal 0.587855 0.808966 0
    outer loop
      vertex -28.5873 -1.2916 18.7
      vertex -28.35 -1.46404 18.6
      vertex -28.5873 -1.2916 18.6
    endloop
  endfacet
  facet normal -0 0 1
    outer loop
      vertex -29.1127 -1.2916 18.7
      vertex -28.35 -1.46404 18.7
      vertex -28.5873 -1.2916 18.7
    endloop
  endfacet
  facet normal 0 0 1
    outer loop
      vertex -28.35 -1.46404 18.7
      vertex -29.6575 -1.96916 18.7
      vertex -28.35 -2.73596 18.7
    endloop
  endfacet
  facet normal 0 0 1
    outer loop
      vertex -28.35 -1.46404 18.7
      vertex -29.1127 -1.2916 18.7
      vertex -29.6575 -1.96916 18.7
    endloop
  endfacet
  facet normal -0 0 1
    outer loop
      vertex -29.6575 -2.23084 18.7
      vertex -28.35 -2.73596 18.7
      vertex -29.6575 -1.96916 18.7
    endloop
  endfacet
  facet normal 0 0 1
    outer loop
      vertex -29.6575 -1.96916 18.7
      vertex -29.1127 -1.2916 18.7
      vertex -29.5377 -1.60038 18.7
    endloop
  endfacet
  facet normal 0 -0 1
    outer loop
      vertex -29.1127 -2.9084 18.7
      vertex -28.35 -2.73596 18.7
      vertex -29.6575 -2.23084 18.7
    endloop
  endfacet
  facet normal 0 0 1
    outer loop
      vertex -28.35 -2.73596 18.7
      vertex -29.1127 -2.9084 18.7
      vertex -28.5873 -2.9084 18.7
    endloop
  endfacet
  facet normal 0 0 1
    outer loop
      vertex -29.1127 -2.9084 18.7
      vertex -29.6575 -2.23084 18.7
      vertex -29.5377 -2.59962 18.7
    endloop
  endfacet
  facet normal -0.587785 0.809018 0
    outer loop
      vertex -29.1127 -1.2916 9.5
      vertex -29.5377 -1.60038 18.7
      vertex -29.1127 -1.2916 18.7
    endloop
  endfacet
  facet normal -0.587785 0.809018 0
    outer loop
      vertex -29.5377 -1.60038 18.7
      vertex -29.1127 -1.2916 9.5
      vertex -29.5377 -1.60038 9.5
    endloop
  endfacet
  facet normal -0.587785 0.809018 0
    outer loop
      vertex -29.1127 -1.2916 0
      vertex -29.5377 -1.60038 0.5
      vertex -29.1127 -1.2916 0.5
    endloop
  endfacet
  facet normal -0.587785 0.809018 0
    outer loop
      vertex -29.5377 -1.60038 0.5
      vertex -29.1127 -1.2916 0
      vertex -29.5377 -1.60038 0
    endloop
  endfacet
  facet normal -0.951075 -0.308961 -0
    outer loop
      vertex -29.5377 -2.59962 18.7
      vertex -29.6575 -2.23084 9.46961
      vertex -29.5377 -2.59962 9.42106
    endloop
  endfacet
  facet normal -0.951075 -0.308961 0
    outer loop
      vertex -29.6575 -2.23084 9.46961
      vertex -29.5377 -2.59962 18.7
      vertex -29.6575 -2.23084 18.7
    endloop
  endfacet
  facet normal -0.951075 -0.308961 0
    outer loop
      vertex -29.5377 -2.59962 0
      vertex -29.6575 -2.23084 0.530391
      vertex -29.6575 -2.23084 0
    endloop
  endfacet
  facet normal -0.951075 -0.308961 0
    outer loop
      vertex -29.6575 -2.23084 0.530391
      vertex -29.5377 -2.59962 0
      vertex -29.5377 -2.59962 0.578942
    endloop
  endfacet
  facet normal 0 -1 0
    outer loop
      vertex -29.1127 -2.9084 18.7
      vertex -28.85 -2.9084 18.6
      vertex -28.5873 -2.9084 18.7
    endloop
  endfacet
  facet normal 0 -1 0
    outer loop
      vertex -29.1127 -2.9084 9.38041
      vertex -28.85 -2.9084 18.6
      vertex -29.1127 -2.9084 18.7
    endloop
  endfacet
  facet normal 0 -1 -0
    outer loop
      vertex -28.85 -2.9084 18.6
      vertex -29.1127 -2.9084 9.38041
      vertex -28.85 -2.9084 9.38041
    endloop
  endfacet
  facet normal 0 -1 -0
    outer loop
      vertex -28.5873 -2.9084 18.7
      vertex -28.85 -2.9084 18.6
      vertex -28.5873 -2.9084 18.6
    endloop
  endfacet
  facet normal 0 -1 0
    outer loop
      vertex -29.1127 -2.9084 0
      vertex -28.85 -2.9084 0.619594
      vertex -29.1127 -2.9084 0.619594
    endloop
  endfacet
  facet normal 0 -1 -0
    outer loop
      vertex -28.85 -2.9084 0.619594
      vertex -29.1127 -2.9084 0
      vertex -28.85 -2.9084 0
    endloop
  endfacet
  facet normal 0.587855 -0.808966 0
    outer loop
      vertex -28.5873 -2.9084 18.6
      vertex -28.35 -2.73596 18.7
      vertex -28.5873 -2.9084 18.7
    endloop
  endfacet
  facet normal 0.587855 -0.808966 0
    outer loop
      vertex -28.35 -2.73596 18.7
      vertex -28.5873 -2.9084 18.6
      vertex -28.35 -2.73596 18.6
    endloop
  endfacet
  facet normal -0.587785 -0.809018 0
    outer loop
      vertex -29.5377 -2.59962 9.42106
      vertex -29.1127 -2.9084 18.7
      vertex -29.5377 -2.59962 18.7
    endloop
  endfacet
  facet normal -0.587785 -0.809018 -0
    outer loop
      vertex -29.1127 -2.9084 18.7
      vertex -29.5377 -2.59962 9.42106
      vertex -29.1127 -2.9084 9.38041
    endloop
  endfacet
  facet normal -0.587785 -0.809018 0
    outer loop
      vertex -29.1127 -2.9084 0
      vertex -29.5377 -2.59962 0.578942
      vertex -29.5377 -2.59962 0
    endloop
  endfacet
  facet normal -0.587785 -0.809018 0
    outer loop
      vertex -29.5377 -2.59962 0.578942
      vertex -29.1127 -2.9084 0
      vertex -29.1127 -2.9084 0.619594
    endloop
  endfacet
  facet normal -0.951073 0.308967 0
    outer loop
      vertex -29.6575 0.130844 9.5
      vertex -29.5377 0.499617 18.7
      vertex -29.5377 0.499617 9.5
    endloop
  endfacet
  facet normal -0.951073 0.308967 0
    outer loop
      vertex -29.5377 0.499617 18.7
      vertex -29.6575 0.130844 9.5
      vertex -29.6575 0.130844 18.7
    endloop
  endfacet
  facet normal -0.951073 0.308967 0
    outer loop
      vertex -29.6575 0.130844 0
      vertex -29.5377 0.499617 0.5
      vertex -29.5377 0.499617 0
    endloop
  endfacet
  facet normal -0.951073 0.308967 0
    outer loop
      vertex -29.5377 0.499617 0.5
      vertex -29.6575 0.130844 0
      vertex -29.6575 0.130844 0.5
    endloop
  endfacet
  facet normal 0 1 0
    outer loop
      vertex -28.85 0.808397 18.6
      vertex -28.5873 0.808397 18.7
      vertex -28.5873 0.808397 18.6
    endloop
  endfacet
  facet normal 0 1 0
    outer loop
      vertex -28.5873 0.808397 18.7
      vertex -28.85 0.808397 18.6
      vertex -29.1127 0.808397 18.7
    endloop
  endfacet
  facet normal 0 1 0
    outer loop
      vertex -29.1127 0.808397 9.5
      vertex -28.85 0.808397 18.6
      vertex -28.85 0.808397 9.5
    endloop
  endfacet
  facet normal 0 1 0
    outer loop
      vertex -28.85 0.808397 18.6
      vertex -29.1127 0.808397 9.5
      vertex -29.1127 0.808397 18.7
    endloop
  endfacet
  facet normal 0 1 -0
    outer loop
      vertex -28.85 0.808397 0
      vertex -29.1127 0.808397 0.5
      vertex -28.85 0.808397 0.5
    endloop
  endfacet
  facet normal 0 1 0
    outer loop
      vertex -29.1127 0.808397 0.5
      vertex -28.85 0.808397 0
      vertex -29.1127 0.808397 0
    endloop
  endfacet
  facet normal 0.587855 0.808966 -0
    outer loop
      vertex -28.35 0.635957 18.6
      vertex -28.5873 0.808397 18.7
      vertex -28.35 0.635957 18.7
    endloop
  endfacet
  facet normal 0.587855 0.808966 0
    outer loop
      vertex -28.5873 0.808397 18.7
      vertex -28.35 0.635957 18.6
      vertex -28.5873 0.808397 18.6
    endloop
  endfacet
  facet normal -0 0 1
    outer loop
      vertex -29.1127 0.808397 18.7
      vertex -28.35 0.635957 18.7
      vertex -28.5873 0.808397 18.7
    endloop
  endfacet
  facet normal 0 0 1
    outer loop
      vertex -28.35 0.635957 18.7
      vertex -29.6575 0.130844 18.7
      vertex -28.35 -0.635957 18.7
    endloop
  endfacet
  facet normal 0 0 1
    outer loop
      vertex -28.35 0.635957 18.7
      vertex -29.1127 0.808397 18.7
      vertex -29.6575 0.130844 18.7
    endloop
  endfacet
  facet normal -0 0 1
    outer loop
      vertex -29.6575 -0.130844 18.7
      vertex -28.35 -0.635957 18.7
      vertex -29.6575 0.130844 18.7
    endloop
  endfacet
  facet normal 0 0 1
    outer loop
      vertex -29.6575 0.130844 18.7
      vertex -29.1127 0.808397 18.7
      vertex -29.5377 0.499617 18.7
    endloop
  endfacet
  facet normal 0 -0 1
    outer loop
      vertex -29.1127 -0.808397 18.7
      vertex -28.35 -0.635957 18.7
      vertex -29.6575 -0.130844 18.7
    endloop
  endfacet
  facet normal 0 0 1
    outer loop
      vertex -28.35 -0.635957 18.7
      vertex -29.1127 -0.808397 18.7
      vertex -28.5873 -0.808397 18.7
    endloop
  endfacet
  facet normal 0 0 1
    outer loop
      vertex -29.1127 -0.808397 18.7
      vertex -29.6575 -0.130844 18.7
      vertex -29.5377 -0.499617 18.7
    endloop
  endfacet
  facet normal -0.587785 0.809018 0
    outer loop
      vertex -29.1127 0.808397 9.5
      vertex -29.5377 0.499617 18.7
      vertex -29.1127 0.808397 18.7
    endloop
  endfacet
  facet normal -0.587785 0.809018 0
    outer loop
      vertex -29.5377 0.499617 18.7
      vertex -29.1127 0.808397 9.5
      vertex -29.5377 0.499617 9.5
    endloop
  endfacet
  facet normal -0.587785 0.809018 0
    outer loop
      vertex -29.1127 0.808397 0
      vertex -29.5377 0.499617 0.5
      vertex -29.1127 0.808397 0.5
    endloop
  endfacet
  facet normal -0.587785 0.809018 0
    outer loop
      vertex -29.5377 0.499617 0.5
      vertex -29.1127 0.808397 0
      vertex -29.5377 0.499617 0
    endloop
  endfacet
  facet normal -0.951073 -0.308967 0
    outer loop
      vertex -29.5377 -0.499617 9.5
      vertex -29.6575 -0.130844 18.7
      vertex -29.6575 -0.130844 9.5
    endloop
  endfacet
  facet normal -0.951073 -0.308967 0
    outer loop
      vertex -29.6575 -0.130844 18.7
      vertex -29.5377 -0.499617 9.5
      vertex -29.5377 -0.499617 18.7
    endloop
  endfacet
  facet normal -0.951073 -0.308967 0
    outer loop
      vertex -29.5377 -0.499617 0
      vertex -29.6575 -0.130844 0.5
      vertex -29.6575 -0.130844 0
    endloop
  endfacet
  facet normal -0.951073 -0.308967 0
    outer loop
      vertex -29.6575 -0.130844 0.5
      vertex -29.5377 -0.499617 0
      vertex -29.5377 -0.499617 0.5
    endloop
  endfacet
  facet normal 0 -1 0
    outer loop
      vertex -29.1127 -0.808397 18.7
      vertex -28.85 -0.808397 18.6
      vertex -28.5873 -0.808397 18.7
    endloop
  endfacet
  facet normal 0 -1 0
    outer loop
      vertex -29.1127 -0.808397 9.5
      vertex -28.85 -0.808397 18.6
      vertex -29.1127 -0.808397 18.7
    endloop
  endfacet
  facet normal 0 -1 -0
    outer loop
      vertex -28.85 -0.808397 18.6
      vertex -29.1127 -0.808397 9.5
      vertex -28.85 -0.808397 9.5
    endloop
  endfacet
  facet normal 0 -1 -0
    outer loop
      vertex -28.5873 -0.808397 18.7
      vertex -28.85 -0.808397 18.6
      vertex -28.5873 -0.808397 18.6
    endloop
  endfacet
  facet normal 0 -1 0
    outer loop
      vertex -29.1127 -0.808397 0
      vertex -28.85 -0.808397 0.5
      vertex -29.1127 -0.808397 0.5
    endloop
  endfacet
  facet normal 0 -1 -0
    outer loop
      vertex -28.85 -0.808397 0.5
      vertex -29.1127 -0.808397 0
      vertex -28.85 -0.808397 0
    endloop
  endfacet
  facet normal 0.587855 -0.808966 0
    outer loop
      vertex -28.5873 -0.808397 18.6
      vertex -28.35 -0.635957 18.7
      vertex -28.5873 -0.808397 18.7
    endloop
  endfacet
  facet normal 0.587855 -0.808966 0
    outer loop
      vertex -28.35 -0.635957 18.7
      vertex -28.5873 -0.808397 18.6
      vertex -28.35 -0.635957 18.6
    endloop
  endfacet
  facet normal -0.587785 -0.809018 0
    outer loop
      vertex -29.5377 -0.499617 9.5
      vertex -29.1127 -0.808397 18.7
      vertex -29.5377 -0.499617 18.7
    endloop
  endfacet
  facet normal -0.587785 -0.809018 -0
    outer loop
      vertex -29.1127 -0.808397 18.7
      vertex -29.5377 -0.499617 9.5
      vertex -29.1127 -0.808397 9.5
    endloop
  endfacet
  facet normal -0.587785 -0.809018 0
    outer loop
      vertex -29.5377 -0.499617 0
      vertex -29.1127 -0.808397 0.5
      vertex -29.5377 -0.499617 0.5
    endloop
  endfacet
  facet normal -0.587785 -0.809018 -0
    outer loop
      vertex -29.1127 -0.808397 0.5
      vertex -29.5377 -0.499617 0
      vertex -29.1127 -0.808397 0
    endloop
  endfacet
  facet normal -0.951075 0.308961 0
    outer loop
      vertex -29.6575 2.23084 9.46961
      vertex -29.5377 2.59962 18.7
      vertex -29.5377 2.59962 9.42106
    endloop
  endfacet
  facet normal -0.951075 0.308961 0
    outer loop
      vertex -29.5377 2.59962 18.7
      vertex -29.6575 2.23084 9.46961
      vertex -29.6575 2.23084 18.7
    endloop
  endfacet
  facet normal -0.951075 0.308961 0
    outer loop
      vertex -29.6575 2.23084 0.530391
      vertex -29.5377 2.59962 0
      vertex -29.6575 2.23084 0
    endloop
  endfacet
  facet normal -0.951075 0.308961 0
    outer loop
      vertex -29.5377 2.59962 0
      vertex -29.6575 2.23084 0.530391
      vertex -29.5377 2.59962 0.578942
    endloop
  endfacet
  facet normal 0 1 0
    outer loop
      vertex -28.85 2.9084 18.6
      vertex -28.5873 2.9084 18.7
      vertex -28.5873 2.9084 18.6
    endloop
  endfacet
  facet normal 0 1 0
    outer loop
      vertex -28.5873 2.9084 18.7
      vertex -28.85 2.9084 18.6
      vertex -29.1127 2.9084 18.7
    endloop
  endfacet
  facet normal 0 1 0
    outer loop
      vertex -29.1127 2.9084 9.38041
      vertex -28.85 2.9084 18.6
      vertex -28.85 2.9084 9.38041
    endloop
  endfacet
  facet normal 0 1 0
    outer loop
      vertex -28.85 2.9084 18.6
      vertex -29.1127 2.9084 9.38041
      vertex -29.1127 2.9084 18.7
    endloop
  endfacet
  facet normal 0 1 -0
    outer loop
      vertex -28.85 2.9084 0
      vertex -29.1127 2.9084 0.619594
      vertex -28.85 2.9084 0.619594
    endloop
  endfacet
  facet normal 0 1 0
    outer loop
      vertex -29.1127 2.9084 0.619594
      vertex -28.85 2.9084 0
      vertex -29.1127 2.9084 0
    endloop
  endfacet
  facet normal 0.587855 0.808966 -0
    outer loop
      vertex -28.35 2.73596 18.6
      vertex -28.5873 2.9084 18.7
      vertex -28.35 2.73596 18.7
    endloop
  endfacet
  facet normal 0.587855 0.808966 0
    outer loop
      vertex -28.5873 2.9084 18.7
      vertex -28.35 2.73596 18.6
      vertex -28.5873 2.9084 18.6
    endloop
  endfacet
  facet normal -0 0 1
    outer loop
      vertex -29.1127 2.9084 18.7
      vertex -28.35 2.73596 18.7
      vertex -28.5873 2.9084 18.7
    endloop
  endfacet
  facet normal 0 0 1
    outer loop
      vertex -28.35 2.73596 18.7
      vertex -29.6575 2.23084 18.7
      vertex -28.35 1.46404 18.7
    endloop
  endfacet
  facet normal 0 0 1
    outer loop
      vertex -28.35 2.73596 18.7
      vertex -29.1127 2.9084 18.7
      vertex -29.6575 2.23084 18.7
    endloop
  endfacet
  facet normal -0 0 1
    outer loop
      vertex -29.6575 1.96916 18.7
      vertex -28.35 1.46404 18.7
      vertex -29.6575 2.23084 18.7
    endloop
  endfacet
  facet normal 0 0 1
    outer loop
      vertex -29.6575 2.23084 18.7
      vertex -29.1127 2.9084 18.7
      vertex -29.5377 2.59962 18.7
    endloop
  endfacet
  facet normal 0 -0 1
    outer loop
      vertex -29.1127 1.2916 18.7
      vertex -28.35 1.46404 18.7
      vertex -29.6575 1.96916 18.7
    endloop
  endfacet
  facet normal 0 0 1
    outer loop
      vertex -28.35 1.46404 18.7
      vertex -29.1127 1.2916 18.7
      vertex -28.5873 1.2916 18.7
    endloop
  endfacet
  facet normal 0 0 1
    outer loop
      vertex -29.1127 1.2916 18.7
      vertex -29.6575 1.96916 18.7
      vertex -29.5377 1.60038 18.7
    endloop
  endfacet
  facet normal -0.587785 0.809018 0
    outer loop
      vertex -29.1127 2.9084 18.7
      vertex -29.5377 2.59962 9.42106
      vertex -29.5377 2.59962 18.7
    endloop
  endfacet
  facet normal -0.587785 0.809018 0
    outer loop
      vertex -29.5377 2.59962 9.42106
      vertex -29.1127 2.9084 18.7
      vertex -29.1127 2.9084 9.38041
    endloop
  endfacet
  facet normal -0.587785 0.809018 0
    outer loop
      vertex -29.1127 2.9084 0
      vertex -29.5377 2.59962 0.578942
      vertex -29.1127 2.9084 0.619594
    endloop
  endfacet
  facet normal -0.587785 0.809018 0
    outer loop
      vertex -29.5377 2.59962 0.578942
      vertex -29.1127 2.9084 0
      vertex -29.5377 2.59962 0
    endloop
  endfacet
  facet normal -0.951075 -0.308961 0
    outer loop
      vertex -29.5377 1.60038 9.5
      vertex -29.6575 1.96916 18.7
      vertex -29.6575 1.96916 9.5
    endloop
  endfacet
  facet normal -0.951075 -0.308961 0
    outer loop
      vertex -29.6575 1.96916 18.7
      vertex -29.5377 1.60038 9.5
      vertex -29.5377 1.60038 18.7
    endloop
  endfacet
  facet normal -0.951075 -0.308961 0
    outer loop
      vertex -29.5377 1.60038 0
      vertex -29.6575 1.96916 0.5
      vertex -29.6575 1.96916 0
    endloop
  endfacet
  facet normal -0.951075 -0.308961 0
    outer loop
      vertex -29.6575 1.96916 0.5
      vertex -29.5377 1.60038 0
      vertex -29.5377 1.60038 0.5
    endloop
  endfacet
  facet normal 0 -1 0
    outer loop
      vertex -29.1127 1.2916 18.7
      vertex -28.85 1.2916 18.6
      vertex -28.5873 1.2916 18.7
    endloop
  endfacet
  facet normal 0 -1 0
    outer loop
      vertex -29.1127 1.2916 9.5
      vertex -28.85 1.2916 18.6
      vertex -29.1127 1.2916 18.7
    endloop
  endfacet
  facet normal 0 -1 -0
    outer loop
      vertex -28.85 1.2916 18.6
      vertex -29.1127 1.2916 9.5
      vertex -28.85 1.2916 9.5
    endloop
  endfacet
  facet normal 0 -1 -0
    outer loop
      vertex -28.5873 1.2916 18.7
      vertex -28.85 1.2916 18.6
      vertex -28.5873 1.2916 18.6
    endloop
  endfacet
  facet normal 0 -1 0
    outer loop
      vertex -29.1127 1.2916 0
      vertex -28.85 1.2916 0.5
      vertex -29.1127 1.2916 0.5
    endloop
  endfacet
  facet normal 0 -1 -0
    outer loop
      vertex -28.85 1.2916 0.5
      vertex -29.1127 1.2916 0
      vertex -28.85 1.2916 0
    endloop
  endfacet
  facet normal 0.587855 -0.808966 0
    outer loop
      vertex -28.5873 1.2916 18.6
      vertex -28.35 1.46404 18.7
      vertex -28.5873 1.2916 18.7
    endloop
  endfacet
  facet normal 0.587855 -0.808966 0
    outer loop
      vertex -28.35 1.46404 18.7
      vertex -28.5873 1.2916 18.6
      vertex -28.35 1.46404 18.6
    endloop
  endfacet
  facet normal -0.587785 -0.809018 0
    outer loop
      vertex -29.5377 1.60038 9.5
      vertex -29.1127 1.2916 18.7
      vertex -29.5377 1.60038 18.7
    endloop
  endfacet
  facet normal -0.587785 -0.809018 -0
    outer loop
      vertex -29.1127 1.2916 18.7
      vertex -29.5377 1.60038 9.5
      vertex -29.1127 1.2916 9.5
    endloop
  endfacet
  facet normal -0.587785 -0.809018 0
    outer loop
      vertex -29.5377 1.60038 0
      vertex -29.1127 1.2916 0.5
      vertex -29.5377 1.60038 0.5
    endloop
  endfacet
  facet normal -0.587785 -0.809018 -0
    outer loop
      vertex -29.1127 1.2916 0.5
      vertex -29.5377 1.60038 0
      vertex -29.1127 1.2916 0
    endloop
  endfacet
  facet normal -0.951075 0.308961 0
    outer loop
      vertex -29.6575 4.33084 8.83508
      vertex -29.5377 4.69962 18.7
      vertex -29.5377 4.69962 8.55211
    endloop
  endfacet
  facet normal -0.951075 0.308961 0
    outer loop
      vertex -29.5377 4.69962 18.7
      vertex -29.6575 4.33084 8.83508
      vertex -29.6575 4.33084 18.7
    endloop
  endfacet
  facet normal -0.951075 0.308961 0
    outer loop
      vertex -29.6575 4.33084 1.16492
      vertex -29.5377 4.69962 0
      vertex -29.6575 4.33084 0
    endloop
  endfacet
  facet normal -0.951075 0.308961 0
    outer loop
      vertex -29.5377 4.69962 0
      vertex -29.6575 4.33084 1.16492
      vertex -29.5377 4.69962 1.44789
    endloop
  endfacet
  facet normal 0 1 0
    outer loop
      vertex -28.85 5.0084 18.6
      vertex -28.5873 5.0084 18.7
      vertex -28.5873 5.0084 18.6
    endloop
  endfacet
  facet normal 0 1 0
    outer loop
      vertex -28.5873 5.0084 18.7
      vertex -28.85 5.0084 18.6
      vertex -29.1127 5.0084 18.7
    endloop
  endfacet
  facet normal 0 1 0
    outer loop
      vertex -29.1127 5.0084 8.31518
      vertex -28.85 5.0084 18.6
      vertex -28.85 5.0084 8.31518
    endloop
  endfacet
  facet normal 0 1 0
    outer loop
      vertex -28.85 5.0084 18.6
      vertex -29.1127 5.0084 8.31518
      vertex -29.1127 5.0084 18.7
    endloop
  endfacet
  facet normal 0 1 -0
    outer loop
      vertex -28.85 5.0084 0
      vertex -29.1127 5.0084 1.68482
      vertex -28.85 5.0084 1.68482
    endloop
  endfacet
  facet normal 0 1 0
    outer loop
      vertex -29.1127 5.0084 1.68482
      vertex -28.85 5.0084 0
      vertex -29.1127 5.0084 0
    endloop
  endfacet
  facet normal 0.587855 0.808966 -0
    outer loop
      vertex -28.35 4.83596 18.6
      vertex -28.5873 5.0084 18.7
      vertex -28.35 4.83596 18.7
    endloop
  endfacet
  facet normal 0.587855 0.808966 0
    outer loop
      vertex -28.5873 5.0084 18.7
      vertex -28.35 4.83596 18.6
      vertex -28.5873 5.0084 18.6
    endloop
  endfacet
  facet normal -0 0 1
    outer loop
      vertex -29.1127 5.0084 18.7
      vertex -28.35 4.83596 18.7
      vertex -28.5873 5.0084 18.7
    endloop
  endfacet
  facet normal 0 0 1
    outer loop
      vertex -28.35 4.83596 18.7
      vertex -29.6575 4.33084 18.7
      vertex -28.35 3.56404 18.7
    endloop
  endfacet
  facet normal 0 0 1
    outer loop
      vertex -28.35 4.83596 18.7
      vertex -29.1127 5.0084 18.7
      vertex -29.6575 4.33084 18.7
    endloop
  endfacet
  facet normal -0 0 1
    outer loop
      vertex -29.6575 4.06916 18.7
      vertex -28.35 3.56404 18.7
      vertex -29.6575 4.33084 18.7
    endloop
  endfacet
  facet normal 0 0 1
    outer loop
      vertex -29.6575 4.33084 18.7
      vertex -29.1127 5.0084 18.7
      vertex -29.5377 4.69962 18.7
    endloop
  endfacet
  facet normal 0 -0 1
    outer loop
      vertex -29.1127 3.3916 18.7
      vertex -28.35 3.56404 18.7
      vertex -29.6575 4.06916 18.7
    endloop
  endfacet
  facet normal 0 0 1
    outer loop
      vertex -28.35 3.56404 18.7
      vertex -29.1127 3.3916 18.7
      vertex -28.5873 3.3916 18.7
    endloop
  endfacet
  facet normal 0 0 1
    outer loop
      vertex -29.1127 3.3916 18.7
      vertex -29.6575 4.06916 18.7
      vertex -29.5377 3.70038 18.7
    endloop
  endfacet
  facet normal -0.587785 0.809018 0
    outer loop
      vertex -29.1127 5.0084 18.7
      vertex -29.5377 4.69962 8.55211
      vertex -29.5377 4.69962 18.7
    endloop
  endfacet
  facet normal -0.587785 0.809018 0
    outer loop
      vertex -29.5377 4.69962 8.55211
      vertex -29.1127 5.0084 18.7
      vertex -29.1127 5.0084 8.31518
    endloop
  endfacet
  facet normal -0.587785 0.809018 0
    outer loop
      vertex -29.1127 5.0084 0
      vertex -29.5377 4.69962 1.44789
      vertex -29.1127 5.0084 1.68482
    endloop
  endfacet
  facet normal -0.587785 0.809018 0
    outer loop
      vertex -29.5377 4.69962 1.44789
      vertex -29.1127 5.0084 0
      vertex -29.5377 4.69962 0
    endloop
  endfacet
  facet normal -0.951075 -0.308961 0
    outer loop
      vertex -29.5377 3.70038 9.12477
      vertex -29.6575 4.06916 18.7
      vertex -29.6575 4.06916 8.97202
    endloop
  endfacet
  facet normal -0.951075 -0.308961 0
    outer loop
      vertex -29.6575 4.06916 18.7
      vertex -29.5377 3.70038 9.12477
      vertex -29.5377 3.70038 18.7
    endloop
  endfacet
  facet normal -0.951075 -0.308961 -0
    outer loop
      vertex -29.5377 3.70038 0.875227
      vertex -29.6575 4.06916 0
      vertex -29.5377 3.70038 0
    endloop
  endfacet
  facet normal -0.951075 -0.308961 0
    outer loop
      vertex -29.6575 4.06916 0
      vertex -29.5377 3.70038 0.875227
      vertex -29.6575 4.06916 1.02798
    endloop
  endfacet
  facet normal 0 -1 0
    outer loop
      vertex -29.1127 3.3916 18.7
      vertex -28.85 3.3916 18.6
      vertex -28.5873 3.3916 18.7
    endloop
  endfacet
  facet normal 0 -1 0
    outer loop
      vertex -29.1127 3.3916 9.25267
      vertex -28.85 3.3916 18.6
      vertex -29.1127 3.3916 18.7
    endloop
  endfacet
  facet normal 0 -1 -0
    outer loop
      vertex -28.85 3.3916 18.6
      vertex -29.1127 3.3916 9.25267
      vertex -28.85 3.3916 9.25267
    endloop
  endfacet
  facet normal 0 -1 -0
    outer loop
      vertex -28.5873 3.3916 18.7
      vertex -28.85 3.3916 18.6
      vertex -28.5873 3.3916 18.6
    endloop
  endfacet
  facet normal 0 -1 0
    outer loop
      vertex -29.1127 3.3916 0
      vertex -28.85 3.3916 0.747326
      vertex -29.1127 3.3916 0.747326
    endloop
  endfacet
  facet normal 0 -1 -0
    outer loop
      vertex -28.85 3.3916 0.747326
      vertex -29.1127 3.3916 0
      vertex -28.85 3.3916 0
    endloop
  endfacet
  facet normal 0.587855 -0.808966 0
    outer loop
      vertex -28.5873 3.3916 18.6
      vertex -28.35 3.56404 18.7
      vertex -28.5873 3.3916 18.7
    endloop
  endfacet
  facet normal 0.587855 -0.808966 0
    outer loop
      vertex -28.35 3.56404 18.7
      vertex -28.5873 3.3916 18.6
      vertex -28.35 3.56404 18.6
    endloop
  endfacet
  facet normal -0.587785 -0.809018 0
    outer loop
      vertex -29.5377 3.70038 18.7
      vertex -29.1127 3.3916 9.25267
      vertex -29.1127 3.3916 18.7
    endloop
  endfacet
  facet normal -0.587785 -0.809018 0
    outer loop
      vertex -29.1127 3.3916 9.25267
      vertex -29.5377 3.70038 18.7
      vertex -29.5377 3.70038 9.12477
    endloop
  endfacet
  facet normal -0.587785 -0.809018 0
    outer loop
      vertex -29.5377 3.70038 0
      vertex -29.1127 3.3916 0.747326
      vertex -29.5377 3.70038 0.875227
    endloop
  endfacet
  facet normal -0.587785 -0.809018 -0
    outer loop
      vertex -29.1127 3.3916 0.747326
      vertex -29.5377 3.70038 0
      vertex -29.1127 3.3916 0
    endloop
  endfacet
  facet normal -0.951105 0.308866 0
    outer loop
      vertex -29.5377 6.79962 0
      vertex -29.635 6.5 5
      vertex -29.5377 6.79962 18.7
    endloop
  endfacet
  facet normal -0.951075 0.308961 0
    outer loop
      vertex -29.6575 6.43084 4.47471
      vertex -29.5377 6.79962 0
      vertex -29.6575 6.43084 0
    endloop
  endfacet
  facet normal -0.950992 0.309214 2.30232e-05
    outer loop
      vertex -29.5377 6.79962 0
      vertex -29.6575 6.43084 4.47471
      vertex -29.635 6.5 5
    endloop
  endfacet
  facet normal -0.950964 0.3093 -1.0485e-05
    outer loop
      vertex -29.6575 6.43084 5.52529
      vertex -29.5377 6.79962 18.7
      vertex -29.635 6.5 5
    endloop
  endfacet
  facet normal -0.951075 0.308961 0
    outer loop
      vertex -29.5377 6.79962 18.7
      vertex -29.6575 6.43084 5.52529
      vertex -29.6575 6.43084 18.7
    endloop
  endfacet
  facet normal 0 1 0
    outer loop
      vertex -28.85 7.1084 18.6
      vertex -28.5873 7.1084 18.7
      vertex -28.5873 7.1084 18.6
    endloop
  endfacet
  facet normal 0 1 0
    outer loop
      vertex -28.5873 7.1084 18.7
      vertex -28.85 7.1084 18.6
      vertex -29.1127 7.1084 18.7
    endloop
  endfacet
  facet normal 0 1 0
    outer loop
      vertex -29.1127 7.1084 0
      vertex -28.85 7.1084 18.6
      vertex -28.85 7.1084 0
    endloop
  endfacet
  facet normal 0 1 0
    outer loop
      vertex -28.85 7.1084 18.6
      vertex -29.1127 7.1084 0
      vertex -29.1127 7.1084 18.7
    endloop
  endfacet
  facet normal 0.587855 0.808966 -0
    outer loop
      vertex -28.35 6.93596 18.6
      vertex -28.5873 7.1084 18.7
      vertex -28.35 6.93596 18.7
    endloop
  endfacet
  facet normal 0.587855 0.808966 0
    outer loop
      vertex -28.5873 7.1084 18.7
      vertex -28.35 6.93596 18.6
      vertex -28.5873 7.1084 18.6
    endloop
  endfacet
  facet normal -0 0 1
    outer loop
      vertex -29.1127 7.1084 18.7
      vertex -28.35 6.93596 18.7
      vertex -28.5873 7.1084 18.7
    endloop
  endfacet
  facet normal 0 0 1
    outer loop
      vertex -28.35 6.93596 18.7
      vertex -29.6575 6.43084 18.7
      vertex -28.35 5.66404 18.7
    endloop
  endfacet
  facet normal 0 0 1
    outer loop
      vertex -28.35 6.93596 18.7
      vertex -29.1127 7.1084 18.7
      vertex -29.6575 6.43084 18.7
    endloop
  endfacet
  facet normal -0 0 1
    outer loop
      vertex -29.6575 6.16916 18.7
      vertex -28.35 5.66404 18.7
      vertex -29.6575 6.43084 18.7
    endloop
  endfacet
  facet normal 0 0 1
    outer loop
      vertex -29.6575 6.43084 18.7
      vertex -29.1127 7.1084 18.7
      vertex -29.5377 6.79962 18.7
    endloop
  endfacet
  facet normal 0 -0 1
    outer loop
      vertex -29.1127 5.4916 18.7
      vertex -28.35 5.66404 18.7
      vertex -29.6575 6.16916 18.7
    endloop
  endfacet
  facet normal 0 0 1
    outer loop
      vertex -28.35 5.66404 18.7
      vertex -29.1127 5.4916 18.7
      vertex -28.5873 5.4916 18.7
    endloop
  endfacet
  facet normal 0 0 1
    outer loop
      vertex -29.1127 5.4916 18.7
      vertex -29.6575 6.16916 18.7
      vertex -29.5377 5.80038 18.7
    endloop
  endfacet
  facet normal -0.587785 0.809018 0
    outer loop
      vertex -29.1127 7.1084 0
      vertex -29.5377 6.79962 18.7
      vertex -29.1127 7.1084 18.7
    endloop
  endfacet
  facet normal -0.587785 0.809018 0
    outer loop
      vertex -29.5377 6.79962 18.7
      vertex -29.1127 7.1084 0
      vertex -29.5377 6.79962 0
    endloop
  endfacet
  facet normal -0.951051 -0.309035 0
    outer loop
      vertex -29.5691 5.89711 7.25
      vertex -29.6575 6.16916 18.7
      vertex -29.6575 6.16916 6.59323
    endloop
  endfacet
  facet normal -0.951139 -0.308763 -7.13196e-06
    outer loop
      vertex -29.5377 5.80038 7.37606
      vertex -29.6575 6.16916 18.7
      vertex -29.5691 5.89711 7.25
    endloop
  endfacet
  facet normal -0.951075 -0.308961 0
    outer loop
      vertex -29.6575 6.16916 18.7
      vertex -29.5377 5.80038 7.37606
      vertex -29.5377 5.80038 18.7
    endloop
  endfacet
  facet normal -0.951051 -0.309035 0
    outer loop
      vertex -29.6575 6.16916 0
      vertex -29.5691 5.89711 2.75
      vertex -29.6575 6.16916 3.40677
    endloop
  endfacet
  facet normal -0.951075 -0.308961 -0
    outer loop
      vertex -29.5377 5.80038 2.62394
      vertex -29.6575 6.16916 0
      vertex -29.5377 5.80038 0
    endloop
  endfacet
  facet normal -0.951131 -0.308787 2.7118e-05
    outer loop
      vertex -29.6575 6.16916 0
      vertex -29.5377 5.80038 2.62394
      vertex -29.5691 5.89711 2.75
    endloop
  endfacet
  facet normal 0.587855 -0.808966 0
    outer loop
      vertex -28.5873 5.4916 18.6
      vertex -28.35 5.66404 18.7
      vertex -28.5873 5.4916 18.7
    endloop
  endfacet
  facet normal 0.587855 -0.808966 0
    outer loop
      vertex -28.35 5.66404 18.7
      vertex -28.5873 5.4916 18.6
      vertex -28.35 5.66404 18.6
    endloop
  endfacet
  facet normal 0 -1 0
    outer loop
      vertex -29.1127 5.4916 18.7
      vertex -28.85 5.4916 18.6
      vertex -28.5873 5.4916 18.7
    endloop
  endfacet
  facet normal 0 -1 0
    outer loop
      vertex -29.1127 5.4916 7.77847
      vertex -28.85 5.4916 18.6
      vertex -29.1127 5.4916 18.7
    endloop
  endfacet
  facet normal 0 -1 -0
    outer loop
      vertex -28.85 5.4916 18.6
      vertex -29.1127 5.4916 7.77847
      vertex -28.85 5.4916 7.77847
    endloop
  endfacet
  facet normal 0 -1 -0
    outer loop
      vertex -28.5873 5.4916 18.7
      vertex -28.85 5.4916 18.6
      vertex -28.5873 5.4916 18.6
    endloop
  endfacet
  facet normal 0 -1 0
    outer loop
      vertex -29.1127 5.4916 0
      vertex -28.85 5.4916 2.22153
      vertex -29.1127 5.4916 2.22153
    endloop
  endfacet
  facet normal 0 -1 -0
    outer loop
      vertex -28.85 5.4916 2.22153
      vertex -29.1127 5.4916 0
      vertex -28.85 5.4916 0
    endloop
  endfacet
  facet normal -0.587785 -0.809018 0
    outer loop
      vertex -29.5377 5.80038 18.7
      vertex -29.1127 5.4916 7.77847
      vertex -29.1127 5.4916 18.7
    endloop
  endfacet
  facet normal -0.587785 -0.809018 0
    outer loop
      vertex -29.1127 5.4916 7.77847
      vertex -29.5377 5.80038 18.7
      vertex -29.5377 5.80038 7.37606
    endloop
  endfacet
  facet normal -0.587785 -0.809018 0
    outer loop
      vertex -29.5377 5.80038 0
      vertex -29.1127 5.4916 2.22153
      vertex -29.5377 5.80038 2.62394
    endloop
  endfacet
  facet normal -0.587785 -0.809018 -0
    outer loop
      vertex -29.1127 5.4916 2.22153
      vertex -29.5377 5.80038 0
      vertex -29.1127 5.4916 0
    endloop
  endfacet
  facet normal -0.951075 0.308961 0
    outer loop
      vertex -29.6575 8.53084 0
      vertex -29.5377 8.89962 18.7
      vertex -29.5377 8.89962 0
    endloop
  endfacet
  facet normal -0.951075 0.308961 0
    outer loop
      vertex -29.5377 8.89962 18.7
      vertex -29.6575 8.53084 0
      vertex -29.6575 8.53084 18.7
    endloop
  endfacet
  facet normal 0 1 0
    outer loop
      vertex -28.85 9.2084 18.6
      vertex -28.5873 9.2084 18.7
      vertex -28.5873 9.2084 18.6
    endloop
  endfacet
  facet normal 0 1 0
    outer loop
      vertex -28.5873 9.2084 18.7
      vertex -28.85 9.2084 18.6
      vertex -29.1127 9.2084 18.7
    endloop
  endfacet
  facet normal 0 1 0
    outer loop
      vertex -29.1127 9.2084 0
      vertex -28.85 9.2084 18.6
      vertex -28.85 9.2084 0
    endloop
  endfacet
  facet normal 0 1 0
    outer loop
      vertex -28.85 9.2084 18.6
      vertex -29.1127 9.2084 0
      vertex -29.1127 9.2084 18.7
    endloop
  endfacet
  facet normal 0.587855 0.808966 -0
    outer loop
      vertex -28.35 9.03596 18.6
      vertex -28.5873 9.2084 18.7
      vertex -28.35 9.03596 18.7
    endloop
  endfacet
  facet normal 0.587855 0.808966 0
    outer loop
      vertex -28.5873 9.2084 18.7
      vertex -28.35 9.03596 18.6
      vertex -28.5873 9.2084 18.6
    endloop
  endfacet
  facet normal -0 0 1
    outer loop
      vertex -29.1127 9.2084 18.7
      vertex -28.35 9.03596 18.7
      vertex -28.5873 9.2084 18.7
    endloop
  endfacet
  facet normal 0 0 1
    outer loop
      vertex -28.35 9.03596 18.7
      vertex -29.6575 8.53084 18.7
      vertex -28.35 7.76404 18.7
    endloop
  endfacet
  facet normal 0 0 1
    outer loop
      vertex -28.35 9.03596 18.7
      vertex -29.1127 9.2084 18.7
      vertex -29.6575 8.53084 18.7
    endloop
  endfacet
  facet normal -0 0 1
    outer loop
      vertex -29.6575 8.26916 18.7
      vertex -28.35 7.76404 18.7
      vertex -29.6575 8.53084 18.7
    endloop
  endfacet
  facet normal 0 0 1
    outer loop
      vertex -29.6575 8.53084 18.7
      vertex -29.1127 9.2084 18.7
      vertex -29.5377 8.89962 18.7
    endloop
  endfacet
  facet normal 0 -0 1
    outer loop
      vertex -29.1127 7.5916 18.7
      vertex -28.35 7.76404 18.7
      vertex -29.6575 8.26916 18.7
    endloop
  endfacet
  facet normal 0 0 1
    outer loop
      vertex -28.35 7.76404 18.7
      vertex -29.1127 7.5916 18.7
      vertex -28.5873 7.5916 18.7
    endloop
  endfacet
  facet normal 0 0 1
    outer loop
      vertex -29.1127 7.5916 18.7
      vertex -29.6575 8.26916 18.7
      vertex -29.5377 7.90038 18.7
    endloop
  endfacet
  facet normal -0.587785 0.809018 0
    outer loop
      vertex -29.1127 9.2084 0
      vertex -29.5377 8.89962 18.7
      vertex -29.1127 9.2084 18.7
    endloop
  endfacet
  facet normal -0.587785 0.809018 0
    outer loop
      vertex -29.5377 8.89962 18.7
      vertex -29.1127 9.2084 0
      vertex -29.5377 8.89962 0
    endloop
  endfacet
  facet normal -0.951075 -0.308961 0
    outer loop
      vertex -29.5377 7.90038 0
      vertex -29.6575 8.26916 18.7
      vertex -29.6575 8.26916 0
    endloop
  endfacet
  facet normal -0.951075 -0.308961 0
    outer loop
      vertex -29.6575 8.26916 18.7
      vertex -29.5377 7.90038 0
      vertex -29.5377 7.90038 18.7
    endloop
  endfacet
  facet normal 0 -1 0
    outer loop
      vertex -29.1127 7.5916 18.7
      vertex -28.85 7.5916 18.6
      vertex -28.5873 7.5916 18.7
    endloop
  endfacet
  facet normal 0 -1 0
    outer loop
      vertex -29.1127 7.5916 0
      vertex -28.85 7.5916 18.6
      vertex -29.1127 7.5916 18.7
    endloop
  endfacet
  facet normal 0 -1 -0
    outer loop
      vertex -28.85 7.5916 18.6
      vertex -29.1127 7.5916 0
      vertex -28.85 7.5916 0
    endloop
  endfacet
  facet normal 0 -1 -0
    outer loop
      vertex -28.5873 7.5916 18.7
      vertex -28.85 7.5916 18.6
      vertex -28.5873 7.5916 18.6
    endloop
  endfacet
  facet normal 0.587855 -0.808966 0
    outer loop
      vertex -28.5873 7.5916 18.6
      vertex -28.35 7.76404 18.7
      vertex -28.5873 7.5916 18.7
    endloop
  endfacet
  facet normal 0.587855 -0.808966 0
    outer loop
      vertex -28.35 7.76404 18.7
      vertex -28.5873 7.5916 18.6
      vertex -28.35 7.76404 18.6
    endloop
  endfacet
  facet normal -0.587785 -0.809018 0
    outer loop
      vertex -29.5377 7.90038 0
      vertex -29.1127 7.5916 18.7
      vertex -29.5377 7.90038 18.7
    endloop
  endfacet
  facet normal -0.587785 -0.809018 -0
    outer loop
      vertex -29.1127 7.5916 18.7
      vertex -29.5377 7.90038 0
      vertex -29.1127 7.5916 0
    endloop
  endfacet
  facet normal 0 1 0
    outer loop
      vertex -28.85 11.3084 18.6
      vertex -28.5873 11.3084 18.7
      vertex -28.5873 11.3084 18.6
    endloop
  endfacet
  facet normal 0 1 0
    outer loop
      vertex -28.5873 11.3084 18.7
      vertex -28.85 11.3084 18.6
      vertex -29.1127 11.3084 18.7
    endloop
  endfacet
  facet normal 0 1 0
    outer loop
      vertex -29.1127 11.3084 0
      vertex -28.85 11.3084 18.6
      vertex -28.85 11.3084 0
    endloop
  endfacet
  facet normal 0 1 0
    outer loop
      vertex -28.85 11.3084 18.6
      vertex -29.1127 11.3084 0
      vertex -29.1127 11.3084 18.7
    endloop
  endfacet
  facet normal 0.587766 0.809031 -0
    outer loop
      vertex -28.35 11.136 18.6
      vertex -28.5873 11.3084 18.7
      vertex -28.35 11.136 18.7
    endloop
  endfacet
  facet normal 0.587766 0.809031 0
    outer loop
      vertex -28.5873 11.3084 18.7
      vertex -28.35 11.136 18.6
      vertex -28.5873 11.3084 18.6
    endloop
  endfacet
  facet normal -0.95108 -0.308946 0
    outer loop
      vertex -29.5377 10.0004 0
      vertex -29.6575 10.3692 18.7
      vertex -29.6575 10.3692 0
    endloop
  endfacet
  facet normal -0.95108 -0.308946 0
    outer loop
      vertex -29.6575 10.3692 18.7
      vertex -29.5377 10.0004 0
      vertex -29.5377 10.0004 18.7
    endloop
  endfacet
  facet normal -0.587809 0.808999 0
    outer loop
      vertex -29.1127 11.3084 0
      vertex -29.5377 10.9996 18.7
      vertex -29.1127 11.3084 18.7
    endloop
  endfacet
  facet normal -0.587809 0.808999 0
    outer loop
      vertex -29.5377 10.9996 18.7
      vertex -29.1127 11.3084 0
      vertex -29.5377 10.9996 0
    endloop
  endfacet
  facet normal 0.587855 -0.808966 0
    outer loop
      vertex -28.5873 9.6916 18.6
      vertex -28.35 9.86404 18.7
      vertex -28.5873 9.6916 18.7
    endloop
  endfacet
  facet normal 0.587855 -0.808966 0
    outer loop
      vertex -28.35 9.86404 18.7
      vertex -28.5873 9.6916 18.6
      vertex -28.35 9.86404 18.6
    endloop
  endfacet
  facet normal -0.587809 -0.808999 0
    outer loop
      vertex -29.5377 10.0004 0
      vertex -29.1127 9.6916 18.7
      vertex -29.5377 10.0004 18.7
    endloop
  endfacet
  facet normal -0.587809 -0.808999 -0
    outer loop
      vertex -29.1127 9.6916 18.7
      vertex -29.5377 10.0004 0
      vertex -29.1127 9.6916 0
    endloop
  endfacet
  facet normal 0 -1 0
    outer loop
      vertex -29.1127 9.6916 18.7
      vertex -28.85 9.6916 18.6
      vertex -28.5873 9.6916 18.7
    endloop
  endfacet
  facet normal 0 -1 0
    outer loop
      vertex -29.1127 9.6916 0
      vertex -28.85 9.6916 18.6
      vertex -29.1127 9.6916 18.7
    endloop
  endfacet
  facet normal 0 -1 -0
    outer loop
      vertex -28.85 9.6916 18.6
      vertex -29.1127 9.6916 0
      vertex -28.85 9.6916 0
    endloop
  endfacet
  facet normal 0 -1 -0
    outer loop
      vertex -28.5873 9.6916 18.7
      vertex -28.85 9.6916 18.6
      vertex -28.5873 9.6916 18.6
    endloop
  endfacet
  facet normal -0 0 1
    outer loop
      vertex -29.1127 11.3084 18.7
      vertex -28.35 11.136 18.7
      vertex -28.5873 11.3084 18.7
    endloop
  endfacet
  facet normal 0 0 1
    outer loop
      vertex -28.35 11.136 18.7
      vertex -29.6575 10.6308 18.7
      vertex -28.35 9.86404 18.7
    endloop
  endfacet
  facet normal 0 0 1
    outer loop
      vertex -28.35 11.136 18.7
      vertex -29.1127 11.3084 18.7
      vertex -29.6575 10.6308 18.7
    endloop
  endfacet
  facet normal -0 0 1
    outer loop
      vertex -29.6575 10.3692 18.7
      vertex -28.35 9.86404 18.7
      vertex -29.6575 10.6308 18.7
    endloop
  endfacet
  facet normal 0 0 1
    outer loop
      vertex -29.6575 10.6308 18.7
      vertex -29.1127 11.3084 18.7
      vertex -29.5377 10.9996 18.7
    endloop
  endfacet
  facet normal 0 -0 1
    outer loop
      vertex -29.1127 9.6916 18.7
      vertex -28.35 9.86404 18.7
      vertex -29.6575 10.3692 18.7
    endloop
  endfacet
  facet normal 0 0 1
    outer loop
      vertex -28.35 9.86404 18.7
      vertex -29.1127 9.6916 18.7
      vertex -28.5873 9.6916 18.7
    endloop
  endfacet
  facet normal 0 0 1
    outer loop
      vertex -29.1127 9.6916 18.7
      vertex -29.6575 10.3692 18.7
      vertex -29.5377 10.0004 18.7
    endloop
  endfacet
  facet normal -0.95108 0.308946 0
    outer loop
      vertex -29.6575 10.6308 0
      vertex -29.5377 10.9996 18.7
      vertex -29.5377 10.9996 0
    endloop
  endfacet
  facet normal -0.95108 0.308946 0
    outer loop
      vertex -29.5377 10.9996 18.7
      vertex -29.6575 10.6308 0
      vertex -29.6575 10.6308 18.7
    endloop
  endfacet
  facet normal -0.95108 -0.308946 0
    outer loop
      vertex -29.5377 12.1004 0
      vertex -29.6575 12.4692 18.7
      vertex -29.6575 12.4692 0
    endloop
  endfacet
  facet normal -0.95108 -0.308946 0
    outer loop
      vertex -29.6575 12.4692 18.7
      vertex -29.5377 12.1004 0
      vertex -29.5377 12.1004 18.7
    endloop
  endfacet
  facet normal 0 -1 0
    outer loop
      vertex -29.1127 11.7916 18.7
      vertex -28.85 11.7916 18.6
      vertex -28.5873 11.7916 18.7
    endloop
  endfacet
  facet normal 0 -1 0
    outer loop
      vertex -29.1127 11.7916 0
      vertex -28.85 11.7916 18.6
      vertex -29.1127 11.7916 18.7
    endloop
  endfacet
  facet normal 0 -1 -0
    outer loop
      vertex -28.85 11.7916 18.6
      vertex -29.1127 11.7916 0
      vertex -28.85 11.7916 0
    endloop
  endfacet
  facet normal 0 -1 -0
    outer loop
      vertex -28.5873 11.7916 18.7
      vertex -28.85 11.7916 18.6
      vertex -28.5873 11.7916 18.6
    endloop
  endfacet
  facet normal 0.587766 -0.809031 0
    outer loop
      vertex -28.5873 11.7916 18.6
      vertex -28.35 11.964 18.7
      vertex -28.5873 11.7916 18.7
    endloop
  endfacet
  facet normal 0.587766 -0.809031 0
    outer loop
      vertex -28.35 11.964 18.7
      vertex -28.5873 11.7916 18.6
      vertex -28.35 11.964 18.6
    endloop
  endfacet
  facet normal -0.587809 -0.808999 0
    outer loop
      vertex -29.5377 12.1004 0
      vertex -29.1127 11.7916 18.7
      vertex -29.5377 12.1004 18.7
    endloop
  endfacet
  facet normal -0.587809 -0.808999 -0
    outer loop
      vertex -29.1127 11.7916 18.7
      vertex -29.5377 12.1004 0
      vertex -29.1127 11.7916 0
    endloop
  endfacet
  facet normal 0.95108 0.308946 0
    outer loop
      vertex 29.6575 -12.4692 18.7
      vertex 29.5377 -12.1004 0
      vertex 29.5377 -12.1004 18.7
    endloop
  endfacet
  facet normal 0.95108 0.308946 0
    outer loop
      vertex 29.5377 -12.1004 0
      vertex 29.6575 -12.4692 18.7
      vertex 29.6575 -12.4692 0
    endloop
  endfacet
  facet normal 0 1 0
    outer loop
      vertex 29.1127 -11.7916 18.7
      vertex 28.85 -11.7916 18.6
      vertex 28.5873 -11.7916 18.7
    endloop
  endfacet
  facet normal 0 1 -0
    outer loop
      vertex 29.1127 -11.7916 0
      vertex 28.85 -11.7916 18.6
      vertex 29.1127 -11.7916 18.7
    endloop
  endfacet
  facet normal 0 1 0
    outer loop
      vertex 28.85 -11.7916 18.6
      vertex 29.1127 -11.7916 0
      vertex 28.85 -11.7916 0
    endloop
  endfacet
  facet normal 0 1 0
    outer loop
      vertex 28.5873 -11.7916 18.7
      vertex 28.85 -11.7916 18.6
      vertex 28.5873 -11.7916 18.6
    endloop
  endfacet
  facet normal 0.587809 0.808999 -0
    outer loop
      vertex 29.5377 -12.1004 0
      vertex 29.1127 -11.7916 18.7
      vertex 29.5377 -12.1004 18.7
    endloop
  endfacet
  facet normal 0.587809 0.808999 0
    outer loop
      vertex 29.1127 -11.7916 18.7
      vertex 29.5377 -12.1004 0
      vertex 29.1127 -11.7916 0
    endloop
  endfacet
  facet normal -0.587766 0.809031 0
    outer loop
      vertex 28.5873 -11.7916 18.6
      vertex 28.35 -11.964 18.7
      vertex 28.5873 -11.7916 18.7
    endloop
  endfacet
  facet normal -0.587766 0.809031 0
    outer loop
      vertex 28.35 -11.964 18.7
      vertex 28.5873 -11.7916 18.6
      vertex 28.35 -11.964 18.6
    endloop
  endfacet
  facet normal 0.95108 0.308946 0
    outer loop
      vertex 29.6575 -10.3692 18.7
      vertex 29.5377 -10.0004 0
      vertex 29.5377 -10.0004 18.7
    endloop
  endfacet
  facet normal 0.95108 0.308946 0
    outer loop
      vertex 29.5377 -10.0004 0
      vertex 29.6575 -10.3692 18.7
      vertex 29.6575 -10.3692 0
    endloop
  endfacet
  facet normal 0 1 0
    outer loop
      vertex 29.1127 -9.6916 18.7
      vertex 28.85 -9.6916 18.6
      vertex 28.5873 -9.6916 18.7
    endloop
  endfacet
  facet normal 0 1 -0
    outer loop
      vertex 29.1127 -9.6916 0
      vertex 28.85 -9.6916 18.6
      vertex 29.1127 -9.6916 18.7
    endloop
  endfacet
  facet normal 0 1 0
    outer loop
      vertex 28.85 -9.6916 18.6
      vertex 29.1127 -9.6916 0
      vertex 28.85 -9.6916 0
    endloop
  endfacet
  facet normal 0 1 0
    outer loop
      vertex 28.5873 -9.6916 18.7
      vertex 28.85 -9.6916 18.6
      vertex 28.5873 -9.6916 18.6
    endloop
  endfacet
  facet normal 0.587809 0.808999 -0
    outer loop
      vertex 29.5377 -10.0004 0
      vertex 29.1127 -9.6916 18.7
      vertex 29.5377 -10.0004 18.7
    endloop
  endfacet
  facet normal 0.587809 0.808999 0
    outer loop
      vertex 29.1127 -9.6916 18.7
      vertex 29.5377 -10.0004 0
      vertex 29.1127 -9.6916 0
    endloop
  endfacet
  facet normal 0 0 1
    outer loop
      vertex 29.1127 -9.6916 18.7
      vertex 29.6575 -10.3692 18.7
      vertex 29.5377 -10.0004 18.7
    endloop
  endfacet
  facet normal 0 0 1
    outer loop
      vertex 29.6575 -10.3692 18.7
      vertex 28.35 -9.86404 18.7
      vertex 29.6575 -10.6308 18.7
    endloop
  endfacet
  facet normal 0 0 1
    outer loop
      vertex 29.6575 -10.3692 18.7
      vertex 29.1127 -9.6916 18.7
      vertex 28.35 -9.86404 18.7
    endloop
  endfacet
  facet normal 0 0 1
    outer loop
      vertex 28.35 -11.136 18.7
      vertex 29.6575 -10.6308 18.7
      vertex 28.35 -9.86404 18.7
    endloop
  endfacet
  facet normal 0 0 1
    outer loop
      vertex 28.35 -9.86404 18.7
      vertex 29.1127 -9.6916 18.7
      vertex 28.5873 -9.6916 18.7
    endloop
  endfacet
  facet normal 0 -0 1
    outer loop
      vertex 29.1127 -11.3084 18.7
      vertex 29.6575 -10.6308 18.7
      vertex 28.35 -11.136 18.7
    endloop
  endfacet
  facet normal 0 0 1
    outer loop
      vertex 29.6575 -10.6308 18.7
      vertex 29.1127 -11.3084 18.7
      vertex 29.5377 -10.9996 18.7
    endloop
  endfacet
  facet normal 0 0 1
    outer loop
      vertex 29.1127 -11.3084 18.7
      vertex 28.35 -11.136 18.7
      vertex 28.5873 -11.3084 18.7
    endloop
  endfacet
  facet normal -0.587855 0.808966 0
    outer loop
      vertex 28.5873 -9.6916 18.6
      vertex 28.35 -9.86404 18.7
      vertex 28.5873 -9.6916 18.7
    endloop
  endfacet
  facet normal -0.587855 0.808966 0
    outer loop
      vertex 28.35 -9.86404 18.7
      vertex 28.5873 -9.6916 18.6
      vertex 28.35 -9.86404 18.6
    endloop
  endfacet
  facet normal 0.95108 -0.308946 0
    outer loop
      vertex 29.5377 -10.9996 18.7
      vertex 29.6575 -10.6308 0
      vertex 29.6575 -10.6308 18.7
    endloop
  endfacet
  facet normal 0.95108 -0.308946 0
    outer loop
      vertex 29.6575 -10.6308 0
      vertex 29.5377 -10.9996 18.7
      vertex 29.5377 -10.9996 0
    endloop
  endfacet
  facet normal 0 -1 0
    outer loop
      vertex 28.85 -11.3084 18.6
      vertex 28.5873 -11.3084 18.7
      vertex 28.5873 -11.3084 18.6
    endloop
  endfacet
  facet normal 0 -1 0
    outer loop
      vertex 28.5873 -11.3084 18.7
      vertex 28.85 -11.3084 18.6
      vertex 29.1127 -11.3084 18.7
    endloop
  endfacet
  facet normal 0 -1 0
    outer loop
      vertex 29.1127 -11.3084 0
      vertex 28.85 -11.3084 18.6
      vertex 28.85 -11.3084 0
    endloop
  endfacet
  facet normal 0 -1 0
    outer loop
      vertex 28.85 -11.3084 18.6
      vertex 29.1127 -11.3084 0
      vertex 29.1127 -11.3084 18.7
    endloop
  endfacet
  facet normal 0.587809 -0.808999 0
    outer loop
      vertex 29.1127 -11.3084 0
      vertex 29.5377 -10.9996 18.7
      vertex 29.1127 -11.3084 18.7
    endloop
  endfacet
  facet normal 0.587809 -0.808999 0
    outer loop
      vertex 29.5377 -10.9996 18.7
      vertex 29.1127 -11.3084 0
      vertex 29.5377 -10.9996 0
    endloop
  endfacet
  facet normal -0.587766 -0.809031 0
    outer loop
      vertex 28.35 -11.136 18.6
      vertex 28.5873 -11.3084 18.7
      vertex 28.35 -11.136 18.7
    endloop
  endfacet
  facet normal -0.587766 -0.809031 -0
    outer loop
      vertex 28.5873 -11.3084 18.7
      vertex 28.35 -11.136 18.6
      vertex 28.5873 -11.3084 18.6
    endloop
  endfacet
  facet normal 0.951075 0.308961 0
    outer loop
      vertex 29.6575 -8.26916 18.7
      vertex 29.5377 -7.90038 0
      vertex 29.5377 -7.90038 18.7
    endloop
  endfacet
  facet normal 0.951075 0.308961 0
    outer loop
      vertex 29.5377 -7.90038 0
      vertex 29.6575 -8.26916 18.7
      vertex 29.6575 -8.26916 0
    endloop
  endfacet
  facet normal 0 1 0
    outer loop
      vertex 29.1127 -7.5916 18.7
      vertex 28.85 -7.5916 18.6
      vertex 28.5873 -7.5916 18.7
    endloop
  endfacet
  facet normal 0 1 -0
    outer loop
      vertex 29.1127 -7.5916 0
      vertex 28.85 -7.5916 18.6
      vertex 29.1127 -7.5916 18.7
    endloop
  endfacet
  facet normal 0 1 0
    outer loop
      vertex 28.85 -7.5916 18.6
      vertex 29.1127 -7.5916 0
      vertex 28.85 -7.5916 0
    endloop
  endfacet
  facet normal 0 1 0
    outer loop
      vertex 28.5873 -7.5916 18.7
      vertex 28.85 -7.5916 18.6
      vertex 28.5873 -7.5916 18.6
    endloop
  endfacet
  facet normal 0.587785 0.809018 -0
    outer loop
      vertex 29.5377 -7.90038 0
      vertex 29.1127 -7.5916 18.7
      vertex 29.5377 -7.90038 18.7
    endloop
  endfacet
  facet normal 0.587785 0.809018 0
    outer loop
      vertex 29.1127 -7.5916 18.7
      vertex 29.5377 -7.90038 0
      vertex 29.1127 -7.5916 0
    endloop
  endfacet
  facet normal 0 0 1
    outer loop
      vertex 29.1127 -7.5916 18.7
      vertex 29.6575 -8.26916 18.7
      vertex 29.5377 -7.90038 18.7
    endloop
  endfacet
  facet normal 0 0 1
    outer loop
      vertex 29.6575 -8.26916 18.7
      vertex 28.35 -7.76404 18.7
      vertex 29.6575 -8.53084 18.7
    endloop
  endfacet
  facet normal 0 0 1
    outer loop
      vertex 29.6575 -8.26916 18.7
      vertex 29.1127 -7.5916 18.7
      vertex 28.35 -7.76404 18.7
    endloop
  endfacet
  facet normal 0 0 1
    outer loop
      vertex 28.35 -9.03596 18.7
      vertex 29.6575 -8.53084 18.7
      vertex 28.35 -7.76404 18.7
    endloop
  endfacet
  facet normal 0 0 1
    outer loop
      vertex 28.35 -7.76404 18.7
      vertex 29.1127 -7.5916 18.7
      vertex 28.5873 -7.5916 18.7
    endloop
  endfacet
  facet normal 0 -0 1
    outer loop
      vertex 29.1127 -9.2084 18.7
      vertex 29.6575 -8.53084 18.7
      vertex 28.35 -9.03596 18.7
    endloop
  endfacet
  facet normal 0 0 1
    outer loop
      vertex 29.6575 -8.53084 18.7
      vertex 29.1127 -9.2084 18.7
      vertex 29.5377 -8.89962 18.7
    endloop
  endfacet
  facet normal 0 0 1
    outer loop
      vertex 29.1127 -9.2084 18.7
      vertex 28.35 -9.03596 18.7
      vertex 28.5873 -9.2084 18.7
    endloop
  endfacet
  facet normal -0.587855 0.808966 0
    outer loop
      vertex 28.5873 -7.5916 18.6
      vertex 28.35 -7.76404 18.7
      vertex 28.5873 -7.5916 18.7
    endloop
  endfacet
  facet normal -0.587855 0.808966 0
    outer loop
      vertex 28.35 -7.76404 18.7
      vertex 28.5873 -7.5916 18.6
      vertex 28.35 -7.76404 18.6
    endloop
  endfacet
  facet normal 0.951075 -0.308961 0
    outer loop
      vertex 29.5377 -8.89962 18.7
      vertex 29.6575 -8.53084 0
      vertex 29.6575 -8.53084 18.7
    endloop
  endfacet
  facet normal 0.951075 -0.308961 0
    outer loop
      vertex 29.6575 -8.53084 0
      vertex 29.5377 -8.89962 18.7
      vertex 29.5377 -8.89962 0
    endloop
  endfacet
  facet normal 0 -1 0
    outer loop
      vertex 28.85 -9.2084 18.6
      vertex 28.5873 -9.2084 18.7
      vertex 28.5873 -9.2084 18.6
    endloop
  endfacet
  facet normal 0 -1 0
    outer loop
      vertex 28.5873 -9.2084 18.7
      vertex 28.85 -9.2084 18.6
      vertex 29.1127 -9.2084 18.7
    endloop
  endfacet
  facet normal 0 -1 0
    outer loop
      vertex 29.1127 -9.2084 0
      vertex 28.85 -9.2084 18.6
      vertex 28.85 -9.2084 0
    endloop
  endfacet
  facet normal 0 -1 0
    outer loop
      vertex 28.85 -9.2084 18.6
      vertex 29.1127 -9.2084 0
      vertex 29.1127 -9.2084 18.7
    endloop
  endfacet
  facet normal 0.587785 -0.809018 0
    outer loop
      vertex 29.1127 -9.2084 0
      vertex 29.5377 -8.89962 18.7
      vertex 29.1127 -9.2084 18.7
    endloop
  endfacet
  facet normal 0.587785 -0.809018 0
    outer loop
      vertex 29.5377 -8.89962 18.7
      vertex 29.1127 -9.2084 0
      vertex 29.5377 -8.89962 0
    endloop
  endfacet
  facet normal -0.587855 -0.808966 0
    outer loop
      vertex 28.35 -9.03596 18.6
      vertex 28.5873 -9.2084 18.7
      vertex 28.35 -9.03596 18.7
    endloop
  endfacet
  facet normal -0.587855 -0.808966 -0
    outer loop
      vertex 28.5873 -9.2084 18.7
      vertex 28.35 -9.03596 18.6
      vertex 28.5873 -9.2084 18.6
    endloop
  endfacet
  facet normal 0.951075 0.308961 0
    outer loop
      vertex 29.6575 -6.16916 18.7
      vertex 29.5377 -5.80038 0
      vertex 29.5377 -5.80038 18.7
    endloop
  endfacet
  facet normal 0.951075 0.308961 0
    outer loop
      vertex 29.5377 -5.80038 0
      vertex 29.6575 -6.16916 18.7
      vertex 29.6575 -6.16916 0
    endloop
  endfacet
  facet normal 0 1 0
    outer loop
      vertex 29.1127 -5.4916 18.7
      vertex 28.85 -5.4916 18.6
      vertex 28.5873 -5.4916 18.7
    endloop
  endfacet
  facet normal 0 1 -0
    outer loop
      vertex 29.1127 -5.4916 14.5853
      vertex 28.85 -5.4916 18.6
      vertex 29.1127 -5.4916 18.7
    endloop
  endfacet
  facet normal 0 1 0
    outer loop
      vertex 28.85 -5.4916 18.6
      vertex 29.1127 -5.4916 14.5853
      vertex 28.85 -5.4916 14.5853
    endloop
  endfacet
  facet normal 0 1 0
    outer loop
      vertex 28.5873 -5.4916 18.7
      vertex 28.85 -5.4916 18.6
      vertex 28.5873 -5.4916 18.6
    endloop
  endfacet
  facet normal 0 1 -0
    outer loop
      vertex 29.1127 -5.4916 0
      vertex 28.85 -5.4916 14.4147
      vertex 29.1127 -5.4916 14.4147
    endloop
  endfacet
  facet normal 0 1 0
    outer loop
      vertex 28.85 -5.4916 14.4147
      vertex 29.1127 -5.4916 0
      vertex 28.85 -5.4916 0
    endloop
  endfacet
  facet normal 0.587785 0.809018 0
    outer loop
      vertex 29.5377 -5.80038 18.7
      vertex 29.1127 -5.4916 14.5853
      vertex 29.1127 -5.4916 18.7
    endloop
  endfacet
  facet normal 0.58895 0.808169 -0.000184028
    outer loop
      vertex 29.5377 -5.80038 18.7
      vertex 29.1242 -5.5 14.5
      vertex 29.1127 -5.4916 14.5853
    endloop
  endfacet
  facet normal 0.587727 0.809059 -0
    outer loop
      vertex 29.5377 -5.80038 0
      vertex 29.1242 -5.5 14.5
      vertex 29.5377 -5.80038 18.7
    endloop
  endfacet
  facet normal 0.589472 0.807789 7.6092e-05
    outer loop
      vertex 29.5377 -5.80038 0
      vertex 29.1127 -5.4916 14.4147
      vertex 29.1242 -5.5 14.5
    endloop
  endfacet
  facet normal 0.587785 0.809018 0
    outer loop
      vertex 29.1127 -5.4916 14.4147
      vertex 29.5377 -5.80038 0
      vertex 29.1127 -5.4916 0
    endloop
  endfacet
  facet normal 0 0 1
    outer loop
      vertex 29.1127 -5.4916 18.7
      vertex 29.6575 -6.16916 18.7
      vertex 29.5377 -5.80038 18.7
    endloop
  endfacet
  facet normal 0 0 1
    outer loop
      vertex 29.6575 -6.16916 18.7
      vertex 28.35 -5.66404 18.7
      vertex 29.6575 -6.43084 18.7
    endloop
  endfacet
  facet normal 0 0 1
    outer loop
      vertex 29.6575 -6.16916 18.7
      vertex 29.1127 -5.4916 18.7
      vertex 28.35 -5.66404 18.7
    endloop
  endfacet
  facet normal 0 0 1
    outer loop
      vertex 28.35 -6.93596 18.7
      vertex 29.6575 -6.43084 18.7
      vertex 28.35 -5.66404 18.7
    endloop
  endfacet
  facet normal 0 0 1
    outer loop
      vertex 28.35 -5.66404 18.7
      vertex 29.1127 -5.4916 18.7
      vertex 28.5873 -5.4916 18.7
    endloop
  endfacet
  facet normal 0 -0 1
    outer loop
      vertex 29.1127 -7.1084 18.7
      vertex 29.6575 -6.43084 18.7
      vertex 28.35 -6.93596 18.7
    endloop
  endfacet
  facet normal 0 0 1
    outer loop
      vertex 29.6575 -6.43084 18.7
      vertex 29.1127 -7.1084 18.7
      vertex 29.5377 -6.79962 18.7
    endloop
  endfacet
  facet normal 0 0 1
    outer loop
      vertex 29.1127 -7.1084 18.7
      vertex 28.35 -6.93596 18.7
      vertex 28.5873 -7.1084 18.7
    endloop
  endfacet
  facet normal -0.587855 0.808966 0
    outer loop
      vertex 28.5873 -5.4916 18.6
      vertex 28.35 -5.66404 18.7
      vertex 28.5873 -5.4916 18.7
    endloop
  endfacet
  facet normal -0.587855 0.808966 0
    outer loop
      vertex 28.35 -5.66404 18.7
      vertex 28.5873 -5.4916 18.6
      vertex 28.35 -5.66404 18.6
    endloop
  endfacet
  facet normal 0.951075 -0.308961 0
    outer loop
      vertex 29.5377 -6.79962 18.7
      vertex 29.6575 -6.43084 0
      vertex 29.6575 -6.43084 18.7
    endloop
  endfacet
  facet normal 0.951075 -0.308961 0
    outer loop
      vertex 29.6575 -6.43084 0
      vertex 29.5377 -6.79962 18.7
      vertex 29.5377 -6.79962 0
    endloop
  endfacet
  facet normal 0.587785 -0.809018 0
    outer loop
      vertex 29.1127 -7.1084 0
      vertex 29.5377 -6.79962 18.7
      vertex 29.1127 -7.1084 18.7
    endloop
  endfacet
  facet normal 0.587785 -0.809018 0
    outer loop
      vertex 29.5377 -6.79962 18.7
      vertex 29.1127 -7.1084 0
      vertex 29.5377 -6.79962 0
    endloop
  endfacet
  facet normal 0 -1 0
    outer loop
      vertex 28.85 -7.1084 18.6
      vertex 28.5873 -7.1084 18.7
      vertex 28.5873 -7.1084 18.6
    endloop
  endfacet
  facet normal 0 -1 0
    outer loop
      vertex 28.5873 -7.1084 18.7
      vertex 28.85 -7.1084 18.6
      vertex 29.1127 -7.1084 18.7
    endloop
  endfacet
  facet normal 0 -1 0
    outer loop
      vertex 29.1127 -7.1084 0
      vertex 28.85 -7.1084 18.6
      vertex 28.85 -7.1084 0
    endloop
  endfacet
  facet normal 0 -1 0
    outer loop
      vertex 28.85 -7.1084 18.6
      vertex 29.1127 -7.1084 0
      vertex 29.1127 -7.1084 18.7
    endloop
  endfacet
  facet normal -0.587855 -0.808966 0
    outer loop
      vertex 28.35 -6.93596 18.6
      vertex 28.5873 -7.1084 18.7
      vertex 28.35 -6.93596 18.7
    endloop
  endfacet
  facet normal -0.587855 -0.808966 -0
    outer loop
      vertex 28.5873 -7.1084 18.7
      vertex 28.35 -6.93596 18.6
      vertex 28.5873 -7.1084 18.6
    endloop
  endfacet
  facet normal 0.951075 0.308961 0
    outer loop
      vertex 29.6575 -4.06916 18.7
      vertex 29.5377 -3.70038 18.544
      vertex 29.5377 -3.70038 18.7
    endloop
  endfacet
  facet normal 0.951076 0.308956 -1.3668e-05
    outer loop
      vertex 29.5377 -3.70038 18.544
      vertex 29.6575 -4.06916 18.7
      vertex 29.599 -3.88909 18.3891
    endloop
  endfacet
  facet normal 0.951069 0.308977 0
    outer loop
      vertex 29.599 -3.88909 18.3891
      vertex 29.6575 -4.06916 18.7
      vertex 29.6575 -4.06916 18.1697
    endloop
  endfacet
  facet normal 0.951079 0.308946 5.8275e-07
    outer loop
      vertex 29.6575 -4.06916 0
      vertex 29.5377 -3.70038 10.456
      vertex 29.599 -3.88909 10.6109
    endloop
  endfacet
  facet normal 0.951069 0.308977 -0
    outer loop
      vertex 29.6575 -4.06916 0
      vertex 29.599 -3.88909 10.6109
      vertex 29.6575 -4.06916 10.8303
    endloop
  endfacet
  facet normal 0.951075 0.308961 0
    outer loop
      vertex 29.5377 -3.70038 10.456
      vertex 29.6575 -4.06916 0
      vertex 29.5377 -3.70038 0
    endloop
  endfacet
  facet normal 0 1 -0
    outer loop
      vertex 29.1127 -3.3916 0
      vertex 28.85 -3.3916 10.2026
      vertex 29.1127 -3.3916 10.2026
    endloop
  endfacet
  facet normal 0 1 0
    outer loop
      vertex 28.85 -3.3916 10.2026
      vertex 29.1127 -3.3916 0
      vertex 28.85 -3.3916 0
    endloop
  endfacet
  facet normal 0.587793 0.809011 -0
    outer loop
      vertex 29.5377 -3.70038 18.544
      vertex 29.276 -3.51024 18.7
      vertex 29.5377 -3.70038 18.7
    endloop
  endfacet
  facet normal 0.587785 0.809018 -0
    outer loop
      vertex 29.5377 -3.70038 0
      vertex 29.1127 -3.3916 10.2026
      vertex 29.5377 -3.70038 10.456
    endloop
  endfacet
  facet normal 0.587785 0.809018 0
    outer loop
      vertex 29.1127 -3.3916 10.2026
      vertex 29.5377 -3.70038 0
      vertex 29.1127 -3.3916 0
    endloop
  endfacet
  facet normal 0 0 1
    outer loop
      vertex 29.276 -3.51024 18.7
      vertex 29.6575 -4.06916 18.7
      vertex 29.5377 -3.70038 18.7
    endloop
  endfacet
  facet normal 0 0 1
    outer loop
      vertex 29.6575 -4.06916 18.7
      vertex 29.276 -3.51024 18.7
      vertex 29.6575 -4.33084 18.7
    endloop
  endfacet
  facet normal 0 0 1
    outer loop
      vertex 28.35 -4.83596 18.7
      vertex 29.6575 -4.33084 18.7
      vertex 29.276 -3.51024 18.7
    endloop
  endfacet
  facet normal 0 -0 1
    outer loop
      vertex 29.1127 -5.0084 18.7
      vertex 29.6575 -4.33084 18.7
      vertex 28.35 -4.83596 18.7
    endloop
  endfacet
  facet normal 0 0 1
    outer loop
      vertex 29.6575 -4.33084 18.7
      vertex 29.1127 -5.0084 18.7
      vertex 29.5377 -4.69962 18.7
    endloop
  endfacet
  facet normal 0 0 1
    outer loop
      vertex 28.35 -3.56404 18.7
      vertex 29.276 -3.51024 18.7
      vertex 28.424 -3.51024 18.7
    endloop
  endfacet
  facet normal 0 0 1
    outer loop
      vertex 29.276 -3.51024 18.7
      vertex 28.35 -3.56404 18.7
      vertex 28.35 -4.83596 18.7
    endloop
  endfacet
  facet normal 0 0 1
    outer loop
      vertex 29.1127 -5.0084 18.7
      vertex 28.35 -4.83596 18.7
      vertex 28.5873 -5.0084 18.7
    endloop
  endfacet
  facet normal -0.588042 0.808831 0
    outer loop
      vertex 28.424 -3.51024 18.7
      vertex 28.35 -3.56404 18.6558
      vertex 28.35 -3.56404 18.7
    endloop
  endfacet
  facet normal 0.587785 -0.809018 0
    outer loop
      vertex 29.1127 -5.0084 18.7
      vertex 29.5377 -4.69962 17.3189
      vertex 29.5377 -4.69962 18.7
    endloop
  endfacet
  facet normal 0.587785 -0.809018 0
    outer loop
      vertex 29.5377 -4.69962 17.3189
      vertex 29.1127 -5.0084 18.7
      vertex 29.1127 -5.0084 16.7412
    endloop
  endfacet
  facet normal 0.587785 -0.809018 0
    outer loop
      vertex 29.1127 -5.0084 0
      vertex 29.5377 -4.69962 11.6811
      vertex 29.1127 -5.0084 12.2588
    endloop
  endfacet
  facet normal 0.587785 -0.809018 0
    outer loop
      vertex 29.5377 -4.69962 11.6811
      vertex 29.1127 -5.0084 0
      vertex 29.5377 -4.69962 0
    endloop
  endfacet
  facet normal -0.587855 -0.808966 0
    outer loop
      vertex 28.35 -4.83596 18.6
      vertex 28.5873 -5.0084 18.7
      vertex 28.35 -4.83596 18.7
    endloop
  endfacet
  facet normal -0.587855 -0.808966 -0
    outer loop
      vertex 28.5873 -5.0084 18.7
      vertex 28.35 -4.83596 18.6
      vertex 28.5873 -5.0084 18.6
    endloop
  endfacet
  facet normal 0.951075 -0.308961 0
    outer loop
      vertex 29.5377 -4.69962 18.7
      vertex 29.6575 -4.33084 17.8508
      vertex 29.6575 -4.33084 18.7
    endloop
  endfacet
  facet normal 0.951069 -0.308978 -7.96352e-06
    outer loop
      vertex 29.6575 -4.33084 17.8508
      vertex 29.5377 -4.69962 18.7
      vertex 29.5788 -4.57308 17.5556
    endloop
  endfacet
  facet normal 0.95109 -0.308913 0
    outer loop
      vertex 29.5788 -4.57308 17.5556
      vertex 29.5377 -4.69962 18.7
      vertex 29.5377 -4.69962 17.3189
    endloop
  endfacet
  facet normal 0.951067 -0.308986 8.9161e-07
    outer loop
      vertex 29.5377 -4.69962 0
      vertex 29.6575 -4.33084 11.1492
      vertex 29.5788 -4.57308 11.4444
    endloop
  endfacet
  facet normal 0.95109 -0.308913 0
    outer loop
      vertex 29.5377 -4.69962 0
      vertex 29.5788 -4.57308 11.4444
      vertex 29.5377 -4.69962 11.6811
    endloop
  endfacet
  facet normal 0.951075 -0.308961 0
    outer loop
      vertex 29.6575 -4.33084 11.1492
      vertex 29.5377 -4.69962 0
      vertex 29.6575 -4.33084 0
    endloop
  endfacet
  facet normal 0 -1 0
    outer loop
      vertex 28.85 -5.0084 18.6
      vertex 28.5873 -5.0084 18.7
      vertex 28.5873 -5.0084 18.6
    endloop
  endfacet
  facet normal 0 -1 0
    outer loop
      vertex 28.5873 -5.0084 18.7
      vertex 28.85 -5.0084 18.6
      vertex 29.1127 -5.0084 18.7
    endloop
  endfacet
  facet normal 0 -1 0
    outer loop
      vertex 29.1127 -5.0084 16.7412
      vertex 28.85 -5.0084 18.6
      vertex 28.85 -5.0084 16.7412
    endloop
  endfacet
  facet normal 0 -1 0
    outer loop
      vertex 28.85 -5.0084 18.6
      vertex 29.1127 -5.0084 16.7412
      vertex 29.1127 -5.0084 18.7
    endloop
  endfacet
  facet normal 0 -1 0
    outer loop
      vertex 28.85 -5.0084 0
      vertex 29.1127 -5.0084 12.2588
      vertex 28.85 -5.0084 12.2588
    endloop
  endfacet
  facet normal 0 -1 -0
    outer loop
      vertex 29.1127 -5.0084 12.2588
      vertex 28.85 -5.0084 0
      vertex 29.1127 -5.0084 0
    endloop
  endfacet
  facet normal 0.951075 0.308961 -0
    outer loop
      vertex 29.6575 -1.96916 0
      vertex 29.5377 -1.60038 9.26566
      vertex 29.6575 -1.96916 9.37753
    endloop
  endfacet
  facet normal 0.951075 0.308961 0
    outer loop
      vertex 29.5377 -1.60038 9.26566
      vertex 29.6575 -1.96916 0
      vertex 29.5377 -1.60038 0
    endloop
  endfacet
  facet normal 0 1 -0
    outer loop
      vertex 29.1127 -1.2916 0
      vertex 28.85 -1.2916 9.17199
      vertex 29.1127 -1.2916 9.17199
    endloop
  endfacet
  facet normal 0 1 0
    outer loop
      vertex 28.85 -1.2916 9.17199
      vertex 29.1127 -1.2916 0
      vertex 28.85 -1.2916 0
    endloop
  endfacet
  facet normal 0.587785 0.809018 -0
    outer loop
      vertex 29.5377 -1.60038 0
      vertex 29.1127 -1.2916 9.17199
      vertex 29.5377 -1.60038 9.26566
    endloop
  endfacet
  facet normal 0.587785 0.809018 0
    outer loop
      vertex 29.1127 -1.2916 9.17199
      vertex 29.5377 -1.60038 0
      vertex 29.1127 -1.2916 0
    endloop
  endfacet
  facet normal 0.951075 -0.308961 0
    outer loop
      vertex 29.5377 -2.59962 0
      vertex 29.6575 -2.23084 9.48606
      vertex 29.5377 -2.59962 9.68317
    endloop
  endfacet
  facet normal 0.951075 -0.308961 0
    outer loop
      vertex 29.6575 -2.23084 9.48606
      vertex 29.5377 -2.59962 0
      vertex 29.6575 -2.23084 0
    endloop
  endfacet
  facet normal 0.587785 -0.809018 0
    outer loop
      vertex 29.1127 -2.9084 0
      vertex 29.5377 -2.59962 9.68317
      vertex 29.1127 -2.9084 9.84822
    endloop
  endfacet
  facet normal 0.587785 -0.809018 0
    outer loop
      vertex 29.5377 -2.59962 9.68317
      vertex 29.1127 -2.9084 0
      vertex 29.5377 -2.59962 0
    endloop
  endfacet
  facet normal 0 -1 0
    outer loop
      vertex 28.85 -2.9084 0
      vertex 29.1127 -2.9084 9.84822
      vertex 28.85 -2.9084 9.84822
    endloop
  endfacet
  facet normal 0 -1 -0
    outer loop
      vertex 29.1127 -2.9084 9.84822
      vertex 28.85 -2.9084 0
      vertex 29.1127 -2.9084 0
    endloop
  endfacet
  facet normal 0.951073 0.308967 0
    outer loop
      vertex 29.6575 0.130844 9.01289
      vertex 29.5377 0.499617 0
      vertex 29.5377 0.499617 9.04921
    endloop
  endfacet
  facet normal 0.951073 0.308967 0
    outer loop
      vertex 29.5377 0.499617 0
      vertex 29.6575 0.130844 9.01289
      vertex 29.6575 0.130844 0
    endloop
  endfacet
  facet normal 0 1 -0
    outer loop
      vertex 29.1127 0.808397 0
      vertex 28.85 0.808397 9.07962
      vertex 29.1127 0.808397 9.07962
    endloop
  endfacet
  facet normal 0 1 0
    outer loop
      vertex 28.85 0.808397 9.07962
      vertex 29.1127 0.808397 0
      vertex 28.85 0.808397 0
    endloop
  endfacet
  facet normal 0.587785 0.809018 0
    outer loop
      vertex 29.1127 0.808397 0
      vertex 29.5377 0.499617 9.04921
      vertex 29.5377 0.499617 0
    endloop
  endfacet
  facet normal 0.587785 0.809018 0
    outer loop
      vertex 29.5377 0.499617 9.04921
      vertex 29.1127 0.808397 0
      vertex 29.1127 0.808397 9.07962
    endloop
  endfacet
  facet normal 0.951073 -0.308967 0
    outer loop
      vertex 29.5377 -0.499617 0
      vertex 29.6575 -0.130844 9.01289
      vertex 29.5377 -0.499617 9.04921
    endloop
  endfacet
  facet normal 0.951073 -0.308967 0
    outer loop
      vertex 29.6575 -0.130844 9.01289
      vertex 29.5377 -0.499617 0
      vertex 29.6575 -0.130844 0
    endloop
  endfacet
  facet normal 0.587785 -0.809018 0
    outer loop
      vertex 29.1127 -0.808397 0
      vertex 29.5377 -0.499617 9.04921
      vertex 29.1127 -0.808397 9.07962
    endloop
  endfacet
  facet normal 0.587785 -0.809018 0
    outer loop
      vertex 29.5377 -0.499617 9.04921
      vertex 29.1127 -0.808397 0
      vertex 29.5377 -0.499617 0
    endloop
  endfacet
  facet normal 0 -1 0
    outer loop
      vertex 28.85 -0.808397 0
      vertex 29.1127 -0.808397 9.07962
      vertex 28.85 -0.808397 9.07962
    endloop
  endfacet
  facet normal 0 -1 -0
    outer loop
      vertex 29.1127 -0.808397 9.07962
      vertex 28.85 -0.808397 0
      vertex 29.1127 -0.808397 0
    endloop
  endfacet
  facet normal 0.951075 0.308961 0
    outer loop
      vertex 29.6575 2.23084 9.48606
      vertex 29.5377 2.59962 0
      vertex 29.5377 2.59962 9.68317
    endloop
  endfacet
  facet normal 0.951075 0.308961 0
    outer loop
      vertex 29.5377 2.59962 0
      vertex 29.6575 2.23084 9.48606
      vertex 29.6575 2.23084 0
    endloop
  endfacet
  facet normal 0 1 -0
    outer loop
      vertex 29.1127 2.9084 0
      vertex 28.85 2.9084 9.84822
      vertex 29.1127 2.9084 9.84822
    endloop
  endfacet
  facet normal 0 1 0
    outer loop
      vertex 28.85 2.9084 9.84822
      vertex 29.1127 2.9084 0
      vertex 28.85 2.9084 0
    endloop
  endfacet
  facet normal 0.587785 0.809018 0
    outer loop
      vertex 29.1127 2.9084 0
      vertex 29.5377 2.59962 9.68317
      vertex 29.5377 2.59962 0
    endloop
  endfacet
  facet normal 0.587785 0.809018 0
    outer loop
      vertex 29.5377 2.59962 9.68317
      vertex 29.1127 2.9084 0
      vertex 29.1127 2.9084 9.84822
    endloop
  endfacet
  facet normal 0.951075 -0.308961 0
    outer loop
      vertex 29.5377 1.60038 9.26566
      vertex 29.6575 1.96916 0
      vertex 29.6575 1.96916 9.37753
    endloop
  endfacet
  facet normal 0.951075 -0.308961 0
    outer loop
      vertex 29.6575 1.96916 0
      vertex 29.5377 1.60038 9.26566
      vertex 29.5377 1.60038 0
    endloop
  endfacet
  facet normal 0 -1 0
    outer loop
      vertex 28.85 1.2916 0
      vertex 29.1127 1.2916 9.17199
      vertex 28.85 1.2916 9.17199
    endloop
  endfacet
  facet normal 0 -1 -0
    outer loop
      vertex 29.1127 1.2916 9.17199
      vertex 28.85 1.2916 0
      vertex 29.1127 1.2916 0
    endloop
  endfacet
  facet normal 0.587785 -0.809018 0
    outer loop
      vertex 29.5377 1.60038 0
      vertex 29.1127 1.2916 9.17199
      vertex 29.1127 1.2916 0
    endloop
  endfacet
  facet normal 0.587785 -0.809018 0
    outer loop
      vertex 29.1127 1.2916 9.17199
      vertex 29.5377 1.60038 0
      vertex 29.5377 1.60038 9.26566
    endloop
  endfacet
  facet normal 0.95109 0.308913 0
    outer loop
      vertex 29.5377 4.69962 18.7
      vertex 29.5788 4.57308 17.5556
      vertex 29.5377 4.69962 17.3189
    endloop
  endfacet
  facet normal 0.951075 0.308961 -0
    outer loop
      vertex 29.6575 4.33084 17.8508
      vertex 29.5377 4.69962 18.7
      vertex 29.6575 4.33084 18.7
    endloop
  endfacet
  facet normal 0.951069 0.308978 -7.96352e-06
    outer loop
      vertex 29.5377 4.69962 18.7
      vertex 29.6575 4.33084 17.8508
      vertex 29.5788 4.57308 17.5556
    endloop
  endfacet
  facet normal 0.95109 0.308913 0
    outer loop
      vertex 29.5788 4.57308 11.4444
      vertex 29.5377 4.69962 0
      vertex 29.5377 4.69962 11.6811
    endloop
  endfacet
  facet normal 0.951067 0.308986 8.9161e-07
    outer loop
      vertex 29.6575 4.33084 11.1492
      vertex 29.5377 4.69962 0
      vertex 29.5788 4.57308 11.4444
    endloop
  endfacet
  facet normal 0.951075 0.308961 0
    outer loop
      vertex 29.5377 4.69962 0
      vertex 29.6575 4.33084 11.1492
      vertex 29.6575 4.33084 0
    endloop
  endfacet
  facet normal 0 1 0
    outer loop
      vertex 29.1127 5.0084 18.7
      vertex 28.85 5.0084 18.6
      vertex 28.5873 5.0084 18.7
    endloop
  endfacet
  facet normal 0 1 -0
    outer loop
      vertex 29.1127 5.0084 16.7412
      vertex 28.85 5.0084 18.6
      vertex 29.1127 5.0084 18.7
    endloop
  endfacet
  facet normal 0 1 0
    outer loop
      vertex 28.85 5.0084 18.6
      vertex 29.1127 5.0084 16.7412
      vertex 28.85 5.0084 16.7412
    endloop
  endfacet
  facet normal 0 1 0
    outer loop
      vertex 28.5873 5.0084 18.7
      vertex 28.85 5.0084 18.6
      vertex 28.5873 5.0084 18.6
    endloop
  endfacet
  facet normal 0 1 -0
    outer loop
      vertex 29.1127 5.0084 0
      vertex 28.85 5.0084 12.2588
      vertex 29.1127 5.0084 12.2588
    endloop
  endfacet
  facet normal 0 1 0
    outer loop
      vertex 28.85 5.0084 12.2588
      vertex 29.1127 5.0084 0
      vertex 28.85 5.0084 0
    endloop
  endfacet
  facet normal 0.587785 0.809018 -0
    outer loop
      vertex 29.5377 4.69962 17.3189
      vertex 29.1127 5.0084 18.7
      vertex 29.5377 4.69962 18.7
    endloop
  endfacet
  facet normal 0.587785 0.809018 0
    outer loop
      vertex 29.1127 5.0084 18.7
      vertex 29.5377 4.69962 17.3189
      vertex 29.1127 5.0084 16.7412
    endloop
  endfacet
  facet normal 0.587785 0.809018 0
    outer loop
      vertex 29.1127 5.0084 0
      vertex 29.5377 4.69962 11.6811
      vertex 29.5377 4.69962 0
    endloop
  endfacet
  facet normal 0.587785 0.809018 0
    outer loop
      vertex 29.5377 4.69962 11.6811
      vertex 29.1127 5.0084 0
      vertex 29.1127 5.0084 12.2588
    endloop
  endfacet
  facet normal 0 0 1
    outer loop
      vertex 29.1127 5.0084 18.7
      vertex 29.6575 4.33084 18.7
      vertex 29.5377 4.69962 18.7
    endloop
  endfacet
  facet normal 0 0 1
    outer loop
      vertex 29.6575 4.33084 18.7
      vertex 28.35 4.83596 18.7
      vertex 29.6575 4.06916 18.7
    endloop
  endfacet
  facet normal 0 0 1
    outer loop
      vertex 29.6575 4.06916 18.7
      vertex 29.276 3.51024 18.7
      vertex 29.5377 3.70038 18.7
    endloop
  endfacet
  facet normal 0 0 1
    outer loop
      vertex 29.6575 4.33084 18.7
      vertex 29.1127 5.0084 18.7
      vertex 28.35 4.83596 18.7
    endloop
  endfacet
  facet normal 0 0 1
    outer loop
      vertex 28.35 4.83596 18.7
      vertex 29.1127 5.0084 18.7
      vertex 28.5873 5.0084 18.7
    endloop
  endfacet
  facet normal 0 0 1
    outer loop
      vertex 29.6575 4.06916 18.7
      vertex 28.35 4.83596 18.7
      vertex 29.276 3.51024 18.7
    endloop
  endfacet
  facet normal -0 0 1
    outer loop
      vertex 28.35 3.56404 18.7
      vertex 29.276 3.51024 18.7
      vertex 28.35 4.83596 18.7
    endloop
  endfacet
  facet normal 0 0 1
    outer loop
      vertex 29.276 3.51024 18.7
      vertex 28.35 3.56404 18.7
      vertex 28.424 3.51024 18.7
    endloop
  endfacet
  facet normal -0.587855 0.808966 0
    outer loop
      vertex 28.5873 5.0084 18.6
      vertex 28.35 4.83596 18.7
      vertex 28.5873 5.0084 18.7
    endloop
  endfacet
  facet normal -0.587855 0.808966 0
    outer loop
      vertex 28.35 4.83596 18.7
      vertex 28.5873 5.0084 18.6
      vertex 28.35 4.83596 18.6
    endloop
  endfacet
  facet normal 0.951069 -0.308977 0
    outer loop
      vertex 29.6575 4.06916 18.7
      vertex 29.599 3.88909 18.3891
      vertex 29.6575 4.06916 18.1697
    endloop
  endfacet
  facet normal 0.951075 -0.308961 0
    outer loop
      vertex 29.5377 3.70038 18.544
      vertex 29.6575 4.06916 18.7
      vertex 29.5377 3.70038 18.7
    endloop
  endfacet
  facet normal 0.951076 -0.308956 -1.3668e-05
    outer loop
      vertex 29.6575 4.06916 18.7
      vertex 29.5377 3.70038 18.544
      vertex 29.599 3.88909 18.3891
    endloop
  endfacet
  facet normal 0.951069 -0.308977 0
    outer loop
      vertex 29.599 3.88909 10.6109
      vertex 29.6575 4.06916 0
      vertex 29.6575 4.06916 10.8303
    endloop
  endfacet
  facet normal 0.951079 -0.308946 5.8275e-07
    outer loop
      vertex 29.5377 3.70038 10.456
      vertex 29.6575 4.06916 0
      vertex 29.599 3.88909 10.6109
    endloop
  endfacet
  facet normal 0.951075 -0.308961 0
    outer loop
      vertex 29.6575 4.06916 0
      vertex 29.5377 3.70038 10.456
      vertex 29.5377 3.70038 0
    endloop
  endfacet
  facet normal 0.587793 -0.809011 0
    outer loop
      vertex 29.5377 3.70038 18.7
      vertex 29.276 3.51024 18.7
      vertex 29.5377 3.70038 18.544
    endloop
  endfacet
  facet normal 0.587785 -0.809018 0
    outer loop
      vertex 29.5377 3.70038 0
      vertex 29.1127 3.3916 10.2026
      vertex 29.1127 3.3916 0
    endloop
  endfacet
  facet normal 0.587785 -0.809018 0
    outer loop
      vertex 29.1127 3.3916 10.2026
      vertex 29.5377 3.70038 0
      vertex 29.5377 3.70038 10.456
    endloop
  endfacet
  facet normal 0 -1 0
    outer loop
      vertex 28.85 3.3916 0
      vertex 29.1127 3.3916 10.2026
      vertex 28.85 3.3916 10.2026
    endloop
  endfacet
  facet normal 0 -1 -0
    outer loop
      vertex 29.1127 3.3916 10.2026
      vertex 28.85 3.3916 0
      vertex 29.1127 3.3916 0
    endloop
  endfacet
  facet normal -0.588042 -0.808831 -0
    outer loop
      vertex 28.35 3.56404 18.7
      vertex 28.35 3.56404 18.6558
      vertex 28.424 3.51024 18.7
    endloop
  endfacet
  facet normal 0.951075 0.308961 0
    outer loop
      vertex 29.6575 6.43084 18.7
      vertex 29.5377 6.79962 0
      vertex 29.5377 6.79962 18.7
    endloop
  endfacet
  facet normal 0.951075 0.308961 0
    outer loop
      vertex 29.5377 6.79962 0
      vertex 29.6575 6.43084 18.7
      vertex 29.6575 6.43084 0
    endloop
  endfacet
  facet normal 0 1 0
    outer loop
      vertex 29.1127 7.1084 18.7
      vertex 28.85 7.1084 18.6
      vertex 28.5873 7.1084 18.7
    endloop
  endfacet
  facet normal 0 1 -0
    outer loop
      vertex 29.1127 7.1084 0
      vertex 28.85 7.1084 18.6
      vertex 29.1127 7.1084 18.7
    endloop
  endfacet
  facet normal 0 1 0
    outer loop
      vertex 28.85 7.1084 18.6
      vertex 29.1127 7.1084 0
      vertex 28.85 7.1084 0
    endloop
  endfacet
  facet normal 0 1 0
    outer loop
      vertex 28.5873 7.1084 18.7
      vertex 28.85 7.1084 18.6
      vertex 28.5873 7.1084 18.6
    endloop
  endfacet
  facet normal 0.587785 0.809018 -0
    outer loop
      vertex 29.5377 6.79962 0
      vertex 29.1127 7.1084 18.7
      vertex 29.5377 6.79962 18.7
    endloop
  endfacet
  facet normal 0.587785 0.809018 0
    outer loop
      vertex 29.1127 7.1084 18.7
      vertex 29.5377 6.79962 0
      vertex 29.1127 7.1084 0
    endloop
  endfacet
  facet normal 0 0 1
    outer loop
      vertex 29.1127 7.1084 18.7
      vertex 29.6575 6.43084 18.7
      vertex 29.5377 6.79962 18.7
    endloop
  endfacet
  facet normal 0 0 1
    outer loop
      vertex 29.6575 6.43084 18.7
      vertex 28.35 6.93596 18.7
      vertex 29.6575 6.16916 18.7
    endloop
  endfacet
  facet normal 0 0 1
    outer loop
      vertex 29.6575 6.43084 18.7
      vertex 29.1127 7.1084 18.7
      vertex 28.35 6.93596 18.7
    endloop
  endfacet
  facet normal 0 0 1
    outer loop
      vertex 28.35 5.66404 18.7
      vertex 29.6575 6.16916 18.7
      vertex 28.35 6.93596 18.7
    endloop
  endfacet
  facet normal 0 0 1
    outer loop
      vertex 28.35 6.93596 18.7
      vertex 29.1127 7.1084 18.7
      vertex 28.5873 7.1084 18.7
    endloop
  endfacet
  facet normal 0 -0 1
    outer loop
      vertex 29.1127 5.4916 18.7
      vertex 29.6575 6.16916 18.7
      vertex 28.35 5.66404 18.7
    endloop
  endfacet
  facet normal 0 0 1
    outer loop
      vertex 29.6575 6.16916 18.7
      vertex 29.1127 5.4916 18.7
      vertex 29.5377 5.80038 18.7
    endloop
  endfacet
  facet normal 0 0 1
    outer loop
      vertex 29.1127 5.4916 18.7
      vertex 28.35 5.66404 18.7
      vertex 28.5873 5.4916 18.7
    endloop
  endfacet
  facet normal -0.587855 0.808966 0
    outer loop
      vertex 28.5873 7.1084 18.6
      vertex 28.35 6.93596 18.7
      vertex 28.5873 7.1084 18.7
    endloop
  endfacet
  facet normal -0.587855 0.808966 0
    outer loop
      vertex 28.35 6.93596 18.7
      vertex 28.5873 7.1084 18.6
      vertex 28.35 6.93596 18.6
    endloop
  endfacet
  facet normal 0.587785 -0.809018 0
    outer loop
      vertex 29.1127 5.4916 14.5853
      vertex 29.5377 5.80038 18.7
      vertex 29.1127 5.4916 18.7
    endloop
  endfacet
  facet normal 0.58895 -0.808169 -0.000184028
    outer loop
      vertex 29.1242 5.5 14.5
      vertex 29.5377 5.80038 18.7
      vertex 29.1127 5.4916 14.5853
    endloop
  endfacet
  facet normal 0.587785 -0.809018 0
    outer loop
      vertex 29.5377 5.80038 0
      vertex 29.1127 5.4916 14.4147
      vertex 29.1127 5.4916 0
    endloop
  endfacet
  facet normal 0.589472 -0.807789 7.6092e-05
    outer loop
      vertex 29.1127 5.4916 14.4147
      vertex 29.5377 5.80038 0
      vertex 29.1242 5.5 14.5
    endloop
  endfacet
  facet normal 0.587727 -0.809059 0
    outer loop
      vertex 29.1242 5.5 14.5
      vertex 29.5377 5.80038 0
      vertex 29.5377 5.80038 18.7
    endloop
  endfacet
  facet normal 0.951075 -0.308961 0
    outer loop
      vertex 29.5377 5.80038 18.7
      vertex 29.6575 6.16916 0
      vertex 29.6575 6.16916 18.7
    endloop
  endfacet
  facet normal 0.951075 -0.308961 0
    outer loop
      vertex 29.6575 6.16916 0
      vertex 29.5377 5.80038 18.7
      vertex 29.5377 5.80038 0
    endloop
  endfacet
  facet normal 0 -1 0
    outer loop
      vertex 28.85 5.4916 18.6
      vertex 28.5873 5.4916 18.7
      vertex 28.5873 5.4916 18.6
    endloop
  endfacet
  facet normal 0 -1 0
    outer loop
      vertex 28.5873 5.4916 18.7
      vertex 28.85 5.4916 18.6
      vertex 29.1127 5.4916 18.7
    endloop
  endfacet
  facet normal 0 -1 0
    outer loop
      vertex 29.1127 5.4916 14.5853
      vertex 28.85 5.4916 18.6
      vertex 28.85 5.4916 14.5853
    endloop
  endfacet
  facet normal 0 -1 0
    outer loop
      vertex 28.85 5.4916 18.6
      vertex 29.1127 5.4916 14.5853
      vertex 29.1127 5.4916 18.7
    endloop
  endfacet
  facet normal 0 -1 0
    outer loop
      vertex 28.85 5.4916 0
      vertex 29.1127 5.4916 14.4147
      vertex 28.85 5.4916 14.4147
    endloop
  endfacet
  facet normal 0 -1 -0
    outer loop
      vertex 29.1127 5.4916 14.4147
      vertex 28.85 5.4916 0
      vertex 29.1127 5.4916 0
    endloop
  endfacet
  facet normal -0.587855 -0.808966 0
    outer loop
      vertex 28.35 5.66404 18.6
      vertex 28.5873 5.4916 18.7
      vertex 28.35 5.66404 18.7
    endloop
  endfacet
  facet normal -0.587855 -0.808966 -0
    outer loop
      vertex 28.5873 5.4916 18.7
      vertex 28.35 5.66404 18.6
      vertex 28.5873 5.4916 18.6
    endloop
  endfacet
  facet normal 0.951075 0.308961 0
    outer loop
      vertex 29.6575 8.53084 18.7
      vertex 29.5377 8.89962 0
      vertex 29.5377 8.89962 18.7
    endloop
  endfacet
  facet normal 0.951075 0.308961 0
    outer loop
      vertex 29.5377 8.89962 0
      vertex 29.6575 8.53084 18.7
      vertex 29.6575 8.53084 0
    endloop
  endfacet
  facet normal 0 1 0
    outer loop
      vertex 29.1127 9.2084 18.7
      vertex 28.85 9.2084 18.6
      vertex 28.5873 9.2084 18.7
    endloop
  endfacet
  facet normal 0 1 -0
    outer loop
      vertex 29.1127 9.2084 0
      vertex 28.85 9.2084 18.6
      vertex 29.1127 9.2084 18.7
    endloop
  endfacet
  facet normal 0 1 0
    outer loop
      vertex 28.85 9.2084 18.6
      vertex 29.1127 9.2084 0
      vertex 28.85 9.2084 0
    endloop
  endfacet
  facet normal 0 1 0
    outer loop
      vertex 28.5873 9.2084 18.7
      vertex 28.85 9.2084 18.6
      vertex 28.5873 9.2084 18.6
    endloop
  endfacet
  facet normal 0.587785 0.809018 -0
    outer loop
      vertex 29.5377 8.89962 0
      vertex 29.1127 9.2084 18.7
      vertex 29.5377 8.89962 18.7
    endloop
  endfacet
  facet normal 0.587785 0.809018 0
    outer loop
      vertex 29.1127 9.2084 18.7
      vertex 29.5377 8.89962 0
      vertex 29.1127 9.2084 0
    endloop
  endfacet
  facet normal 0 0 1
    outer loop
      vertex 29.1127 9.2084 18.7
      vertex 29.6575 8.53084 18.7
      vertex 29.5377 8.89962 18.7
    endloop
  endfacet
  facet normal 0 0 1
    outer loop
      vertex 29.6575 8.53084 18.7
      vertex 28.35 9.03596 18.7
      vertex 29.6575 8.26916 18.7
    endloop
  endfacet
  facet normal 0 0 1
    outer loop
      vertex 29.6575 8.53084 18.7
      vertex 29.1127 9.2084 18.7
      vertex 28.35 9.03596 18.7
    endloop
  endfacet
  facet normal 0 0 1
    outer loop
      vertex 28.35 7.76404 18.7
      vertex 29.6575 8.26916 18.7
      vertex 28.35 9.03596 18.7
    endloop
  endfacet
  facet normal 0 0 1
    outer loop
      vertex 28.35 9.03596 18.7
      vertex 29.1127 9.2084 18.7
      vertex 28.5873 9.2084 18.7
    endloop
  endfacet
  facet normal 0 -0 1
    outer loop
      vertex 29.1127 7.5916 18.7
      vertex 29.6575 8.26916 18.7
      vertex 28.35 7.76404 18.7
    endloop
  endfacet
  facet normal 0 0 1
    outer loop
      vertex 29.6575 8.26916 18.7
      vertex 29.1127 7.5916 18.7
      vertex 29.5377 7.90038 18.7
    endloop
  endfacet
  facet normal 0 0 1
    outer loop
      vertex 29.1127 7.5916 18.7
      vertex 28.35 7.76404 18.7
      vertex 28.5873 7.5916 18.7
    endloop
  endfacet
  facet normal -0.587855 0.808966 0
    outer loop
      vertex 28.5873 9.2084 18.6
      vertex 28.35 9.03596 18.7
      vertex 28.5873 9.2084 18.7
    endloop
  endfacet
  facet normal -0.587855 0.808966 0
    outer loop
      vertex 28.35 9.03596 18.7
      vertex 28.5873 9.2084 18.6
      vertex 28.35 9.03596 18.6
    endloop
  endfacet
  facet normal 0.951075 -0.308961 0
    outer loop
      vertex 29.5377 7.90038 18.7
      vertex 29.6575 8.26916 0
      vertex 29.6575 8.26916 18.7
    endloop
  endfacet
  facet normal 0.951075 -0.308961 0
    outer loop
      vertex 29.6575 8.26916 0
      vertex 29.5377 7.90038 18.7
      vertex 29.5377 7.90038 0
    endloop
  endfacet
  facet normal 0 -1 0
    outer loop
      vertex 28.85 7.5916 18.6
      vertex 28.5873 7.5916 18.7
      vertex 28.5873 7.5916 18.6
    endloop
  endfacet
  facet normal 0 -1 0
    outer loop
      vertex 28.5873 7.5916 18.7
      vertex 28.85 7.5916 18.6
      vertex 29.1127 7.5916 18.7
    endloop
  endfacet
  facet normal 0 -1 0
    outer loop
      vertex 29.1127 7.5916 0
      vertex 28.85 7.5916 18.6
      vertex 28.85 7.5916 0
    endloop
  endfacet
  facet normal 0 -1 0
    outer loop
      vertex 28.85 7.5916 18.6
      vertex 29.1127 7.5916 0
      vertex 29.1127 7.5916 18.7
    endloop
  endfacet
  facet normal 0.587785 -0.809018 0
    outer loop
      vertex 29.1127 7.5916 0
      vertex 29.5377 7.90038 18.7
      vertex 29.1127 7.5916 18.7
    endloop
  endfacet
  facet normal 0.587785 -0.809018 0
    outer loop
      vertex 29.5377 7.90038 18.7
      vertex 29.1127 7.5916 0
      vertex 29.5377 7.90038 0
    endloop
  endfacet
  facet normal -0.587855 -0.808966 0
    outer loop
      vertex 28.35 7.76404 18.6
      vertex 28.5873 7.5916 18.7
      vertex 28.35 7.76404 18.7
    endloop
  endfacet
  facet normal -0.587855 -0.808966 -0
    outer loop
      vertex 28.5873 7.5916 18.7
      vertex 28.35 7.76404 18.6
      vertex 28.5873 7.5916 18.6
    endloop
  endfacet
  facet normal 0.95108 0.308946 0
    outer loop
      vertex 29.6575 10.6308 18.7
      vertex 29.5377 10.9996 0
      vertex 29.5377 10.9996 18.7
    endloop
  endfacet
  facet normal 0.95108 0.308946 0
    outer loop
      vertex 29.5377 10.9996 0
      vertex 29.6575 10.6308 18.7
      vertex 29.6575 10.6308 0
    endloop
  endfacet
  facet normal 0 1 0
    outer loop
      vertex 29.1127 11.3084 18.7
      vertex 28.85 11.3084 18.6
      vertex 28.5873 11.3084 18.7
    endloop
  endfacet
  facet normal 0 1 -0
    outer loop
      vertex 29.1127 11.3084 0
      vertex 28.85 11.3084 18.6
      vertex 29.1127 11.3084 18.7
    endloop
  endfacet
  facet normal 0 1 0
    outer loop
      vertex 28.85 11.3084 18.6
      vertex 29.1127 11.3084 0
      vertex 28.85 11.3084 0
    endloop
  endfacet
  facet normal 0 1 0
    outer loop
      vertex 28.5873 11.3084 18.7
      vertex 28.85 11.3084 18.6
      vertex 28.5873 11.3084 18.6
    endloop
  endfacet
  facet normal 0.587809 0.808999 -0
    outer loop
      vertex 29.5377 10.9996 0
      vertex 29.1127 11.3084 18.7
      vertex 29.5377 10.9996 18.7
    endloop
  endfacet
  facet normal 0.587809 0.808999 0
    outer loop
      vertex 29.1127 11.3084 18.7
      vertex 29.5377 10.9996 0
      vertex 29.1127 11.3084 0
    endloop
  endfacet
  facet normal 0 0 1
    outer loop
      vertex 29.1127 11.3084 18.7
      vertex 29.6575 10.6308 18.7
      vertex 29.5377 10.9996 18.7
    endloop
  endfacet
  facet normal 0 0 1
    outer loop
      vertex 29.6575 10.6308 18.7
      vertex 28.35 11.136 18.7
      vertex 29.6575 10.3692 18.7
    endloop
  endfacet
  facet normal 0 0 1
    outer loop
      vertex 29.6575 10.6308 18.7
      vertex 29.1127 11.3084 18.7
      vertex 28.35 11.136 18.7
    endloop
  endfacet
  facet normal 0 0 1
    outer loop
      vertex 28.35 9.86404 18.7
      vertex 29.6575 10.3692 18.7
      vertex 28.35 11.136 18.7
    endloop
  endfacet
  facet normal 0 0 1
    outer loop
      vertex 28.35 11.136 18.7
      vertex 29.1127 11.3084 18.7
      vertex 28.5873 11.3084 18.7
    endloop
  endfacet
  facet normal 0 -0 1
    outer loop
      vertex 29.1127 9.6916 18.7
      vertex 29.6575 10.3692 18.7
      vertex 28.35 9.86404 18.7
    endloop
  endfacet
  facet normal 0 0 1
    outer loop
      vertex 29.6575 10.3692 18.7
      vertex 29.1127 9.6916 18.7
      vertex 29.5377 10.0004 18.7
    endloop
  endfacet
  facet normal 0 0 1
    outer loop
      vertex 29.1127 9.6916 18.7
      vertex 28.35 9.86404 18.7
      vertex 28.5873 9.6916 18.7
    endloop
  endfacet
  facet normal 0.587809 -0.808999 0
    outer loop
      vertex 29.1127 9.6916 0
      vertex 29.5377 10.0004 18.7
      vertex 29.1127 9.6916 18.7
    endloop
  endfacet
  facet normal 0.587809 -0.808999 0
    outer loop
      vertex 29.5377 10.0004 18.7
      vertex 29.1127 9.6916 0
      vertex 29.5377 10.0004 0
    endloop
  endfacet
  facet normal -0.587855 -0.808966 0
    outer loop
      vertex 28.35 9.86404 18.6
      vertex 28.5873 9.6916 18.7
      vertex 28.35 9.86404 18.7
    endloop
  endfacet
  facet normal -0.587855 -0.808966 -0
    outer loop
      vertex 28.5873 9.6916 18.7
      vertex 28.35 9.86404 18.6
      vertex 28.5873 9.6916 18.6
    endloop
  endfacet
  facet normal -0.587766 0.809031 0
    outer loop
      vertex 28.5873 11.3084 18.6
      vertex 28.35 11.136 18.7
      vertex 28.5873 11.3084 18.7
    endloop
  endfacet
  facet normal -0.587766 0.809031 0
    outer loop
      vertex 28.35 11.136 18.7
      vertex 28.5873 11.3084 18.6
      vertex 28.35 11.136 18.6
    endloop
  endfacet
  facet normal 0.95108 -0.308946 0
    outer loop
      vertex 29.5377 10.0004 18.7
      vertex 29.6575 10.3692 0
      vertex 29.6575 10.3692 18.7
    endloop
  endfacet
  facet normal 0.95108 -0.308946 0
    outer loop
      vertex 29.6575 10.3692 0
      vertex 29.5377 10.0004 18.7
      vertex 29.5377 10.0004 0
    endloop
  endfacet
  facet normal 0 -1 0
    outer loop
      vertex 28.85 9.6916 18.6
      vertex 28.5873 9.6916 18.7
      vertex 28.5873 9.6916 18.6
    endloop
  endfacet
  facet normal 0 -1 0
    outer loop
      vertex 28.5873 9.6916 18.7
      vertex 28.85 9.6916 18.6
      vertex 29.1127 9.6916 18.7
    endloop
  endfacet
  facet normal 0 -1 0
    outer loop
      vertex 29.1127 9.6916 0
      vertex 28.85 9.6916 18.6
      vertex 28.85 9.6916 0
    endloop
  endfacet
  facet normal 0 -1 0
    outer loop
      vertex 28.85 9.6916 18.6
      vertex 29.1127 9.6916 0
      vertex 29.1127 9.6916 18.7
    endloop
  endfacet
  facet normal 0.95108 -0.308946 0
    outer loop
      vertex 29.5377 12.1004 18.7
      vertex 29.6575 12.4692 0
      vertex 29.6575 12.4692 18.7
    endloop
  endfacet
  facet normal 0.95108 -0.308946 0
    outer loop
      vertex 29.6575 12.4692 0
      vertex 29.5377 12.1004 18.7
      vertex 29.5377 12.1004 0
    endloop
  endfacet
  facet normal 0 -1 0
    outer loop
      vertex 28.85 11.7916 18.6
      vertex 28.5873 11.7916 18.7
      vertex 28.5873 11.7916 18.6
    endloop
  endfacet
  facet normal 0 -1 0
    outer loop
      vertex 28.5873 11.7916 18.7
      vertex 28.85 11.7916 18.6
      vertex 29.1127 11.7916 18.7
    endloop
  endfacet
  facet normal 0 -1 0
    outer loop
      vertex 29.1127 11.7916 0
      vertex 28.85 11.7916 18.6
      vertex 28.85 11.7916 0
    endloop
  endfacet
  facet normal 0 -1 0
    outer loop
      vertex 28.85 11.7916 18.6
      vertex 29.1127 11.7916 0
      vertex 29.1127 11.7916 18.7
    endloop
  endfacet
  facet normal 0.587809 -0.808999 0
    outer loop
      vertex 29.1127 11.7916 0
      vertex 29.5377 12.1004 18.7
      vertex 29.1127 11.7916 18.7
    endloop
  endfacet
  facet normal 0.587809 -0.808999 0
    outer loop
      vertex 29.5377 12.1004 18.7
      vertex 29.1127 11.7916 0
      vertex 29.5377 12.1004 0
    endloop
  endfacet
  facet normal -0.587766 -0.809031 0
    outer loop
      vertex 28.35 11.964 18.6
      vertex 28.5873 11.7916 18.7
      vertex 28.35 11.964 18.7
    endloop
  endfacet
  facet normal -0.587766 -0.809031 -0
    outer loop
      vertex 28.5873 11.7916 18.7
      vertex 28.35 11.964 18.6
      vertex 28.5873 11.7916 18.6
    endloop
  endfacet
  facet normal 0.953231 -0.302244 0
    outer loop
      vertex -28.1578 -13.1858 18.7
      vertex -28.1539 -13.1735 18.6
      vertex -28.1539 -13.1735 18.7
    endloop
  endfacet
  facet normal 0.953231 -0.302244 0
    outer loop
      vertex -28.1539 -13.1735 18.6
      vertex -28.1578 -13.1858 18.7
      vertex -28.1578 -13.1858 18.6
    endloop
  endfacet
  facet normal -0.587892 -0.808939 0
    outer loop
      vertex -29.5202 -13.2123 0
      vertex -29.3138 -13.3623 18.7
      vertex -29.5202 -13.2123 18.7
    endloop
  endfacet
  facet normal -0.587892 -0.808939 -0
    outer loop
      vertex -29.3138 -13.3623 18.7
      vertex -29.5202 -13.2123 0
      vertex -29.3138 -13.3623 0
    endloop
  endfacet
  facet normal -0.951064 0.308994 0
    outer loop
      vertex -29.4049 -13.6427 0
      vertex -29.3138 -13.3623 18.7
      vertex -29.3138 -13.3623 0
    endloop
  endfacet
  facet normal -0.951064 0.308994 0
    outer loop
      vertex -29.3138 -13.3623 18.7
      vertex -29.4049 -13.6427 0
      vertex -29.4049 -13.6427 18.7
    endloop
  endfacet
  facet normal 0.588916 0.808194 -0
    outer loop
      vertex -28.1449 -13.1952 18.6
      vertex -28.1578 -13.1858 18.7
      vertex -28.1449 -13.1952 18.7
    endloop
  endfacet
  facet normal 0.588916 0.808194 0
    outer loop
      vertex -28.1578 -13.1858 18.7
      vertex -28.1449 -13.1952 18.6
      vertex -28.1578 -13.1858 18.6
    endloop
  endfacet
  facet normal 0.950871 -0.309586 0
    outer loop
      vertex -27.8252 -14.0129 18.7
      vertex -27.8168 -13.9871 18.6
      vertex -27.8168 -13.9871 18.7
    endloop
  endfacet
  facet normal 0.950871 -0.309586 0
    outer loop
      vertex -27.8168 -13.9871 18.6
      vertex -27.8252 -14.0129 18.7
      vertex -27.8252 -14.0129 18.6
    endloop
  endfacet
  facet normal 0 -1 0
    outer loop
      vertex -28.8843 -14.6564 0
      vertex -28.7677 -14.6564 18.7
      vertex -28.8843 -14.6564 18.7
    endloop
  endfacet
  facet normal 0 -1 -0
    outer loop
      vertex -28.7677 -14.6564 18.7
      vertex -28.8843 -14.6564 0
      vertex -28.7677 -14.6564 0
    endloop
  endfacet
  facet normal -0.587829 -0.808985 0
    outer loop
      vertex -29.1934 -14.4318 0
      vertex -28.8843 -14.6564 18.7
      vertex -29.1934 -14.4318 18.7
    endloop
  endfacet
  facet normal -0.587829 -0.808985 -0
    outer loop
      vertex -28.8843 -14.6564 18.7
      vertex -29.1934 -14.4318 0
      vertex -28.8843 -14.6564 0
    endloop
  endfacet
  facet normal 0.950157 0.31177 0
    outer loop
      vertex -27.1727 -14.6632 18.7
      vertex -27.1769 -14.6504 18.6
      vertex -27.1769 -14.6504 18.7
    endloop
  endfacet
  facet normal 0.950157 0.31177 0
    outer loop
      vertex -27.1769 -14.6504 18.6
      vertex -27.1727 -14.6632 18.7
      vertex -27.1727 -14.6632 18.6
    endloop
  endfacet
  facet normal -0.951021 0.309125 0
    outer loop
      vertex -28.8213 -14.8213 0
      vertex -28.7677 -14.6564 18.7
      vertex -28.7677 -14.6564 0
    endloop
  endfacet
  facet normal -0.951021 0.309125 0
    outer loop
      vertex -28.7677 -14.6564 18.7
      vertex -28.8213 -14.8213 0
      vertex -28.8213 -14.8213 18.7
    endloop
  endfacet
  facet normal 0 1 -0
    outer loop
      vertex -27.8062 -14.0129 18.6
      vertex -27.8252 -14.0129 18.7
      vertex -27.8062 -14.0129 18.7
    endloop
  endfacet
  facet normal 0 1 0
    outer loop
      vertex -27.8252 -14.0129 18.7
      vertex -27.8062 -14.0129 18.6
      vertex -27.8252 -14.0129 18.6
    endloop
  endfacet
  facet normal -0.951082 -0.308939 0
    outer loop
      vertex -28.7691 -14.982 0
      vertex -28.8213 -14.8213 18.7
      vertex -28.8213 -14.8213 0
    endloop
  endfacet
  facet normal -0.951082 -0.308939 0
    outer loop
      vertex -28.8213 -14.8213 18.7
      vertex -28.7691 -14.982 0
      vertex -28.7691 -14.982 18.7
    endloop
  endfacet
  facet normal 0 -1 0
    outer loop
      vertex -28.1214 -15.6297 0
      vertex -27.7967 -15.6297 18.7
      vertex -28.1214 -15.6297 18.7
    endloop
  endfacet
  facet normal 0 -1 -0
    outer loop
      vertex -27.7967 -15.6297 18.7
      vertex -28.1214 -15.6297 0
      vertex -27.7967 -15.6297 0
    endloop
  endfacet
  facet normal 0.952151 0.305629 0
    outer loop
      vertex -26.2938 -15.0232 18.7
      vertex -26.2964 -15.0151 18.6
      vertex -26.2964 -15.0151 18.7
    endloop
  endfacet
  facet normal 0.952151 0.305629 0
    outer loop
      vertex -26.2964 -15.0151 18.6
      vertex -26.2938 -15.0232 18.7
      vertex -26.2938 -15.0232 18.6
    endloop
  endfacet
  facet normal 0 1 -0
    outer loop
      vertex -27.1458 -14.6632 18.6
      vertex -27.1727 -14.6632 18.7
      vertex -27.1458 -14.6632 18.7
    endloop
  endfacet
  facet normal 0 1 0
    outer loop
      vertex -27.1727 -14.6632 18.7
      vertex -27.1458 -14.6632 18.6
      vertex -27.1727 -14.6632 18.6
    endloop
  endfacet
  facet normal -0.95105 -0.309036 0
    outer loop
      vertex -27.6857 -15.9713 0
      vertex -27.7967 -15.6297 18.7
      vertex -27.7967 -15.6297 0
    endloop
  endfacet
  facet normal -0.95105 -0.309036 0
    outer loop
      vertex -27.7967 -15.6297 18.7
      vertex -27.6857 -15.9713 0
      vertex -27.6857 -15.9713 18.7
    endloop
  endfacet
  facet normal 0.587834 -0.808981 0
    outer loop
      vertex -26.7255 -16.2729 0
      vertex -26.5543 -16.1485 18.7
      vertex -26.7255 -16.2729 18.7
    endloop
  endfacet
  facet normal 0.587834 -0.808981 0
    outer loop
      vertex -26.5543 -16.1485 18.7
      vertex -26.7255 -16.2729 0
      vertex -26.5543 -16.1485 0
    endloop
  endfacet
  facet normal -0.587475 -0.809242 0
    outer loop
      vertex -27.6857 -15.9713 0
      vertex -27.589 -16.0415 18.7
      vertex -27.6857 -15.9713 18.7
    endloop
  endfacet
  facet normal -0.587475 -0.809242 -0
    outer loop
      vertex -27.589 -16.0415 18.7
      vertex -27.6857 -15.9713 0
      vertex -27.589 -16.0415 0
    endloop
  endfacet
  facet normal -0.587395 0.8093 0
    outer loop
      vertex -26.2876 -15.0187 18.6
      vertex -26.2938 -15.0232 18.7
      vertex -26.2876 -15.0187 18.7
    endloop
  endfacet
  facet normal -0.587395 0.8093 0
    outer loop
      vertex -26.2938 -15.0232 18.7
      vertex -26.2876 -15.0187 18.6
      vertex -26.2938 -15.0232 18.6
    endloop
  endfacet
  facet normal -0.951075 -0.30896 0
    outer loop
      vertex -26.5377 -16.1996 0
      vertex -26.5543 -16.1485 18.7
      vertex -26.5543 -16.1485 0
    endloop
  endfacet
  facet normal -0.951075 -0.30896 0
    outer loop
      vertex -26.5543 -16.1485 18.7
      vertex -26.5377 -16.1996 0
      vertex -26.5377 -16.1996 18.7
    endloop
  endfacet
  facet normal 0.587857 -0.808965 0
    outer loop
      vertex -25.5861 -16.5075 0
      vertex -25.525 -16.4631 18.7
      vertex -25.5861 -16.5075 18.7
    endloop
  endfacet
  facet normal 0.587857 -0.808965 0
    outer loop
      vertex -25.525 -16.4631 18.7
      vertex -25.5861 -16.5075 0
      vertex -25.525 -16.4631 0
    endloop
  endfacet
  facet normal -0.587833 -0.808983 0
    outer loop
      vertex -26.5377 -16.1996 0
      vertex -26.2681 -16.3955 18.7
      vertex -26.5377 -16.1996 18.7
    endloop
  endfacet
  facet normal -0.587833 -0.808983 -0
    outer loop
      vertex -26.2681 -16.3955 18.7
      vertex -26.5377 -16.1996 0
      vertex -26.2681 -16.3955 0
    endloop
  endfacet
  facet normal 0.953231 0.302244 0
    outer loop
      vertex -28.1539 13.1735 18.7
      vertex -28.1578 13.1858 18.6
      vertex -28.1578 13.1858 18.7
    endloop
  endfacet
  facet normal 0.953231 0.302244 0
    outer loop
      vertex -28.1578 13.1858 18.6
      vertex -28.1539 13.1735 18.7
      vertex -28.1539 13.1735 18.6
    endloop
  endfacet
  facet normal -0.587892 0.808939 0
    outer loop
      vertex -29.3138 13.3623 0
      vertex -29.5202 13.2123 18.7
      vertex -29.3138 13.3623 18.7
    endloop
  endfacet
  facet normal -0.587892 0.808939 0
    outer loop
      vertex -29.5202 13.2123 18.7
      vertex -29.3138 13.3623 0
      vertex -29.5202 13.2123 0
    endloop
  endfacet
  facet normal 0.950871 0.309586 0
    outer loop
      vertex -27.8168 13.9871 18.7
      vertex -27.8252 14.0129 18.6
      vertex -27.8252 14.0129 18.7
    endloop
  endfacet
  facet normal 0.950871 0.309586 0
    outer loop
      vertex -27.8252 14.0129 18.6
      vertex -27.8168 13.9871 18.7
      vertex -27.8168 13.9871 18.6
    endloop
  endfacet
  facet normal 0 1 -0
    outer loop
      vertex -28.7677 14.6564 0
      vertex -28.8843 14.6564 18.7
      vertex -28.7677 14.6564 18.7
    endloop
  endfacet
  facet normal 0 1 0
    outer loop
      vertex -28.8843 14.6564 18.7
      vertex -28.7677 14.6564 0
      vertex -28.8843 14.6564 0
    endloop
  endfacet
  facet normal -0.587829 0.808985 0
    outer loop
      vertex -28.8843 14.6564 0
      vertex -29.1934 14.4318 18.7
      vertex -28.8843 14.6564 18.7
    endloop
  endfacet
  facet normal -0.587829 0.808985 0
    outer loop
      vertex -29.1934 14.4318 18.7
      vertex -28.8843 14.6564 0
      vertex -29.1934 14.4318 0
    endloop
  endfacet
  facet normal -0.951064 -0.308994 0
    outer loop
      vertex -29.3138 13.3623 0
      vertex -29.4049 13.6427 18.7
      vertex -29.4049 13.6427 0
    endloop
  endfacet
  facet normal -0.951064 -0.308994 0
    outer loop
      vertex -29.4049 13.6427 18.7
      vertex -29.3138 13.3623 0
      vertex -29.3138 13.3623 18.7
    endloop
  endfacet
  facet normal 0.588916 -0.808194 0
    outer loop
      vertex -28.1578 13.1858 18.6
      vertex -28.1449 13.1952 18.7
      vertex -28.1578 13.1858 18.7
    endloop
  endfacet
  facet normal 0.588916 -0.808194 0
    outer loop
      vertex -28.1449 13.1952 18.7
      vertex -28.1578 13.1858 18.6
      vertex -28.1449 13.1952 18.6
    endloop
  endfacet
  facet normal -0.951082 0.308939 0
    outer loop
      vertex -28.8213 14.8213 0
      vertex -28.7691 14.982 18.7
      vertex -28.7691 14.982 0
    endloop
  endfacet
  facet normal -0.951082 0.308939 0
    outer loop
      vertex -28.7691 14.982 18.7
      vertex -28.8213 14.8213 0
      vertex -28.8213 14.8213 18.7
    endloop
  endfacet
  facet normal 0 1 -0
    outer loop
      vertex -27.7967 15.6297 0
      vertex -28.1214 15.6297 18.7
      vertex -27.7967 15.6297 18.7
    endloop
  endfacet
  facet normal 0 1 0
    outer loop
      vertex -28.1214 15.6297 18.7
      vertex -27.7967 15.6297 0
      vertex -28.1214 15.6297 0
    endloop
  endfacet
  facet normal -0.951021 -0.309125 0
    outer loop
      vertex -28.7677 14.6564 0
      vertex -28.8213 14.8213 18.7
      vertex -28.8213 14.8213 0
    endloop
  endfacet
  facet normal -0.951021 -0.309125 0
    outer loop
      vertex -28.8213 14.8213 18.7
      vertex -28.7677 14.6564 0
      vertex -28.7677 14.6564 18.7
    endloop
  endfacet
  facet normal 0.950157 -0.31177 0
    outer loop
      vertex -27.1769 14.6504 18.7
      vertex -27.1727 14.6632 18.6
      vertex -27.1727 14.6632 18.7
    endloop
  endfacet
  facet normal 0.950157 -0.31177 0
    outer loop
      vertex -27.1727 14.6632 18.6
      vertex -27.1769 14.6504 18.7
      vertex -27.1769 14.6504 18.6
    endloop
  endfacet
  facet normal 0 -1 0
    outer loop
      vertex -27.8252 14.0129 18.6
      vertex -27.8062 14.0129 18.7
      vertex -27.8252 14.0129 18.7
    endloop
  endfacet
  facet normal 0 -1 -0
    outer loop
      vertex -27.8062 14.0129 18.7
      vertex -27.8252 14.0129 18.6
      vertex -27.8062 14.0129 18.6
    endloop
  endfacet
  facet normal 0.587834 0.808981 -0
    outer loop
      vertex -26.5543 16.1485 0
      vertex -26.7255 16.2729 18.7
      vertex -26.5543 16.1485 18.7
    endloop
  endfacet
  facet normal 0.587834 0.808981 0
    outer loop
      vertex -26.7255 16.2729 18.7
      vertex -26.5543 16.1485 0
      vertex -26.7255 16.2729 0
    endloop
  endfacet
  facet normal -0.587475 0.809242 0
    outer loop
      vertex -27.589 16.0415 0
      vertex -27.6857 15.9713 18.7
      vertex -27.589 16.0415 18.7
    endloop
  endfacet
  facet normal -0.587475 0.809242 0
    outer loop
      vertex -27.6857 15.9713 18.7
      vertex -27.589 16.0415 0
      vertex -27.6857 15.9713 0
    endloop
  endfacet
  facet normal 0.952151 -0.305629 0
    outer loop
      vertex -26.2964 15.0151 18.7
      vertex -26.2938 15.0232 18.6
      vertex -26.2938 15.0232 18.7
    endloop
  endfacet
  facet normal 0.952151 -0.305629 0
    outer loop
      vertex -26.2938 15.0232 18.6
      vertex -26.2964 15.0151 18.7
      vertex -26.2964 15.0151 18.6
    endloop
  endfacet
  facet normal 0 -1 0
    outer loop
      vertex -27.1727 14.6632 18.6
      vertex -27.1458 14.6632 18.7
      vertex -27.1727 14.6632 18.7
    endloop
  endfacet
  facet normal 0 -1 -0
    outer loop
      vertex -27.1458 14.6632 18.7
      vertex -27.1727 14.6632 18.6
      vertex -27.1458 14.6632 18.6
    endloop
  endfacet
  facet normal -0.95105 0.309036 0
    outer loop
      vertex -27.7967 15.6297 0
      vertex -27.6857 15.9713 18.7
      vertex -27.6857 15.9713 0
    endloop
  endfacet
  facet normal -0.95105 0.309036 0
    outer loop
      vertex -27.6857 15.9713 18.7
      vertex -27.7967 15.6297 0
      vertex -27.7967 15.6297 18.7
    endloop
  endfacet
  facet normal -0.951075 0.30896 0
    outer loop
      vertex -26.5543 16.1485 0
      vertex -26.5377 16.1996 18.7
      vertex -26.5377 16.1996 0
    endloop
  endfacet
  facet normal -0.951075 0.30896 0
    outer loop
      vertex -26.5377 16.1996 18.7
      vertex -26.5543 16.1485 0
      vertex -26.5543 16.1485 18.7
    endloop
  endfacet
  facet normal 0.587857 0.808965 -0
    outer loop
      vertex -25.525 16.4631 0
      vertex -25.5861 16.5075 18.7
      vertex -25.525 16.4631 18.7
    endloop
  endfacet
  facet normal 0.587857 0.808965 0
    outer loop
      vertex -25.5861 16.5075 18.7
      vertex -25.525 16.4631 0
      vertex -25.5861 16.5075 0
    endloop
  endfacet
  facet normal -0.587833 0.808983 0
    outer loop
      vertex -26.2681 16.3955 0
      vertex -26.5377 16.1996 18.7
      vertex -26.2681 16.3955 18.7
    endloop
  endfacet
  facet normal -0.587833 0.808983 0
    outer loop
      vertex -26.5377 16.1996 18.7
      vertex -26.2681 16.3955 0
      vertex -26.5377 16.1996 0
    endloop
  endfacet
  facet normal -0.587395 -0.8093 0
    outer loop
      vertex -26.2938 15.0232 18.6
      vertex -26.2876 15.0187 18.7
      vertex -26.2938 15.0232 18.7
    endloop
  endfacet
  facet normal -0.587395 -0.8093 -0
    outer loop
      vertex -26.2876 15.0187 18.7
      vertex -26.2938 15.0232 18.6
      vertex -26.2876 15.0187 18.6
    endloop
  endfacet
  facet normal -0.953231 -0.302244 0
    outer loop
      vertex 28.1578 -13.1858 18.6
      vertex 28.1539 -13.1735 18.7
      vertex 28.1539 -13.1735 18.6
    endloop
  endfacet
  facet normal -0.953231 -0.302244 0
    outer loop
      vertex 28.1539 -13.1735 18.7
      vertex 28.1578 -13.1858 18.6
      vertex 28.1578 -13.1858 18.7
    endloop
  endfacet
  facet normal 0.587892 -0.808939 0
    outer loop
      vertex 29.3138 -13.3623 0
      vertex 29.5202 -13.2123 18.7
      vertex 29.3138 -13.3623 18.7
    endloop
  endfacet
  facet normal 0.587892 -0.808939 0
    outer loop
      vertex 29.5202 -13.2123 18.7
      vertex 29.3138 -13.3623 0
      vertex 29.5202 -13.2123 0
    endloop
  endfacet
  facet normal 0.951064 0.308994 0
    outer loop
      vertex 29.4049 -13.6427 18.7
      vertex 29.3138 -13.3623 0
      vertex 29.3138 -13.3623 18.7
    endloop
  endfacet
  facet normal 0.951064 0.308994 0
    outer loop
      vertex 29.3138 -13.3623 0
      vertex 29.4049 -13.6427 18.7
      vertex 29.4049 -13.6427 0
    endloop
  endfacet
  facet normal -0.588916 0.808194 0
    outer loop
      vertex 28.1578 -13.1858 18.6
      vertex 28.1449 -13.1952 18.7
      vertex 28.1578 -13.1858 18.7
    endloop
  endfacet
  facet normal -0.588916 0.808194 0
    outer loop
      vertex 28.1449 -13.1952 18.7
      vertex 28.1578 -13.1858 18.6
      vertex 28.1449 -13.1952 18.6
    endloop
  endfacet
  facet normal -0.950871 -0.309586 0
    outer loop
      vertex 27.8252 -14.0129 18.6
      vertex 27.8168 -13.9871 18.7
      vertex 27.8168 -13.9871 18.6
    endloop
  endfacet
  facet normal -0.950871 -0.309586 0
    outer loop
      vertex 27.8168 -13.9871 18.7
      vertex 27.8252 -14.0129 18.6
      vertex 27.8252 -14.0129 18.7
    endloop
  endfacet
  facet normal 0.587829 -0.808985 0
    outer loop
      vertex 28.8843 -14.6564 0
      vertex 29.1934 -14.4318 18.7
      vertex 28.8843 -14.6564 18.7
    endloop
  endfacet
  facet normal 0.587829 -0.808985 0
    outer loop
      vertex 29.1934 -14.4318 18.7
      vertex 28.8843 -14.6564 0
      vertex 29.1934 -14.4318 0
    endloop
  endfacet
  facet normal 0 -1 0
    outer loop
      vertex 28.7677 -14.6564 0
      vertex 28.8843 -14.6564 18.7
      vertex 28.7677 -14.6564 18.7
    endloop
  endfacet
  facet normal 0 -1 -0
    outer loop
      vertex 28.8843 -14.6564 18.7
      vertex 28.7677 -14.6564 0
      vertex 28.8843 -14.6564 0
    endloop
  endfacet
  facet normal 0.951021 0.309125 0
    outer loop
      vertex 28.8213 -14.8213 18.7
      vertex 28.7677 -14.6564 0
      vertex 28.7677 -14.6564 18.7
    endloop
  endfacet
  facet normal 0.951021 0.309125 0
    outer loop
      vertex 28.7677 -14.6564 0
      vertex 28.8213 -14.8213 18.7
      vertex 28.8213 -14.8213 0
    endloop
  endfacet
  facet normal -0.950157 0.31177 0
    outer loop
      vertex 27.1727 -14.6632 18.6
      vertex 27.1769 -14.6504 18.7
      vertex 27.1769 -14.6504 18.6
    endloop
  endfacet
  facet normal -0.950157 0.31177 0
    outer loop
      vertex 27.1769 -14.6504 18.7
      vertex 27.1727 -14.6632 18.6
      vertex 27.1727 -14.6632 18.7
    endloop
  endfacet
  facet normal 0 1 -0
    outer loop
      vertex 27.8252 -14.0129 18.6
      vertex 27.8062 -14.0129 18.7
      vertex 27.8252 -14.0129 18.7
    endloop
  endfacet
  facet normal 0 1 0
    outer loop
      vertex 27.8062 -14.0129 18.7
      vertex 27.8252 -14.0129 18.6
      vertex 27.8062 -14.0129 18.6
    endloop
  endfacet
  facet normal 0.951082 -0.308939 0
    outer loop
      vertex 28.7691 -14.982 18.7
      vertex 28.8213 -14.8213 0
      vertex 28.8213 -14.8213 18.7
    endloop
  endfacet
  facet normal 0.951082 -0.308939 0
    outer loop
      vertex 28.8213 -14.8213 0
      vertex 28.7691 -14.982 18.7
      vertex 28.7691 -14.982 0
    endloop
  endfacet
  facet normal 0 -1 0
    outer loop
      vertex 27.7967 -15.6297 0
      vertex 28.1214 -15.6297 18.7
      vertex 27.7967 -15.6297 18.7
    endloop
  endfacet
  facet normal 0 -1 -0
    outer loop
      vertex 28.1214 -15.6297 18.7
      vertex 27.7967 -15.6297 0
      vertex 28.1214 -15.6297 0
    endloop
  endfacet
  facet normal -0.952151 0.305629 0
    outer loop
      vertex 26.2938 -15.0232 18.6
      vertex 26.2964 -15.0151 18.7
      vertex 26.2964 -15.0151 18.6
    endloop
  endfacet
  facet normal -0.952151 0.305629 0
    outer loop
      vertex 26.2964 -15.0151 18.7
      vertex 26.2938 -15.0232 18.6
      vertex 26.2938 -15.0232 18.7
    endloop
  endfacet
  facet normal 0 1 -0
    outer loop
      vertex 27.1727 -14.6632 18.6
      vertex 27.1458 -14.6632 18.7
      vertex 27.1727 -14.6632 18.7
    endloop
  endfacet
  facet normal 0 1 0
    outer loop
      vertex 27.1458 -14.6632 18.7
      vertex 27.1727 -14.6632 18.6
      vertex 27.1458 -14.6632 18.6
    endloop
  endfacet
  facet normal 0.95105 -0.309036 0
    outer loop
      vertex 27.6857 -15.9713 18.7
      vertex 27.7967 -15.6297 0
      vertex 27.7967 -15.6297 18.7
    endloop
  endfacet
  facet normal 0.95105 -0.309036 0
    outer loop
      vertex 27.7967 -15.6297 0
      vertex 27.6857 -15.9713 18.7
      vertex 27.6857 -15.9713 0
    endloop
  endfacet
  facet normal 0.587475 -0.809242 0
    outer loop
      vertex 27.589 -16.0415 0
      vertex 27.6857 -15.9713 18.7
      vertex 27.589 -16.0415 18.7
    endloop
  endfacet
  facet normal 0.587475 -0.809242 0
    outer loop
      vertex 27.6857 -15.9713 18.7
      vertex 27.589 -16.0415 0
      vertex 27.6857 -15.9713 0
    endloop
  endfacet
  facet normal -0.587834 -0.808981 0
    outer loop
      vertex 26.5543 -16.1485 0
      vertex 26.7255 -16.2729 18.7
      vertex 26.5543 -16.1485 18.7
    endloop
  endfacet
  facet normal -0.587834 -0.808981 -0
    outer loop
      vertex 26.7255 -16.2729 18.7
      vertex 26.5543 -16.1485 0
      vertex 26.7255 -16.2729 0
    endloop
  endfacet
  facet normal 0.587395 0.8093 -0
    outer loop
      vertex 26.2938 -15.0232 18.6
      vertex 26.2876 -15.0187 18.7
      vertex 26.2938 -15.0232 18.7
    endloop
  endfacet
  facet normal 0.587395 0.8093 0
    outer loop
      vertex 26.2876 -15.0187 18.7
      vertex 26.2938 -15.0232 18.6
      vertex 26.2876 -15.0187 18.6
    endloop
  endfacet
  facet normal 0.587833 -0.808983 0
    outer loop
      vertex 26.2681 -16.3955 0
      vertex 26.5377 -16.1996 18.7
      vertex 26.2681 -16.3955 18.7
    endloop
  endfacet
  facet normal 0.587833 -0.808983 0
    outer loop
      vertex 26.5377 -16.1996 18.7
      vertex 26.2681 -16.3955 0
      vertex 26.5377 -16.1996 0
    endloop
  endfacet
  facet normal -0.587857 -0.808965 0
    outer loop
      vertex 25.525 -16.4631 0
      vertex 25.5861 -16.5075 18.7
      vertex 25.525 -16.4631 18.7
    endloop
  endfacet
  facet normal -0.587857 -0.808965 -0
    outer loop
      vertex 25.5861 -16.5075 18.7
      vertex 25.525 -16.4631 0
      vertex 25.5861 -16.5075 0
    endloop
  endfacet
  facet normal 0.951075 -0.30896 0
    outer loop
      vertex 26.5377 -16.1996 18.7
      vertex 26.5543 -16.1485 0
      vertex 26.5543 -16.1485 18.7
    endloop
  endfacet
  facet normal 0.951075 -0.30896 0
    outer loop
      vertex 26.5543 -16.1485 0
      vertex 26.5377 -16.1996 18.7
      vertex 26.5377 -16.1996 0
    endloop
  endfacet
  facet normal -0.953231 0.302244 0
    outer loop
      vertex 28.1539 13.1735 18.6
      vertex 28.1578 13.1858 18.7
      vertex 28.1578 13.1858 18.6
    endloop
  endfacet
  facet normal -0.953231 0.302244 0
    outer loop
      vertex 28.1578 13.1858 18.7
      vertex 28.1539 13.1735 18.6
      vertex 28.1539 13.1735 18.7
    endloop
  endfacet
  facet normal 0.587892 0.808939 -0
    outer loop
      vertex 29.5202 13.2123 0
      vertex 29.3138 13.3623 18.7
      vertex 29.5202 13.2123 18.7
    endloop
  endfacet
  facet normal 0.587892 0.808939 0
    outer loop
      vertex 29.3138 13.3623 18.7
      vertex 29.5202 13.2123 0
      vertex 29.3138 13.3623 0
    endloop
  endfacet
  facet normal -0.950871 0.309586 0
    outer loop
      vertex 27.8168 13.9871 18.6
      vertex 27.8252 14.0129 18.7
      vertex 27.8252 14.0129 18.6
    endloop
  endfacet
  facet normal -0.950871 0.309586 0
    outer loop
      vertex 27.8252 14.0129 18.7
      vertex 27.8168 13.9871 18.6
      vertex 27.8168 13.9871 18.7
    endloop
  endfacet
  facet normal 0 1 -0
    outer loop
      vertex 28.8843 14.6564 0
      vertex 28.7677 14.6564 18.7
      vertex 28.8843 14.6564 18.7
    endloop
  endfacet
  facet normal 0 1 0
    outer loop
      vertex 28.7677 14.6564 18.7
      vertex 28.8843 14.6564 0
      vertex 28.7677 14.6564 0
    endloop
  endfacet
  facet normal 0.587829 0.808985 -0
    outer loop
      vertex 29.1934 14.4318 0
      vertex 28.8843 14.6564 18.7
      vertex 29.1934 14.4318 18.7
    endloop
  endfacet
  facet normal 0.587829 0.808985 0
    outer loop
      vertex 28.8843 14.6564 18.7
      vertex 29.1934 14.4318 0
      vertex 28.8843 14.6564 0
    endloop
  endfacet
  facet normal 0.951064 -0.308994 0
    outer loop
      vertex 29.3138 13.3623 18.7
      vertex 29.4049 13.6427 0
      vertex 29.4049 13.6427 18.7
    endloop
  endfacet
  facet normal 0.951064 -0.308994 0
    outer loop
      vertex 29.4049 13.6427 0
      vertex 29.3138 13.3623 18.7
      vertex 29.3138 13.3623 0
    endloop
  endfacet
  facet normal -0.588916 -0.808194 0
    outer loop
      vertex 28.1449 13.1952 18.6
      vertex 28.1578 13.1858 18.7
      vertex 28.1449 13.1952 18.7
    endloop
  endfacet
  facet normal -0.588916 -0.808194 -0
    outer loop
      vertex 28.1578 13.1858 18.7
      vertex 28.1449 13.1952 18.6
      vertex 28.1578 13.1858 18.6
    endloop
  endfacet
  facet normal 0.951082 0.308939 0
    outer loop
      vertex 28.8213 14.8213 18.7
      vertex 28.7691 14.982 0
      vertex 28.7691 14.982 18.7
    endloop
  endfacet
  facet normal 0.951082 0.308939 0
    outer loop
      vertex 28.7691 14.982 0
      vertex 28.8213 14.8213 18.7
      vertex 28.8213 14.8213 0
    endloop
  endfacet
  facet normal 0 1 -0
    outer loop
      vertex 28.1214 15.6297 0
      vertex 27.7967 15.6297 18.7
      vertex 28.1214 15.6297 18.7
    endloop
  endfacet
  facet normal 0 1 0
    outer loop
      vertex 27.7967 15.6297 18.7
      vertex 28.1214 15.6297 0
      vertex 27.7967 15.6297 0
    endloop
  endfacet
  facet normal -0.950157 -0.31177 0
    outer loop
      vertex 27.1769 14.6504 18.6
      vertex 27.1727 14.6632 18.7
      vertex 27.1727 14.6632 18.6
    endloop
  endfacet
  facet normal -0.950157 -0.31177 0
    outer loop
      vertex 27.1727 14.6632 18.7
      vertex 27.1769 14.6504 18.6
      vertex 27.1769 14.6504 18.7
    endloop
  endfacet
  facet normal 0.951021 -0.309125 0
    outer loop
      vertex 28.7677 14.6564 18.7
      vertex 28.8213 14.8213 0
      vertex 28.8213 14.8213 18.7
    endloop
  endfacet
  facet normal 0.951021 -0.309125 0
    outer loop
      vertex 28.8213 14.8213 0
      vertex 28.7677 14.6564 18.7
      vertex 28.7677 14.6564 0
    endloop
  endfacet
  facet normal 0 -1 0
    outer loop
      vertex 27.8062 14.0129 18.6
      vertex 27.8252 14.0129 18.7
      vertex 27.8062 14.0129 18.7
    endloop
  endfacet
  facet normal 0 -1 -0
    outer loop
      vertex 27.8252 14.0129 18.7
      vertex 27.8062 14.0129 18.6
      vertex 27.8252 14.0129 18.6
    endloop
  endfacet
  facet normal 0.95105 0.309036 0
    outer loop
      vertex 27.7967 15.6297 18.7
      vertex 27.6857 15.9713 0
      vertex 27.6857 15.9713 18.7
    endloop
  endfacet
  facet normal 0.95105 0.309036 0
    outer loop
      vertex 27.6857 15.9713 0
      vertex 27.7967 15.6297 18.7
      vertex 27.7967 15.6297 0
    endloop
  endfacet
  facet normal 0 -1 0
    outer loop
      vertex 27.1458 14.6632 18.6
      vertex 27.1727 14.6632 18.7
      vertex 27.1458 14.6632 18.7
    endloop
  endfacet
  facet normal 0 -1 -0
    outer loop
      vertex 27.1727 14.6632 18.7
      vertex 27.1458 14.6632 18.6
      vertex 27.1727 14.6632 18.6
    endloop
  endfacet
  facet normal 0.587475 0.809242 -0
    outer loop
      vertex 27.6857 15.9713 0
      vertex 27.589 16.0415 18.7
      vertex 27.6857 15.9713 18.7
    endloop
  endfacet
  facet normal 0.587475 0.809242 0
    outer loop
      vertex 27.589 16.0415 18.7
      vertex 27.6857 15.9713 0
      vertex 27.589 16.0415 0
    endloop
  endfacet
  facet normal -0.587834 0.808981 0
    outer loop
      vertex 26.7255 16.2729 0
      vertex 26.5543 16.1485 18.7
      vertex 26.7255 16.2729 18.7
    endloop
  endfacet
  facet normal -0.587834 0.808981 0
    outer loop
      vertex 26.5543 16.1485 18.7
      vertex 26.7255 16.2729 0
      vertex 26.5543 16.1485 0
    endloop
  endfacet
  facet normal -0.952151 -0.305629 0
    outer loop
      vertex 26.2964 15.0151 18.6
      vertex 26.2938 15.0232 18.7
      vertex 26.2938 15.0232 18.6
    endloop
  endfacet
  facet normal -0.952151 -0.305629 0
    outer loop
      vertex 26.2938 15.0232 18.7
      vertex 26.2964 15.0151 18.6
      vertex 26.2964 15.0151 18.7
    endloop
  endfacet
  facet normal 0.951075 0.30896 0
    outer loop
      vertex 26.5543 16.1485 18.7
      vertex 26.5377 16.1996 0
      vertex 26.5377 16.1996 18.7
    endloop
  endfacet
  facet normal 0.951075 0.30896 0
    outer loop
      vertex 26.5377 16.1996 0
      vertex 26.5543 16.1485 18.7
      vertex 26.5543 16.1485 0
    endloop
  endfacet
  facet normal 0.587833 0.808983 -0
    outer loop
      vertex 26.5377 16.1996 0
      vertex 26.2681 16.3955 18.7
      vertex 26.5377 16.1996 18.7
    endloop
  endfacet
  facet normal 0.587833 0.808983 0
    outer loop
      vertex 26.2681 16.3955 18.7
      vertex 26.5377 16.1996 0
      vertex 26.2681 16.3955 0
    endloop
  endfacet
  facet normal -0.587857 0.808965 0
    outer loop
      vertex 25.5861 16.5075 0
      vertex 25.525 16.4631 18.7
      vertex 25.5861 16.5075 18.7
    endloop
  endfacet
  facet normal -0.587857 0.808965 0
    outer loop
      vertex 25.525 16.4631 18.7
      vertex 25.5861 16.5075 0
      vertex 25.525 16.4631 0
    endloop
  endfacet
  facet normal 0.587395 -0.8093 0
    outer loop
      vertex 26.2876 15.0187 18.6
      vertex 26.2938 15.0232 18.7
      vertex 26.2876 15.0187 18.7
    endloop
  endfacet
  facet normal 0.587395 -0.8093 0
    outer loop
      vertex 26.2938 15.0232 18.7
      vertex 26.2876 15.0187 18.6
      vertex 26.2938 15.0232 18.6
    endloop
  endfacet
  facet normal 0.258755 -0.965943 0
    outer loop
      vertex 25.85 -16.5075 0
      vertex 26.2681 -16.3955 18.7
      vertex 25.85 -16.5075 18.7
    endloop
  endfacet
  facet normal 0.258755 -0.965943 0
    outer loop
      vertex 26.2681 -16.3955 18.7
      vertex 25.85 -16.5075 0
      vertex 26.2681 -16.3955 0
    endloop
  endfacet
  facet normal 0.258846 -0.965919 0
    outer loop
      vertex 26.7255 -16.2729 0
      vertex 27.589 -16.0415 18.7
      vertex 26.7255 -16.2729 18.7
    endloop
  endfacet
  facet normal 0.258846 -0.965919 0
    outer loop
      vertex 27.589 -16.0415 18.7
      vertex 26.7255 -16.2729 0
      vertex 27.589 -16.0415 0
    endloop
  endfacet
  facet normal 0.707107 -0.707107 0
    outer loop
      vertex 28.1214 -15.6297 18.7
      vertex 28.7691 -14.982 0
      vertex 28.7691 -14.982 18.7
    endloop
  endfacet
  facet normal 0.707107 -0.707107 0
    outer loop
      vertex 28.7691 -14.982 0
      vertex 28.1214 -15.6297 18.7
      vertex 28.1214 -15.6297 0
    endloop
  endfacet
  facet normal -0.258755 0.965943 0
    outer loop
      vertex -25.85 16.5075 0
      vertex -26.2681 16.3955 18.7
      vertex -25.85 16.5075 18.7
    endloop
  endfacet
  facet normal -0.258755 0.965943 0
    outer loop
      vertex -26.2681 16.3955 18.7
      vertex -25.85 16.5075 0
      vertex -26.2681 16.3955 0
    endloop
  endfacet
  facet normal -0.258846 0.965919 0
    outer loop
      vertex -26.7255 16.2729 0
      vertex -27.589 16.0415 18.7
      vertex -26.7255 16.2729 18.7
    endloop
  endfacet
  facet normal -0.258846 0.965919 0
    outer loop
      vertex -27.589 16.0415 18.7
      vertex -26.7255 16.2729 0
      vertex -27.589 16.0415 0
    endloop
  endfacet
  facet normal 0.258755 0.965943 -0
    outer loop
      vertex 26.2681 16.3955 0
      vertex 25.85 16.5075 18.7
      vertex 26.2681 16.3955 18.7
    endloop
  endfacet
  facet normal 0.258755 0.965943 0
    outer loop
      vertex 25.85 16.5075 18.7
      vertex 26.2681 16.3955 0
      vertex 25.85 16.5075 0
    endloop
  endfacet
  facet normal 0.258846 0.965919 -0
    outer loop
      vertex 27.589 16.0415 0
      vertex 26.7255 16.2729 18.7
      vertex 27.589 16.0415 18.7
    endloop
  endfacet
  facet normal 0.258846 0.965919 0
    outer loop
      vertex 26.7255 16.2729 18.7
      vertex 27.589 16.0415 0
      vertex 26.7255 16.2729 0
    endloop
  endfacet
  facet normal 0 -1 0
    outer loop
      vertex -25.85 -16.5075 0
      vertex -25.5861 -16.5075 18.7
      vertex -25.85 -16.5075 18.7
    endloop
  endfacet
  facet normal 0 -1 -0
    outer loop
      vertex -25.5861 -16.5075 18.7
      vertex -25.85 -16.5075 0
      vertex -25.5861 -16.5075 0
    endloop
  endfacet
  facet normal 0 -1 0
    outer loop
      vertex 25.5861 -16.5075 0
      vertex 25.85 -16.5075 18.7
      vertex 25.5861 -16.5075 18.7
    endloop
  endfacet
  facet normal 0 -1 -0
    outer loop
      vertex 25.85 -16.5075 18.7
      vertex 25.5861 -16.5075 0
      vertex 25.85 -16.5075 0
    endloop
  endfacet
  facet normal 0 -1 0
    outer loop
      vertex -25.4639 -16.5075 0
      vertex -24.9361 -16.5075 18.7
      vertex -25.4639 -16.5075 18.7
    endloop
  endfacet
  facet normal 0 -1 -0
    outer loop
      vertex -24.9361 -16.5075 18.7
      vertex -25.4639 -16.5075 0
      vertex -24.9361 -16.5075 0
    endloop
  endfacet
  facet normal 0 -1 0
    outer loop
      vertex -23.3639 -16.5075 0
      vertex -22.8361 -16.5075 18.7
      vertex -23.3639 -16.5075 18.7
    endloop
  endfacet
  facet normal 0 -1 -0
    outer loop
      vertex -22.8361 -16.5075 18.7
      vertex -23.3639 -16.5075 0
      vertex -22.8361 -16.5075 0
    endloop
  endfacet
  facet normal 0 -1 0
    outer loop
      vertex -21.2639 -16.5075 0
      vertex -20.7361 -16.5075 18.7
      vertex -21.2639 -16.5075 18.7
    endloop
  endfacet
  facet normal 0 -1 -0
    outer loop
      vertex -20.7361 -16.5075 18.7
      vertex -21.2639 -16.5075 0
      vertex -20.7361 -16.5075 0
    endloop
  endfacet
  facet normal 0 -1 0
    outer loop
      vertex -19.1639 -16.5075 0
      vertex -18.6361 -16.5075 18.7
      vertex -19.1639 -16.5075 18.7
    endloop
  endfacet
  facet normal 0 -1 -0
    outer loop
      vertex -18.6361 -16.5075 18.7
      vertex -19.1639 -16.5075 0
      vertex -18.6361 -16.5075 0
    endloop
  endfacet
  facet normal 0 -1 0
    outer loop
      vertex -17.0639 -16.5075 0
      vertex -16.5361 -16.5075 18.7
      vertex -17.0639 -16.5075 18.7
    endloop
  endfacet
  facet normal 0 -1 -0
    outer loop
      vertex -16.5361 -16.5075 18.7
      vertex -17.0639 -16.5075 0
      vertex -16.5361 -16.5075 0
    endloop
  endfacet
  facet normal 0 -1 0
    outer loop
      vertex -14.9639 -16.5075 16.1
      vertex -14.4361 -16.5075 18.7
      vertex -14.9639 -16.5075 18.7
    endloop
  endfacet
  facet normal 0 -1 -0
    outer loop
      vertex -14.4361 -16.5075 18.7
      vertex -14.9639 -16.5075 16.1
      vertex -14.4361 -16.5075 16.1
    endloop
  endfacet
  facet normal 0 -1 0
    outer loop
      vertex -12.8639 -16.5075 0
      vertex -12.3361 -16.5075 18.7
      vertex -12.8639 -16.5075 18.7
    endloop
  endfacet
  facet normal 0 -1 -0
    outer loop
      vertex -12.3361 -16.5075 18.7
      vertex -12.8639 -16.5075 0
      vertex -12.3361 -16.5075 0
    endloop
  endfacet
  facet normal 0 -1 0
    outer loop
      vertex -10.7639 -16.5075 0
      vertex -10.2361 -16.5075 18.7
      vertex -10.7639 -16.5075 18.7
    endloop
  endfacet
  facet normal 0 -1 -0
    outer loop
      vertex -10.2361 -16.5075 18.7
      vertex -10.7639 -16.5075 0
      vertex -10.2361 -16.5075 0
    endloop
  endfacet
  facet normal 0 -1 0
    outer loop
      vertex -8.66391 -16.5075 0
      vertex -8.13609 -16.5075 18.7
      vertex -8.66391 -16.5075 18.7
    endloop
  endfacet
  facet normal 0 -1 -0
    outer loop
      vertex -8.13609 -16.5075 18.7
      vertex -8.66391 -16.5075 0
      vertex -8.13609 -16.5075 0
    endloop
  endfacet
  facet normal 0 -1 0
    outer loop
      vertex -6.56391 -16.5075 0
      vertex -6.03609 -16.5075 18.7
      vertex -6.56391 -16.5075 18.7
    endloop
  endfacet
  facet normal 0 -1 -0
    outer loop
      vertex -6.03609 -16.5075 18.7
      vertex -6.56391 -16.5075 0
      vertex -6.03609 -16.5075 0
    endloop
  endfacet
  facet normal 0 -1 0
    outer loop
      vertex -4.46391 -16.5075 0
      vertex -3.93609 -16.5075 18.7
      vertex -4.46391 -16.5075 18.7
    endloop
  endfacet
  facet normal 0 -1 -0
    outer loop
      vertex -3.93609 -16.5075 18.7
      vertex -4.46391 -16.5075 0
      vertex -3.93609 -16.5075 0
    endloop
  endfacet
  facet normal 0 -1 0
    outer loop
      vertex -2.36391 -16.5075 13.6
      vertex -1.83609 -16.5075 18.7
      vertex -2.36391 -16.5075 18.7
    endloop
  endfacet
  facet normal 0 -1 -0
    outer loop
      vertex -1.83609 -16.5075 18.7
      vertex -2.36391 -16.5075 13.6
      vertex -1.83609 -16.5075 13.6
    endloop
  endfacet
  facet normal 0 -1 0
    outer loop
      vertex -0.26391 -16.5075 16.1
      vertex 0.26391 -16.5075 18.7
      vertex -0.26391 -16.5075 18.7
    endloop
  endfacet
  facet normal 0 -1 -0
    outer loop
      vertex 0.26391 -16.5075 18.7
      vertex -0.26391 -16.5075 16.1
      vertex 0.26391 -16.5075 16.1
    endloop
  endfacet
  facet normal 0 -1 0
    outer loop
      vertex 1.83609 -16.5075 13.6
      vertex 2.36391 -16.5075 18.7
      vertex 1.83609 -16.5075 18.7
    endloop
  endfacet
  facet normal 0 -1 -0
    outer loop
      vertex 2.36391 -16.5075 18.7
      vertex 1.83609 -16.5075 13.6
      vertex 2.36391 -16.5075 13.6
    endloop
  endfacet
  facet normal 0 -1 0
    outer loop
      vertex 3.93609 -16.5075 13.6
      vertex 4.46391 -16.5075 18.7
      vertex 3.93609 -16.5075 18.7
    endloop
  endfacet
  facet normal 0 -1 -0
    outer loop
      vertex 4.46391 -16.5075 18.7
      vertex 3.93609 -16.5075 13.6
      vertex 4.46391 -16.5075 13.6
    endloop
  endfacet
  facet normal 0 -1 0
    outer loop
      vertex 6.03609 -16.5075 13.6
      vertex 6.56391 -16.5075 18.7
      vertex 6.03609 -16.5075 18.7
    endloop
  endfacet
  facet normal 0 -1 -0
    outer loop
      vertex 6.56391 -16.5075 18.7
      vertex 6.03609 -16.5075 13.6
      vertex 6.56391 -16.5075 13.6
    endloop
  endfacet
  facet normal 0 -1 0
    outer loop
      vertex 8.13609 -16.5075 13.6
      vertex 8.66391 -16.5075 18.7
      vertex 8.13609 -16.5075 18.7
    endloop
  endfacet
  facet normal 0 -1 -0
    outer loop
      vertex 8.66391 -16.5075 18.7
      vertex 8.13609 -16.5075 13.6
      vertex 8.66391 -16.5075 13.6
    endloop
  endfacet
  facet normal 0 -1 0
    outer loop
      vertex 10.2361 -16.5075 13.6
      vertex 10.7639 -16.5075 18.7
      vertex 10.2361 -16.5075 18.7
    endloop
  endfacet
  facet normal 0 -1 -0
    outer loop
      vertex 10.7639 -16.5075 18.7
      vertex 10.2361 -16.5075 13.6
      vertex 10.7639 -16.5075 13.6
    endloop
  endfacet
  facet normal 0 -1 0
    outer loop
      vertex 12.3361 -16.5075 11
      vertex 12.3361 -16.5075 0
      vertex 12.5 -16.5075 11
    endloop
  endfacet
  facet normal 0 -1 0
    outer loop
      vertex 12.5 -16.5075 13.6
      vertex 12.3361 -16.5075 18.7
      vertex 12.3361 -16.5075 13.6
    endloop
  endfacet
  facet normal 0 -1 0
    outer loop
      vertex 12.3361 -16.5075 18.7
      vertex 12.5 -16.5075 13.6
      vertex 12.8639 -16.5075 18.7
    endloop
  endfacet
  facet normal 0 -1 0
    outer loop
      vertex 12.5 -16.5075 11
      vertex 12.8639 -16.5075 18.7
      vertex 12.5 -16.5075 13.6
    endloop
  endfacet
  facet normal 0 -1 0
    outer loop
      vertex 12.8639 -16.5075 0
      vertex 12.5 -16.5075 11
      vertex 12.3361 -16.5075 0
    endloop
  endfacet
  facet normal 0 -1 0
    outer loop
      vertex 12.5 -16.5075 11
      vertex 12.8639 -16.5075 0
      vertex 12.8639 -16.5075 18.7
    endloop
  endfacet
  facet normal 0 -1 0
    outer loop
      vertex 14.4361 -16.5075 16.1
      vertex 14.9639 -16.5075 18.7
      vertex 14.4361 -16.5075 18.7
    endloop
  endfacet
  facet normal 0 -1 -0
    outer loop
      vertex 14.9639 -16.5075 18.7
      vertex 14.4361 -16.5075 16.1
      vertex 14.9639 -16.5075 16.1
    endloop
  endfacet
  facet normal 0 -1 0
    outer loop
      vertex 16.5361 -16.5075 0
      vertex 17.0639 -16.5075 18.7
      vertex 16.5361 -16.5075 18.7
    endloop
  endfacet
  facet normal 0 -1 -0
    outer loop
      vertex 17.0639 -16.5075 18.7
      vertex 16.5361 -16.5075 0
      vertex 17.0639 -16.5075 0
    endloop
  endfacet
  facet normal 0 -1 0
    outer loop
      vertex 18.6361 -16.5075 0
      vertex 19.1639 -16.5075 18.7
      vertex 18.6361 -16.5075 18.7
    endloop
  endfacet
  facet normal 0 -1 -0
    outer loop
      vertex 19.1639 -16.5075 18.7
      vertex 18.6361 -16.5075 0
      vertex 19.1639 -16.5075 0
    endloop
  endfacet
  facet normal 0 -1 0
    outer loop
      vertex 20.7361 -16.5075 0
      vertex 21.2639 -16.5075 18.7
      vertex 20.7361 -16.5075 18.7
    endloop
  endfacet
  facet normal 0 -1 -0
    outer loop
      vertex 21.2639 -16.5075 18.7
      vertex 20.7361 -16.5075 0
      vertex 21.2639 -16.5075 0
    endloop
  endfacet
  facet normal 0 -1 0
    outer loop
      vertex 22.8361 -16.5075 0
      vertex 23.3639 -16.5075 18.7
      vertex 22.8361 -16.5075 18.7
    endloop
  endfacet
  facet normal 0 -1 -0
    outer loop
      vertex 23.3639 -16.5075 18.7
      vertex 22.8361 -16.5075 0
      vertex 23.3639 -16.5075 0
    endloop
  endfacet
  facet normal 0 -1 0
    outer loop
      vertex 24.9361 -16.5075 0
      vertex 25.4639 -16.5075 18.7
      vertex 24.9361 -16.5075 18.7
    endloop
  endfacet
  facet normal 0 -1 -0
    outer loop
      vertex 25.4639 -16.5075 18.7
      vertex 24.9361 -16.5075 0
      vertex 25.4639 -16.5075 0
    endloop
  endfacet
  facet normal 0 -1 0
    outer loop
      vertex -14.9639 -16.5075 0
      vertex -14.4361 -16.5075 9.1
      vertex -14.9639 -16.5075 9.1
    endloop
  endfacet
  facet normal 0 -1 -0
    outer loop
      vertex -14.4361 -16.5075 9.1
      vertex -14.9639 -16.5075 0
      vertex -14.4361 -16.5075 0
    endloop
  endfacet
  facet normal 0 -1 0
    outer loop
      vertex -2.36391 -16.5075 0
      vertex -1.83609 -16.5075 11
      vertex -2.36391 -16.5075 11
    endloop
  endfacet
  facet normal 0 -1 -0
    outer loop
      vertex -1.83609 -16.5075 11
      vertex -2.36391 -16.5075 0
      vertex -1.83609 -16.5075 0
    endloop
  endfacet
  facet normal 0 -1 0
    outer loop
      vertex 1.83609 -16.5075 0
      vertex 2.36391 -16.5075 11
      vertex 1.83609 -16.5075 11
    endloop
  endfacet
  facet normal 0 -1 -0
    outer loop
      vertex 2.36391 -16.5075 11
      vertex 1.83609 -16.5075 0
      vertex 2.36391 -16.5075 0
    endloop
  endfacet
  facet normal 0 -1 0
    outer loop
      vertex 3.93609 -16.5075 0
      vertex 4.46391 -16.5075 11
      vertex 3.93609 -16.5075 11
    endloop
  endfacet
  facet normal 0 -1 -0
    outer loop
      vertex 4.46391 -16.5075 11
      vertex 3.93609 -16.5075 0
      vertex 4.46391 -16.5075 0
    endloop
  endfacet
  facet normal 0 -1 0
    outer loop
      vertex 6.03609 -16.5075 0
      vertex 6.56391 -16.5075 11
      vertex 6.03609 -16.5075 11
    endloop
  endfacet
  facet normal 0 -1 -0
    outer loop
      vertex 6.56391 -16.5075 11
      vertex 6.03609 -16.5075 0
      vertex 6.56391 -16.5075 0
    endloop
  endfacet
  facet normal 0 -1 0
    outer loop
      vertex 8.13609 -16.5075 0
      vertex 8.66391 -16.5075 11
      vertex 8.13609 -16.5075 11
    endloop
  endfacet
  facet normal 0 -1 -0
    outer loop
      vertex 8.66391 -16.5075 11
      vertex 8.13609 -16.5075 0
      vertex 8.66391 -16.5075 0
    endloop
  endfacet
  facet normal 0 -1 0
    outer loop
      vertex 10.2361 -16.5075 0
      vertex 10.7639 -16.5075 11
      vertex 10.2361 -16.5075 11
    endloop
  endfacet
  facet normal 0 -1 -0
    outer loop
      vertex 10.7639 -16.5075 11
      vertex 10.2361 -16.5075 0
      vertex 10.7639 -16.5075 0
    endloop
  endfacet
  facet normal 0 -1 0
    outer loop
      vertex 14.4361 -16.5075 0
      vertex 14.9639 -16.5075 9.1
      vertex 14.4361 -16.5075 9.1
    endloop
  endfacet
  facet normal 0 -1 -0
    outer loop
      vertex 14.9639 -16.5075 9.1
      vertex 14.4361 -16.5075 0
      vertex 14.9639 -16.5075 0
    endloop
  endfacet
  facet normal 0 -1 0
    outer loop
      vertex -0.26391 -16.5075 2.1
      vertex 0.26391 -16.5075 9.1
      vertex -0.26391 -16.5075 9.1
    endloop
  endfacet
  facet normal 0 -1 -0
    outer loop
      vertex 0.26391 -16.5075 9.1
      vertex -0.26391 -16.5075 2.1
      vertex 0.26391 -16.5075 2.1
    endloop
  endfacet
  facet normal -0.965912 0.258871 0
    outer loop
      vertex -29.6575 12.7 0
      vertex -29.5202 13.2123 18.7
      vertex -29.5202 13.2123 0
    endloop
  endfacet
  facet normal -0.965912 0.258871 0
    outer loop
      vertex -29.5202 13.2123 18.7
      vertex -29.6575 12.7 0
      vertex -29.6575 12.7 18.7
    endloop
  endfacet
  facet normal -0.965907 0.258889 0
    outer loop
      vertex -29.4049 13.6427 0
      vertex -29.1934 14.4318 18.7
      vertex -29.1934 14.4318 0
    endloop
  endfacet
  facet normal -0.965907 0.258889 0
    outer loop
      vertex -29.1934 14.4318 18.7
      vertex -29.4049 13.6427 0
      vertex -29.4049 13.6427 18.7
    endloop
  endfacet
  facet normal 0 1 -0
    outer loop
      vertex -25.5861 16.5075 0
      vertex -25.85 16.5075 18.7
      vertex -25.5861 16.5075 18.7
    endloop
  endfacet
  facet normal 0 1 0
    outer loop
      vertex -25.85 16.5075 18.7
      vertex -25.5861 16.5075 0
      vertex -25.85 16.5075 0
    endloop
  endfacet
  facet normal 0 1 -0
    outer loop
      vertex 25.85 16.5075 0
      vertex 25.5861 16.5075 18.7
      vertex 25.85 16.5075 18.7
    endloop
  endfacet
  facet normal 0 1 0
    outer loop
      vertex 25.5861 16.5075 18.7
      vertex 25.85 16.5075 0
      vertex 25.5861 16.5075 0
    endloop
  endfacet
  facet normal 0 1 -0
    outer loop
      vertex -24.9361 16.5075 0
      vertex -25.4639 16.5075 18.7
      vertex -24.9361 16.5075 18.7
    endloop
  endfacet
  facet normal 0 1 0
    outer loop
      vertex -25.4639 16.5075 18.7
      vertex -24.9361 16.5075 0
      vertex -25.4639 16.5075 0
    endloop
  endfacet
  facet normal 0 1 -0
    outer loop
      vertex -22.8361 16.5075 0
      vertex -23.3639 16.5075 18.7
      vertex -22.8361 16.5075 18.7
    endloop
  endfacet
  facet normal 0 1 0
    outer loop
      vertex -23.3639 16.5075 18.7
      vertex -22.8361 16.5075 0
      vertex -23.3639 16.5075 0
    endloop
  endfacet
  facet normal 0 1 -0
    outer loop
      vertex -20.7361 16.5075 0
      vertex -21.2639 16.5075 18.7
      vertex -20.7361 16.5075 18.7
    endloop
  endfacet
  facet normal 0 1 0
    outer loop
      vertex -21.2639 16.5075 18.7
      vertex -20.7361 16.5075 0
      vertex -21.2639 16.5075 0
    endloop
  endfacet
  facet normal 0 1 -0
    outer loop
      vertex -18.6361 16.5075 0
      vertex -19.1639 16.5075 18.7
      vertex -18.6361 16.5075 18.7
    endloop
  endfacet
  facet normal 0 1 0
    outer loop
      vertex -19.1639 16.5075 18.7
      vertex -18.6361 16.5075 0
      vertex -19.1639 16.5075 0
    endloop
  endfacet
  facet normal 0 1 -0
    outer loop
      vertex -16.5361 16.5075 0
      vertex -17.0639 16.5075 18.7
      vertex -16.5361 16.5075 18.7
    endloop
  endfacet
  facet normal 0 1 0
    outer loop
      vertex -17.0639 16.5075 18.7
      vertex -16.5361 16.5075 0
      vertex -17.0639 16.5075 0
    endloop
  endfacet
  facet normal 0 1 -0
    outer loop
      vertex -14.4361 16.5075 16.1
      vertex -14.9639 16.5075 18.7
      vertex -14.4361 16.5075 18.7
    endloop
  endfacet
  facet normal 0 1 0
    outer loop
      vertex -14.9639 16.5075 18.7
      vertex -14.4361 16.5075 16.1
      vertex -14.9639 16.5075 16.1
    endloop
  endfacet
  facet normal 0 1 -0
    outer loop
      vertex -12.3361 16.5075 0
      vertex -12.8639 16.5075 18.7
      vertex -12.3361 16.5075 18.7
    endloop
  endfacet
  facet normal 0 1 0
    outer loop
      vertex -12.8639 16.5075 18.7
      vertex -12.3361 16.5075 0
      vertex -12.8639 16.5075 0
    endloop
  endfacet
  facet normal 0 1 -0
    outer loop
      vertex -10.2361 16.5075 0
      vertex -10.7639 16.5075 18.7
      vertex -10.2361 16.5075 18.7
    endloop
  endfacet
  facet normal 0 1 0
    outer loop
      vertex -10.7639 16.5075 18.7
      vertex -10.2361 16.5075 0
      vertex -10.7639 16.5075 0
    endloop
  endfacet
  facet normal 0 1 -0
    outer loop
      vertex -8.13609 16.5075 0
      vertex -8.66391 16.5075 18.7
      vertex -8.13609 16.5075 18.7
    endloop
  endfacet
  facet normal 0 1 0
    outer loop
      vertex -8.66391 16.5075 18.7
      vertex -8.13609 16.5075 0
      vertex -8.66391 16.5075 0
    endloop
  endfacet
  facet normal 0 1 -0
    outer loop
      vertex -6.03609 16.5075 0
      vertex -6.56391 16.5075 18.7
      vertex -6.03609 16.5075 18.7
    endloop
  endfacet
  facet normal 0 1 0
    outer loop
      vertex -6.56391 16.5075 18.7
      vertex -6.03609 16.5075 0
      vertex -6.56391 16.5075 0
    endloop
  endfacet
  facet normal 0 1 -0
    outer loop
      vertex -3.93609 16.5075 0
      vertex -4.46391 16.5075 18.7
      vertex -3.93609 16.5075 18.7
    endloop
  endfacet
  facet normal 0 1 0
    outer loop
      vertex -4.46391 16.5075 18.7
      vertex -3.93609 16.5075 0
      vertex -4.46391 16.5075 0
    endloop
  endfacet
  facet normal 0 1 -0
    outer loop
      vertex -1.83609 16.5075 0
      vertex -2.36391 16.5075 18.7
      vertex -1.83609 16.5075 18.7
    endloop
  endfacet
  facet normal 0 1 0
    outer loop
      vertex -2.36391 16.5075 18.7
      vertex -1.83609 16.5075 0
      vertex -2.36391 16.5075 0
    endloop
  endfacet
  facet normal 0 1 -0
    outer loop
      vertex 0.26391 16.5075 16.1
      vertex -0.26391 16.5075 18.7
      vertex 0.26391 16.5075 18.7
    endloop
  endfacet
  facet normal 0 1 0
    outer loop
      vertex -0.26391 16.5075 18.7
      vertex 0.26391 16.5075 16.1
      vertex -0.26391 16.5075 16.1
    endloop
  endfacet
  facet normal 0 1 -0
    outer loop
      vertex 2.36391 16.5075 0
      vertex 1.83609 16.5075 18.7
      vertex 2.36391 16.5075 18.7
    endloop
  endfacet
  facet normal 0 1 0
    outer loop
      vertex 1.83609 16.5075 18.7
      vertex 2.36391 16.5075 0
      vertex 1.83609 16.5075 0
    endloop
  endfacet
  facet normal 0 1 -0
    outer loop
      vertex 4.46391 16.5075 0
      vertex 3.93609 16.5075 18.7
      vertex 4.46391 16.5075 18.7
    endloop
  endfacet
  facet normal 0 1 0
    outer loop
      vertex 3.93609 16.5075 18.7
      vertex 4.46391 16.5075 0
      vertex 3.93609 16.5075 0
    endloop
  endfacet
  facet normal 0 1 -0
    outer loop
      vertex 6.56391 16.5075 0
      vertex 6.03609 16.5075 18.7
      vertex 6.56391 16.5075 18.7
    endloop
  endfacet
  facet normal 0 1 0
    outer loop
      vertex 6.03609 16.5075 18.7
      vertex 6.56391 16.5075 0
      vertex 6.03609 16.5075 0
    endloop
  endfacet
  facet normal 0 1 -0
    outer loop
      vertex 8.66391 16.5075 0
      vertex 8.13609 16.5075 18.7
      vertex 8.66391 16.5075 18.7
    endloop
  endfacet
  facet normal 0 1 0
    outer loop
      vertex 8.13609 16.5075 18.7
      vertex 8.66391 16.5075 0
      vertex 8.13609 16.5075 0
    endloop
  endfacet
  facet normal 0 1 -0
    outer loop
      vertex 10.7639 16.5075 0
      vertex 10.2361 16.5075 18.7
      vertex 10.7639 16.5075 18.7
    endloop
  endfacet
  facet normal 0 1 0
    outer loop
      vertex 10.2361 16.5075 18.7
      vertex 10.7639 16.5075 0
      vertex 10.2361 16.5075 0
    endloop
  endfacet
  facet normal 0 1 -0
    outer loop
      vertex 12.8639 16.5075 0
      vertex 12.3361 16.5075 18.7
      vertex 12.8639 16.5075 18.7
    endloop
  endfacet
  facet normal 0 1 0
    outer loop
      vertex 12.3361 16.5075 18.7
      vertex 12.8639 16.5075 0
      vertex 12.3361 16.5075 0
    endloop
  endfacet
  facet normal 0 1 -0
    outer loop
      vertex 14.9639 16.5075 16.1
      vertex 14.4361 16.5075 18.7
      vertex 14.9639 16.5075 18.7
    endloop
  endfacet
  facet normal 0 1 0
    outer loop
      vertex 14.4361 16.5075 18.7
      vertex 14.9639 16.5075 16.1
      vertex 14.4361 16.5075 16.1
    endloop
  endfacet
  facet normal 0 1 -0
    outer loop
      vertex 17.0639 16.5075 0
      vertex 16.5361 16.5075 18.7
      vertex 17.0639 16.5075 18.7
    endloop
  endfacet
  facet normal 0 1 0
    outer loop
      vertex 16.5361 16.5075 18.7
      vertex 17.0639 16.5075 0
      vertex 16.5361 16.5075 0
    endloop
  endfacet
  facet normal 0 1 -0
    outer loop
      vertex 19.1639 16.5075 0
      vertex 18.6361 16.5075 18.7
      vertex 19.1639 16.5075 18.7
    endloop
  endfacet
  facet normal 0 1 0
    outer loop
      vertex 18.6361 16.5075 18.7
      vertex 19.1639 16.5075 0
      vertex 18.6361 16.5075 0
    endloop
  endfacet
  facet normal 0 1 -0
    outer loop
      vertex 21.2639 16.5075 0
      vertex 20.7361 16.5075 18.7
      vertex 21.2639 16.5075 18.7
    endloop
  endfacet
  facet normal 0 1 0
    outer loop
      vertex 20.7361 16.5075 18.7
      vertex 21.2639 16.5075 0
      vertex 20.7361 16.5075 0
    endloop
  endfacet
  facet normal 0 1 -0
    outer loop
      vertex 23.3639 16.5075 0
      vertex 22.8361 16.5075 18.7
      vertex 23.3639 16.5075 18.7
    endloop
  endfacet
  facet normal 0 1 0
    outer loop
      vertex 22.8361 16.5075 18.7
      vertex 23.3639 16.5075 0
      vertex 22.8361 16.5075 0
    endloop
  endfacet
  facet normal 0 1 -0
    outer loop
      vertex 25.4639 16.5075 0
      vertex 24.9361 16.5075 18.7
      vertex 25.4639 16.5075 18.7
    endloop
  endfacet
  facet normal 0 1 0
    outer loop
      vertex 24.9361 16.5075 18.7
      vertex 25.4639 16.5075 0
      vertex 24.9361 16.5075 0
    endloop
  endfacet
  facet normal 0 1 -0
    outer loop
      vertex -14.4361 16.5075 0
      vertex -14.9639 16.5075 9.1
      vertex -14.4361 16.5075 9.1
    endloop
  endfacet
  facet normal 0 1 0
    outer loop
      vertex -14.9639 16.5075 9.1
      vertex -14.4361 16.5075 0
      vertex -14.9639 16.5075 0
    endloop
  endfacet
  facet normal 0 1 -0
    outer loop
      vertex 14.9639 16.5075 0
      vertex 14.4361 16.5075 9.1
      vertex 14.9639 16.5075 9.1
    endloop
  endfacet
  facet normal 0 1 0
    outer loop
      vertex 14.4361 16.5075 9.1
      vertex 14.9639 16.5075 0
      vertex 14.4361 16.5075 0
    endloop
  endfacet
  facet normal 0 1 -0
    outer loop
      vertex 0.26391 16.5075 2.1
      vertex -0.26391 16.5075 9.1
      vertex 0.26391 16.5075 9.1
    endloop
  endfacet
  facet normal 0 1 0
    outer loop
      vertex -0.26391 16.5075 9.1
      vertex 0.26391 16.5075 2.1
      vertex -0.26391 16.5075 2.1
    endloop
  endfacet
  facet normal -0.965912 -0.258871 0
    outer loop
      vertex -29.5202 -13.2123 0
      vertex -29.6575 -12.7 18.7
      vertex -29.6575 -12.7 0
    endloop
  endfacet
  facet normal -0.965912 -0.258871 0
    outer loop
      vertex -29.6575 -12.7 18.7
      vertex -29.5202 -13.2123 0
      vertex -29.5202 -13.2123 18.7
    endloop
  endfacet
  facet normal -0.965907 -0.258889 0
    outer loop
      vertex -29.1934 -14.4318 0
      vertex -29.4049 -13.6427 18.7
      vertex -29.4049 -13.6427 0
    endloop
  endfacet
  facet normal -0.965907 -0.258889 0
    outer loop
      vertex -29.4049 -13.6427 18.7
      vertex -29.1934 -14.4318 0
      vertex -29.1934 -14.4318 18.7
    endloop
  endfacet
  facet normal -1 0 0
    outer loop
      vertex -29.6575 -12.7 0
      vertex -29.6575 -12.4692 18.7
      vertex -29.6575 -12.4692 0
    endloop
  endfacet
  facet normal -1 -0 0
    outer loop
      vertex -29.6575 -12.4692 18.7
      vertex -29.6575 -12.7 0
      vertex -29.6575 -12.7 18.7
    endloop
  endfacet
  facet normal -1 0 0
    outer loop
      vertex -29.6575 12.4692 0
      vertex -29.6575 12.7 18.7
      vertex -29.6575 12.7 0
    endloop
  endfacet
  facet normal -1 -0 0
    outer loop
      vertex -29.6575 12.7 18.7
      vertex -29.6575 12.4692 0
      vertex -29.6575 12.4692 18.7
    endloop
  endfacet
  facet normal -1 0 0
    outer loop
      vertex -29.6575 -2 9.5
      vertex -29.6575 -1.96916 18.7
      vertex -29.6575 -1.96916 9.5
    endloop
  endfacet
  facet normal -1 0 0
    outer loop
      vertex -29.6575 -2.23084 18.7
      vertex -29.6575 -2 9.5
      vertex -29.6575 -2.23084 9.46961
    endloop
  endfacet
  facet normal -1 0 0
    outer loop
      vertex -29.6575 -2 9.5
      vertex -29.6575 -2.23084 18.7
      vertex -29.6575 -1.96916 18.7
    endloop
  endfacet
  facet normal -1 0 0
    outer loop
      vertex -29.6575 6.34667 6.16469
      vertex -29.6575 6.43084 18.7
      vertex -29.6575 6.43084 5.52529
    endloop
  endfacet
  facet normal -1 0 0
    outer loop
      vertex -29.6575 6.16916 6.59323
      vertex -29.6575 6.43084 18.7
      vertex -29.6575 6.34667 6.16469
    endloop
  endfacet
  facet normal -1 -0 0
    outer loop
      vertex -29.6575 6.43084 18.7
      vertex -29.6575 6.16916 6.59323
      vertex -29.6575 6.16916 18.7
    endloop
  endfacet
  facet normal -1 0 0
    outer loop
      vertex -29.6575 -8.53084 0
      vertex -29.6575 -8.26916 18.7
      vertex -29.6575 -8.26916 0
    endloop
  endfacet
  facet normal -1 -0 0
    outer loop
      vertex -29.6575 -8.26916 18.7
      vertex -29.6575 -8.53084 0
      vertex -29.6575 -8.53084 18.7
    endloop
  endfacet
  facet normal -1 0 0
    outer loop
      vertex -29.6575 4.25 8.89711
      vertex -29.6575 4.33084 18.7
      vertex -29.6575 4.33084 8.83508
    endloop
  endfacet
  facet normal -1 0 0
    outer loop
      vertex -29.6575 4.06916 8.97202
      vertex -29.6575 4.33084 18.7
      vertex -29.6575 4.25 8.89711
    endloop
  endfacet
  facet normal -1 -0 0
    outer loop
      vertex -29.6575 4.33084 18.7
      vertex -29.6575 4.06916 8.97202
      vertex -29.6575 4.06916 18.7
    endloop
  endfacet
  facet normal -1 0 0
    outer loop
      vertex -29.6575 2 9.5
      vertex -29.6575 2.23084 18.7
      vertex -29.6575 2.23084 9.46961
    endloop
  endfacet
  facet normal -1 0 0
    outer loop
      vertex -29.6575 1.96916 18.7
      vertex -29.6575 2 9.5
      vertex -29.6575 1.96916 9.5
    endloop
  endfacet
  facet normal -1 0 0
    outer loop
      vertex -29.6575 2 9.5
      vertex -29.6575 1.96916 18.7
      vertex -29.6575 2.23084 18.7
    endloop
  endfacet
  facet normal -1 0 0
    outer loop
      vertex -29.6575 -0.130844 9.5
      vertex -29.6575 0.130844 18.7
      vertex -29.6575 0.130844 9.5
    endloop
  endfacet
  facet normal -1 -0 0
    outer loop
      vertex -29.6575 0.130844 18.7
      vertex -29.6575 -0.130844 9.5
      vertex -29.6575 -0.130844 18.7
    endloop
  endfacet
  facet normal -1 0 0
    outer loop
      vertex -29.6575 10.3692 0
      vertex -29.6575 10.6308 18.7
      vertex -29.6575 10.6308 0
    endloop
  endfacet
  facet normal -1 -0 0
    outer loop
      vertex -29.6575 10.6308 18.7
      vertex -29.6575 10.3692 0
      vertex -29.6575 10.3692 18.7
    endloop
  endfacet
  facet normal -1 0 0
    outer loop
      vertex -29.6575 -6.43084 18.7
      vertex -29.6575 -6.16916 6.59323
      vertex -29.6575 -6.34667 6.16469
    endloop
  endfacet
  facet normal -1 0 0
    outer loop
      vertex -29.6575 -6.43084 18.7
      vertex -29.6575 -6.34667 6.16469
      vertex -29.6575 -6.43084 5.52529
    endloop
  endfacet
  facet normal -1 0 0
    outer loop
      vertex -29.6575 -6.16916 6.59323
      vertex -29.6575 -6.43084 18.7
      vertex -29.6575 -6.16916 18.7
    endloop
  endfacet
  facet normal -1 0 0
    outer loop
      vertex -29.6575 -10.6308 0
      vertex -29.6575 -10.3692 18.7
      vertex -29.6575 -10.3692 0
    endloop
  endfacet
  facet normal -1 -0 0
    outer loop
      vertex -29.6575 -10.3692 18.7
      vertex -29.6575 -10.6308 0
      vertex -29.6575 -10.6308 18.7
    endloop
  endfacet
  facet normal -1 0 0
    outer loop
      vertex -29.6575 -4.33084 18.7
      vertex -29.6575 -4.06916 8.97202
      vertex -29.6575 -4.25 8.89711
    endloop
  endfacet
  facet normal -1 0 0
    outer loop
      vertex -29.6575 -4.33084 18.7
      vertex -29.6575 -4.25 8.89711
      vertex -29.6575 -4.33084 8.83508
    endloop
  endfacet
  facet normal -1 0 0
    outer loop
      vertex -29.6575 -4.06916 8.97202
      vertex -29.6575 -4.33084 18.7
      vertex -29.6575 -4.06916 18.7
    endloop
  endfacet
  facet normal -1 0 0
    outer loop
      vertex -29.6575 8.26916 0
      vertex -29.6575 8.53084 18.7
      vertex -29.6575 8.53084 0
    endloop
  endfacet
  facet normal -1 -0 0
    outer loop
      vertex -29.6575 8.53084 18.7
      vertex -29.6575 8.26916 0
      vertex -29.6575 8.26916 18.7
    endloop
  endfacet
  facet normal -1 0 0
    outer loop
      vertex -29.6575 -6.43084 0
      vertex -29.6575 -6.16916 3.40677
      vertex -29.6575 -6.16916 0
    endloop
  endfacet
  facet normal -1 -0 0
    outer loop
      vertex -29.6575 -6.16916 3.40677
      vertex -29.6575 -6.43084 0
      vertex -29.6575 -6.34667 3.83531
    endloop
  endfacet
  facet normal -1 -0 0
    outer loop
      vertex -29.6575 -6.34667 3.83531
      vertex -29.6575 -6.43084 0
      vertex -29.6575 -6.43084 4.47471
    endloop
  endfacet
  facet normal -1 0 0
    outer loop
      vertex -29.6575 -4.33084 0
      vertex -29.6575 -4.06916 1.02798
      vertex -29.6575 -4.06916 0
    endloop
  endfacet
  facet normal -1 -0 0
    outer loop
      vertex -29.6575 -4.06916 1.02798
      vertex -29.6575 -4.33084 0
      vertex -29.6575 -4.25 1.10289
    endloop
  endfacet
  facet normal -1 -0 0
    outer loop
      vertex -29.6575 -4.25 1.10289
      vertex -29.6575 -4.33084 0
      vertex -29.6575 -4.33084 1.16492
    endloop
  endfacet
  facet normal -1 0 0
    outer loop
      vertex -29.6575 -1.96916 0
      vertex -29.6575 -2 0.5
      vertex -29.6575 -1.96916 0.5
    endloop
  endfacet
  facet normal -1 0 0
    outer loop
      vertex -29.6575 -2.23084 0
      vertex -29.6575 -2 0.5
      vertex -29.6575 -1.96916 0
    endloop
  endfacet
  facet normal -1 -0 0
    outer loop
      vertex -29.6575 -2 0.5
      vertex -29.6575 -2.23084 0
      vertex -29.6575 -2.23084 0.530391
    endloop
  endfacet
  facet normal -1 0 0
    outer loop
      vertex -29.6575 -0.130844 0
      vertex -29.6575 0.130844 0.5
      vertex -29.6575 0.130844 0
    endloop
  endfacet
  facet normal -1 -0 0
    outer loop
      vertex -29.6575 0.130844 0.5
      vertex -29.6575 -0.130844 0
      vertex -29.6575 -0.130844 0.5
    endloop
  endfacet
  facet normal -1 0 0
    outer loop
      vertex -29.6575 2.23084 0
      vertex -29.6575 2 0.5
      vertex -29.6575 2.23084 0.530391
    endloop
  endfacet
  facet normal -1 0 0
    outer loop
      vertex -29.6575 1.96916 0
      vertex -29.6575 2 0.5
      vertex -29.6575 2.23084 0
    endloop
  endfacet
  facet normal -1 -0 0
    outer loop
      vertex -29.6575 2 0.5
      vertex -29.6575 1.96916 0
      vertex -29.6575 1.96916 0.5
    endloop
  endfacet
  facet normal -1 0 0
    outer loop
      vertex -29.6575 4.33084 0
      vertex -29.6575 4.25 1.10289
      vertex -29.6575 4.33084 1.16492
    endloop
  endfacet
  facet normal -1 0 0
    outer loop
      vertex -29.6575 4.06916 1.02798
      vertex -29.6575 4.33084 0
      vertex -29.6575 4.06916 0
    endloop
  endfacet
  facet normal -1 0 0
    outer loop
      vertex -29.6575 4.33084 0
      vertex -29.6575 4.06916 1.02798
      vertex -29.6575 4.25 1.10289
    endloop
  endfacet
  facet normal -1 0 0
    outer loop
      vertex -29.6575 6.43084 0
      vertex -29.6575 6.34667 3.83531
      vertex -29.6575 6.43084 4.47471
    endloop
  endfacet
  facet normal -1 0 0
    outer loop
      vertex -29.6575 6.16916 3.40677
      vertex -29.6575 6.43084 0
      vertex -29.6575 6.16916 0
    endloop
  endfacet
  facet normal -1 0 0
    outer loop
      vertex -29.6575 6.43084 0
      vertex -29.6575 6.16916 3.40677
      vertex -29.6575 6.34667 3.83531
    endloop
  endfacet
  facet normal -0.258755 -0.965943 0
    outer loop
      vertex -26.2681 -16.3955 0
      vertex -25.85 -16.5075 18.7
      vertex -26.2681 -16.3955 18.7
    endloop
  endfacet
  facet normal -0.258755 -0.965943 -0
    outer loop
      vertex -25.85 -16.5075 18.7
      vertex -26.2681 -16.3955 0
      vertex -25.85 -16.5075 0
    endloop
  endfacet
  facet normal -0.258846 -0.965919 0
    outer loop
      vertex -27.589 -16.0415 0
      vertex -26.7255 -16.2729 18.7
      vertex -27.589 -16.0415 18.7
    endloop
  endfacet
  facet normal -0.258846 -0.965919 -0
    outer loop
      vertex -26.7255 -16.2729 18.7
      vertex -27.589 -16.0415 0
      vertex -26.7255 -16.2729 0
    endloop
  endfacet
  facet normal 1 -0 0
    outer loop
      vertex 29.6575 -12.7 18.7
      vertex 29.6575 -12.4692 0
      vertex 29.6575 -12.4692 18.7
    endloop
  endfacet
  facet normal 1 0 0
    outer loop
      vertex 29.6575 -12.4692 0
      vertex 29.6575 -12.7 18.7
      vertex 29.6575 -12.7 0
    endloop
  endfacet
  facet normal 1 -0 0
    outer loop
      vertex 29.6575 12.4692 18.7
      vertex 29.6575 12.7 0
      vertex 29.6575 12.7 18.7
    endloop
  endfacet
  facet normal 1 0 0
    outer loop
      vertex 29.6575 12.7 0
      vertex 29.6575 12.4692 18.7
      vertex 29.6575 12.4692 0
    endloop
  endfacet
  facet normal 1 -0 0
    outer loop
      vertex 29.6575 6.16916 18.7
      vertex 29.6575 6.43084 0
      vertex 29.6575 6.43084 18.7
    endloop
  endfacet
  facet normal 1 0 0
    outer loop
      vertex 29.6575 6.43084 0
      vertex 29.6575 6.16916 18.7
      vertex 29.6575 6.16916 0
    endloop
  endfacet
  facet normal 1 -0 0
    outer loop
      vertex 29.6575 8.26916 18.7
      vertex 29.6575 8.53084 0
      vertex 29.6575 8.53084 18.7
    endloop
  endfacet
  facet normal 1 0 0
    outer loop
      vertex 29.6575 8.53084 0
      vertex 29.6575 8.26916 18.7
      vertex 29.6575 8.26916 0
    endloop
  endfacet
  facet normal 1 -0 0
    outer loop
      vertex 29.6575 -6.43084 18.7
      vertex 29.6575 -6.16916 0
      vertex 29.6575 -6.16916 18.7
    endloop
  endfacet
  facet normal 1 0 0
    outer loop
      vertex 29.6575 -6.16916 0
      vertex 29.6575 -6.43084 18.7
      vertex 29.6575 -6.43084 0
    endloop
  endfacet
  facet normal 1 -0 0
    outer loop
      vertex 29.6575 10.3692 18.7
      vertex 29.6575 10.6308 0
      vertex 29.6575 10.6308 18.7
    endloop
  endfacet
  facet normal 1 0 0
    outer loop
      vertex 29.6575 10.6308 0
      vertex 29.6575 10.3692 18.7
      vertex 29.6575 10.3692 0
    endloop
  endfacet
  facet normal 1 0 0
    outer loop
      vertex 29.6575 4.06916 18.1697
      vertex 29.6575 4.33084 18.7
      vertex 29.6575 4.06916 18.7
    endloop
  endfacet
  facet normal 1 0 0
    outer loop
      vertex 29.6575 4.33084 18.7
      vertex 29.6575 4.06916 18.1697
      vertex 29.6575 4.33084 17.8508
    endloop
  endfacet
  facet normal 1 -0 0
    outer loop
      vertex 29.6575 -10.6308 18.7
      vertex 29.6575 -10.3692 0
      vertex 29.6575 -10.3692 18.7
    endloop
  endfacet
  facet normal 1 0 0
    outer loop
      vertex 29.6575 -10.3692 0
      vertex 29.6575 -10.6308 18.7
      vertex 29.6575 -10.6308 0
    endloop
  endfacet
  facet normal 1 -0 0
    outer loop
      vertex 29.6575 -8.53084 18.7
      vertex 29.6575 -8.26916 0
      vertex 29.6575 -8.26916 18.7
    endloop
  endfacet
  facet normal 1 0 0
    outer loop
      vertex 29.6575 -8.26916 0
      vertex 29.6575 -8.53084 18.7
      vertex 29.6575 -8.53084 0
    endloop
  endfacet
  facet normal 1 -0 0
    outer loop
      vertex 29.6575 -4.33084 18.7
      vertex 29.6575 -4.06916 18.1697
      vertex 29.6575 -4.06916 18.7
    endloop
  endfacet
  facet normal 1 0 0
    outer loop
      vertex 29.6575 -4.06916 18.1697
      vertex 29.6575 -4.33084 18.7
      vertex 29.6575 -4.33084 17.8508
    endloop
  endfacet
  facet normal 1 0 0
    outer loop
      vertex 29.6575 -4.33084 0
      vertex 29.6575 -4.06916 10.8303
      vertex 29.6575 -4.33084 11.1492
    endloop
  endfacet
  facet normal 1 0 0
    outer loop
      vertex 29.6575 -4.06916 10.8303
      vertex 29.6575 -4.33084 0
      vertex 29.6575 -4.06916 0
    endloop
  endfacet
  facet normal 1 0 0
    outer loop
      vertex 29.6575 -2.23084 0
      vertex 29.6575 -1.96916 9.37753
      vertex 29.6575 -2.10476 9.41866
    endloop
  endfacet
  facet normal 1 0 0
    outer loop
      vertex 29.6575 -2.23084 0
      vertex 29.6575 -2.10476 9.41866
      vertex 29.6575 -2.23084 9.48606
    endloop
  endfacet
  facet normal 1 0 0
    outer loop
      vertex 29.6575 -1.96916 9.37753
      vertex 29.6575 -2.23084 0
      vertex 29.6575 -1.96916 0
    endloop
  endfacet
  facet normal 1 -0 0
    outer loop
      vertex 29.6575 0 9
      vertex 29.6575 0.130844 0
      vertex 29.6575 0.130844 9.01289
    endloop
  endfacet
  facet normal 1 0 0
    outer loop
      vertex 29.6575 -0.130844 0
      vertex 29.6575 0 9
      vertex 29.6575 -0.130844 9.01289
    endloop
  endfacet
  facet normal 1 0 0
    outer loop
      vertex 29.6575 0 9
      vertex 29.6575 -0.130844 0
      vertex 29.6575 0.130844 0
    endloop
  endfacet
  facet normal 1 -0 0
    outer loop
      vertex 29.6575 2.10476 9.41866
      vertex 29.6575 2.23084 0
      vertex 29.6575 2.23084 9.48606
    endloop
  endfacet
  facet normal 1 -0 0
    outer loop
      vertex 29.6575 1.96916 9.37753
      vertex 29.6575 2.23084 0
      vertex 29.6575 2.10476 9.41866
    endloop
  endfacet
  facet normal 1 0 0
    outer loop
      vertex 29.6575 2.23084 0
      vertex 29.6575 1.96916 9.37753
      vertex 29.6575 1.96916 0
    endloop
  endfacet
  facet normal 1 -0 0
    outer loop
      vertex 29.6575 4.06916 10.8303
      vertex 29.6575 4.33084 0
      vertex 29.6575 4.33084 11.1492
    endloop
  endfacet
  facet normal 1 0 0
    outer loop
      vertex 29.6575 4.33084 0
      vertex 29.6575 4.06916 10.8303
      vertex 29.6575 4.06916 0
    endloop
  endfacet
  facet normal -0.707107 0.707107 0
    outer loop
      vertex -28.7691 14.982 0
      vertex -28.1214 15.6297 18.7
      vertex -28.1214 15.6297 0
    endloop
  endfacet
  facet normal -0.707107 0.707107 0
    outer loop
      vertex -28.1214 15.6297 18.7
      vertex -28.7691 14.982 0
      vertex -28.7691 14.982 18.7
    endloop
  endfacet
  facet normal 0.707107 0.707107 0
    outer loop
      vertex 28.7691 14.982 18.7
      vertex 28.1214 15.6297 0
      vertex 28.1214 15.6297 18.7
    endloop
  endfacet
  facet normal 0.707107 0.707107 0
    outer loop
      vertex 28.1214 15.6297 0
      vertex 28.7691 14.982 18.7
      vertex 28.7691 14.982 0
    endloop
  endfacet
  facet normal 0.965912 0.258871 0
    outer loop
      vertex 29.6575 12.7 18.7
      vertex 29.5202 13.2123 0
      vertex 29.5202 13.2123 18.7
    endloop
  endfacet
  facet normal 0.965912 0.258871 0
    outer loop
      vertex 29.5202 13.2123 0
      vertex 29.6575 12.7 18.7
      vertex 29.6575 12.7 0
    endloop
  endfacet
  facet normal 0.965907 0.258889 0
    outer loop
      vertex 29.4049 13.6427 18.7
      vertex 29.1934 14.4318 0
      vertex 29.1934 14.4318 18.7
    endloop
  endfacet
  facet normal 0.965907 0.258889 0
    outer loop
      vertex 29.1934 14.4318 0
      vertex 29.4049 13.6427 18.7
      vertex 29.4049 13.6427 0
    endloop
  endfacet
  facet normal 0.965912 -0.258871 0
    outer loop
      vertex 29.5202 -13.2123 18.7
      vertex 29.6575 -12.7 0
      vertex 29.6575 -12.7 18.7
    endloop
  endfacet
  facet normal 0.965912 -0.258871 0
    outer loop
      vertex 29.6575 -12.7 0
      vertex 29.5202 -13.2123 18.7
      vertex 29.5202 -13.2123 0
    endloop
  endfacet
  facet normal 0.965907 -0.258889 0
    outer loop
      vertex 29.1934 -14.4318 18.7
      vertex 29.4049 -13.6427 0
      vertex 29.4049 -13.6427 18.7
    endloop
  endfacet
  facet normal 0.965907 -0.258889 0
    outer loop
      vertex 29.4049 -13.6427 0
      vertex 29.1934 -14.4318 18.7
      vertex 29.1934 -14.4318 0
    endloop
  endfacet
  facet normal -0.707107 -0.707107 0
    outer loop
      vertex -28.1214 -15.6297 0
      vertex -28.7691 -14.982 18.7
      vertex -28.7691 -14.982 0
    endloop
  endfacet
  facet normal -0.707107 -0.707107 0
    outer loop
      vertex -28.7691 -14.982 18.7
      vertex -28.1214 -15.6297 0
      vertex -28.1214 -15.6297 18.7
    endloop
  endfacet
  facet normal 0 1 -0
    outer loop
      vertex -24.5129 -15.2 18.6
      vertex -25.85 -15.2 18.7
      vertex -24.5129 -15.2 18.7
    endloop
  endfacet
  facet normal 0 1 0
    outer loop
      vertex -25.85 -15.2 18.7
      vertex -24.5129 -15.2 18.6
      vertex -25.85 -15.2 18.6
    endloop
  endfacet
  facet normal 0 1 -0
    outer loop
      vertex -22.4129 -15.2 18.6
      vertex -23.7871 -15.2 18.7
      vertex -22.4129 -15.2 18.7
    endloop
  endfacet
  facet normal 0 1 0
    outer loop
      vertex -23.7871 -15.2 18.7
      vertex -22.4129 -15.2 18.6
      vertex -23.7871 -15.2 18.6
    endloop
  endfacet
  facet normal 0 1 -0
    outer loop
      vertex -20.3129 -15.2 18.6
      vertex -21.6871 -15.2 18.7
      vertex -20.3129 -15.2 18.7
    endloop
  endfacet
  facet normal 0 1 0
    outer loop
      vertex -21.6871 -15.2 18.7
      vertex -20.3129 -15.2 18.6
      vertex -21.6871 -15.2 18.6
    endloop
  endfacet
  facet normal 0 1 -0
    outer loop
      vertex -18.2129 -15.2 18.6
      vertex -19.5871 -15.2 18.7
      vertex -18.2129 -15.2 18.7
    endloop
  endfacet
  facet normal 0 1 0
    outer loop
      vertex -19.5871 -15.2 18.7
      vertex -18.2129 -15.2 18.6
      vertex -19.5871 -15.2 18.6
    endloop
  endfacet
  facet normal 0 1 -0
    outer loop
      vertex -16.1129 -15.2 18.6
      vertex -17.4871 -15.2 18.7
      vertex -16.1129 -15.2 18.7
    endloop
  endfacet
  facet normal 0 1 0
    outer loop
      vertex -17.4871 -15.2 18.7
      vertex -16.1129 -15.2 18.6
      vertex -17.4871 -15.2 18.6
    endloop
  endfacet
  facet normal 0 1 -0
    outer loop
      vertex -14.0129 -15.2 18.6
      vertex -15.3871 -15.2 18.7
      vertex -14.0129 -15.2 18.7
    endloop
  endfacet
  facet normal 0 1 0
    outer loop
      vertex -15.3871 -15.2 18.7
      vertex -14.0129 -15.2 18.6
      vertex -15.3871 -15.2 18.6
    endloop
  endfacet
  facet normal 0 1 -0
    outer loop
      vertex -11.9129 -15.2 18.6
      vertex -13.2871 -15.2 18.7
      vertex -11.9129 -15.2 18.7
    endloop
  endfacet
  facet normal 0 1 0
    outer loop
      vertex -13.2871 -15.2 18.7
      vertex -11.9129 -15.2 18.6
      vertex -13.2871 -15.2 18.6
    endloop
  endfacet
  facet normal 0 1 -0
    outer loop
      vertex -9.81287 -15.2 18.6
      vertex -11.1871 -15.2 18.7
      vertex -9.81287 -15.2 18.7
    endloop
  endfacet
  facet normal 0 1 0
    outer loop
      vertex -11.1871 -15.2 18.7
      vertex -9.81287 -15.2 18.6
      vertex -11.1871 -15.2 18.6
    endloop
  endfacet
  facet normal 0 1 -0
    outer loop
      vertex -7.71286 -15.2 18.6
      vertex -9.08713 -15.2 18.7
      vertex -7.71286 -15.2 18.7
    endloop
  endfacet
  facet normal 0 1 0
    outer loop
      vertex -9.08713 -15.2 18.7
      vertex -7.71286 -15.2 18.6
      vertex -9.08713 -15.2 18.6
    endloop
  endfacet
  facet normal 0 1 -0
    outer loop
      vertex -5.61287 -15.2 18.6
      vertex -6.98713 -15.2 18.7
      vertex -5.61287 -15.2 18.7
    endloop
  endfacet
  facet normal 0 1 0
    outer loop
      vertex -6.98713 -15.2 18.7
      vertex -5.61287 -15.2 18.6
      vertex -6.98713 -15.2 18.6
    endloop
  endfacet
  facet normal 0 1 -0
    outer loop
      vertex -3.51287 -15.2 18.6
      vertex -4.88713 -15.2 18.7
      vertex -3.51287 -15.2 18.7
    endloop
  endfacet
  facet normal 0 1 0
    outer loop
      vertex -4.88713 -15.2 18.7
      vertex -3.51287 -15.2 18.6
      vertex -4.88713 -15.2 18.6
    endloop
  endfacet
  facet normal 0 1 -0
    outer loop
      vertex -1.41287 -15.2 18.6
      vertex -2.78713 -15.2 18.7
      vertex -1.41287 -15.2 18.7
    endloop
  endfacet
  facet normal 0 1 0
    outer loop
      vertex -2.78713 -15.2 18.7
      vertex -1.41287 -15.2 18.6
      vertex -2.78713 -15.2 18.6
    endloop
  endfacet
  facet normal 0 1 -0
    outer loop
      vertex 0.687134 -15.2 18.6
      vertex -0.687134 -15.2 18.7
      vertex 0.687134 -15.2 18.7
    endloop
  endfacet
  facet normal 0 1 0
    outer loop
      vertex -0.687134 -15.2 18.7
      vertex 0.687134 -15.2 18.6
      vertex -0.687134 -15.2 18.6
    endloop
  endfacet
  facet normal 0 1 -0
    outer loop
      vertex 2.78713 -15.2 18.6
      vertex 1.41287 -15.2 18.7
      vertex 2.78713 -15.2 18.7
    endloop
  endfacet
  facet normal 0 1 0
    outer loop
      vertex 1.41287 -15.2 18.7
      vertex 2.78713 -15.2 18.6
      vertex 1.41287 -15.2 18.6
    endloop
  endfacet
  facet normal 0 1 -0
    outer loop
      vertex 4.88713 -15.2 18.6
      vertex 3.51287 -15.2 18.7
      vertex 4.88713 -15.2 18.7
    endloop
  endfacet
  facet normal 0 1 0
    outer loop
      vertex 3.51287 -15.2 18.7
      vertex 4.88713 -15.2 18.6
      vertex 3.51287 -15.2 18.6
    endloop
  endfacet
  facet normal 0 1 -0
    outer loop
      vertex 6.98713 -15.2 18.6
      vertex 5.61287 -15.2 18.7
      vertex 6.98713 -15.2 18.7
    endloop
  endfacet
  facet normal 0 1 0
    outer loop
      vertex 5.61287 -15.2 18.7
      vertex 6.98713 -15.2 18.6
      vertex 5.61287 -15.2 18.6
    endloop
  endfacet
  facet normal 0 1 -0
    outer loop
      vertex 9.08713 -15.2 18.6
      vertex 7.71286 -15.2 18.7
      vertex 9.08713 -15.2 18.7
    endloop
  endfacet
  facet normal 0 1 0
    outer loop
      vertex 7.71286 -15.2 18.7
      vertex 9.08713 -15.2 18.6
      vertex 7.71286 -15.2 18.6
    endloop
  endfacet
  facet normal 0 1 -0
    outer loop
      vertex 11.1871 -15.2 18.6
      vertex 9.81287 -15.2 18.7
      vertex 11.1871 -15.2 18.7
    endloop
  endfacet
  facet normal 0 1 0
    outer loop
      vertex 9.81287 -15.2 18.7
      vertex 11.1871 -15.2 18.6
      vertex 9.81287 -15.2 18.6
    endloop
  endfacet
  facet normal 0 1 -0
    outer loop
      vertex 13.2871 -15.2 18.6
      vertex 11.9129 -15.2 18.7
      vertex 13.2871 -15.2 18.7
    endloop
  endfacet
  facet normal 0 1 0
    outer loop
      vertex 11.9129 -15.2 18.7
      vertex 13.2871 -15.2 18.6
      vertex 11.9129 -15.2 18.6
    endloop
  endfacet
  facet normal 0 1 -0
    outer loop
      vertex 15.3871 -15.2 18.6
      vertex 14.0129 -15.2 18.7
      vertex 15.3871 -15.2 18.7
    endloop
  endfacet
  facet normal 0 1 0
    outer loop
      vertex 14.0129 -15.2 18.7
      vertex 15.3871 -15.2 18.6
      vertex 14.0129 -15.2 18.6
    endloop
  endfacet
  facet normal 0 1 -0
    outer loop
      vertex 17.4871 -15.2 18.6
      vertex 16.1129 -15.2 18.7
      vertex 17.4871 -15.2 18.7
    endloop
  endfacet
  facet normal 0 1 0
    outer loop
      vertex 16.1129 -15.2 18.7
      vertex 17.4871 -15.2 18.6
      vertex 16.1129 -15.2 18.6
    endloop
  endfacet
  facet normal 0 1 -0
    outer loop
      vertex 19.5871 -15.2 18.6
      vertex 18.2129 -15.2 18.7
      vertex 19.5871 -15.2 18.7
    endloop
  endfacet
  facet normal 0 1 0
    outer loop
      vertex 18.2129 -15.2 18.7
      vertex 19.5871 -15.2 18.6
      vertex 18.2129 -15.2 18.6
    endloop
  endfacet
  facet normal 0 1 -0
    outer loop
      vertex 21.6871 -15.2 18.6
      vertex 20.3129 -15.2 18.7
      vertex 21.6871 -15.2 18.7
    endloop
  endfacet
  facet normal 0 1 0
    outer loop
      vertex 20.3129 -15.2 18.7
      vertex 21.6871 -15.2 18.6
      vertex 20.3129 -15.2 18.6
    endloop
  endfacet
  facet normal 0 1 -0
    outer loop
      vertex 23.7871 -15.2 18.6
      vertex 22.4129 -15.2 18.7
      vertex 23.7871 -15.2 18.7
    endloop
  endfacet
  facet normal 0 1 0
    outer loop
      vertex 22.4129 -15.2 18.7
      vertex 23.7871 -15.2 18.6
      vertex 22.4129 -15.2 18.6
    endloop
  endfacet
  facet normal 0 1 -0
    outer loop
      vertex 25.85 -15.2 18.6
      vertex 24.5129 -15.2 18.7
      vertex 25.85 -15.2 18.7
    endloop
  endfacet
  facet normal 0 1 0
    outer loop
      vertex 24.5129 -15.2 18.7
      vertex 25.85 -15.2 18.6
      vertex 24.5129 -15.2 18.6
    endloop
  endfacet
  facet normal -0.382756 0.92385 0
    outer loop
      vertex 26.2876 -15.0187 18.6
      vertex 25.85 -15.2 18.7
      vertex 26.2876 -15.0187 18.7
    endloop
  endfacet
  facet normal -0.382756 0.92385 0
    outer loop
      vertex 25.85 -15.2 18.7
      vertex 26.2876 -15.0187 18.6
      vertex 25.85 -15.2 18.6
    endloop
  endfacet
  facet normal -0.382746 0.923854 0
    outer loop
      vertex 27.1458 -14.6632 18.6
      vertex 26.2964 -15.0151 18.7
      vertex 27.1458 -14.6632 18.7
    endloop
  endfacet
  facet normal -0.382746 0.923854 0
    outer loop
      vertex 26.2964 -15.0151 18.7
      vertex 27.1458 -14.6632 18.6
      vertex 26.2964 -15.0151 18.6
    endloop
  endfacet
  facet normal -0.382636 0.923899 0
    outer loop
      vertex 27.6178 -14.4678 18.6
      vertex 27.1769 -14.6504 18.7
      vertex 27.6178 -14.4678 18.7
    endloop
  endfacet
  facet normal -0.382636 0.923899 0
    outer loop
      vertex 27.1769 -14.6504 18.7
      vertex 27.6178 -14.4678 18.6
      vertex 27.1769 -14.6504 18.6
    endloop
  endfacet
  facet normal -0.923898 0.382639 0
    outer loop
      vertex 27.6178 -14.4678 18.6
      vertex 27.8062 -14.0129 18.7
      vertex 27.8062 -14.0129 18.6
    endloop
  endfacet
  facet normal -0.923898 0.382639 0
    outer loop
      vertex 27.8062 -14.0129 18.7
      vertex 27.6178 -14.4678 18.6
      vertex 27.6178 -14.4678 18.7
    endloop
  endfacet
  facet normal -0.923845 0.382767 0
    outer loop
      vertex 27.8168 -13.9871 18.6
      vertex 28.1449 -13.1952 18.7
      vertex 28.1449 -13.1952 18.6
    endloop
  endfacet
  facet normal -0.923845 0.382767 0
    outer loop
      vertex 28.1449 -13.1952 18.7
      vertex 27.8168 -13.9871 18.6
      vertex 27.8168 -13.9871 18.7
    endloop
  endfacet
  facet normal -0.9239 0.382633 0
    outer loop
      vertex 28.1539 -13.1735 18.6
      vertex 28.35 -12.7 18.7
      vertex 28.35 -12.7 18.6
    endloop
  endfacet
  facet normal -0.9239 0.382633 0
    outer loop
      vertex 28.35 -12.7 18.7
      vertex 28.1539 -13.1735 18.6
      vertex 28.1539 -13.1735 18.7
    endloop
  endfacet
  facet normal 0.382636 -0.923899 0
    outer loop
      vertex -27.6178 14.4678 18.6
      vertex -27.1769 14.6504 18.7
      vertex -27.6178 14.4678 18.7
    endloop
  endfacet
  facet normal 0.382636 -0.923899 0
    outer loop
      vertex -27.1769 14.6504 18.7
      vertex -27.6178 14.4678 18.6
      vertex -27.1769 14.6504 18.6
    endloop
  endfacet
  facet normal 0.382746 -0.923854 0
    outer loop
      vertex -27.1458 14.6632 18.6
      vertex -26.2964 15.0151 18.7
      vertex -27.1458 14.6632 18.7
    endloop
  endfacet
  facet normal 0.382746 -0.923854 0
    outer loop
      vertex -26.2964 15.0151 18.7
      vertex -27.1458 14.6632 18.6
      vertex -26.2964 15.0151 18.6
    endloop
  endfacet
  facet normal 0.382756 -0.92385 0
    outer loop
      vertex -26.2876 15.0187 18.6
      vertex -25.85 15.2 18.7
      vertex -26.2876 15.0187 18.7
    endloop
  endfacet
  facet normal 0.382756 -0.92385 0
    outer loop
      vertex -25.85 15.2 18.7
      vertex -26.2876 15.0187 18.6
      vertex -25.85 15.2 18.6
    endloop
  endfacet
  facet normal -1 0 0
    outer loop
      vertex 28.35 5.66404 18.6
      vertex 28.35 6.93596 18.7
      vertex 28.35 6.93596 18.6
    endloop
  endfacet
  facet normal -1 -0 0
    outer loop
      vertex 28.35 6.93596 18.7
      vertex 28.35 5.66404 18.6
      vertex 28.35 5.66404 18.7
    endloop
  endfacet
  facet normal -1 0 0
    outer loop
      vertex 28.35 -12.7 18.6
      vertex 28.35 -11.964 18.7
      vertex 28.35 -11.964 18.6
    endloop
  endfacet
  facet normal -1 -0 0
    outer loop
      vertex 28.35 -11.964 18.7
      vertex 28.35 -12.7 18.6
      vertex 28.35 -12.7 18.7
    endloop
  endfacet
  facet normal -1 0 0
    outer loop
      vertex 28.35 7.76404 18.6
      vertex 28.35 9.03596 18.7
      vertex 28.35 9.03596 18.6
    endloop
  endfacet
  facet normal -1 -0 0
    outer loop
      vertex 28.35 9.03596 18.7
      vertex 28.35 7.76404 18.6
      vertex 28.35 7.76404 18.7
    endloop
  endfacet
  facet normal -1 0 0
    outer loop
      vertex 28.35 -6.93596 18.6
      vertex 28.35 -5.66404 18.7
      vertex 28.35 -5.66404 18.6
    endloop
  endfacet
  facet normal -1 -0 0
    outer loop
      vertex 28.35 -5.66404 18.7
      vertex 28.35 -6.93596 18.6
      vertex 28.35 -6.93596 18.7
    endloop
  endfacet
  facet normal -1 0 0
    outer loop
      vertex 28.35 11.964 18.6
      vertex 28.35 12.7 18.7
      vertex 28.35 12.7 18.6
    endloop
  endfacet
  facet normal -1 -0 0
    outer loop
      vertex 28.35 12.7 18.7
      vertex 28.35 11.964 18.6
      vertex 28.35 11.964 18.7
    endloop
  endfacet
  facet normal -1 0 0
    outer loop
      vertex 28.35 9.86404 18.6
      vertex 28.35 11.136 18.7
      vertex 28.35 11.136 18.6
    endloop
  endfacet
  facet normal -1 -0 0
    outer loop
      vertex 28.35 11.136 18.7
      vertex 28.35 9.86404 18.6
      vertex 28.35 9.86404 18.7
    endloop
  endfacet
  facet normal -1 0 0
    outer loop
      vertex 28.35 3.63209 18.6
      vertex 28.35 4.83596 18.7
      vertex 28.35 4.83596 18.6
    endloop
  endfacet
  facet normal -1 0 0
    outer loop
      vertex 28.35 3.56404 18.7
      vertex 28.35 3.63209 18.6
      vertex 28.35 3.56404 18.6558
    endloop
  endfacet
  facet normal -1 0 0
    outer loop
      vertex 28.35 3.63209 18.6
      vertex 28.35 3.56404 18.7
      vertex 28.35 4.83596 18.7
    endloop
  endfacet
  facet normal -1 0 0
    outer loop
      vertex 28.35 -11.136 18.6
      vertex 28.35 -9.86404 18.7
      vertex 28.35 -9.86404 18.6
    endloop
  endfacet
  facet normal -1 -0 0
    outer loop
      vertex 28.35 -9.86404 18.7
      vertex 28.35 -11.136 18.6
      vertex 28.35 -11.136 18.7
    endloop
  endfacet
  facet normal -1 0 0
    outer loop
      vertex 28.35 -9.03596 18.6
      vertex 28.35 -7.76404 18.7
      vertex 28.35 -7.76404 18.6
    endloop
  endfacet
  facet normal -1 -0 0
    outer loop
      vertex 28.35 -7.76404 18.7
      vertex 28.35 -9.03596 18.6
      vertex 28.35 -9.03596 18.7
    endloop
  endfacet
  facet normal -1 0 0
    outer loop
      vertex 28.35 -3.63209 18.6
      vertex 28.35 -3.56404 18.7
      vertex 28.35 -3.56404 18.6558
    endloop
  endfacet
  facet normal -1 0 0
    outer loop
      vertex 28.35 -4.83596 18.7
      vertex 28.35 -3.63209 18.6
      vertex 28.35 -4.83596 18.6
    endloop
  endfacet
  facet normal -1 0 0
    outer loop
      vertex 28.35 -3.63209 18.6
      vertex 28.35 -4.83596 18.7
      vertex 28.35 -3.56404 18.7
    endloop
  endfacet
  facet normal -0.382756 -0.92385 0
    outer loop
      vertex 25.85 15.2 18.6
      vertex 26.2876 15.0187 18.7
      vertex 25.85 15.2 18.7
    endloop
  endfacet
  facet normal -0.382756 -0.92385 -0
    outer loop
      vertex 26.2876 15.0187 18.7
      vertex 25.85 15.2 18.6
      vertex 26.2876 15.0187 18.6
    endloop
  endfacet
  facet normal -0.382746 -0.923854 0
    outer loop
      vertex 26.2964 15.0151 18.6
      vertex 27.1458 14.6632 18.7
      vertex 26.2964 15.0151 18.7
    endloop
  endfacet
  facet normal -0.382746 -0.923854 -0
    outer loop
      vertex 27.1458 14.6632 18.7
      vertex 26.2964 15.0151 18.6
      vertex 27.1458 14.6632 18.6
    endloop
  endfacet
  facet normal -0.382636 -0.923899 0
    outer loop
      vertex 27.1769 14.6504 18.6
      vertex 27.6178 14.4678 18.7
      vertex 27.1769 14.6504 18.7
    endloop
  endfacet
  facet normal -0.382636 -0.923899 -0
    outer loop
      vertex 27.6178 14.4678 18.7
      vertex 27.1769 14.6504 18.6
      vertex 27.6178 14.4678 18.6
    endloop
  endfacet
  facet normal 0.9239 -0.382633 0
    outer loop
      vertex -28.35 12.7 18.7
      vertex -28.1539 13.1735 18.6
      vertex -28.1539 13.1735 18.7
    endloop
  endfacet
  facet normal 0.9239 -0.382633 0
    outer loop
      vertex -28.1539 13.1735 18.6
      vertex -28.35 12.7 18.7
      vertex -28.35 12.7 18.6
    endloop
  endfacet
  facet normal 0.923845 -0.382767 0
    outer loop
      vertex -28.1449 13.1952 18.7
      vertex -27.8168 13.9871 18.6
      vertex -27.8168 13.9871 18.7
    endloop
  endfacet
  facet normal 0.923845 -0.382767 0
    outer loop
      vertex -27.8168 13.9871 18.6
      vertex -28.1449 13.1952 18.7
      vertex -28.1449 13.1952 18.6
    endloop
  endfacet
  facet normal 0.923898 -0.382639 0
    outer loop
      vertex -27.8062 14.0129 18.7
      vertex -27.6178 14.4678 18.6
      vertex -27.6178 14.4678 18.7
    endloop
  endfacet
  facet normal 0.923898 -0.382639 0
    outer loop
      vertex -27.6178 14.4678 18.6
      vertex -27.8062 14.0129 18.7
      vertex -27.8062 14.0129 18.6
    endloop
  endfacet
  facet normal 0 -1 0
    outer loop
      vertex -25.85 15.2 18.6
      vertex -24.5129 15.2 18.7
      vertex -25.85 15.2 18.7
    endloop
  endfacet
  facet normal 0 -1 -0
    outer loop
      vertex -24.5129 15.2 18.7
      vertex -25.85 15.2 18.6
      vertex -24.5129 15.2 18.6
    endloop
  endfacet
  facet normal 0 -1 0
    outer loop
      vertex -23.7871 15.2 18.6
      vertex -22.4129 15.2 18.7
      vertex -23.7871 15.2 18.7
    endloop
  endfacet
  facet normal 0 -1 -0
    outer loop
      vertex -22.4129 15.2 18.7
      vertex -23.7871 15.2 18.6
      vertex -22.4129 15.2 18.6
    endloop
  endfacet
  facet normal 0 -1 0
    outer loop
      vertex -21.6871 15.2 18.6
      vertex -20.3129 15.2 18.7
      vertex -21.6871 15.2 18.7
    endloop
  endfacet
  facet normal 0 -1 -0
    outer loop
      vertex -20.3129 15.2 18.7
      vertex -21.6871 15.2 18.6
      vertex -20.3129 15.2 18.6
    endloop
  endfacet
  facet normal 0 -1 0
    outer loop
      vertex -19.5871 15.2 18.6
      vertex -18.2129 15.2 18.7
      vertex -19.5871 15.2 18.7
    endloop
  endfacet
  facet normal 0 -1 -0
    outer loop
      vertex -18.2129 15.2 18.7
      vertex -19.5871 15.2 18.6
      vertex -18.2129 15.2 18.6
    endloop
  endfacet
  facet normal 0 -1 0
    outer loop
      vertex -17.4871 15.2 18.6
      vertex -16.1129 15.2 18.7
      vertex -17.4871 15.2 18.7
    endloop
  endfacet
  facet normal 0 -1 -0
    outer loop
      vertex -16.1129 15.2 18.7
      vertex -17.4871 15.2 18.6
      vertex -16.1129 15.2 18.6
    endloop
  endfacet
  facet normal 0 -1 0
    outer loop
      vertex -15.3871 15.2 18.6
      vertex -14.0129 15.2 18.7
      vertex -15.3871 15.2 18.7
    endloop
  endfacet
  facet normal 0 -1 -0
    outer loop
      vertex -14.0129 15.2 18.7
      vertex -15.3871 15.2 18.6
      vertex -14.0129 15.2 18.6
    endloop
  endfacet
  facet normal 0 -1 0
    outer loop
      vertex -13.2871 15.2 18.6
      vertex -11.9129 15.2 18.7
      vertex -13.2871 15.2 18.7
    endloop
  endfacet
  facet normal 0 -1 -0
    outer loop
      vertex -11.9129 15.2 18.7
      vertex -13.2871 15.2 18.6
      vertex -11.9129 15.2 18.6
    endloop
  endfacet
  facet normal 0 -1 0
    outer loop
      vertex -11.1871 15.2 18.6
      vertex -9.81287 15.2 18.7
      vertex -11.1871 15.2 18.7
    endloop
  endfacet
  facet normal 0 -1 -0
    outer loop
      vertex -9.81287 15.2 18.7
      vertex -11.1871 15.2 18.6
      vertex -9.81287 15.2 18.6
    endloop
  endfacet
  facet normal 0 -1 0
    outer loop
      vertex -9.08713 15.2 18.6
      vertex -7.71286 15.2 18.7
      vertex -9.08713 15.2 18.7
    endloop
  endfacet
  facet normal 0 -1 -0
    outer loop
      vertex -7.71286 15.2 18.7
      vertex -9.08713 15.2 18.6
      vertex -7.71286 15.2 18.6
    endloop
  endfacet
  facet normal 0 -1 0
    outer loop
      vertex -6.98713 15.2 18.6
      vertex -5.61287 15.2 18.7
      vertex -6.98713 15.2 18.7
    endloop
  endfacet
  facet normal 0 -1 -0
    outer loop
      vertex -5.61287 15.2 18.7
      vertex -6.98713 15.2 18.6
      vertex -5.61287 15.2 18.6
    endloop
  endfacet
  facet normal 0 -1 0
    outer loop
      vertex -4.88713 15.2 18.6
      vertex -3.51287 15.2 18.7
      vertex -4.88713 15.2 18.7
    endloop
  endfacet
  facet normal 0 -1 -0
    outer loop
      vertex -3.51287 15.2 18.7
      vertex -4.88713 15.2 18.6
      vertex -3.51287 15.2 18.6
    endloop
  endfacet
  facet normal 0 -1 0
    outer loop
      vertex -2.78713 15.2 18.6
      vertex -1.41287 15.2 18.7
      vertex -2.78713 15.2 18.7
    endloop
  endfacet
  facet normal 0 -1 -0
    outer loop
      vertex -1.41287 15.2 18.7
      vertex -2.78713 15.2 18.6
      vertex -1.41287 15.2 18.6
    endloop
  endfacet
  facet normal 0 -1 0
    outer loop
      vertex -0.687134 15.2 18.6
      vertex 0.687134 15.2 18.7
      vertex -0.687134 15.2 18.7
    endloop
  endfacet
  facet normal 0 -1 -0
    outer loop
      vertex 0.687134 15.2 18.7
      vertex -0.687134 15.2 18.6
      vertex 0.687134 15.2 18.6
    endloop
  endfacet
  facet normal 0 -1 0
    outer loop
      vertex 1.41287 15.2 18.6
      vertex 2.78713 15.2 18.7
      vertex 1.41287 15.2 18.7
    endloop
  endfacet
  facet normal 0 -1 -0
    outer loop
      vertex 2.78713 15.2 18.7
      vertex 1.41287 15.2 18.6
      vertex 2.78713 15.2 18.6
    endloop
  endfacet
  facet normal 0 -1 0
    outer loop
      vertex 3.51287 15.2 18.6
      vertex 4.88713 15.2 18.7
      vertex 3.51287 15.2 18.7
    endloop
  endfacet
  facet normal 0 -1 -0
    outer loop
      vertex 4.88713 15.2 18.7
      vertex 3.51287 15.2 18.6
      vertex 4.88713 15.2 18.6
    endloop
  endfacet
  facet normal 0 -1 0
    outer loop
      vertex 5.61287 15.2 18.6
      vertex 6.98713 15.2 18.7
      vertex 5.61287 15.2 18.7
    endloop
  endfacet
  facet normal 0 -1 -0
    outer loop
      vertex 6.98713 15.2 18.7
      vertex 5.61287 15.2 18.6
      vertex 6.98713 15.2 18.6
    endloop
  endfacet
  facet normal 0 -1 0
    outer loop
      vertex 7.71286 15.2 18.6
      vertex 9.08713 15.2 18.7
      vertex 7.71286 15.2 18.7
    endloop
  endfacet
  facet normal 0 -1 -0
    outer loop
      vertex 9.08713 15.2 18.7
      vertex 7.71286 15.2 18.6
      vertex 9.08713 15.2 18.6
    endloop
  endfacet
  facet normal 0 -1 0
    outer loop
      vertex 9.81287 15.2 18.6
      vertex 11.1871 15.2 18.7
      vertex 9.81287 15.2 18.7
    endloop
  endfacet
  facet normal 0 -1 -0
    outer loop
      vertex 11.1871 15.2 18.7
      vertex 9.81287 15.2 18.6
      vertex 11.1871 15.2 18.6
    endloop
  endfacet
  facet normal 0 -1 0
    outer loop
      vertex 11.9129 15.2 18.6
      vertex 13.2871 15.2 18.7
      vertex 11.9129 15.2 18.7
    endloop
  endfacet
  facet normal 0 -1 -0
    outer loop
      vertex 13.2871 15.2 18.7
      vertex 11.9129 15.2 18.6
      vertex 13.2871 15.2 18.6
    endloop
  endfacet
  facet normal 0 -1 0
    outer loop
      vertex 14.0129 15.2 18.6
      vertex 15.3871 15.2 18.7
      vertex 14.0129 15.2 18.7
    endloop
  endfacet
  facet normal 0 -1 -0
    outer loop
      vertex 15.3871 15.2 18.7
      vertex 14.0129 15.2 18.6
      vertex 15.3871 15.2 18.6
    endloop
  endfacet
  facet normal 0 -1 0
    outer loop
      vertex 16.1129 15.2 18.6
      vertex 17.4871 15.2 18.7
      vertex 16.1129 15.2 18.7
    endloop
  endfacet
  facet normal 0 -1 -0
    outer loop
      vertex 17.4871 15.2 18.7
      vertex 16.1129 15.2 18.6
      vertex 17.4871 15.2 18.6
    endloop
  endfacet
  facet normal 0 -1 0
    outer loop
      vertex 18.2129 15.2 18.6
      vertex 19.5871 15.2 18.7
      vertex 18.2129 15.2 18.7
    endloop
  endfacet
  facet normal 0 -1 -0
    outer loop
      vertex 19.5871 15.2 18.7
      vertex 18.2129 15.2 18.6
      vertex 19.5871 15.2 18.6
    endloop
  endfacet
  facet normal 0 -1 0
    outer loop
      vertex 20.3129 15.2 18.6
      vertex 21.6871 15.2 18.7
      vertex 20.3129 15.2 18.7
    endloop
  endfacet
  facet normal 0 -1 -0
    outer loop
      vertex 21.6871 15.2 18.7
      vertex 20.3129 15.2 18.6
      vertex 21.6871 15.2 18.6
    endloop
  endfacet
  facet normal 0 -1 0
    outer loop
      vertex 22.4129 15.2 18.6
      vertex 23.7871 15.2 18.7
      vertex 22.4129 15.2 18.7
    endloop
  endfacet
  facet normal 0 -1 -0
    outer loop
      vertex 23.7871 15.2 18.7
      vertex 22.4129 15.2 18.6
      vertex 23.7871 15.2 18.6
    endloop
  endfacet
  facet normal 0 -1 0
    outer loop
      vertex 24.5129 15.2 18.6
      vertex 25.85 15.2 18.7
      vertex 24.5129 15.2 18.7
    endloop
  endfacet
  facet normal 0 -1 -0
    outer loop
      vertex 25.85 15.2 18.7
      vertex 24.5129 15.2 18.6
      vertex 25.85 15.2 18.6
    endloop
  endfacet
  facet normal 0.923845 0.382767 0
    outer loop
      vertex -27.8168 -13.9871 18.7
      vertex -28.1449 -13.1952 18.6
      vertex -28.1449 -13.1952 18.7
    endloop
  endfacet
  facet normal 0.923845 0.382767 0
    outer loop
      vertex -28.1449 -13.1952 18.6
      vertex -27.8168 -13.9871 18.7
      vertex -27.8168 -13.9871 18.6
    endloop
  endfacet
  facet normal 0.9239 0.382633 0
    outer loop
      vertex -28.1539 -13.1735 18.7
      vertex -28.35 -12.7 18.6
      vertex -28.35 -12.7 18.7
    endloop
  endfacet
  facet normal 0.9239 0.382633 0
    outer loop
      vertex -28.35 -12.7 18.6
      vertex -28.1539 -13.1735 18.7
      vertex -28.1539 -13.1735 18.6
    endloop
  endfacet
  facet normal 0.923898 0.382639 0
    outer loop
      vertex -27.6178 -14.4678 18.7
      vertex -27.8062 -14.0129 18.6
      vertex -27.8062 -14.0129 18.7
    endloop
  endfacet
  facet normal 0.923898 0.382639 0
    outer loop
      vertex -27.8062 -14.0129 18.6
      vertex -27.6178 -14.4678 18.7
      vertex -27.6178 -14.4678 18.6
    endloop
  endfacet
  facet normal 1 -0 0
    outer loop
      vertex -28.35 -2.73596 18.7
      vertex -28.35 -1.46404 18.6
      vertex -28.35 -1.46404 18.7
    endloop
  endfacet
  facet normal 1 0 0
    outer loop
      vertex -28.35 -1.46404 18.6
      vertex -28.35 -2.73596 18.7
      vertex -28.35 -2.73596 18.6
    endloop
  endfacet
  facet normal 1 -0 0
    outer loop
      vertex -28.35 5.66404 18.7
      vertex -28.35 6.93596 18.6
      vertex -28.35 6.93596 18.7
    endloop
  endfacet
  facet normal 1 0 0
    outer loop
      vertex -28.35 6.93596 18.6
      vertex -28.35 5.66404 18.7
      vertex -28.35 5.66404 18.6
    endloop
  endfacet
  facet normal 1 -0 0
    outer loop
      vertex -28.35 -12.7 18.7
      vertex -28.35 -11.964 18.6
      vertex -28.35 -11.964 18.7
    endloop
  endfacet
  facet normal 1 0 0
    outer loop
      vertex -28.35 -11.964 18.6
      vertex -28.35 -12.7 18.7
      vertex -28.35 -12.7 18.6
    endloop
  endfacet
  facet normal 1 -0 0
    outer loop
      vertex -28.35 -9.03596 18.7
      vertex -28.35 -7.76404 18.6
      vertex -28.35 -7.76404 18.7
    endloop
  endfacet
  facet normal 1 0 0
    outer loop
      vertex -28.35 -7.76404 18.6
      vertex -28.35 -9.03596 18.7
      vertex -28.35 -9.03596 18.6
    endloop
  endfacet
  facet normal 1 -0 0
    outer loop
      vertex -28.35 11.964 18.7
      vertex -28.35 12.7 18.6
      vertex -28.35 12.7 18.7
    endloop
  endfacet
  facet normal 1 0 0
    outer loop
      vertex -28.35 12.7 18.6
      vertex -28.35 11.964 18.7
      vertex -28.35 11.964 18.6
    endloop
  endfacet
  facet normal 1 -0 0
    outer loop
      vertex -28.35 3.56404 18.7
      vertex -28.35 4.83596 18.6
      vertex -28.35 4.83596 18.7
    endloop
  endfacet
  facet normal 1 0 0
    outer loop
      vertex -28.35 4.83596 18.6
      vertex -28.35 3.56404 18.7
      vertex -28.35 3.56404 18.6
    endloop
  endfacet
  facet normal 1 -0 0
    outer loop
      vertex -28.35 1.46404 18.7
      vertex -28.35 2.73596 18.6
      vertex -28.35 2.73596 18.7
    endloop
  endfacet
  facet normal 1 0 0
    outer loop
      vertex -28.35 2.73596 18.6
      vertex -28.35 1.46404 18.7
      vertex -28.35 1.46404 18.6
    endloop
  endfacet
  facet normal 1 -0 0
    outer loop
      vertex -28.35 -0.635957 18.7
      vertex -28.35 0.635957 18.6
      vertex -28.35 0.635957 18.7
    endloop
  endfacet
  facet normal 1 0 0
    outer loop
      vertex -28.35 0.635957 18.6
      vertex -28.35 -0.635957 18.7
      vertex -28.35 -0.635957 18.6
    endloop
  endfacet
  facet normal 1 -0 0
    outer loop
      vertex -28.35 9.86404 18.7
      vertex -28.35 11.136 18.6
      vertex -28.35 11.136 18.7
    endloop
  endfacet
  facet normal 1 0 0
    outer loop
      vertex -28.35 11.136 18.6
      vertex -28.35 9.86404 18.7
      vertex -28.35 9.86404 18.6
    endloop
  endfacet
  facet normal 1 -0 0
    outer loop
      vertex -28.35 -6.93596 18.7
      vertex -28.35 -5.66404 18.6
      vertex -28.35 -5.66404 18.7
    endloop
  endfacet
  facet normal 1 0 0
    outer loop
      vertex -28.35 -5.66404 18.6
      vertex -28.35 -6.93596 18.7
      vertex -28.35 -6.93596 18.6
    endloop
  endfacet
  facet normal 1 -0 0
    outer loop
      vertex -28.35 -11.136 18.7
      vertex -28.35 -9.86404 18.6
      vertex -28.35 -9.86404 18.7
    endloop
  endfacet
  facet normal 1 0 0
    outer loop
      vertex -28.35 -9.86404 18.6
      vertex -28.35 -11.136 18.7
      vertex -28.35 -11.136 18.6
    endloop
  endfacet
  facet normal 1 -0 0
    outer loop
      vertex -28.35 -4.83596 18.7
      vertex -28.35 -3.56404 18.6
      vertex -28.35 -3.56404 18.7
    endloop
  endfacet
  facet normal 1 0 0
    outer loop
      vertex -28.35 -3.56404 18.6
      vertex -28.35 -4.83596 18.7
      vertex -28.35 -4.83596 18.6
    endloop
  endfacet
  facet normal 1 -0 0
    outer loop
      vertex -28.35 7.76404 18.7
      vertex -28.35 9.03596 18.6
      vertex -28.35 9.03596 18.7
    endloop
  endfacet
  facet normal 1 0 0
    outer loop
      vertex -28.35 9.03596 18.6
      vertex -28.35 7.76404 18.7
      vertex -28.35 7.76404 18.6
    endloop
  endfacet
  facet normal 0.382636 0.923899 -0
    outer loop
      vertex -27.1769 -14.6504 18.6
      vertex -27.6178 -14.4678 18.7
      vertex -27.1769 -14.6504 18.7
    endloop
  endfacet
  facet normal 0.382636 0.923899 0
    outer loop
      vertex -27.6178 -14.4678 18.7
      vertex -27.1769 -14.6504 18.6
      vertex -27.6178 -14.4678 18.6
    endloop
  endfacet
  facet normal 0.382746 0.923854 -0
    outer loop
      vertex -26.2964 -15.0151 18.6
      vertex -27.1458 -14.6632 18.7
      vertex -26.2964 -15.0151 18.7
    endloop
  endfacet
  facet normal 0.382746 0.923854 0
    outer loop
      vertex -27.1458 -14.6632 18.7
      vertex -26.2964 -15.0151 18.6
      vertex -27.1458 -14.6632 18.6
    endloop
  endfacet
  facet normal 0.382756 0.92385 -0
    outer loop
      vertex -25.85 -15.2 18.6
      vertex -26.2876 -15.0187 18.7
      vertex -25.85 -15.2 18.7
    endloop
  endfacet
  facet normal 0.382756 0.92385 0
    outer loop
      vertex -26.2876 -15.0187 18.7
      vertex -25.85 -15.2 18.6
      vertex -26.2876 -15.0187 18.6
    endloop
  endfacet
  facet normal -0.923898 -0.382639 0
    outer loop
      vertex 27.8062 14.0129 18.6
      vertex 27.6178 14.4678 18.7
      vertex 27.6178 14.4678 18.6
    endloop
  endfacet
  facet normal -0.923898 -0.382639 0
    outer loop
      vertex 27.6178 14.4678 18.7
      vertex 27.8062 14.0129 18.6
      vertex 27.8062 14.0129 18.7
    endloop
  endfacet
  facet normal -0.923845 -0.382767 0
    outer loop
      vertex 28.1449 13.1952 18.6
      vertex 27.8168 13.9871 18.7
      vertex 27.8168 13.9871 18.6
    endloop
  endfacet
  facet normal -0.923845 -0.382767 0
    outer loop
      vertex 27.8168 13.9871 18.7
      vertex 28.1449 13.1952 18.6
      vertex 28.1449 13.1952 18.7
    endloop
  endfacet
  facet normal -0.9239 -0.382633 0
    outer loop
      vertex 28.35 12.7 18.6
      vertex 28.1539 13.1735 18.7
      vertex 28.1539 13.1735 18.6
    endloop
  endfacet
  facet normal -0.9239 -0.382633 0
    outer loop
      vertex 28.1539 13.1735 18.7
      vertex 28.35 12.7 18.6
      vertex 28.35 12.7 18.7
    endloop
  endfacet
  facet normal 1 -0 0
    outer loop
      vertex -15 -16.4813 16.1
      vertex -15 -14.1 9.1
      vertex -15 -14.1 16.1
    endloop
  endfacet
  facet normal 1 0 0
    outer loop
      vertex -15 -14.1 9.1
      vertex -15 -16.4813 16.1
      vertex -15 -16.4813 9.1
    endloop
  endfacet
  facet normal 0 0 -1
    outer loop
      vertex -13.45 -15.7 16.1
      vertex -13 -16.4086 16.1
      vertex -13.2877 -16.1996 16.1
    endloop
  endfacet
  facet normal 0 0 -1
    outer loop
      vertex -13 -16.4086 16.1
      vertex -13.45 -15.7 16.1
      vertex -13 -14.1 16.1
    endloop
  endfacet
  facet normal 0 0 -1
    outer loop
      vertex -13.85 -15.7 16.1
      vertex -13 -14.1 16.1
      vertex -13.45 -15.7 16.1
    endloop
  endfacet
  facet normal 0 0 -1
    outer loop
      vertex -15 -16.4813 16.1
      vertex -14.0123 -16.1996 16.1
      vertex -14.4361 -16.5075 16.1
    endloop
  endfacet
  facet normal -0 0 -1
    outer loop
      vertex -14.0123 -16.1996 16.1
      vertex -15 -16.4813 16.1
      vertex -13.85 -15.7 16.1
    endloop
  endfacet
  facet normal 0 0 -1
    outer loop
      vertex -15 -16.4813 16.1
      vertex -14.4361 -16.5075 16.1
      vertex -14.9639 -16.5075 16.1
    endloop
  endfacet
  facet normal -0 0 -1
    outer loop
      vertex -13.85 -15.7 16.1
      vertex -15 -16.4813 16.1
      vertex -15 -14.1 16.1
    endloop
  endfacet
  facet normal 0 0 -1
    outer loop
      vertex -13.85 -15.7 16.1
      vertex -15 -14.1 16.1
      vertex -13 -14.1 16.1
    endloop
  endfacet
  facet normal -1 0 0
    outer loop
      vertex -13 -16.4086 9.1
      vertex -13 -14.1 16.1
      vertex -13 -14.1 9.1
    endloop
  endfacet
  facet normal -1 -0 0
    outer loop
      vertex -13 -14.1 16.1
      vertex -13 -16.4086 9.1
      vertex -13 -16.4086 16.1
    endloop
  endfacet
  facet normal -0 0 1
    outer loop
      vertex -13.45 -15.7 9.1
      vertex -13 -16.4086 9.1
      vertex -13 -14.1 9.1
    endloop
  endfacet
  facet normal 0 0 1
    outer loop
      vertex -13 -16.4086 9.1
      vertex -13.45 -15.7 9.1
      vertex -13.2877 -16.1996 9.1
    endloop
  endfacet
  facet normal 0 0 1
    outer loop
      vertex -13 -14.1 9.1
      vertex -13.85 -15.7 9.1
      vertex -13.45 -15.7 9.1
    endloop
  endfacet
  facet normal 0 0 1
    outer loop
      vertex -15 -16.4813 9.1
      vertex -14.0123 -16.1996 9.1
      vertex -13.85 -15.7 9.1
    endloop
  endfacet
  facet normal -0 0 1
    outer loop
      vertex -15 -14.1 9.1
      vertex -13.85 -15.7 9.1
      vertex -13 -14.1 9.1
    endloop
  endfacet
  facet normal 0 0 1
    outer loop
      vertex -15 -16.4813 9.1
      vertex -13.85 -15.7 9.1
      vertex -15 -14.1 9.1
    endloop
  endfacet
  facet normal 0 0 1
    outer loop
      vertex -14.0123 -16.1996 9.1
      vertex -15 -16.4813 9.1
      vertex -14.4361 -16.5075 9.1
    endloop
  endfacet
  facet normal 0 0 1
    outer loop
      vertex -14.4361 -16.5075 9.1
      vertex -15 -16.4813 9.1
      vertex -14.9639 -16.5075 9.1
    endloop
  endfacet
  facet normal 1 -0 0
    outer loop
      vertex -1 -15.7 11
      vertex -1 -14.1 9.1
      vertex -1 -14.1 11
    endloop
  endfacet
  facet normal 1 0 0
    outer loop
      vertex -1 -14.1 9.1
      vertex -1 -15.7 11
      vertex -1 -15.7 9.1
    endloop
  endfacet
  facet normal 1 -0 0
    outer loop
      vertex -1 -15.7 16.1
      vertex -1 -14.1 13.6
      vertex -1 -14.1 16.1
    endloop
  endfacet
  facet normal 1 0 0
    outer loop
      vertex -1 -14.1 13.6
      vertex -1 -15.7 16.1
      vertex -1 -15.7 13.6
    endloop
  endfacet
  facet normal -0 0 -1
    outer loop
      vertex 0.849999 -15.7 16.1
      vertex 0.687664 -16.1996 16.1
      vertex 0.849998 -15.7 16.1
    endloop
  endfacet
  facet normal 0 0 -1
    outer loop
      vertex 0.849998 -15.7 16.1
      vertex 1 -14.1 16.1
      vertex 1 -15.7 16.1
    endloop
  endfacet
  facet normal 0 0 -1
    outer loop
      vertex -0.849998 -15.7 16.1
      vertex 0.849998 -15.7 16.1
      vertex 0.687664 -16.1996 16.1
    endloop
  endfacet
  facet normal 0 0 -1
    outer loop
      vertex -0.849998 -15.7 16.1
      vertex 0.687664 -16.1996 16.1
      vertex 0.26391 -16.5075 16.1
    endloop
  endfacet
  facet normal 0 0 -1
    outer loop
      vertex -0.849998 -15.7 16.1
      vertex 0.26391 -16.5075 16.1
      vertex -0.26391 -16.5075 16.1
    endloop
  endfacet
  facet normal 0 0 -1
    outer loop
      vertex -0.849998 -15.7 16.1
      vertex -0.26391 -16.5075 16.1
      vertex -0.687664 -16.1996 16.1
    endloop
  endfacet
  facet normal 0 0 -1
    outer loop
      vertex 0.849998 -15.7 16.1
      vertex -0.849998 -15.7 16.1
      vertex 1 -14.1 16.1
    endloop
  endfacet
  facet normal 0 0 -1
    outer loop
      vertex -1 -14.1 16.1
      vertex -0.849998 -15.7 16.1
      vertex -1 -15.7 16.1
    endloop
  endfacet
  facet normal 0 0 -1
    outer loop
      vertex -0.849998 -15.7 16.1
      vertex -1 -14.1 16.1
      vertex 1 -14.1 16.1
    endloop
  endfacet
  facet normal 0 0 -1
    outer loop
      vertex -0.687664 -16.1996 16.1
      vertex -0.849999 -15.7 16.1
      vertex -0.849998 -15.7 16.1
    endloop
  endfacet
  facet normal -1 0 0
    outer loop
      vertex 1 -15.7 9.1
      vertex 1 -14.1 11
      vertex 1 -14.1 9.1
    endloop
  endfacet
  facet normal -1 -0 0
    outer loop
      vertex 1 -14.1 11
      vertex 1 -15.7 9.1
      vertex 1 -15.7 11
    endloop
  endfacet
  facet normal -1 0 0
    outer loop
      vertex 1 -15.7 13.6
      vertex 1 -14.1 16.1
      vertex 1 -14.1 13.6
    endloop
  endfacet
  facet normal -1 -0 0
    outer loop
      vertex 1 -14.1 16.1
      vertex 1 -15.7 13.6
      vertex 1 -15.7 16.1
    endloop
  endfacet
  facet normal 0 0 1
    outer loop
      vertex 1 -14.1 9.1
      vertex 0.849998 -15.7 9.1
      vertex 1 -15.7 9.1
    endloop
  endfacet
  facet normal 0 0 1
    outer loop
      vertex -0.849998 -15.7 9.1
      vertex 0.849998 -15.7 9.1
      vertex 1 -14.1 9.1
    endloop
  endfacet
  facet normal 0 0 1
    outer loop
      vertex 0.849998 -15.7 9.1
      vertex -0.849998 -15.7 9.1
      vertex 0.687664 -16.1996 9.1
    endloop
  endfacet
  facet normal 0 0 1
    outer loop
      vertex 0.687664 -16.1996 9.1
      vertex -0.849998 -15.7 9.1
      vertex 0.26391 -16.5075 9.1
    endloop
  endfacet
  facet normal 0 0 1
    outer loop
      vertex 0.26391 -16.5075 9.1
      vertex -0.849998 -15.7 9.1
      vertex -0.26391 -16.5075 9.1
    endloop
  endfacet
  facet normal 0 0 1
    outer loop
      vertex -0.26391 -16.5075 9.1
      vertex -0.849998 -15.7 9.1
      vertex -0.687664 -16.1996 9.1
    endloop
  endfacet
  facet normal -0 0 1
    outer loop
      vertex -1 -14.1 9.1
      vertex -0.849998 -15.7 9.1
      vertex 1 -14.1 9.1
    endloop
  endfacet
  facet normal 0 0 1
    outer loop
      vertex -0.849998 -15.7 9.1
      vertex -1 -14.1 9.1
      vertex -1 -15.7 9.1
    endloop
  endfacet
  facet normal 0 0 1
    outer loop
      vertex 0.849999 -15.7 9.1
      vertex 0.849998 -15.7 9.1
      vertex 0.687664 -16.1996 9.1
    endloop
  endfacet
  facet normal 0 0 1
    outer loop
      vertex -0.687664 -16.1996 9.1
      vertex -0.849998 -15.7 9.1
      vertex -0.849999 -15.7 9.1
    endloop
  endfacet
  facet normal 1 -0 0
    outer loop
      vertex 13 -16.4086 16.1
      vertex 13 -14.1 9.1
      vertex 13 -14.1 16.1
    endloop
  endfacet
  facet normal 1 0 0
    outer loop
      vertex 13 -14.1 9.1
      vertex 13 -16.4086 16.1
      vertex 13 -16.4086 9.1
    endloop
  endfacet
  facet normal 0 0 -1
    outer loop
      vertex 14.4361 -16.5075 16.1
      vertex 15 -16.4813 16.1
      vertex 14.9639 -16.5075 16.1
    endloop
  endfacet
  facet normal 0 0 -1
    outer loop
      vertex 14.0123 -16.1996 16.1
      vertex 15 -16.4813 16.1
      vertex 14.4361 -16.5075 16.1
    endloop
  endfacet
  facet normal 0 0 -1
    outer loop
      vertex 15 -16.4813 16.1
      vertex 14.0123 -16.1996 16.1
      vertex 13.85 -15.7 16.1
    endloop
  endfacet
  facet normal 0 0 -1
    outer loop
      vertex 15 -16.4813 16.1
      vertex 13.85 -15.7 16.1
      vertex 15 -14.1 16.1
    endloop
  endfacet
  facet normal 0 0 -1
    outer loop
      vertex 13 -14.1 16.1
      vertex 13.85 -15.7 16.1
      vertex 13.45 -15.7 16.1
    endloop
  endfacet
  facet normal 0 0 -1
    outer loop
      vertex 13 -16.4086 16.1
      vertex 13.45 -15.7 16.1
      vertex 13.2877 -16.1996 16.1
    endloop
  endfacet
  facet normal 0 0 -1
    outer loop
      vertex 13.85 -15.7 16.1
      vertex 13 -14.1 16.1
      vertex 15 -14.1 16.1
    endloop
  endfacet
  facet normal 0 0 -1
    outer loop
      vertex 13 -14.1 16.1
      vertex 13.45 -15.7 16.1
      vertex 13 -16.4086 16.1
    endloop
  endfacet
  facet normal -1 0 0
    outer loop
      vertex 15 -16.4813 9.1
      vertex 15 -14.1 16.1
      vertex 15 -14.1 9.1
    endloop
  endfacet
  facet normal -1 -0 0
    outer loop
      vertex 15 -14.1 16.1
      vertex 15 -16.4813 9.1
      vertex 15 -16.4813 16.1
    endloop
  endfacet
  facet normal -0 0 1
    outer loop
      vertex 13.85 -15.7 9.1
      vertex 15 -16.4813 9.1
      vertex 15 -14.1 9.1
    endloop
  endfacet
  facet normal -0 -0 1
    outer loop
      vertex 14.0123 -16.1996 9.1
      vertex 15 -16.4813 9.1
      vertex 13.85 -15.7 9.1
    endloop
  endfacet
  facet normal 0 0 1
    outer loop
      vertex 15 -16.4813 9.1
      vertex 14.4361 -16.5075 9.1
      vertex 14.9639 -16.5075 9.1
    endloop
  endfacet
  facet normal 0 0 1
    outer loop
      vertex 15 -16.4813 9.1
      vertex 14.0123 -16.1996 9.1
      vertex 14.4361 -16.5075 9.1
    endloop
  endfacet
  facet normal -0 0 1
    outer loop
      vertex 13 -14.1 9.1
      vertex 13.85 -15.7 9.1
      vertex 15 -14.1 9.1
    endloop
  endfacet
  facet normal 0 0 1
    outer loop
      vertex 13.85 -15.7 9.1
      vertex 13 -14.1 9.1
      vertex 13.45 -15.7 9.1
    endloop
  endfacet
  facet normal 0 0 1
    outer loop
      vertex 13 -16.4086 9.1
      vertex 13.45 -15.7 9.1
      vertex 13 -14.1 9.1
    endloop
  endfacet
  facet normal 0 0 1
    outer loop
      vertex 13.45 -15.7 9.1
      vertex 13 -16.4086 9.1
      vertex 13.2877 -16.1996 9.1
    endloop
  endfacet
  facet normal 1 -0 0
    outer loop
      vertex -15 14.1 16.1
      vertex -15 16.4813 9.1
      vertex -15 16.4813 16.1
    endloop
  endfacet
  facet normal 1 0 0
    outer loop
      vertex -15 16.4813 9.1
      vertex -15 14.1 16.1
      vertex -15 14.1 9.1
    endloop
  endfacet
  facet normal 0 0 -1
    outer loop
      vertex -13.45 15.7 16.1
      vertex -13 16.4086 16.1
      vertex -13 14.1 16.1
    endloop
  endfacet
  facet normal 0 0 -1
    outer loop
      vertex -13 16.4086 16.1
      vertex -13.45 15.7 16.1
      vertex -13.2877 16.1996 16.1
    endloop
  endfacet
  facet normal 0 0 -1
    outer loop
      vertex -13 14.1 16.1
      vertex -13.85 15.7 16.1
      vertex -13.45 15.7 16.1
    endloop
  endfacet
  facet normal 0 0 -1
    outer loop
      vertex -15 16.4813 16.1
      vertex -14.0123 16.1996 16.1
      vertex -13.85 15.7 16.1
    endloop
  endfacet
  facet normal 0 0 -1
    outer loop
      vertex -15 14.1 16.1
      vertex -13.85 15.7 16.1
      vertex -13 14.1 16.1
    endloop
  endfacet
  facet normal 0 0 -1
    outer loop
      vertex -15 16.4813 16.1
      vertex -13.85 15.7 16.1
      vertex -15 14.1 16.1
    endloop
  endfacet
  facet normal 0 0 -1
    outer loop
      vertex -14.0123 16.1996 16.1
      vertex -15 16.4813 16.1
      vertex -14.4361 16.5075 16.1
    endloop
  endfacet
  facet normal -0 0 -1
    outer loop
      vertex -14.4361 16.5075 16.1
      vertex -15 16.4813 16.1
      vertex -14.9639 16.5075 16.1
    endloop
  endfacet
  facet normal -1 0 0
    outer loop
      vertex -13 14.1 9.1
      vertex -13 16.4086 16.1
      vertex -13 16.4086 9.1
    endloop
  endfacet
  facet normal -1 -0 0
    outer loop
      vertex -13 16.4086 16.1
      vertex -13 14.1 9.1
      vertex -13 14.1 16.1
    endloop
  endfacet
  facet normal 0 0 1
    outer loop
      vertex -13.45 15.7 9.1
      vertex -13 16.4086 9.1
      vertex -13.2877 16.1996 9.1
    endloop
  endfacet
  facet normal 0 0 1
    outer loop
      vertex -13 16.4086 9.1
      vertex -13.45 15.7 9.1
      vertex -13 14.1 9.1
    endloop
  endfacet
  facet normal -0 0 1
    outer loop
      vertex -13.85 15.7 9.1
      vertex -13 14.1 9.1
      vertex -13.45 15.7 9.1
    endloop
  endfacet
  facet normal -0 0 1
    outer loop
      vertex -15 16.4813 9.1
      vertex -14.0123 16.1996 9.1
      vertex -14.4361 16.5075 9.1
    endloop
  endfacet
  facet normal 0 0 1
    outer loop
      vertex -14.0123 16.1996 9.1
      vertex -15 16.4813 9.1
      vertex -13.85 15.7 9.1
    endloop
  endfacet
  facet normal 0 0 1
    outer loop
      vertex -15 16.4813 9.1
      vertex -14.4361 16.5075 9.1
      vertex -14.9639 16.5075 9.1
    endloop
  endfacet
  facet normal 0 0 1
    outer loop
      vertex -13.85 15.7 9.1
      vertex -15 16.4813 9.1
      vertex -15 14.1 9.1
    endloop
  endfacet
  facet normal 0 0 1
    outer loop
      vertex -13.85 15.7 9.1
      vertex -15 14.1 9.1
      vertex -13 14.1 9.1
    endloop
  endfacet
  facet normal 1 -0 0
    outer loop
      vertex -1 14.1 16.1
      vertex -1 15.7 9.1
      vertex -1 15.7 16.1
    endloop
  endfacet
  facet normal 1 0 0
    outer loop
      vertex -1 15.7 9.1
      vertex -1 14.1 16.1
      vertex -1 14.1 9.1
    endloop
  endfacet
  facet normal 0 0 -1
    outer loop
      vertex 1 14.1 16.1
      vertex 0.849998 15.7 16.1
      vertex 1 15.7 16.1
    endloop
  endfacet
  facet normal 0 0 -1
    outer loop
      vertex -0.849998 15.7 16.1
      vertex 0.849998 15.7 16.1
      vertex 1 14.1 16.1
    endloop
  endfacet
  facet normal 0 0 -1
    outer loop
      vertex 0.849998 15.7 16.1
      vertex -0.849998 15.7 16.1
      vertex 0.687664 16.1996 16.1
    endloop
  endfacet
  facet normal -0 0 -1
    outer loop
      vertex 0.687664 16.1996 16.1
      vertex -0.849998 15.7 16.1
      vertex 0.26391 16.5075 16.1
    endloop
  endfacet
  facet normal -0 0 -1
    outer loop
      vertex 0.26391 16.5075 16.1
      vertex -0.849998 15.7 16.1
      vertex -0.26391 16.5075 16.1
    endloop
  endfacet
  facet normal 0 0 -1
    outer loop
      vertex -0.26391 16.5075 16.1
      vertex -0.849998 15.7 16.1
      vertex -0.687664 16.1996 16.1
    endloop
  endfacet
  facet normal 0 0 -1
    outer loop
      vertex -1 14.1 16.1
      vertex -0.849998 15.7 16.1
      vertex 1 14.1 16.1
    endloop
  endfacet
  facet normal -0 0 -1
    outer loop
      vertex -0.849998 15.7 16.1
      vertex -1 14.1 16.1
      vertex -1 15.7 16.1
    endloop
  endfacet
  facet normal 0 0 -1
    outer loop
      vertex 0.849999 15.7 16.1
      vertex 0.849998 15.7 16.1
      vertex 0.687664 16.1996 16.1
    endloop
  endfacet
  facet normal 0 0 -1
    outer loop
      vertex -0.687664 16.1996 16.1
      vertex -0.849998 15.7 16.1
      vertex -0.849999 15.7 16.1
    endloop
  endfacet
  facet normal -1 0 0
    outer loop
      vertex 1 14.1 9.1
      vertex 1 15.7 16.1
      vertex 1 15.7 9.1
    endloop
  endfacet
  facet normal -1 -0 0
    outer loop
      vertex 1 15.7 16.1
      vertex 1 14.1 9.1
      vertex 1 14.1 16.1
    endloop
  endfacet
  facet normal 0 0 1
    outer loop
      vertex 0.849999 15.7 9.1
      vertex 0.687664 16.1996 9.1
      vertex 0.849998 15.7 9.1
    endloop
  endfacet
  facet normal -0 0 1
    outer loop
      vertex 0.849998 15.7 9.1
      vertex 1 14.1 9.1
      vertex 1 15.7 9.1
    endloop
  endfacet
  facet normal 0 0 1
    outer loop
      vertex -0.849998 15.7 9.1
      vertex 0.849998 15.7 9.1
      vertex 0.687664 16.1996 9.1
    endloop
  endfacet
  facet normal 0 0 1
    outer loop
      vertex -0.849998 15.7 9.1
      vertex 0.687664 16.1996 9.1
      vertex 0.26391 16.5075 9.1
    endloop
  endfacet
  facet normal 0 0 1
    outer loop
      vertex -0.849998 15.7 9.1
      vertex 0.26391 16.5075 9.1
      vertex -0.26391 16.5075 9.1
    endloop
  endfacet
  facet normal 0 0 1
    outer loop
      vertex -0.849998 15.7 9.1
      vertex -0.26391 16.5075 9.1
      vertex -0.687664 16.1996 9.1
    endloop
  endfacet
  facet normal 0 0 1
    outer loop
      vertex 0.849998 15.7 9.1
      vertex -0.849998 15.7 9.1
      vertex 1 14.1 9.1
    endloop
  endfacet
  facet normal 0 0 1
    outer loop
      vertex -1 14.1 9.1
      vertex -0.849998 15.7 9.1
      vertex -1 15.7 9.1
    endloop
  endfacet
  facet normal 0 0 1
    outer loop
      vertex -0.849998 15.7 9.1
      vertex -1 14.1 9.1
      vertex 1 14.1 9.1
    endloop
  endfacet
  facet normal 0 0 1
    outer loop
      vertex -0.687664 16.1996 9.1
      vertex -0.849999 15.7 9.1
      vertex -0.849998 15.7 9.1
    endloop
  endfacet
  facet normal 1 -0 0
    outer loop
      vertex 13 14.1 16.1
      vertex 13 16.4086 9.1
      vertex 13 16.4086 16.1
    endloop
  endfacet
  facet normal 1 0 0
    outer loop
      vertex 13 16.4086 9.1
      vertex 13 14.1 16.1
      vertex 13 14.1 9.1
    endloop
  endfacet
  facet normal 0 0 -1
    outer loop
      vertex 13.85 15.7 16.1
      vertex 15 16.4813 16.1
      vertex 15 14.1 16.1
    endloop
  endfacet
  facet normal 0 -0 -1
    outer loop
      vertex 14.0123 16.1996 16.1
      vertex 15 16.4813 16.1
      vertex 13.85 15.7 16.1
    endloop
  endfacet
  facet normal 0 0 -1
    outer loop
      vertex 15 16.4813 16.1
      vertex 14.4361 16.5075 16.1
      vertex 14.9639 16.5075 16.1
    endloop
  endfacet
  facet normal -0 0 -1
    outer loop
      vertex 15 16.4813 16.1
      vertex 14.0123 16.1996 16.1
      vertex 14.4361 16.5075 16.1
    endloop
  endfacet
  facet normal 0 0 -1
    outer loop
      vertex 13 14.1 16.1
      vertex 13.85 15.7 16.1
      vertex 15 14.1 16.1
    endloop
  endfacet
  facet normal -0 0 -1
    outer loop
      vertex 13.85 15.7 16.1
      vertex 13 14.1 16.1
      vertex 13.45 15.7 16.1
    endloop
  endfacet
  facet normal 0 0 -1
    outer loop
      vertex 13 16.4086 16.1
      vertex 13.45 15.7 16.1
      vertex 13 14.1 16.1
    endloop
  endfacet
  facet normal 0 0 -1
    outer loop
      vertex 13.45 15.7 16.1
      vertex 13 16.4086 16.1
      vertex 13.2877 16.1996 16.1
    endloop
  endfacet
  facet normal -1 0 0
    outer loop
      vertex 15 14.1 9.1
      vertex 15 16.4813 16.1
      vertex 15 16.4813 9.1
    endloop
  endfacet
  facet normal -1 -0 0
    outer loop
      vertex 15 16.4813 16.1
      vertex 15 14.1 9.1
      vertex 15 14.1 16.1
    endloop
  endfacet
  facet normal -0 0 1
    outer loop
      vertex 14.4361 16.5075 9.1
      vertex 15 16.4813 9.1
      vertex 14.9639 16.5075 9.1
    endloop
  endfacet
  facet normal 0 0 1
    outer loop
      vertex 14.0123 16.1996 9.1
      vertex 15 16.4813 9.1
      vertex 14.4361 16.5075 9.1
    endloop
  endfacet
  facet normal 0 0 1
    outer loop
      vertex 15 16.4813 9.1
      vertex 14.0123 16.1996 9.1
      vertex 13.85 15.7 9.1
    endloop
  endfacet
  facet normal 0 0 1
    outer loop
      vertex 15 16.4813 9.1
      vertex 13.85 15.7 9.1
      vertex 15 14.1 9.1
    endloop
  endfacet
  facet normal 0 0 1
    outer loop
      vertex 13 14.1 9.1
      vertex 13.85 15.7 9.1
      vertex 13.45 15.7 9.1
    endloop
  endfacet
  facet normal 0 0 1
    outer loop
      vertex 13 16.4086 9.1
      vertex 13.45 15.7 9.1
      vertex 13.2877 16.1996 9.1
    endloop
  endfacet
  facet normal 0 0 1
    outer loop
      vertex 13.85 15.7 9.1
      vertex 13 14.1 9.1
      vertex 15 14.1 9.1
    endloop
  endfacet
  facet normal 0 0 1
    outer loop
      vertex 13 14.1 9.1
      vertex 13.45 15.7 9.1
      vertex 13 16.4086 9.1
    endloop
  endfacet
  facet normal -0.991444 -0.130533 0
    outer loop
      vertex 1.6 -15 0
      vertex 1.54548 -14.5859 2.1
      vertex 1.54548 -14.5859 0
    endloop
  endfacet
  facet normal -0.991444 -0.130533 0
    outer loop
      vertex 1.54548 -14.5859 2.1
      vertex 1.6 -15 0
      vertex 1.6 -15 2.1
    endloop
  endfacet
  facet normal 0.991444 -0.130533 0
    outer loop
      vertex -1.6 -15 2.1
      vertex -1.54548 -14.5859 0
      vertex -1.54548 -14.5859 2.1
    endloop
  endfacet
  facet normal 0.991444 -0.130533 0
    outer loop
      vertex -1.54548 -14.5859 0
      vertex -1.6 -15 2.1
      vertex -1.6 -15 0
    endloop
  endfacet
  facet normal 0.130482 -0.991451 0
    outer loop
      vertex -0.41411 -13.4545 0
      vertex 0 -13.4 1.6
      vertex -0.41411 -13.4545 1.6
    endloop
  endfacet
  facet normal 0.130482 -0.991451 0
    outer loop
      vertex 0 -13.4 1.6
      vertex -0.41411 -13.4545 0
      vertex 0 -13.4 0
    endloop
  endfacet
  facet normal -0.608656 -0.793434 0
    outer loop
      vertex 0.799999 -13.6144 0
      vertex 1.13137 -13.8686 1.6
      vertex 0.799999 -13.6144 1.6
    endloop
  endfacet
  facet normal -0.608656 -0.793434 -0
    outer loop
      vertex 1.13137 -13.8686 1.6
      vertex 0.799999 -13.6144 0
      vertex 1.13137 -13.8686 0
    endloop
  endfacet
  facet normal 0.608656 -0.793434 0
    outer loop
      vertex -1.13137 -13.8686 0
      vertex -0.799999 -13.6144 1.6
      vertex -1.13137 -13.8686 1.6
    endloop
  endfacet
  facet normal 0.608656 -0.793434 0
    outer loop
      vertex -0.799999 -13.6144 1.6
      vertex -1.13137 -13.8686 0
      vertex -0.799999 -13.6144 0
    endloop
  endfacet
  facet normal -0 0 -1
    outer loop
      vertex 0.849999 -15.7 2.1
      vertex 0.687664 -16.1996 2.1
      vertex 0.849998 -15.7 2.1
    endloop
  endfacet
  facet normal 0 0 -1
    outer loop
      vertex 0.849998 -15.7 2.1
      vertex 1.6 -15 2.1
      vertex 1.54548 -15.4141 2.1
    endloop
  endfacet
  facet normal 0 0 -1
    outer loop
      vertex 1.25 -15.7 2.1
      vertex 1.54548 -15.4141 2.1
      vertex 1.38564 -15.8 2.1
    endloop
  endfacet
  facet normal 0 0 -1
    outer loop
      vertex 0.849998 -15.7 2.1
      vertex 1.54548 -15.4141 2.1
      vertex 1.25 -15.7 2.1
    endloop
  endfacet
  facet normal 0 0 -1
    outer loop
      vertex 1.25 -15.7 2.1
      vertex 1.38564 -15.8 2.1
      vertex 1.31318 -15.8944 2.1
    endloop
  endfacet
  facet normal -0 0 -1
    outer loop
      vertex 1.6 -15 2.1
      vertex 0.849998 -15.7 2.1
      vertex 1.54548 -14.5859 2.1
    endloop
  endfacet
  facet normal -0 0 -1
    outer loop
      vertex 1.54548 -14.5859 2.1
      vertex 0.849998 -15.7 2.1
      vertex 1.38564 -14.2 2.1
    endloop
  endfacet
  facet normal -0 0 -1
    outer loop
      vertex 1.38564 -14.2 2.1
      vertex 0.849998 -15.7 2.1
      vertex 1.3089 -14.1 2.1
    endloop
  endfacet
  facet normal 0 0 -1
    outer loop
      vertex -0.849998 -15.7 2.1
      vertex 0.849998 -15.7 2.1
      vertex 0.687664 -16.1996 2.1
    endloop
  endfacet
  facet normal 0 0 -1
    outer loop
      vertex -0.849998 -15.7 2.1
      vertex 0.687664 -16.1996 2.1
      vertex 0.26391 -16.5075 2.1
    endloop
  endfacet
  facet normal 0 0 -1
    outer loop
      vertex -0.849998 -15.7 2.1
      vertex 0.26391 -16.5075 2.1
      vertex -0.26391 -16.5075 2.1
    endloop
  endfacet
  facet normal 0 0 -1
    outer loop
      vertex -0.849998 -15.7 2.1
      vertex -0.26391 -16.5075 2.1
      vertex -0.687664 -16.1996 2.1
    endloop
  endfacet
  facet normal 0 0 -1
    outer loop
      vertex 0.849998 -15.7 2.1
      vertex -0.849998 -15.7 2.1
      vertex 1.3089 -14.1 2.1
    endloop
  endfacet
  facet normal 0 0 -1
    outer loop
      vertex -1.54548 -15.4141 2.1
      vertex -0.849998 -15.7 2.1
      vertex -1.25 -15.7 2.1
    endloop
  endfacet
  facet normal 0 0 -1
    outer loop
      vertex -0.849998 -15.7 2.1
      vertex -1.3089 -14.1 2.1
      vertex 1.3089 -14.1 2.1
    endloop
  endfacet
  facet normal 0 0 -1
    outer loop
      vertex -0.687664 -16.1996 2.1
      vertex -0.849999 -15.7 2.1
      vertex -0.849998 -15.7 2.1
    endloop
  endfacet
  facet normal 0 0 -1
    outer loop
      vertex -1.38564 -15.8 2.1
      vertex -1.25 -15.7 2.1
      vertex -1.31318 -15.8944 2.1
    endloop
  endfacet
  facet normal -0 0 -1
    outer loop
      vertex -1.25 -15.7 2.1
      vertex -1.38564 -15.8 2.1
      vertex -1.54548 -15.4141 2.1
    endloop
  endfacet
  facet normal 0 0 -1
    outer loop
      vertex -0.849998 -15.7 2.1
      vertex -1.54548 -15.4141 2.1
      vertex -1.6 -15 2.1
    endloop
  endfacet
  facet normal 0 0 -1
    outer loop
      vertex -0.849998 -15.7 2.1
      vertex -1.6 -15 2.1
      vertex -1.54548 -14.5859 2.1
    endloop
  endfacet
  facet normal 0 0 -1
    outer loop
      vertex -0.849998 -15.7 2.1
      vertex -1.38564 -14.2 2.1
      vertex -1.3089 -14.1 2.1
    endloop
  endfacet
  facet normal 0 -0 -1
    outer loop
      vertex -1.38564 -14.2 2.1
      vertex -0.849998 -15.7 2.1
      vertex -1.54548 -14.5859 2.1
    endloop
  endfacet
  facet normal 0.382805 -0.923829 0
    outer loop
      vertex -0.799999 -13.6144 0
      vertex -0.41411 -13.4545 1.6
      vertex -0.799999 -13.6144 1.6
    endloop
  endfacet
  facet normal 0.382805 -0.923829 0
    outer loop
      vertex -0.41411 -13.4545 1.6
      vertex -0.799999 -13.6144 0
      vertex -0.41411 -13.4545 0
    endloop
  endfacet
  facet normal -0.923884 0.382673 0
    outer loop
      vertex 1.38564 -15.8 0
      vertex 1.54548 -15.4141 2.1
      vertex 1.54548 -15.4141 0
    endloop
  endfacet
  facet normal -0.923884 0.382673 0
    outer loop
      vertex 1.54548 -15.4141 2.1
      vertex 1.38564 -15.8 0
      vertex 1.38564 -15.8 2.1
    endloop
  endfacet
  facet normal -0.793402 -0.608698 0
    outer loop
      vertex 1.13137 -13.8686 0
      vertex 1.3089 -14.1 1.6
      vertex 1.13137 -13.8686 1.6
    endloop
  endfacet
  facet normal -0.793379 -0.608728 -6.93668e-06
    outer loop
      vertex 1.38564 -14.2 0
      vertex 1.3089 -14.1 1.6
      vertex 1.13137 -13.8686 0
    endloop
  endfacet
  facet normal -0.793325 -0.608798 -0
    outer loop
      vertex 1.38564 -14.2 2.1
      vertex 1.3089 -14.1 1.6
      vertex 1.38564 -14.2 0
    endloop
  endfacet
  facet normal -0.793325 -0.608798 0
    outer loop
      vertex 1.3089 -14.1 1.6
      vertex 1.38564 -14.2 2.1
      vertex 1.3089 -14.1 2.1
    endloop
  endfacet
  facet normal -0.923884 -0.382673 0
    outer loop
      vertex 1.54548 -14.5859 0
      vertex 1.38564 -14.2 2.1
      vertex 1.38564 -14.2 0
    endloop
  endfacet
  facet normal -0.923884 -0.382673 0
    outer loop
      vertex 1.38564 -14.2 2.1
      vertex 1.54548 -14.5859 0
      vertex 1.54548 -14.5859 2.1
    endloop
  endfacet
  facet normal -0.130482 -0.991451 0
    outer loop
      vertex 0 -13.4 0
      vertex 0.41411 -13.4545 1.6
      vertex 0 -13.4 1.6
    endloop
  endfacet
  facet normal -0.130482 -0.991451 -0
    outer loop
      vertex 0.41411 -13.4545 1.6
      vertex 0 -13.4 0
      vertex 0.41411 -13.4545 0
    endloop
  endfacet
  facet normal -0.382805 -0.923829 0
    outer loop
      vertex 0.41411 -13.4545 0
      vertex 0.799999 -13.6144 1.6
      vertex 0.41411 -13.4545 1.6
    endloop
  endfacet
  facet normal -0.382805 -0.923829 -0
    outer loop
      vertex 0.799999 -13.6144 1.6
      vertex 0.41411 -13.4545 0
      vertex 0.799999 -13.6144 0
    endloop
  endfacet
  facet normal 0.793325 -0.608798 0
    outer loop
      vertex -1.3089 -14.1 2.1
      vertex -1.38564 -14.2 2.1
      vertex -1.3089 -14.1 1.6
    endloop
  endfacet
  facet normal 0.793402 -0.608698 0
    outer loop
      vertex -1.3089 -14.1 1.6
      vertex -1.13137 -13.8686 0
      vertex -1.13137 -13.8686 1.6
    endloop
  endfacet
  facet normal 0.793325 -0.608798 0
    outer loop
      vertex -1.38564 -14.2 0
      vertex -1.3089 -14.1 1.6
      vertex -1.38564 -14.2 2.1
    endloop
  endfacet
  facet normal 0.793379 -0.608728 -6.93668e-06
    outer loop
      vertex -1.3089 -14.1 1.6
      vertex -1.38564 -14.2 0
      vertex -1.13137 -13.8686 0
    endloop
  endfacet
  facet normal 0.923884 -0.382673 0
    outer loop
      vertex -1.54548 -14.5859 2.1
      vertex -1.38564 -14.2 0
      vertex -1.38564 -14.2 2.1
    endloop
  endfacet
  facet normal 0.923884 -0.382673 0
    outer loop
      vertex -1.38564 -14.2 0
      vertex -1.54548 -14.5859 2.1
      vertex -1.54548 -14.5859 0
    endloop
  endfacet
  facet normal 0.991444 0.130533 0
    outer loop
      vertex -1.54548 -15.4141 2.1
      vertex -1.6 -15 0
      vertex -1.6 -15 2.1
    endloop
  endfacet
  facet normal 0.991444 0.130533 0
    outer loop
      vertex -1.6 -15 0
      vertex -1.54548 -15.4141 2.1
      vertex -1.54548 -15.4141 0
    endloop
  endfacet
  facet normal -0.793255 0.60889 0
    outer loop
      vertex 1.31318 -15.8944 0
      vertex 1.38564 -15.8 2.1
      vertex 1.38564 -15.8 0
    endloop
  endfacet
  facet normal -0.793255 0.60889 0
    outer loop
      vertex 1.38564 -15.8 2.1
      vertex 1.31318 -15.8944 0
      vertex 1.31318 -15.8944 2.1
    endloop
  endfacet
  facet normal -0.991444 0.130533 0
    outer loop
      vertex 1.54548 -15.4141 0
      vertex 1.6 -15 2.1
      vertex 1.6 -15 0
    endloop
  endfacet
  facet normal -0.991444 0.130533 0
    outer loop
      vertex 1.6 -15 2.1
      vertex 1.54548 -15.4141 0
      vertex 1.54548 -15.4141 2.1
    endloop
  endfacet
  facet normal 0.923884 0.382673 0
    outer loop
      vertex -1.38564 -15.8 2.1
      vertex -1.54548 -15.4141 0
      vertex -1.54548 -15.4141 2.1
    endloop
  endfacet
  facet normal 0.923884 0.382673 0
    outer loop
      vertex -1.54548 -15.4141 0
      vertex -1.38564 -15.8 2.1
      vertex -1.38564 -15.8 0
    endloop
  endfacet
  facet normal 0.793255 0.60889 0
    outer loop
      vertex -1.31318 -15.8944 2.1
      vertex -1.38564 -15.8 0
      vertex -1.38564 -15.8 2.1
    endloop
  endfacet
  facet normal 0.793255 0.60889 0
    outer loop
      vertex -1.38564 -15.8 0
      vertex -1.31318 -15.8944 2.1
      vertex -1.31318 -15.8944 0
    endloop
  endfacet
  facet normal -0.991444 -0.130533 0
    outer loop
      vertex 1.6 15 0
      vertex 1.54548 15.4141 2.1
      vertex 1.54548 15.4141 0
    endloop
  endfacet
  facet normal -0.991444 -0.130533 0
    outer loop
      vertex 1.54548 15.4141 2.1
      vertex 1.6 15 0
      vertex 1.6 15 2.1
    endloop
  endfacet
  facet normal 0.793255 -0.60889 0
    outer loop
      vertex -1.38564 15.8 2.1
      vertex -1.31318 15.8944 0
      vertex -1.31318 15.8944 2.1
    endloop
  endfacet
  facet normal 0.793255 -0.60889 0
    outer loop
      vertex -1.31318 15.8944 0
      vertex -1.38564 15.8 2.1
      vertex -1.38564 15.8 0
    endloop
  endfacet
  facet normal 0 0 -1
    outer loop
      vertex 1.54548 15.4141 2.1
      vertex 0.849998 15.7 2.1
      vertex 1.25 15.7 2.1
    endloop
  endfacet
  facet normal 0 0 -1
    outer loop
      vertex -0.849998 15.7 2.1
      vertex 0.849998 15.7 2.1
      vertex 1.3089 14.1 2.1
    endloop
  endfacet
  facet normal 0 0 -1
    outer loop
      vertex 0.849998 15.7 2.1
      vertex -0.849998 15.7 2.1
      vertex 0.687664 16.1996 2.1
    endloop
  endfacet
  facet normal -0 0 -1
    outer loop
      vertex 0.687664 16.1996 2.1
      vertex -0.849998 15.7 2.1
      vertex 0.26391 16.5075 2.1
    endloop
  endfacet
  facet normal -0 0 -1
    outer loop
      vertex 0.26391 16.5075 2.1
      vertex -0.849998 15.7 2.1
      vertex -0.26391 16.5075 2.1
    endloop
  endfacet
  facet normal 0 0 -1
    outer loop
      vertex -0.26391 16.5075 2.1
      vertex -0.849998 15.7 2.1
      vertex -0.687664 16.1996 2.1
    endloop
  endfacet
  facet normal 0 0 -1
    outer loop
      vertex -1.3089 14.1 2.1
      vertex -0.849998 15.7 2.1
      vertex 1.3089 14.1 2.1
    endloop
  endfacet
  facet normal 0 0 -1
    outer loop
      vertex -1.38564 14.2 2.1
      vertex -0.849998 15.7 2.1
      vertex -1.3089 14.1 2.1
    endloop
  endfacet
  facet normal 0 0 -1
    outer loop
      vertex 0.849998 15.7 2.1
      vertex 1.6 15 2.1
      vertex 1.54548 14.5859 2.1
    endloop
  endfacet
  facet normal 0 0 -1
    outer loop
      vertex 0.849998 15.7 2.1
      vertex 1.38564 14.2 2.1
      vertex 1.3089 14.1 2.1
    endloop
  endfacet
  facet normal 0 0 -1
    outer loop
      vertex 0.849998 15.7 2.1
      vertex 1.54548 15.4141 2.1
      vertex 1.6 15 2.1
    endloop
  endfacet
  facet normal 0 0 -1
    outer loop
      vertex 1.54548 15.4141 2.1
      vertex 1.25 15.7 2.1
      vertex 1.38564 15.8 2.1
    endloop
  endfacet
  facet normal 0 0 -1
    outer loop
      vertex 1.38564 14.2 2.1
      vertex 0.849998 15.7 2.1
      vertex 1.54548 14.5859 2.1
    endloop
  endfacet
  facet normal -0 0 -1
    outer loop
      vertex 1.38564 15.8 2.1
      vertex 1.25 15.7 2.1
      vertex 1.31318 15.8944 2.1
    endloop
  endfacet
  facet normal 0 0 -1
    outer loop
      vertex 0.849999 15.7 2.1
      vertex 0.849998 15.7 2.1
      vertex 0.687664 16.1996 2.1
    endloop
  endfacet
  facet normal 0 0 -1
    outer loop
      vertex -0.687664 16.1996 2.1
      vertex -0.849998 15.7 2.1
      vertex -0.849999 15.7 2.1
    endloop
  endfacet
  facet normal 0 0 -1
    outer loop
      vertex -1.6 15 2.1
      vertex -0.849998 15.7 2.1
      vertex -1.54548 14.5859 2.1
    endloop
  endfacet
  facet normal 0 0 -1
    outer loop
      vertex -0.849998 15.7 2.1
      vertex -1.38564 14.2 2.1
      vertex -1.54548 14.5859 2.1
    endloop
  endfacet
  facet normal 0 -0 -1
    outer loop
      vertex -1.54548 15.4141 2.1
      vertex -0.849998 15.7 2.1
      vertex -1.6 15 2.1
    endloop
  endfacet
  facet normal -0 0 -1
    outer loop
      vertex -0.849998 15.7 2.1
      vertex -1.54548 15.4141 2.1
      vertex -1.25 15.7 2.1
    endloop
  endfacet
  facet normal 0 0 -1
    outer loop
      vertex -1.25 15.7 2.1
      vertex -1.38564 15.8 2.1
      vertex -1.31318 15.8944 2.1
    endloop
  endfacet
  facet normal 0 -0 -1
    outer loop
      vertex -1.38564 15.8 2.1
      vertex -1.25 15.7 2.1
      vertex -1.54548 15.4141 2.1
    endloop
  endfacet
  facet normal -0.923884 0.382673 0
    outer loop
      vertex 1.38564 14.2 0
      vertex 1.54548 14.5859 2.1
      vertex 1.54548 14.5859 0
    endloop
  endfacet
  facet normal -0.923884 0.382673 0
    outer loop
      vertex 1.54548 14.5859 2.1
      vertex 1.38564 14.2 0
      vertex 1.38564 14.2 2.1
    endloop
  endfacet
  facet normal -0.793255 -0.60889 0
    outer loop
      vertex 1.38564 15.8 0
      vertex 1.31318 15.8944 2.1
      vertex 1.31318 15.8944 0
    endloop
  endfacet
  facet normal -0.793255 -0.60889 0
    outer loop
      vertex 1.31318 15.8944 2.1
      vertex 1.38564 15.8 0
      vertex 1.38564 15.8 2.1
    endloop
  endfacet
  facet normal -0.923884 -0.382673 0
    outer loop
      vertex 1.54548 15.4141 0
      vertex 1.38564 15.8 2.1
      vertex 1.38564 15.8 0
    endloop
  endfacet
  facet normal -0.923884 -0.382673 0
    outer loop
      vertex 1.38564 15.8 2.1
      vertex 1.54548 15.4141 0
      vertex 1.54548 15.4141 2.1
    endloop
  endfacet
  facet normal 0.923884 -0.382673 0
    outer loop
      vertex -1.54548 15.4141 2.1
      vertex -1.38564 15.8 0
      vertex -1.38564 15.8 2.1
    endloop
  endfacet
  facet normal 0.923884 -0.382673 0
    outer loop
      vertex -1.38564 15.8 0
      vertex -1.54548 15.4141 2.1
      vertex -1.54548 15.4141 0
    endloop
  endfacet
  facet normal 0.991444 -0.130533 0
    outer loop
      vertex -1.6 15 2.1
      vertex -1.54548 15.4141 0
      vertex -1.54548 15.4141 2.1
    endloop
  endfacet
  facet normal 0.991444 -0.130533 0
    outer loop
      vertex -1.54548 15.4141 0
      vertex -1.6 15 2.1
      vertex -1.6 15 0
    endloop
  endfacet
  facet normal 0.991444 0.130533 0
    outer loop
      vertex -1.54548 14.5859 2.1
      vertex -1.6 15 0
      vertex -1.6 15 2.1
    endloop
  endfacet
  facet normal 0.991444 0.130533 0
    outer loop
      vertex -1.6 15 0
      vertex -1.54548 14.5859 2.1
      vertex -1.54548 14.5859 0
    endloop
  endfacet
  facet normal -0.991444 0.130533 0
    outer loop
      vertex 1.54548 14.5859 0
      vertex 1.6 15 2.1
      vertex 1.6 15 0
    endloop
  endfacet
  facet normal -0.991444 0.130533 0
    outer loop
      vertex 1.6 15 2.1
      vertex 1.54548 14.5859 0
      vertex 1.54548 14.5859 2.1
    endloop
  endfacet
  facet normal -0.382805 0.923829 0
    outer loop
      vertex 0.799999 13.6144 0
      vertex 0.41411 13.4545 1.6
      vertex 0.799999 13.6144 1.6
    endloop
  endfacet
  facet normal -0.382805 0.923829 0
    outer loop
      vertex 0.41411 13.4545 1.6
      vertex 0.799999 13.6144 0
      vertex 0.41411 13.4545 0
    endloop
  endfacet
  facet normal 0.382805 0.923829 -0
    outer loop
      vertex -0.41411 13.4545 0
      vertex -0.799999 13.6144 1.6
      vertex -0.41411 13.4545 1.6
    endloop
  endfacet
  facet normal 0.382805 0.923829 0
    outer loop
      vertex -0.799999 13.6144 1.6
      vertex -0.41411 13.4545 0
      vertex -0.799999 13.6144 0
    endloop
  endfacet
  facet normal -0.130482 0.991451 0
    outer loop
      vertex 0.41411 13.4545 0
      vertex 0 13.4 1.6
      vertex 0.41411 13.4545 1.6
    endloop
  endfacet
  facet normal -0.130482 0.991451 0
    outer loop
      vertex 0 13.4 1.6
      vertex 0.41411 13.4545 0
      vertex 0 13.4 0
    endloop
  endfacet
  facet normal 0.608656 0.793434 -0
    outer loop
      vertex -0.799999 13.6144 0
      vertex -1.13137 13.8686 1.6
      vertex -0.799999 13.6144 1.6
    endloop
  endfacet
  facet normal 0.608656 0.793434 0
    outer loop
      vertex -1.13137 13.8686 1.6
      vertex -0.799999 13.6144 0
      vertex -1.13137 13.8686 0
    endloop
  endfacet
  facet normal 0.923884 0.382673 0
    outer loop
      vertex -1.38564 14.2 2.1
      vertex -1.54548 14.5859 0
      vertex -1.54548 14.5859 2.1
    endloop
  endfacet
  facet normal 0.923884 0.382673 0
    outer loop
      vertex -1.54548 14.5859 0
      vertex -1.38564 14.2 2.1
      vertex -1.38564 14.2 0
    endloop
  endfacet
  facet normal -0.793325 0.608798 0
    outer loop
      vertex 1.38564 14.2 0
      vertex 1.3089 14.1 1.6
      vertex 1.38564 14.2 2.1
    endloop
  endfacet
  facet normal -0.793379 0.608728 -6.93668e-06
    outer loop
      vertex 1.13137 13.8686 0
      vertex 1.3089 14.1 1.6
      vertex 1.38564 14.2 0
    endloop
  endfacet
  facet normal -0.793402 0.608698 0
    outer loop
      vertex 1.3089 14.1 1.6
      vertex 1.13137 13.8686 0
      vertex 1.13137 13.8686 1.6
    endloop
  endfacet
  facet normal -0.793325 0.608798 0
    outer loop
      vertex 1.38564 14.2 2.1
      vertex 1.3089 14.1 1.6
      vertex 1.3089 14.1 2.1
    endloop
  endfacet
  facet normal 0.130482 0.991451 -0
    outer loop
      vertex 0 13.4 0
      vertex -0.41411 13.4545 1.6
      vertex 0 13.4 1.6
    endloop
  endfacet
  facet normal 0.130482 0.991451 0
    outer loop
      vertex -0.41411 13.4545 1.6
      vertex 0 13.4 0
      vertex -0.41411 13.4545 0
    endloop
  endfacet
  facet normal 0.793325 0.608798 -0
    outer loop
      vertex -1.3089 14.1 1.6
      vertex -1.38564 14.2 2.1
      vertex -1.3089 14.1 2.1
    endloop
  endfacet
  facet normal 0.793325 0.608798 0
    outer loop
      vertex -1.38564 14.2 2.1
      vertex -1.3089 14.1 1.6
      vertex -1.38564 14.2 0
    endloop
  endfacet
  facet normal 0.793402 0.608698 -0
    outer loop
      vertex -1.13137 13.8686 0
      vertex -1.3089 14.1 1.6
      vertex -1.13137 13.8686 1.6
    endloop
  endfacet
  facet normal 0.793379 0.608728 -6.93668e-06
    outer loop
      vertex -1.3089 14.1 1.6
      vertex -1.13137 13.8686 0
      vertex -1.38564 14.2 0
    endloop
  endfacet
  facet normal -0.608656 0.793434 0
    outer loop
      vertex 1.13137 13.8686 0
      vertex 0.799999 13.6144 1.6
      vertex 1.13137 13.8686 1.6
    endloop
  endfacet
  facet normal -0.608656 0.793434 0
    outer loop
      vertex 0.799999 13.6144 1.6
      vertex 1.13137 13.8686 0
      vertex 0.799999 13.6144 0
    endloop
  endfacet
  facet normal 0 -0.098013 0.995185
    outer loop
      vertex 28.85 1.073 9.10568
      vertex 27.25 1.073 9.10568
      vertex 28.85 0.808397 9.07962
    endloop
  endfacet
  facet normal -2.30941e-06 -0.0980153 0.995185
    outer loop
      vertex 28.85 0.808397 9.07962
      vertex 29.6575 0.130844 9.01289
      vertex 29.5377 0.499617 9.04921
    endloop
  endfacet
  facet normal 0 -0.0980102 0.995185
    outer loop
      vertex 28.85 0.808397 9.07962
      vertex 29.5377 0.499617 9.04921
      vertex 29.1127 0.808397 9.07962
    endloop
  endfacet
  facet normal -2.29641e-05 -0.0980397 0.995183
    outer loop
      vertex 29.6575 0.130844 9.01289
      vertex 28.85 0.808397 9.07962
      vertex 29.6575 0 9
    endloop
  endfacet
  facet normal -5.01441e-07 -0.098016 0.995185
    outer loop
      vertex 27.25 0 9
      vertex 28.85 0.808397 9.07962
      vertex 27.25 1.073 9.10568
    endloop
  endfacet
  facet normal 0 -0.098017 0.995185
    outer loop
      vertex 28.85 0.808397 9.07962
      vertex 27.25 0 9
      vertex 29.6575 0 9
    endloop
  endfacet
  facet normal 0 0.995186 -0.0980019
    outer loop
      vertex 29.1127 -5.4916 14.5853
      vertex 29.1242 -5.5 14.5
      vertex 28.85 -5.4916 14.5853
    endloop
  endfacet
  facet normal 0 0.995185 -0.0980172
    outer loop
      vertex 28.85 -5.4916 14.5853
      vertex 27.25 -5.39432 15.573
      vertex 28.85 -5.39432 15.573
    endloop
  endfacet
  facet normal 7.55895e-07 0.995185 -0.098016
    outer loop
      vertex 28.85 -5.4916 14.5853
      vertex 27.25 -5.5 14.5
      vertex 27.25 -5.39432 15.573
    endloop
  endfacet
  facet normal 0 0.995186 -0.0980019
    outer loop
      vertex 27.25 -5.5 14.5
      vertex 28.85 -5.4916 14.5853
      vertex 29.1242 -5.5 14.5
    endloop
  endfacet
  facet normal 0.000285278 0.634521 -0.772905
    outer loop
      vertex 29.599 -3.88909 18.3891
      vertex 29.276 -3.51024 18.7
      vertex 29.5377 -3.70038 18.544
    endloop
  endfacet
  facet normal 3.63556e-06 0.634378 -0.773023
    outer loop
      vertex 28.35 -3.63209 18.6
      vertex 29.276 -3.51024 18.7
      vertex 29.599 -3.88909 18.3891
    endloop
  endfacet
  facet normal 0 0.634394 -0.77301
    outer loop
      vertex 29.276 -3.51024 18.7
      vertex 28.35 -3.63209 18.6
      vertex 28.424 -3.51024 18.7
    endloop
  endfacet
  facet normal 0 0.634367 -0.773032
    outer loop
      vertex 27.25 -3.88909 18.3891
      vertex 28.35 -3.63209 18.6
      vertex 29.599 -3.88909 18.3891
    endloop
  endfacet
  facet normal 0 0.634367 -0.773032
    outer loop
      vertex 28.35 -3.63209 18.6
      vertex 27.25 -3.88909 18.3891
      vertex 27.25 -3.63209 18.6
    endloop
  endfacet
  facet normal 0.000886031 0.634073 -0.773273
    outer loop
      vertex 28.424 -3.51024 18.7
      vertex 28.35 -3.63209 18.6
      vertex 28.35 -3.56404 18.6558
    endloop
  endfacet
  facet normal -2.78021e-05 -0.29026 0.956948
    outer loop
      vertex 28.85 1.2916 9.17199
      vertex 29.6575 1.96916 9.37753
      vertex 29.6575 2.10476 9.41866
    endloop
  endfacet
  facet normal -1.78472e-06 -0.290288 0.956939
    outer loop
      vertex 29.6575 1.96916 9.37753
      vertex 28.85 1.2916 9.17199
      vertex 29.5377 1.60038 9.26566
    endloop
  endfacet
  facet normal 0 -0.290292 0.956938
    outer loop
      vertex 29.5377 1.60038 9.26566
      vertex 28.85 1.2916 9.17199
      vertex 29.1127 1.2916 9.17199
    endloop
  endfacet
  facet normal 0 -0.290285 0.95694
    outer loop
      vertex 27.25 2.10476 9.41866
      vertex 28.85 1.2916 9.17199
      vertex 29.6575 2.10476 9.41866
    endloop
  endfacet
  facet normal 8.24533e-07 -0.290284 0.956941
    outer loop
      vertex 27.25 1.073 9.10568
      vertex 28.85 1.2916 9.17199
      vertex 27.25 2.10476 9.41866
    endloop
  endfacet
  facet normal 0 -0.290278 0.956942
    outer loop
      vertex 28.85 1.2916 9.17199
      vertex 27.25 1.073 9.10568
      vertex 28.85 1.073 9.10568
    endloop
  endfacet
  facet normal 0 -0.773031 -0.634368
    outer loop
      vertex 29.5788 4.57308 17.5556
      vertex 29.599 3.88909 18.3891
      vertex 27.25 3.88909 18.3891
    endloop
  endfacet
  facet normal 0.000486108 -0.773051 -0.634343
    outer loop
      vertex 29.599 3.88909 18.3891
      vertex 29.6575 4.33084 17.8508
      vertex 29.6575 4.06916 18.1697
    endloop
  endfacet
  facet normal -0 -0.773031 -0.634368
    outer loop
      vertex 29.5788 4.57308 17.5556
      vertex 27.25 3.88909 18.3891
      vertex 27.25 4.57308 17.5556
    endloop
  endfacet
  facet normal 8.82524e-05 -0.77303 -0.634369
    outer loop
      vertex 29.599 3.88909 18.3891
      vertex 29.5788 4.57308 17.5556
      vertex 29.6575 4.33084 17.8508
    endloop
  endfacet
  facet normal 0 -0.956944 -0.290274
    outer loop
      vertex 27.25 5.39432 15.573
      vertex 28.85 5.08134 16.6048
      vertex 27.25 5.08134 16.6048
    endloop
  endfacet
  facet normal 0 -0.956944 -0.290274
    outer loop
      vertex 28.85 5.08134 16.6048
      vertex 27.25 5.39432 15.573
      vertex 28.85 5.39432 15.573
    endloop
  endfacet
  facet normal 0 -0.47139 0.881925
    outer loop
      vertex 28.85 3.05564 9.92692
      vertex 27.25 3.05564 9.92692
      vertex 28.85 2.9084 9.84822
    endloop
  endfacet
  facet normal 1.43035e-05 -0.47138 0.88193
    outer loop
      vertex 28.85 2.9084 9.84822
      vertex 29.6575 2.23084 9.48606
      vertex 29.5377 2.59962 9.68317
    endloop
  endfacet
  facet normal 0 -0.471405 0.881917
    outer loop
      vertex 28.85 2.9084 9.84822
      vertex 29.5377 2.59962 9.68317
      vertex 29.1127 2.9084 9.84822
    endloop
  endfacet
  facet normal -5.55351e-05 -0.471445 0.881896
    outer loop
      vertex 29.6575 2.23084 9.48606
      vertex 28.85 2.9084 9.84822
      vertex 29.6575 2.10476 9.41866
    endloop
  endfacet
  facet normal -1.12828e-06 -0.4714 0.88192
    outer loop
      vertex 27.25 2.10476 9.41866
      vertex 28.85 2.9084 9.84822
      vertex 27.25 3.05564 9.92692
    endloop
  endfacet
  facet normal 0 -0.471401 0.881919
    outer loop
      vertex 28.85 2.9084 9.84822
      vertex 27.25 2.10476 9.41866
      vertex 29.6575 2.10476 9.41866
    endloop
  endfacet
  facet normal 0 -0.956944 0.290274
    outer loop
      vertex 27.25 5.08134 12.3952
      vertex 28.85 5.39432 13.427
      vertex 27.25 5.39432 13.427
    endloop
  endfacet
  facet normal 0 -0.956944 0.290274
    outer loop
      vertex 28.85 5.39432 13.427
      vertex 27.25 5.08134 12.3952
      vertex 28.85 5.08134 12.3952
    endloop
  endfacet
  facet normal 0 -0.773031 0.634368
    outer loop
      vertex 27.25 3.88909 10.6109
      vertex 29.5788 4.57308 11.4444
      vertex 27.25 4.57308 11.4444
    endloop
  endfacet
  facet normal 0 -0.773031 0.634368
    outer loop
      vertex 29.599 3.88909 10.6109
      vertex 29.5788 4.57308 11.4444
      vertex 27.25 3.88909 10.6109
    endloop
  endfacet
  facet normal 8.82524e-05 -0.77303 0.634369
    outer loop
      vertex 29.5788 4.57308 11.4444
      vertex 29.599 3.88909 10.6109
      vertex 29.6575 4.33084 11.1492
    endloop
  endfacet
  facet normal 0.000486108 -0.773051 0.634343
    outer loop
      vertex 29.6575 4.33084 11.1492
      vertex 29.599 3.88909 10.6109
      vertex 29.6575 4.06916 10.8303
    endloop
  endfacet
  facet normal 0.000285278 -0.634521 -0.772905
    outer loop
      vertex 29.276 3.51024 18.7
      vertex 29.599 3.88909 18.3891
      vertex 29.5377 3.70038 18.544
    endloop
  endfacet
  facet normal 0 -0.634394 -0.77301
    outer loop
      vertex 28.35 3.63209 18.6
      vertex 29.276 3.51024 18.7
      vertex 28.424 3.51024 18.7
    endloop
  endfacet
  facet normal 0.000886031 -0.634073 -0.773273
    outer loop
      vertex 28.35 3.63209 18.6
      vertex 28.424 3.51024 18.7
      vertex 28.35 3.56404 18.6558
    endloop
  endfacet
  facet normal 3.63556e-06 -0.634378 -0.773023
    outer loop
      vertex 29.276 3.51024 18.7
      vertex 28.35 3.63209 18.6
      vertex 29.599 3.88909 18.3891
    endloop
  endfacet
  facet normal 0 -0.634367 -0.773032
    outer loop
      vertex 27.25 3.88909 18.3891
      vertex 28.35 3.63209 18.6
      vertex 27.25 3.63209 18.6
    endloop
  endfacet
  facet normal 0 -0.634367 -0.773032
    outer loop
      vertex 28.35 3.63209 18.6
      vertex 27.25 3.88909 18.3891
      vertex 29.599 3.88909 18.3891
    endloop
  endfacet
  facet normal 0 -0.881915 -0.471409
    outer loop
      vertex 28.85 5.0084 16.7412
      vertex 29.5788 4.57308 17.5556
      vertex 27.25 4.57308 17.5556
    endloop
  endfacet
  facet normal 8.83689e-05 -0.881882 -0.47147
    outer loop
      vertex 29.5788 4.57308 17.5556
      vertex 28.85 5.0084 16.7412
      vertex 29.5377 4.69962 17.3189
    endloop
  endfacet
  facet normal -1.43119e-05 -0.881903 -0.471431
    outer loop
      vertex 27.25 5.08134 16.6048
      vertex 28.85 5.0084 16.7412
      vertex 27.25 4.57308 17.5556
    endloop
  endfacet
  facet normal 0 -0.881833 -0.471561
    outer loop
      vertex 28.85 5.0084 16.7412
      vertex 27.25 5.08134 16.6048
      vertex 28.85 5.08134 16.6048
    endloop
  endfacet
  facet normal 0 -0.881926 -0.471388
    outer loop
      vertex 29.5377 4.69962 17.3189
      vertex 28.85 5.0084 16.7412
      vertex 29.1127 5.0084 16.7412
    endloop
  endfacet
  facet normal 0 -0.995185 -0.0980172
    outer loop
      vertex 27.25 5.39432 15.573
      vertex 28.85 5.4916 14.5853
      vertex 28.85 5.39432 15.573
    endloop
  endfacet
  facet normal 7.55895e-07 -0.995185 -0.098016
    outer loop
      vertex 27.25 5.5 14.5
      vertex 28.85 5.4916 14.5853
      vertex 27.25 5.39432 15.573
    endloop
  endfacet
  facet normal -0 -0.995186 -0.0980019
    outer loop
      vertex 29.1242 5.5 14.5
      vertex 28.85 5.4916 14.5853
      vertex 27.25 5.5 14.5
    endloop
  endfacet
  facet normal 0 -0.995186 -0.0980019
    outer loop
      vertex 28.85 5.4916 14.5853
      vertex 29.1242 5.5 14.5
      vertex 29.1127 5.4916 14.5853
    endloop
  endfacet
  facet normal -0 0.995186 0.0980019
    outer loop
      vertex 28.85 -5.4916 14.4147
      vertex 29.1242 -5.5 14.5
      vertex 29.1127 -5.4916 14.4147
    endloop
  endfacet
  facet normal 0 0.995186 0.0980019
    outer loop
      vertex 29.1242 -5.5 14.5
      vertex 28.85 -5.4916 14.4147
      vertex 27.25 -5.5 14.5
    endloop
  endfacet
  facet normal -0 0.995185 0.0980172
    outer loop
      vertex 27.25 -5.39432 13.427
      vertex 28.85 -5.4916 14.4147
      vertex 28.85 -5.39432 13.427
    endloop
  endfacet
  facet normal 7.55895e-07 0.995185 0.098016
    outer loop
      vertex 28.85 -5.4916 14.4147
      vertex 27.25 -5.39432 13.427
      vertex 27.25 -5.5 14.5
    endloop
  endfacet
  facet normal 0 0.881926 0.471388
    outer loop
      vertex 29.1127 -5.0084 12.2588
      vertex 29.5377 -4.69962 11.6811
      vertex 28.85 -5.0084 12.2588
    endloop
  endfacet
  facet normal 0 0.881833 0.471561
    outer loop
      vertex 28.85 -5.0084 12.2588
      vertex 27.25 -5.08134 12.3952
      vertex 28.85 -5.08134 12.3952
    endloop
  endfacet
  facet normal 8.83689e-05 0.881882 0.47147
    outer loop
      vertex 29.5788 -4.57308 11.4444
      vertex 28.85 -5.0084 12.2588
      vertex 29.5377 -4.69962 11.6811
    endloop
  endfacet
  facet normal 0 0.881915 0.471409
    outer loop
      vertex 28.85 -5.0084 12.2588
      vertex 29.5788 -4.57308 11.4444
      vertex 27.25 -4.57308 11.4444
    endloop
  endfacet
  facet normal -1.43119e-05 0.881903 0.471431
    outer loop
      vertex 28.85 -5.0084 12.2588
      vertex 27.25 -4.57308 11.4444
      vertex 27.25 -5.08134 12.3952
    endloop
  endfacet
  facet normal 0 0.634345 0.77305
    outer loop
      vertex 28.85 -3.05564 9.92692
      vertex 27.25 -3.05564 9.92692
      vertex 28.85 -3.3916 10.2026
    endloop
  endfacet
  facet normal 0.000137598 0.634493 0.772929
    outer loop
      vertex 29.1127 -3.3916 10.2026
      vertex 29.599 -3.88909 10.6109
      vertex 29.5377 -3.70038 10.456
    endloop
  endfacet
  facet normal -0 0.634412 0.772995
    outer loop
      vertex 28.85 -3.3916 10.2026
      vertex 29.599 -3.88909 10.6109
      vertex 29.1127 -3.3916 10.2026
    endloop
  endfacet
  facet normal 1.41586e-05 0.634385 0.773017
    outer loop
      vertex 27.25 -3.88909 10.6109
      vertex 28.85 -3.3916 10.2026
      vertex 27.25 -3.05564 9.92692
    endloop
  endfacet
  facet normal 0 0.634412 0.772995
    outer loop
      vertex 28.85 -3.3916 10.2026
      vertex 27.25 -3.88909 10.6109
      vertex 29.599 -3.88909 10.6109
    endloop
  endfacet
  facet normal 0 0.290278 0.956942
    outer loop
      vertex 28.85 -1.073 9.10568
      vertex 27.25 -1.073 9.10568
      vertex 28.85 -1.2916 9.17199
    endloop
  endfacet
  facet normal -1.78472e-06 0.290288 0.956939
    outer loop
      vertex 28.85 -1.2916 9.17199
      vertex 29.6575 -1.96916 9.37753
      vertex 29.5377 -1.60038 9.26566
    endloop
  endfacet
  facet normal -0 0.290292 0.956938
    outer loop
      vertex 28.85 -1.2916 9.17199
      vertex 29.5377 -1.60038 9.26566
      vertex 29.1127 -1.2916 9.17199
    endloop
  endfacet
  facet normal -2.78021e-05 0.29026 0.956948
    outer loop
      vertex 29.6575 -1.96916 9.37753
      vertex 28.85 -1.2916 9.17199
      vertex 29.6575 -2.10476 9.41866
    endloop
  endfacet
  facet normal 8.24533e-07 0.290284 0.956941
    outer loop
      vertex 27.25 -2.10476 9.41866
      vertex 28.85 -1.2916 9.17199
      vertex 27.25 -1.073 9.10568
    endloop
  endfacet
  facet normal 0 0.290285 0.95694
    outer loop
      vertex 28.85 -1.2916 9.17199
      vertex 27.25 -2.10476 9.41866
      vertex 29.6575 -2.10476 9.41866
    endloop
  endfacet
  facet normal 8.83689e-05 0.881882 -0.47147
    outer loop
      vertex 28.85 -5.0084 16.7412
      vertex 29.5788 -4.57308 17.5556
      vertex 29.5377 -4.69962 17.3189
    endloop
  endfacet
  facet normal 0 0.881926 -0.471388
    outer loop
      vertex 28.85 -5.0084 16.7412
      vertex 29.5377 -4.69962 17.3189
      vertex 29.1127 -5.0084 16.7412
    endloop
  endfacet
  facet normal 0 0.881915 -0.471409
    outer loop
      vertex 29.5788 -4.57308 17.5556
      vertex 28.85 -5.0084 16.7412
      vertex 27.25 -4.57308 17.5556
    endloop
  endfacet
  facet normal 0 0.881833 -0.471561
    outer loop
      vertex 27.25 -5.08134 16.6048
      vertex 28.85 -5.0084 16.7412
      vertex 28.85 -5.08134 16.6048
    endloop
  endfacet
  facet normal -1.43119e-05 0.881903 -0.471431
    outer loop
      vertex 28.85 -5.0084 16.7412
      vertex 27.25 -5.08134 16.6048
      vertex 27.25 -4.57308 17.5556
    endloop
  endfacet
  facet normal 0.000486108 0.773051 -0.634343
    outer loop
      vertex 29.6575 -4.33084 17.8508
      vertex 29.599 -3.88909 18.3891
      vertex 29.6575 -4.06916 18.1697
    endloop
  endfacet
  facet normal 8.82524e-05 0.77303 -0.634369
    outer loop
      vertex 29.5788 -4.57308 17.5556
      vertex 29.599 -3.88909 18.3891
      vertex 29.6575 -4.33084 17.8508
    endloop
  endfacet
  facet normal 0 0.773031 -0.634368
    outer loop
      vertex 29.599 -3.88909 18.3891
      vertex 29.5788 -4.57308 17.5556
      vertex 27.25 -3.88909 18.3891
    endloop
  endfacet
  facet normal 0 0.773031 -0.634368
    outer loop
      vertex 27.25 -3.88909 18.3891
      vertex 29.5788 -4.57308 17.5556
      vertex 27.25 -4.57308 17.5556
    endloop
  endfacet
  facet normal 0 0.956944 -0.290274
    outer loop
      vertex 28.85 -5.39432 15.573
      vertex 27.25 -5.08134 16.6048
      vertex 28.85 -5.08134 16.6048
    endloop
  endfacet
  facet normal 0 0.956944 -0.290274
    outer loop
      vertex 27.25 -5.08134 16.6048
      vertex 28.85 -5.39432 15.573
      vertex 27.25 -5.39432 15.573
    endloop
  endfacet
  facet normal 0.000137598 -0.634493 0.772929
    outer loop
      vertex 29.599 3.88909 10.6109
      vertex 29.1127 3.3916 10.2026
      vertex 29.5377 3.70038 10.456
    endloop
  endfacet
  facet normal 0 -0.634412 0.772995
    outer loop
      vertex 29.599 3.88909 10.6109
      vertex 28.85 3.3916 10.2026
      vertex 29.1127 3.3916 10.2026
    endloop
  endfacet
  facet normal 0 -0.634412 0.772995
    outer loop
      vertex 27.25 3.88909 10.6109
      vertex 28.85 3.3916 10.2026
      vertex 29.599 3.88909 10.6109
    endloop
  endfacet
  facet normal 1.41586e-05 -0.634385 0.773017
    outer loop
      vertex 27.25 3.05564 9.92692
      vertex 28.85 3.3916 10.2026
      vertex 27.25 3.88909 10.6109
    endloop
  endfacet
  facet normal 0 -0.634345 0.77305
    outer loop
      vertex 28.85 3.3916 10.2026
      vertex 27.25 3.05564 9.92692
      vertex 28.85 3.05564 9.92692
    endloop
  endfacet
  facet normal 0 -0.995186 0.0980019
    outer loop
      vertex 27.25 5.5 14.5
      vertex 28.85 5.4916 14.4147
      vertex 29.1242 5.5 14.5
    endloop
  endfacet
  facet normal 7.55895e-07 -0.995185 0.098016
    outer loop
      vertex 27.25 5.39432 13.427
      vertex 28.85 5.4916 14.4147
      vertex 27.25 5.5 14.5
    endloop
  endfacet
  facet normal 0 -0.995185 0.0980172
    outer loop
      vertex 28.85 5.4916 14.4147
      vertex 27.25 5.39432 13.427
      vertex 28.85 5.39432 13.427
    endloop
  endfacet
  facet normal 0 -0.995186 0.0980019
    outer loop
      vertex 29.1242 5.5 14.5
      vertex 28.85 5.4916 14.4147
      vertex 29.1127 5.4916 14.4147
    endloop
  endfacet
  facet normal 0 -0.881833 0.471561
    outer loop
      vertex 27.25 5.08134 12.3952
      vertex 28.85 5.0084 12.2588
      vertex 28.85 5.08134 12.3952
    endloop
  endfacet
  facet normal 0 -0.881926 0.471388
    outer loop
      vertex 28.85 5.0084 12.2588
      vertex 29.5377 4.69962 11.6811
      vertex 29.1127 5.0084 12.2588
    endloop
  endfacet
  facet normal -1.43119e-05 -0.881903 0.471431
    outer loop
      vertex 27.25 4.57308 11.4444
      vertex 28.85 5.0084 12.2588
      vertex 27.25 5.08134 12.3952
    endloop
  endfacet
  facet normal 0 -0.881915 0.471409
    outer loop
      vertex 29.5788 4.57308 11.4444
      vertex 28.85 5.0084 12.2588
      vertex 27.25 4.57308 11.4444
    endloop
  endfacet
  facet normal 8.83689e-05 -0.881882 0.47147
    outer loop
      vertex 28.85 5.0084 12.2588
      vertex 29.5788 4.57308 11.4444
      vertex 29.5377 4.69962 11.6811
    endloop
  endfacet
  facet normal -2.29641e-05 0.0980397 0.995183
    outer loop
      vertex 28.85 -0.808397 9.07962
      vertex 29.6575 -0.130844 9.01289
      vertex 29.6575 0 9
    endloop
  endfacet
  facet normal -2.30941e-06 0.0980153 0.995185
    outer loop
      vertex 29.6575 -0.130844 9.01289
      vertex 28.85 -0.808397 9.07962
      vertex 29.5377 -0.499617 9.04921
    endloop
  endfacet
  facet normal 0 0.0980102 0.995185
    outer loop
      vertex 29.5377 -0.499617 9.04921
      vertex 28.85 -0.808397 9.07962
      vertex 29.1127 -0.808397 9.07962
    endloop
  endfacet
  facet normal -0 0.098017 0.995185
    outer loop
      vertex 27.25 0 9
      vertex 28.85 -0.808397 9.07962
      vertex 29.6575 0 9
    endloop
  endfacet
  facet normal -5.01441e-07 0.098016 0.995185
    outer loop
      vertex 27.25 -1.073 9.10568
      vertex 28.85 -0.808397 9.07962
      vertex 27.25 0 9
    endloop
  endfacet
  facet normal 0 0.098013 0.995185
    outer loop
      vertex 28.85 -0.808397 9.07962
      vertex 27.25 -1.073 9.10568
      vertex 28.85 -1.073 9.10568
    endloop
  endfacet
  facet normal 0 0.956944 0.290274
    outer loop
      vertex 28.85 -5.08134 12.3952
      vertex 27.25 -5.39432 13.427
      vertex 28.85 -5.39432 13.427
    endloop
  endfacet
  facet normal 0 0.956944 0.290274
    outer loop
      vertex 27.25 -5.39432 13.427
      vertex 28.85 -5.08134 12.3952
      vertex 27.25 -5.08134 12.3952
    endloop
  endfacet
  facet normal 8.82524e-05 0.77303 0.634369
    outer loop
      vertex 29.599 -3.88909 10.6109
      vertex 29.5788 -4.57308 11.4444
      vertex 29.6575 -4.33084 11.1492
    endloop
  endfacet
  facet normal 0.000486108 0.773051 0.634343
    outer loop
      vertex 29.599 -3.88909 10.6109
      vertex 29.6575 -4.33084 11.1492
      vertex 29.6575 -4.06916 10.8303
    endloop
  endfacet
  facet normal 0 0.773031 0.634368
    outer loop
      vertex 29.5788 -4.57308 11.4444
      vertex 29.599 -3.88909 10.6109
      vertex 27.25 -3.88909 10.6109
    endloop
  endfacet
  facet normal 0 0.773031 0.634368
    outer loop
      vertex 29.5788 -4.57308 11.4444
      vertex 27.25 -3.88909 10.6109
      vertex 27.25 -4.57308 11.4444
    endloop
  endfacet
  facet normal -5.55351e-05 0.471445 0.881896
    outer loop
      vertex 28.85 -2.9084 9.84822
      vertex 29.6575 -2.23084 9.48606
      vertex 29.6575 -2.10476 9.41866
    endloop
  endfacet
  facet normal 1.43035e-05 0.47138 0.88193
    outer loop
      vertex 29.6575 -2.23084 9.48606
      vertex 28.85 -2.9084 9.84822
      vertex 29.5377 -2.59962 9.68317
    endloop
  endfacet
  facet normal 0 0.471405 0.881917
    outer loop
      vertex 29.5377 -2.59962 9.68317
      vertex 28.85 -2.9084 9.84822
      vertex 29.1127 -2.9084 9.84822
    endloop
  endfacet
  facet normal -0 0.471401 0.881919
    outer loop
      vertex 27.25 -2.10476 9.41866
      vertex 28.85 -2.9084 9.84822
      vertex 29.6575 -2.10476 9.41866
    endloop
  endfacet
  facet normal -1.12828e-06 0.4714 0.88192
    outer loop
      vertex 27.25 -3.05564 9.92692
      vertex 28.85 -2.9084 9.84822
      vertex 27.25 -2.10476 9.41866
    endloop
  endfacet
  facet normal 0 0.47139 0.881925
    outer loop
      vertex 28.85 -2.9084 9.84822
      vertex 27.25 -3.05564 9.92692
      vertex 28.85 -3.05564 9.92692
    endloop
  endfacet
  facet normal 0 0.130522 -0.991445
    outer loop
      vertex -28.85 -2.9084 9.38041
      vertex -27.25 -3.16469 9.34667
      vertex -28.85 -3.16469 9.34667
    endloop
  endfacet
  facet normal 1.62323e-07 0.130523 -0.991445
    outer loop
      vertex -27.25 -3.16469 9.34667
      vertex -28.85 -2.9084 9.38041
      vertex -27.25 -2 9.5
    endloop
  endfacet
  facet normal 0 0.130521 -0.991446
    outer loop
      vertex -29.5377 -2.59962 9.42106
      vertex -28.85 -2.9084 9.38041
      vertex -29.1127 -2.9084 9.38041
    endloop
  endfacet
  facet normal 1.65685e-06 0.130525 -0.991445
    outer loop
      vertex -28.85 -2.9084 9.38041
      vertex -29.5377 -2.59962 9.42106
      vertex -29.6575 -2.23084 9.46961
    endloop
  endfacet
  facet normal 6.40386e-07 0.130523 -0.991445
    outer loop
      vertex -28.85 -2.9084 9.38041
      vertex -29.6575 -2.23084 9.46961
      vertex -29.6575 -2 9.5
    endloop
  endfacet
  facet normal 0 0.130523 -0.991445
    outer loop
      vertex -28.85 -2.9084 9.38041
      vertex -29.6575 -2 9.5
      vertex -27.25 -2 9.5
    endloop
  endfacet
  facet normal 0 0.793353 0.608762
    outer loop
      vertex -28.85 -5.4916 2.22153
      vertex -29.5691 -5.89711 2.75
      vertex -27.25 -5.89711 2.75
    endloop
  endfacet
  facet normal 3.34777e-06 0.793351 0.608765
    outer loop
      vertex -29.5691 -5.89711 2.75
      vertex -28.85 -5.4916 2.22153
      vertex -29.5377 -5.80038 2.62394
    endloop
  endfacet
  facet normal 1.30812e-06 0.793355 0.60876
    outer loop
      vertex -27.25 -5.18198 1.81802
      vertex -28.85 -5.4916 2.22153
      vertex -27.25 -5.89711 2.75
    endloop
  endfacet
  facet normal 0 0.793357 0.608756
    outer loop
      vertex -28.85 -5.4916 2.22153
      vertex -27.25 -5.18198 1.81802
      vertex -28.85 -5.18198 1.81802
    endloop
  endfacet
  facet normal 0 0.793353 0.608761
    outer loop
      vertex -29.5377 -5.80038 2.62394
      vertex -28.85 -5.4916 2.22153
      vertex -29.1127 -5.4916 2.22153
    endloop
  endfacet
  facet normal 0 0.991444 0.130534
    outer loop
      vertex -27.25 -6.5 5
      vertex -29.6575 -6.43084 4.47471
      vertex -29.635 -6.5 5
    endloop
  endfacet
  facet normal 2.56161e-06 0.991445 0.130523
    outer loop
      vertex -27.25 -6.34667 3.83531
      vertex -29.6575 -6.43084 4.47471
      vertex -27.25 -6.5 5
    endloop
  endfacet
  facet normal 0 0.991447 0.130513
    outer loop
      vertex -29.6575 -6.43084 4.47471
      vertex -27.25 -6.34667 3.83531
      vertex -29.6575 -6.34667 3.83531
    endloop
  endfacet
  facet normal 1.23831e-07 0.130527 0.991445
    outer loop
      vertex -25.95 -2 0.5
      vertex -28.85 -2.9084 0.619594
      vertex -25.95 -3.16469 0.653335
    endloop
  endfacet
  facet normal -0 0.130527 0.991445
    outer loop
      vertex -29.6575 -2 0.5
      vertex -28.85 -2.9084 0.619594
      vertex -25.95 -2 0.5
    endloop
  endfacet
  facet normal 5.60816e-07 0.130528 0.991445
    outer loop
      vertex -29.6575 -2.23084 0.530391
      vertex -28.85 -2.9084 0.619594
      vertex -29.6575 -2 0.5
    endloop
  endfacet
  facet normal -3.05647e-07 0.130527 0.991445
    outer loop
      vertex -29.5377 -2.59962 0.578942
      vertex -28.85 -2.9084 0.619594
      vertex -29.6575 -2.23084 0.530391
    endloop
  endfacet
  facet normal 0 0.130527 0.991445
    outer loop
      vertex -28.85 -2.9084 0.619594
      vertex -29.5377 -2.59962 0.578942
      vertex -29.1127 -2.9084 0.619594
    endloop
  endfacet
  facet normal 0 0.130525 0.991445
    outer loop
      vertex -25.95 -3.16469 0.653335
      vertex -28.85 -2.9084 0.619594
      vertex -28.85 -3.16469 0.653335
    endloop
  endfacet
  facet normal 0 -0.382721 -0.923864
    outer loop
      vertex -28.85 3.3916 9.25267
      vertex -27.25 3.16469 9.34667
      vertex -28.85 3.16469 9.34667
    endloop
  endfacet
  facet normal 5.0439e-06 -0.382691 -0.923877
    outer loop
      vertex -27.25 3.16469 9.34667
      vertex -28.85 3.3916 9.25267
      vertex -27.25 4.25 8.89711
    endloop
  endfacet
  facet normal 0 -0.382681 -0.92388
    outer loop
      vertex -29.5377 3.70038 9.12477
      vertex -28.85 3.3916 9.25267
      vertex -29.1127 3.3916 9.25267
    endloop
  endfacet
  facet normal 3.48453e-06 -0.382675 -0.923883
    outer loop
      vertex -28.85 3.3916 9.25267
      vertex -29.5377 3.70038 9.12477
      vertex -29.6575 4.06916 8.97202
    endloop
  endfacet
  facet normal -2.0711e-05 -0.382699 -0.923873
    outer loop
      vertex -28.85 3.3916 9.25267
      vertex -29.6575 4.06916 8.97202
      vertex -29.6575 4.25 8.89711
    endloop
  endfacet
  facet normal 0 -0.382683 -0.92388
    outer loop
      vertex -28.85 3.3916 9.25267
      vertex -29.6575 4.25 8.89711
      vertex -27.25 4.25 8.89711
    endloop
  endfacet
  facet normal 0 -0.923876 -0.382692
    outer loop
      vertex -29.6575 6.16916 6.59323
      vertex -27.25 5.89711 7.25
      vertex -29.5691 5.89711 7.25
    endloop
  endfacet
  facet normal -0 -0.923877 -0.382689
    outer loop
      vertex -27.25 6.34667 6.16469
      vertex -29.6575 6.16916 6.59323
      vertex -29.6575 6.34667 6.16469
    endloop
  endfacet
  facet normal -3.76321e-07 -0.923877 -0.382691
    outer loop
      vertex -29.6575 6.16916 6.59323
      vertex -27.25 6.34667 6.16469
      vertex -27.25 5.89711 7.25
    endloop
  endfacet
  facet normal 2.48673e-07 -0.382687 0.923878
    outer loop
      vertex -25.95 4.25 1.10289
      vertex -28.85 3.3916 0.747326
      vertex -25.95 3.16469 0.653335
    endloop
  endfacet
  facet normal 0 -0.382686 0.923878
    outer loop
      vertex -29.6575 4.25 1.10289
      vertex -28.85 3.3916 0.747326
      vertex -25.95 4.25 1.10289
    endloop
  endfacet
  facet normal -1.61345e-05 -0.382699 0.923873
    outer loop
      vertex -29.6575 4.06916 1.02798
      vertex -28.85 3.3916 0.747326
      vertex -29.6575 4.25 1.10289
    endloop
  endfacet
  facet normal 1.10652e-06 -0.382682 0.92388
    outer loop
      vertex -29.5377 3.70038 0.875227
      vertex -28.85 3.3916 0.747326
      vertex -29.6575 4.06916 1.02798
    endloop
  endfacet
  facet normal 0 -0.382684 0.923879
    outer loop
      vertex -28.85 3.3916 0.747326
      vertex -29.5377 3.70038 0.875227
      vertex -29.1127 3.3916 0.747326
    endloop
  endfacet
  facet normal 0 -0.38269 0.923877
    outer loop
      vertex -25.95 3.16469 0.653335
      vertex -28.85 3.3916 0.747326
      vertex -28.85 3.16469 0.653335
    endloop
  endfacet
  facet normal 0 0.923877 0.382689
    outer loop
      vertex -27.25 -6.34667 3.83531
      vertex -29.6575 -6.16916 3.40677
      vertex -29.6575 -6.34667 3.83531
    endloop
  endfacet
  facet normal -3.76321e-07 0.923877 0.382691
    outer loop
      vertex -27.25 -5.89711 2.75
      vertex -29.6575 -6.16916 3.40677
      vertex -27.25 -6.34667 3.83531
    endloop
  endfacet
  facet normal 0 0.923876 0.382692
    outer loop
      vertex -29.6575 -6.16916 3.40677
      vertex -27.25 -5.89711 2.75
      vertex -29.5691 -5.89711 2.75
    endloop
  endfacet
  facet normal 0 0.991447 -0.130513
    outer loop
      vertex -27.25 -6.34667 6.16469
      vertex -29.6575 -6.43084 5.52529
      vertex -29.6575 -6.34667 6.16469
    endloop
  endfacet
  facet normal 2.56161e-06 0.991445 -0.130523
    outer loop
      vertex -27.25 -6.5 5
      vertex -29.6575 -6.43084 5.52529
      vertex -27.25 -6.34667 6.16469
    endloop
  endfacet
  facet normal 0 0.991444 -0.130534
    outer loop
      vertex -29.6575 -6.43084 5.52529
      vertex -27.25 -6.5 5
      vertex -29.635 -6.5 5
    endloop
  endfacet
  facet normal 0 0.38269 0.923877
    outer loop
      vertex -28.85 -3.3916 0.747326
      vertex -25.95 -3.16469 0.653335
      vertex -28.85 -3.16469 0.653335
    endloop
  endfacet
  facet normal 2.48673e-07 0.382687 0.923878
    outer loop
      vertex -25.95 -3.16469 0.653335
      vertex -28.85 -3.3916 0.747326
      vertex -25.95 -4.25 1.10289
    endloop
  endfacet
  facet normal 0 0.382684 0.923879
    outer loop
      vertex -29.5377 -3.70038 0.875227
      vertex -28.85 -3.3916 0.747326
      vertex -29.1127 -3.3916 0.747326
    endloop
  endfacet
  facet normal 1.10652e-06 0.382682 0.92388
    outer loop
      vertex -28.85 -3.3916 0.747326
      vertex -29.5377 -3.70038 0.875227
      vertex -29.6575 -4.06916 1.02798
    endloop
  endfacet
  facet normal -1.61345e-05 0.382699 0.923873
    outer loop
      vertex -28.85 -3.3916 0.747326
      vertex -29.6575 -4.06916 1.02798
      vertex -29.6575 -4.25 1.10289
    endloop
  endfacet
  facet normal 0 0.382686 0.923878
    outer loop
      vertex -28.85 -3.3916 0.747326
      vertex -29.6575 -4.25 1.10289
      vertex -25.95 -4.25 1.10289
    endloop
  endfacet
  facet normal 0 0.608759 0.793355
    outer loop
      vertex -25.95 -4.25 1.10289
      vertex -27.25 -4.89785 1.6
      vertex -25.95 -4.89785 1.6
    endloop
  endfacet
  facet normal -3.84698e-06 0.60876 0.793354
    outer loop
      vertex -27.25 -4.89785 1.6
      vertex -28.85 -5.0084 1.68482
      vertex -27.25 -5.18198 1.81802
    endloop
  endfacet
  facet normal -0 0.608759 0.793355
    outer loop
      vertex -29.6575 -4.25 1.10289
      vertex -27.25 -4.89785 1.6
      vertex -25.95 -4.25 1.10289
    endloop
  endfacet
  facet normal -2.968e-06 0.608752 0.79336
    outer loop
      vertex -27.25 -4.89785 1.6
      vertex -29.6575 -4.25 1.10289
      vertex -28.85 -5.0084 1.68482
    endloop
  endfacet
  facet normal 4.02036e-06 0.608757 0.793357
    outer loop
      vertex -29.6575 -4.33084 1.16492
      vertex -28.85 -5.0084 1.68482
      vertex -29.6575 -4.25 1.10289
    endloop
  endfacet
  facet normal 0 0.608753 0.79336
    outer loop
      vertex -28.85 -5.0084 1.68482
      vertex -29.5377 -4.69962 1.44789
      vertex -29.1127 -5.0084 1.68482
    endloop
  endfacet
  facet normal 1.57926e-06 0.608755 0.793358
    outer loop
      vertex -28.85 -5.0084 1.68482
      vertex -29.6575 -4.33084 1.16492
      vertex -29.5377 -4.69962 1.44789
    endloop
  endfacet
  facet normal 0 0.608783 0.793337
    outer loop
      vertex -27.25 -5.18198 1.81802
      vertex -28.85 -5.0084 1.68482
      vertex -28.85 -5.18198 1.81802
    endloop
  endfacet
  facet normal 0 -0.793353 -0.608761
    outer loop
      vertex -29.1127 5.4916 7.77847
      vertex -29.5377 5.80038 7.37606
      vertex -28.85 5.4916 7.77847
    endloop
  endfacet
  facet normal 0 -0.793357 -0.608756
    outer loop
      vertex -28.85 5.4916 7.77847
      vertex -27.25 5.18198 8.18198
      vertex -28.85 5.18198 8.18198
    endloop
  endfacet
  facet normal 3.34777e-06 -0.793351 -0.608765
    outer loop
      vertex -29.5691 5.89711 7.25
      vertex -28.85 5.4916 7.77847
      vertex -29.5377 5.80038 7.37606
    endloop
  endfacet
  facet normal 0 -0.793353 -0.608762
    outer loop
      vertex -28.85 5.4916 7.77847
      vertex -29.5691 5.89711 7.25
      vertex -27.25 5.89711 7.25
    endloop
  endfacet
  facet normal 1.30812e-06 -0.793355 -0.60876
    outer loop
      vertex -28.85 5.4916 7.77847
      vertex -27.25 5.89711 7.25
      vertex -27.25 5.18198 8.18198
    endloop
  endfacet
  facet normal 0 -0.608783 0.793337
    outer loop
      vertex -28.85 5.0084 1.68482
      vertex -27.25 5.18198 1.81802
      vertex -28.85 5.18198 1.81802
    endloop
  endfacet
  facet normal 0 -0.608759 0.793355
    outer loop
      vertex -27.25 4.89785 1.6
      vertex -25.95 4.25 1.10289
      vertex -25.95 4.89785 1.6
    endloop
  endfacet
  facet normal -3.84698e-06 -0.60876 0.793354
    outer loop
      vertex -27.25 5.18198 1.81802
      vertex -28.85 5.0084 1.68482
      vertex -27.25 4.89785 1.6
    endloop
  endfacet
  facet normal -2.968e-06 -0.608752 0.79336
    outer loop
      vertex -29.6575 4.25 1.10289
      vertex -27.25 4.89785 1.6
      vertex -28.85 5.0084 1.68482
    endloop
  endfacet
  facet normal 0 -0.608753 0.79336
    outer loop
      vertex -29.5377 4.69962 1.44789
      vertex -28.85 5.0084 1.68482
      vertex -29.1127 5.0084 1.68482
    endloop
  endfacet
  facet normal 1.57926e-06 -0.608755 0.793358
    outer loop
      vertex -29.6575 4.33084 1.16492
      vertex -28.85 5.0084 1.68482
      vertex -29.5377 4.69962 1.44789
    endloop
  endfacet
  facet normal 4.02036e-06 -0.608757 0.793357
    outer loop
      vertex -28.85 5.0084 1.68482
      vertex -29.6575 4.33084 1.16492
      vertex -29.6575 4.25 1.10289
    endloop
  endfacet
  facet normal 0 -0.608759 0.793355
    outer loop
      vertex -27.25 4.89785 1.6
      vertex -29.6575 4.25 1.10289
      vertex -25.95 4.25 1.10289
    endloop
  endfacet
  facet normal 3.34777e-06 -0.793351 0.608765
    outer loop
      vertex -28.85 5.4916 2.22153
      vertex -29.5691 5.89711 2.75
      vertex -29.5377 5.80038 2.62394
    endloop
  endfacet
  facet normal 0 -0.793353 0.608761
    outer loop
      vertex -28.85 5.4916 2.22153
      vertex -29.5377 5.80038 2.62394
      vertex -29.1127 5.4916 2.22153
    endloop
  endfacet
  facet normal 0 -0.793353 0.608762
    outer loop
      vertex -29.5691 5.89711 2.75
      vertex -28.85 5.4916 2.22153
      vertex -27.25 5.89711 2.75
    endloop
  endfacet
  facet normal 0 -0.793357 0.608756
    outer loop
      vertex -27.25 5.18198 1.81802
      vertex -28.85 5.4916 2.22153
      vertex -28.85 5.18198 1.81802
    endloop
  endfacet
  facet normal 1.30812e-06 -0.793355 0.60876
    outer loop
      vertex -28.85 5.4916 2.22153
      vertex -27.25 5.18198 1.81802
      vertex -27.25 5.89711 2.75
    endloop
  endfacet
  facet normal 0 -0.923877 0.382689
    outer loop
      vertex -29.6575 6.16916 3.40677
      vertex -27.25 6.34667 3.83531
      vertex -29.6575 6.34667 3.83531
    endloop
  endfacet
  facet normal 0 -0.923876 0.382692
    outer loop
      vertex -27.25 5.89711 2.75
      vertex -29.6575 6.16916 3.40677
      vertex -29.5691 5.89711 2.75
    endloop
  endfacet
  facet normal -3.76321e-07 -0.923877 0.382691
    outer loop
      vertex -29.6575 6.16916 3.40677
      vertex -27.25 5.89711 2.75
      vertex -27.25 6.34667 3.83531
    endloop
  endfacet
  facet normal 0 0.608783 -0.793337
    outer loop
      vertex -28.85 -5.0084 8.31518
      vertex -27.25 -5.18198 8.18198
      vertex -28.85 -5.18198 8.18198
    endloop
  endfacet
  facet normal -3.97463e-06 0.60876 -0.793355
    outer loop
      vertex -27.25 -5.18198 8.18198
      vertex -28.85 -5.0084 8.31518
      vertex -27.25 -4.25 8.89711
    endloop
  endfacet
  facet normal 0 0.608753 -0.79336
    outer loop
      vertex -29.5377 -4.69962 8.55211
      vertex -28.85 -5.0084 8.31518
      vertex -29.1127 -5.0084 8.31518
    endloop
  endfacet
  facet normal 1.57926e-06 0.608755 -0.793358
    outer loop
      vertex -29.6575 -4.33084 8.83508
      vertex -28.85 -5.0084 8.31518
      vertex -29.5377 -4.69962 8.55211
    endloop
  endfacet
  facet normal 4.02036e-06 0.608757 -0.793357
    outer loop
      vertex -28.85 -5.0084 8.31518
      vertex -29.6575 -4.33084 8.83508
      vertex -29.6575 -4.25 8.89711
    endloop
  endfacet
  facet normal 0 0.608754 -0.793359
    outer loop
      vertex -28.85 -5.0084 8.31518
      vertex -29.6575 -4.25 8.89711
      vertex -27.25 -4.25 8.89711
    endloop
  endfacet
  facet normal -3.97463e-06 -0.60876 -0.793355
    outer loop
      vertex -27.25 4.25 8.89711
      vertex -28.85 5.0084 8.31518
      vertex -27.25 5.18198 8.18198
    endloop
  endfacet
  facet normal 0 -0.608754 -0.793359
    outer loop
      vertex -29.6575 4.25 8.89711
      vertex -28.85 5.0084 8.31518
      vertex -27.25 4.25 8.89711
    endloop
  endfacet
  facet normal 4.02036e-06 -0.608757 -0.793357
    outer loop
      vertex -29.6575 4.33084 8.83508
      vertex -28.85 5.0084 8.31518
      vertex -29.6575 4.25 8.89711
    endloop
  endfacet
  facet normal -0 -0.608753 -0.79336
    outer loop
      vertex -28.85 5.0084 8.31518
      vertex -29.5377 4.69962 8.55211
      vertex -29.1127 5.0084 8.31518
    endloop
  endfacet
  facet normal 1.57926e-06 -0.608755 -0.793358
    outer loop
      vertex -28.85 5.0084 8.31518
      vertex -29.6575 4.33084 8.83508
      vertex -29.5377 4.69962 8.55211
    endloop
  endfacet
  facet normal -0 -0.608783 -0.793337
    outer loop
      vertex -27.25 5.18198 8.18198
      vertex -28.85 5.0084 8.31518
      vertex -28.85 5.18198 8.18198
    endloop
  endfacet
  facet normal 1.62323e-07 -0.130523 -0.991445
    outer loop
      vertex -27.25 2 9.5
      vertex -28.85 2.9084 9.38041
      vertex -27.25 3.16469 9.34667
    endloop
  endfacet
  facet normal 0 -0.130523 -0.991445
    outer loop
      vertex -29.6575 2 9.5
      vertex -28.85 2.9084 9.38041
      vertex -27.25 2 9.5
    endloop
  endfacet
  facet normal 6.40386e-07 -0.130523 -0.991445
    outer loop
      vertex -29.6575 2.23084 9.46961
      vertex -28.85 2.9084 9.38041
      vertex -29.6575 2 9.5
    endloop
  endfacet
  facet normal 1.65685e-06 -0.130525 -0.991445
    outer loop
      vertex -29.5377 2.59962 9.42106
      vertex -28.85 2.9084 9.38041
      vertex -29.6575 2.23084 9.46961
    endloop
  endfacet
  facet normal -0 -0.130521 -0.991446
    outer loop
      vertex -28.85 2.9084 9.38041
      vertex -29.5377 2.59962 9.42106
      vertex -29.1127 2.9084 9.38041
    endloop
  endfacet
  facet normal -0 -0.130522 -0.991445
    outer loop
      vertex -27.25 3.16469 9.34667
      vertex -28.85 2.9084 9.38041
      vertex -28.85 3.16469 9.34667
    endloop
  endfacet
  facet normal 0 -0.991447 -0.130513
    outer loop
      vertex -29.6575 6.43084 5.52529
      vertex -27.25 6.34667 6.16469
      vertex -29.6575 6.34667 6.16469
    endloop
  endfacet
  facet normal -0 -0.991444 -0.130534
    outer loop
      vertex -27.25 6.5 5
      vertex -29.6575 6.43084 5.52529
      vertex -29.635 6.5 5
    endloop
  endfacet
  facet normal 2.56161e-06 -0.991445 -0.130523
    outer loop
      vertex -29.6575 6.43084 5.52529
      vertex -27.25 6.5 5
      vertex -27.25 6.34667 6.16469
    endloop
  endfacet
  facet normal 5.0439e-06 0.382691 -0.923877
    outer loop
      vertex -27.25 -4.25 8.89711
      vertex -28.85 -3.3916 9.25267
      vertex -27.25 -3.16469 9.34667
    endloop
  endfacet
  facet normal 0 0.382683 -0.92388
    outer loop
      vertex -29.6575 -4.25 8.89711
      vertex -28.85 -3.3916 9.25267
      vertex -27.25 -4.25 8.89711
    endloop
  endfacet
  facet normal -2.0711e-05 0.382699 -0.923873
    outer loop
      vertex -29.6575 -4.06916 8.97202
      vertex -28.85 -3.3916 9.25267
      vertex -29.6575 -4.25 8.89711
    endloop
  endfacet
  facet normal 3.48453e-06 0.382675 -0.923883
    outer loop
      vertex -29.5377 -3.70038 9.12477
      vertex -28.85 -3.3916 9.25267
      vertex -29.6575 -4.06916 8.97202
    endloop
  endfacet
  facet normal 0 0.382681 -0.92388
    outer loop
      vertex -28.85 -3.3916 9.25267
      vertex -29.5377 -3.70038 9.12477
      vertex -29.1127 -3.3916 9.25267
    endloop
  endfacet
  facet normal 0 0.382721 -0.923864
    outer loop
      vertex -27.25 -3.16469 9.34667
      vertex -28.85 -3.3916 9.25267
      vertex -28.85 -3.16469 9.34667
    endloop
  endfacet
  facet normal 0 0.793357 -0.608756
    outer loop
      vertex -27.25 -5.18198 8.18198
      vertex -28.85 -5.4916 7.77847
      vertex -28.85 -5.18198 8.18198
    endloop
  endfacet
  facet normal 0 0.793353 -0.608761
    outer loop
      vertex -28.85 -5.4916 7.77847
      vertex -29.5377 -5.80038 7.37606
      vertex -29.1127 -5.4916 7.77847
    endloop
  endfacet
  facet normal 1.30812e-06 0.793355 -0.60876
    outer loop
      vertex -27.25 -5.89711 7.25
      vertex -28.85 -5.4916 7.77847
      vertex -27.25 -5.18198 8.18198
    endloop
  endfacet
  facet normal 0 0.793353 -0.608762
    outer loop
      vertex -29.5691 -5.89711 7.25
      vertex -28.85 -5.4916 7.77847
      vertex -27.25 -5.89711 7.25
    endloop
  endfacet
  facet normal 3.34777e-06 0.793351 -0.608765
    outer loop
      vertex -28.85 -5.4916 7.77847
      vertex -29.5691 -5.89711 7.25
      vertex -29.5377 -5.80038 7.37606
    endloop
  endfacet
  facet normal -1 0 0
    outer loop
      vertex -25.95 3.16469 0.653335
      vertex -25.95 4.89785 1.6
      vertex -25.95 4.25 1.10289
    endloop
  endfacet
  facet normal -1 0 0
    outer loop
      vertex -25.95 2 0.5
      vertex -25.95 4.89785 1.6
      vertex -25.95 3.16469 0.653335
    endloop
  endfacet
  facet normal -1 0 0
    outer loop
      vertex -25.95 -2 0.5
      vertex -25.95 4.89785 1.6
      vertex -25.95 2 0.5
    endloop
  endfacet
  facet normal -1 0 0
    outer loop
      vertex -25.95 -4.89785 1.6
      vertex -25.95 -2 0.5
      vertex -25.95 -3.16469 0.653335
    endloop
  endfacet
  facet normal -1 0 0
    outer loop
      vertex -25.95 -4.89785 1.6
      vertex -25.95 -3.16469 0.653335
      vertex -25.95 -4.25 1.10289
    endloop
  endfacet
  facet normal -1 0 0
    outer loop
      vertex -25.95 -2 0.5
      vertex -25.95 -4.89785 1.6
      vertex -25.95 4.89785 1.6
    endloop
  endfacet
  facet normal 0 0.923876 -0.382692
    outer loop
      vertex -27.25 -5.89711 7.25
      vertex -29.6575 -6.16916 6.59323
      vertex -29.5691 -5.89711 7.25
    endloop
  endfacet
  facet normal -3.76321e-07 0.923877 -0.382691
    outer loop
      vertex -27.25 -6.34667 6.16469
      vertex -29.6575 -6.16916 6.59323
      vertex -27.25 -5.89711 7.25
    endloop
  endfacet
  facet normal 0 0.923877 -0.382689
    outer loop
      vertex -29.6575 -6.16916 6.59323
      vertex -27.25 -6.34667 6.16469
      vertex -29.6575 -6.34667 6.16469
    endloop
  endfacet
  facet normal 0 0 -1
    outer loop
      vertex -29.5377 -0.499617 9.5
      vertex -28.85 -0.808397 9.5
      vertex -29.1127 -0.808397 9.5
    endloop
  endfacet
  facet normal 0 0 -1
    outer loop
      vertex -28.85 -0.808397 9.5
      vertex -29.6575 -0.130844 9.5
      vertex -28.85 0.808397 9.5
    endloop
  endfacet
  facet normal 0 0 -1
    outer loop
      vertex -28.85 -0.808397 9.5
      vertex -29.5377 -0.499617 9.5
      vertex -29.6575 -0.130844 9.5
    endloop
  endfacet
  facet normal 0 0 -1
    outer loop
      vertex -29.6575 0.130844 9.5
      vertex -28.85 0.808397 9.5
      vertex -29.6575 -0.130844 9.5
    endloop
  endfacet
  facet normal 0 -0 -1
    outer loop
      vertex -29.5377 0.499617 9.5
      vertex -28.85 0.808397 9.5
      vertex -29.6575 0.130844 9.5
    endloop
  endfacet
  facet normal -0 0 -1
    outer loop
      vertex -28.85 0.808397 9.5
      vertex -29.5377 0.499617 9.5
      vertex -29.1127 0.808397 9.5
    endloop
  endfacet
  facet normal 0 0 -1
    outer loop
      vertex -28.85 -0.808397 9.5
      vertex -27.25 -2 9.5
      vertex -28.85 -1.2916 9.5
    endloop
  endfacet
  facet normal 0 0 -1
    outer loop
      vertex -29.6575 -2 9.5
      vertex -28.85 -1.2916 9.5
      vertex -27.25 -2 9.5
    endloop
  endfacet
  facet normal 0 -0 -1
    outer loop
      vertex -29.5377 -1.60038 9.5
      vertex -28.85 -1.2916 9.5
      vertex -29.6575 -2 9.5
    endloop
  endfacet
  facet normal -0 0 -1
    outer loop
      vertex -28.85 -1.2916 9.5
      vertex -29.5377 -1.60038 9.5
      vertex -29.1127 -1.2916 9.5
    endloop
  endfacet
  facet normal 0 0 -1
    outer loop
      vertex -29.5377 -1.60038 9.5
      vertex -29.6575 -2 9.5
      vertex -29.6575 -1.96916 9.5
    endloop
  endfacet
  facet normal 0 0 -1
    outer loop
      vertex -27.25 -2 9.5
      vertex -28.85 -0.808397 9.5
      vertex -27.25 2 9.5
    endloop
  endfacet
  facet normal 0 0 -1
    outer loop
      vertex -28.85 0.808397 9.5
      vertex -27.25 2 9.5
      vertex -28.85 -0.808397 9.5
    endloop
  endfacet
  facet normal 0 0 -1
    outer loop
      vertex -28.85 1.2916 9.5
      vertex -27.25 2 9.5
      vertex -28.85 0.808397 9.5
    endloop
  endfacet
  facet normal 0 0 -1
    outer loop
      vertex -29.5377 1.60038 9.5
      vertex -28.85 1.2916 9.5
      vertex -29.1127 1.2916 9.5
    endloop
  endfacet
  facet normal 0 0 -1
    outer loop
      vertex -28.85 1.2916 9.5
      vertex -29.5377 1.60038 9.5
      vertex -29.6575 2 9.5
    endloop
  endfacet
  facet normal 0 0 -1
    outer loop
      vertex -29.6575 2 9.5
      vertex -29.5377 1.60038 9.5
      vertex -29.6575 1.96916 9.5
    endloop
  endfacet
  facet normal 0 0 -1
    outer loop
      vertex -28.85 1.2916 9.5
      vertex -29.6575 2 9.5
      vertex -27.25 2 9.5
    endloop
  endfacet
  facet normal 0 -0.130525 0.991445
    outer loop
      vertex -28.85 2.9084 0.619594
      vertex -25.95 3.16469 0.653335
      vertex -28.85 3.16469 0.653335
    endloop
  endfacet
  facet normal 1.23831e-07 -0.130527 0.991445
    outer loop
      vertex -25.95 3.16469 0.653335
      vertex -28.85 2.9084 0.619594
      vertex -25.95 2 0.5
    endloop
  endfacet
  facet normal 0 -0.130527 0.991445
    outer loop
      vertex -29.5377 2.59962 0.578942
      vertex -28.85 2.9084 0.619594
      vertex -29.1127 2.9084 0.619594
    endloop
  endfacet
  facet normal -3.05647e-07 -0.130527 0.991445
    outer loop
      vertex -28.85 2.9084 0.619594
      vertex -29.5377 2.59962 0.578942
      vertex -29.6575 2.23084 0.530391
    endloop
  endfacet
  facet normal 5.60816e-07 -0.130528 0.991445
    outer loop
      vertex -28.85 2.9084 0.619594
      vertex -29.6575 2.23084 0.530391
      vertex -29.6575 2 0.5
    endloop
  endfacet
  facet normal 0 -0.130527 0.991445
    outer loop
      vertex -28.85 2.9084 0.619594
      vertex -29.6575 2 0.5
      vertex -25.95 2 0.5
    endloop
  endfacet
  facet normal 0 0 1
    outer loop
      vertex -29.5377 0.499617 0.5
      vertex -28.85 0.808397 0.5
      vertex -29.1127 0.808397 0.5
    endloop
  endfacet
  facet normal 0 0 1
    outer loop
      vertex -28.85 0.808397 0.5
      vertex -29.6575 0.130844 0.5
      vertex -28.85 -0.808397 0.5
    endloop
  endfacet
  facet normal 0 0 1
    outer loop
      vertex -28.85 0.808397 0.5
      vertex -29.5377 0.499617 0.5
      vertex -29.6575 0.130844 0.5
    endloop
  endfacet
  facet normal -0 0 1
    outer loop
      vertex -29.6575 -0.130844 0.5
      vertex -28.85 -0.808397 0.5
      vertex -29.6575 0.130844 0.5
    endloop
  endfacet
  facet normal -0 -0 1
    outer loop
      vertex -29.5377 -0.499617 0.5
      vertex -28.85 -0.808397 0.5
      vertex -29.6575 -0.130844 0.5
    endloop
  endfacet
  facet normal 0 0 1
    outer loop
      vertex -28.85 -0.808397 0.5
      vertex -29.5377 -0.499617 0.5
      vertex -29.1127 -0.808397 0.5
    endloop
  endfacet
  facet normal 0 0 1
    outer loop
      vertex -28.85 0.808397 0.5
      vertex -25.95 2 0.5
      vertex -28.85 1.2916 0.5
    endloop
  endfacet
  facet normal -0 0 1
    outer loop
      vertex -29.6575 2 0.5
      vertex -28.85 1.2916 0.5
      vertex -25.95 2 0.5
    endloop
  endfacet
  facet normal -0 -0 1
    outer loop
      vertex -29.5377 1.60038 0.5
      vertex -28.85 1.2916 0.5
      vertex -29.6575 2 0.5
    endloop
  endfacet
  facet normal 0 0 1
    outer loop
      vertex -28.85 1.2916 0.5
      vertex -29.5377 1.60038 0.5
      vertex -29.1127 1.2916 0.5
    endloop
  endfacet
  facet normal 0 0 1
    outer loop
      vertex -29.5377 1.60038 0.5
      vertex -29.6575 2 0.5
      vertex -29.6575 1.96916 0.5
    endloop
  endfacet
  facet normal 0 0 1
    outer loop
      vertex -25.95 2 0.5
      vertex -28.85 0.808397 0.5
      vertex -25.95 -2 0.5
    endloop
  endfacet
  facet normal -0 0 1
    outer loop
      vertex -28.85 -0.808397 0.5
      vertex -25.95 -2 0.5
      vertex -28.85 0.808397 0.5
    endloop
  endfacet
  facet normal -0 0 1
    outer loop
      vertex -28.85 -1.2916 0.5
      vertex -25.95 -2 0.5
      vertex -28.85 -0.808397 0.5
    endloop
  endfacet
  facet normal 0 0 1
    outer loop
      vertex -29.5377 -1.60038 0.5
      vertex -28.85 -1.2916 0.5
      vertex -29.1127 -1.2916 0.5
    endloop
  endfacet
  facet normal 0 0 1
    outer loop
      vertex -28.85 -1.2916 0.5
      vertex -29.5377 -1.60038 0.5
      vertex -29.6575 -2 0.5
    endloop
  endfacet
  facet normal 0 0 1
    outer loop
      vertex -29.6575 -2 0.5
      vertex -29.5377 -1.60038 0.5
      vertex -29.6575 -1.96916 0.5
    endloop
  endfacet
  facet normal 0 0 1
    outer loop
      vertex -28.85 -1.2916 0.5
      vertex -29.6575 -2 0.5
      vertex -25.95 -2 0.5
    endloop
  endfacet
  facet normal 0 -0.991444 0.130534
    outer loop
      vertex -29.6575 6.43084 4.47471
      vertex -27.25 6.5 5
      vertex -29.635 6.5 5
    endloop
  endfacet
  facet normal 0 -0.991447 0.130513
    outer loop
      vertex -27.25 6.34667 3.83531
      vertex -29.6575 6.43084 4.47471
      vertex -29.6575 6.34667 3.83531
    endloop
  endfacet
  facet normal 2.56161e-06 -0.991445 0.130523
    outer loop
      vertex -29.6575 6.43084 4.47471
      vertex -27.25 6.34667 3.83531
      vertex -27.25 6.5 5
    endloop
  endfacet
  facet normal 1 -0 0
    outer loop
      vertex -2.5 -16.4086 13.6
      vertex -2.5 -14.1 11
      vertex -2.5 -14.1 13.6
    endloop
  endfacet
  facet normal 1 0 0
    outer loop
      vertex -2.5 -14.1 11
      vertex -2.5 -16.4086 13.6
      vertex -2.5 -16.4086 11
    endloop
  endfacet
  facet normal 0 0 -1
    outer loop
      vertex -1.25 -15.7 13.6
      vertex -1 -14.1 13.6
      vertex -1 -15.7 13.6
    endloop
  endfacet
  facet normal 0 0 -1
    outer loop
      vertex -2.5 -16.4086 13.6
      vertex -1.25 -15.7 13.6
      vertex -1.41234 -16.1996 13.6
    endloop
  endfacet
  facet normal 0 0 -1
    outer loop
      vertex -2.5 -16.4086 13.6
      vertex -1.41234 -16.1996 13.6
      vertex -1.83609 -16.5075 13.6
    endloop
  endfacet
  facet normal 0 0 -1
    outer loop
      vertex -2.5 -16.4086 13.6
      vertex -1.83609 -16.5075 13.6
      vertex -2.36391 -16.5075 13.6
    endloop
  endfacet
  facet normal -0 0 -1
    outer loop
      vertex -1.25 -15.7 13.6
      vertex -2.5 -16.4086 13.6
      vertex -2.5 -14.1 13.6
    endloop
  endfacet
  facet normal 0 0 -1
    outer loop
      vertex -1.25 -15.7 13.6
      vertex -2.5 -14.1 13.6
      vertex -1 -14.1 13.6
    endloop
  endfacet
  facet normal 0 0 -1
    outer loop
      vertex 11.9123 -16.1996 13.6
      vertex 12.5 -16.5075 13.6
      vertex 12.3361 -16.5075 13.6
    endloop
  endfacet
  facet normal 0 0 -1
    outer loop
      vertex 12.5 -16.5075 13.6
      vertex 11.9123 -16.1996 13.6
      vertex 11.75 -15.7 13.6
    endloop
  endfacet
  facet normal 0 0 -1
    outer loop
      vertex 12.5 -16.5075 13.6
      vertex 11.75 -15.7 13.6
      vertex 12.5 -14.1 13.6
    endloop
  endfacet
  facet normal 0 0 -1
    outer loop
      vertex 11.35 -15.7 13.6
      vertex 12.5 -14.1 13.6
      vertex 11.75 -15.7 13.6
    endloop
  endfacet
  facet normal 0 0 -1
    outer loop
      vertex 10.7639 -16.5075 13.6
      vertex 11.35 -15.7 13.6
      vertex 11.1877 -16.1996 13.6
    endloop
  endfacet
  facet normal 0 0 -1
    outer loop
      vertex 9.65 -15.7 13.6
      vertex 11.35 -15.7 13.6
      vertex 10.7639 -16.5075 13.6
    endloop
  endfacet
  facet normal 0 0 -1
    outer loop
      vertex 9.65 -15.7 13.6
      vertex 10.7639 -16.5075 13.6
      vertex 10.2361 -16.5075 13.6
    endloop
  endfacet
  facet normal 0 0 -1
    outer loop
      vertex 9.65 -15.7 13.6
      vertex 10.2361 -16.5075 13.6
      vertex 9.81234 -16.1996 13.6
    endloop
  endfacet
  facet normal 0 0 -1
    outer loop
      vertex 11.35 -15.7 13.6
      vertex 9.65 -15.7 13.6
      vertex 12.5 -14.1 13.6
    endloop
  endfacet
  facet normal 0 0 -1
    outer loop
      vertex 9.25 -15.7 13.6
      vertex 12.5 -14.1 13.6
      vertex 9.65 -15.7 13.6
    endloop
  endfacet
  facet normal 0 0 -1
    outer loop
      vertex 8.66391 -16.5075 13.6
      vertex 9.25 -15.7 13.6
      vertex 9.08766 -16.1996 13.6
    endloop
  endfacet
  facet normal 0 0 -1
    outer loop
      vertex 8.13609 -16.5075 13.6
      vertex 9.25 -15.7 13.6
      vertex 8.66391 -16.5075 13.6
    endloop
  endfacet
  facet normal 0 0 -1
    outer loop
      vertex 7.71233 -16.1996 13.6
      vertex 9.25 -15.7 13.6
      vertex 8.13609 -16.5075 13.6
    endloop
  endfacet
  facet normal 0 0 -1
    outer loop
      vertex 7.55 -15.7 13.6
      vertex 9.25 -15.7 13.6
      vertex 7.71233 -16.1996 13.6
    endloop
  endfacet
  facet normal 0 0 -1
    outer loop
      vertex 9.25 -15.7 13.6
      vertex 7.55 -15.7 13.6
      vertex 12.5 -14.1 13.6
    endloop
  endfacet
  facet normal 0 0 -1
    outer loop
      vertex 7.15 -15.7 13.6
      vertex 12.5 -14.1 13.6
      vertex 7.55 -15.7 13.6
    endloop
  endfacet
  facet normal 0 0 -1
    outer loop
      vertex 6.56391 -16.5075 13.6
      vertex 7.15 -15.7 13.6
      vertex 6.98766 -16.1996 13.6
    endloop
  endfacet
  facet normal 0 0 -1
    outer loop
      vertex 6.03609 -16.5075 13.6
      vertex 7.15 -15.7 13.6
      vertex 6.56391 -16.5075 13.6
    endloop
  endfacet
  facet normal 0 0 -1
    outer loop
      vertex 5.61234 -16.1996 13.6
      vertex 7.15 -15.7 13.6
      vertex 6.03609 -16.5075 13.6
    endloop
  endfacet
  facet normal 0 0 -1
    outer loop
      vertex 5.45 -15.7 13.6
      vertex 7.15 -15.7 13.6
      vertex 5.61234 -16.1996 13.6
    endloop
  endfacet
  facet normal 0 0 -1
    outer loop
      vertex 1 -14.1 13.6
      vertex 7.15 -15.7 13.6
      vertex 5.45 -15.7 13.6
    endloop
  endfacet
  facet normal 0 0 -1
    outer loop
      vertex 1 -14.1 13.6
      vertex 5.45 -15.7 13.6
      vertex 5.05 -15.7 13.6
    endloop
  endfacet
  facet normal 0 0 -1
    outer loop
      vertex 4.46391 -16.5075 13.6
      vertex 5.05 -15.7 13.6
      vertex 4.88766 -16.1996 13.6
    endloop
  endfacet
  facet normal 0 0 -1
    outer loop
      vertex 3.93609 -16.5075 13.6
      vertex 5.05 -15.7 13.6
      vertex 4.46391 -16.5075 13.6
    endloop
  endfacet
  facet normal 0 0 -1
    outer loop
      vertex 3.51233 -16.1996 13.6
      vertex 5.05 -15.7 13.6
      vertex 3.93609 -16.5075 13.6
    endloop
  endfacet
  facet normal 0 0 -1
    outer loop
      vertex 3.35 -15.7 13.6
      vertex 5.05 -15.7 13.6
      vertex 3.51233 -16.1996 13.6
    endloop
  endfacet
  facet normal 0 0 -1
    outer loop
      vertex 1 -14.1 13.6
      vertex 5.05 -15.7 13.6
      vertex 3.35 -15.7 13.6
    endloop
  endfacet
  facet normal 0 0 -1
    outer loop
      vertex 1 -14.1 13.6
      vertex 3.35 -15.7 13.6
      vertex 2.95 -15.7 13.6
    endloop
  endfacet
  facet normal 0 0 -1
    outer loop
      vertex 2.36391 -16.5075 13.6
      vertex 2.95 -15.7 13.6
      vertex 2.78766 -16.1996 13.6
    endloop
  endfacet
  facet normal 0 0 -1
    outer loop
      vertex 1.83609 -16.5075 13.6
      vertex 2.95 -15.7 13.6
      vertex 2.36391 -16.5075 13.6
    endloop
  endfacet
  facet normal 0 0 -1
    outer loop
      vertex 1.41234 -16.1996 13.6
      vertex 2.95 -15.7 13.6
      vertex 1.83609 -16.5075 13.6
    endloop
  endfacet
  facet normal 0 0 -1
    outer loop
      vertex 1.25 -15.7 13.6
      vertex 2.95 -15.7 13.6
      vertex 1.41234 -16.1996 13.6
    endloop
  endfacet
  facet normal 0 0 -1
    outer loop
      vertex 1 -14.1 13.6
      vertex 2.95 -15.7 13.6
      vertex 1.25 -15.7 13.6
    endloop
  endfacet
  facet normal 0 0 -1
    outer loop
      vertex 1 -14.1 13.6
      vertex 1.25 -15.7 13.6
      vertex 1 -15.7 13.6
    endloop
  endfacet
  facet normal 0 0 -1
    outer loop
      vertex 7.15 -15.7 13.6
      vertex 1 -14.1 13.6
      vertex 12.5 -14.1 13.6
    endloop
  endfacet
  facet normal -1 0 0
    outer loop
      vertex 12.5 -16.5075 11
      vertex 12.5 -14.1 13.6
      vertex 12.5 -14.1 11
    endloop
  endfacet
  facet normal -1 -0 0
    outer loop
      vertex 12.5 -14.1 13.6
      vertex 12.5 -16.5075 11
      vertex 12.5 -16.5075 13.6
    endloop
  endfacet
  facet normal 0 0 1
    outer loop
      vertex -1 -14.1 11
      vertex -1.25 -15.7 11
      vertex -1 -15.7 11
    endloop
  endfacet
  facet normal -0 0 1
    outer loop
      vertex -2.5 -14.1 11
      vertex -1.25 -15.7 11
      vertex -1 -14.1 11
    endloop
  endfacet
  facet normal 0 0 1
    outer loop
      vertex -2.5 -16.4086 11
      vertex -1.25 -15.7 11
      vertex -2.5 -14.1 11
    endloop
  endfacet
  facet normal 0 0 1
    outer loop
      vertex -1.25 -15.7 11
      vertex -2.5 -16.4086 11
      vertex -1.41234 -16.1996 11
    endloop
  endfacet
  facet normal 0 0 1
    outer loop
      vertex -1.41234 -16.1996 11
      vertex -2.5 -16.4086 11
      vertex -1.83609 -16.5075 11
    endloop
  endfacet
  facet normal 0 0 1
    outer loop
      vertex -1.83609 -16.5075 11
      vertex -2.5 -16.4086 11
      vertex -2.36391 -16.5075 11
    endloop
  endfacet
  facet normal -0 0 1
    outer loop
      vertex 11.75 -15.7 11
      vertex 12.5 -16.5075 11
      vertex 12.5 -14.1 11
    endloop
  endfacet
  facet normal -0 -0 1
    outer loop
      vertex 11.9123 -16.1996 11
      vertex 12.5 -16.5075 11
      vertex 11.75 -15.7 11
    endloop
  endfacet
  facet normal 0 0 1
    outer loop
      vertex 12.5 -16.5075 11
      vertex 11.9123 -16.1996 11
      vertex 12.3361 -16.5075 11
    endloop
  endfacet
  facet normal 0 0 1
    outer loop
      vertex 12.5 -14.1 11
      vertex 11.35 -15.7 11
      vertex 11.75 -15.7 11
    endloop
  endfacet
  facet normal 0 0 1
    outer loop
      vertex 11.35 -15.7 11
      vertex 10.7639 -16.5075 11
      vertex 11.1877 -16.1996 11
    endloop
  endfacet
  facet normal 0 0 1
    outer loop
      vertex 9.65 -15.7 11
      vertex 11.35 -15.7 11
      vertex 12.5 -14.1 11
    endloop
  endfacet
  facet normal 0 0 1
    outer loop
      vertex 11.35 -15.7 11
      vertex 9.65 -15.7 11
      vertex 10.7639 -16.5075 11
    endloop
  endfacet
  facet normal 0 0 1
    outer loop
      vertex 10.7639 -16.5075 11
      vertex 9.65 -15.7 11
      vertex 10.2361 -16.5075 11
    endloop
  endfacet
  facet normal 0 0 1
    outer loop
      vertex 10.2361 -16.5075 11
      vertex 9.65 -15.7 11
      vertex 9.81234 -16.1996 11
    endloop
  endfacet
  facet normal 0 0 1
    outer loop
      vertex 12.5 -14.1 11
      vertex 9.25 -15.7 11
      vertex 9.65 -15.7 11
    endloop
  endfacet
  facet normal 0 0 1
    outer loop
      vertex 9.25 -15.7 11
      vertex 8.66391 -16.5075 11
      vertex 9.08766 -16.1996 11
    endloop
  endfacet
  facet normal 0 0 1
    outer loop
      vertex 9.25 -15.7 11
      vertex 8.13609 -16.5075 11
      vertex 8.66391 -16.5075 11
    endloop
  endfacet
  facet normal 0 0 1
    outer loop
      vertex 9.25 -15.7 11
      vertex 7.71233 -16.1996 11
      vertex 8.13609 -16.5075 11
    endloop
  endfacet
  facet normal 0 0 1
    outer loop
      vertex 7.55 -15.7 11
      vertex 9.25 -15.7 11
      vertex 12.5 -14.1 11
    endloop
  endfacet
  facet normal 0 0 1
    outer loop
      vertex 9.25 -15.7 11
      vertex 7.55 -15.7 11
      vertex 7.71233 -16.1996 11
    endloop
  endfacet
  facet normal 0 0 1
    outer loop
      vertex 12.5 -14.1 11
      vertex 7.15 -15.7 11
      vertex 7.55 -15.7 11
    endloop
  endfacet
  facet normal 0 0 1
    outer loop
      vertex 7.15 -15.7 11
      vertex 6.56391 -16.5075 11
      vertex 6.98766 -16.1996 11
    endloop
  endfacet
  facet normal 0 0 1
    outer loop
      vertex 7.15 -15.7 11
      vertex 6.03609 -16.5075 11
      vertex 6.56391 -16.5075 11
    endloop
  endfacet
  facet normal 0 0 1
    outer loop
      vertex 7.15 -15.7 11
      vertex 5.61234 -16.1996 11
      vertex 6.03609 -16.5075 11
    endloop
  endfacet
  facet normal 0 0 1
    outer loop
      vertex 7.15 -15.7 11
      vertex 5.45 -15.7 11
      vertex 5.61234 -16.1996 11
    endloop
  endfacet
  facet normal -0 0 1
    outer loop
      vertex 1 -14.1 11
      vertex 7.15 -15.7 11
      vertex 12.5 -14.1 11
    endloop
  endfacet
  facet normal 0 0 1
    outer loop
      vertex 7.15 -15.7 11
      vertex 1 -14.1 11
      vertex 5.45 -15.7 11
    endloop
  endfacet
  facet normal 0 0 1
    outer loop
      vertex 5.05 -15.7 11
      vertex 4.46391 -16.5075 11
      vertex 4.88766 -16.1996 11
    endloop
  endfacet
  facet normal 0 0 1
    outer loop
      vertex 5.05 -15.7 11
      vertex 3.93609 -16.5075 11
      vertex 4.46391 -16.5075 11
    endloop
  endfacet
  facet normal 0 0 1
    outer loop
      vertex 5.05 -15.7 11
      vertex 3.51233 -16.1996 11
      vertex 3.93609 -16.5075 11
    endloop
  endfacet
  facet normal 0 0 1
    outer loop
      vertex 5.05 -15.7 11
      vertex 3.35 -15.7 11
      vertex 3.51233 -16.1996 11
    endloop
  endfacet
  facet normal 0 0 1
    outer loop
      vertex 5.45 -15.7 11
      vertex 1 -14.1 11
      vertex 5.05 -15.7 11
    endloop
  endfacet
  facet normal 0 0 1
    outer loop
      vertex 5.05 -15.7 11
      vertex 1 -14.1 11
      vertex 3.35 -15.7 11
    endloop
  endfacet
  facet normal 0 0 1
    outer loop
      vertex 2.95 -15.7 11
      vertex 2.36391 -16.5075 11
      vertex 2.78766 -16.1996 11
    endloop
  endfacet
  facet normal 0 0 1
    outer loop
      vertex 2.95 -15.7 11
      vertex 1.83609 -16.5075 11
      vertex 2.36391 -16.5075 11
    endloop
  endfacet
  facet normal 0 0 1
    outer loop
      vertex 2.95 -15.7 11
      vertex 1.41234 -16.1996 11
      vertex 1.83609 -16.5075 11
    endloop
  endfacet
  facet normal 0 0 1
    outer loop
      vertex 2.95 -15.7 11
      vertex 1.25 -15.7 11
      vertex 1.41234 -16.1996 11
    endloop
  endfacet
  facet normal 0 0 1
    outer loop
      vertex 3.35 -15.7 11
      vertex 1 -14.1 11
      vertex 2.95 -15.7 11
    endloop
  endfacet
  facet normal 0 0 1
    outer loop
      vertex 2.95 -15.7 11
      vertex 1 -14.1 11
      vertex 1.25 -15.7 11
    endloop
  endfacet
  facet normal 0 0 1
    outer loop
      vertex 1.25 -15.7 11
      vertex 1 -14.1 11
      vertex 1 -15.7 11
    endloop
  endfacet
endsolid OpenSCAD_Model
