solid OpenSCAD_Model
  facet normal 0.707107 -0.707107 0
    outer loop
      vertex 25.85 -13.85 2.6
      vertex 27 -12.7 0.0100006
      vertex 27 -12.7 2.6
    endloop
  endfacet
  facet normal 0.707107 -0.707107 0
    outer loop
      vertex 27 -12.7 0.0100006
      vertex 25.85 -13.85 2.6
      vertex 25.85 -13.85 0.0100006
    endloop
  endfacet
  facet normal -1 0 0
    outer loop
      vertex -27 -12.7 0.0100006
      vertex -27 12.7 2.6
      vertex -27 12.7 0.0100006
    endloop
  endfacet
  facet normal -1 -0 0
    outer loop
      vertex -27 12.7 2.6
      vertex -27 -12.7 0.0100006
      vertex -27 -12.7 2.6
    endloop
  endfacet
  facet normal 1 -0 0
    outer loop
      vertex 27 -12.7 2.6
      vertex 27 12.7 0.0100006
      vertex 27 12.7 2.6
    endloop
  endfacet
  facet normal 1 0 0
    outer loop
      vertex 27 12.7 0.0100006
      vertex 27 -12.7 2.6
      vertex 27 -12.7 0.0100006
    endloop
  endfacet
  facet normal 0 -1 0
    outer loop
      vertex -25.85 -13.85 0.0100006
      vertex 25.85 -13.85 2.6
      vertex -25.85 -13.85 2.6
    endloop
  endfacet
  facet normal 0 -1 -0
    outer loop
      vertex 25.85 -13.85 2.6
      vertex -25.85 -13.85 0.0100006
      vertex 25.85 -13.85 0.0100006
    endloop
  endfacet
  facet normal -0.707107 0.707107 0
    outer loop
      vertex -27 12.7 0.0100006
      vertex -25.85 13.85 2.6
      vertex -25.85 13.85 0.0100006
    endloop
  endfacet
  facet normal -0.707107 0.707107 0
    outer loop
      vertex -25.85 13.85 2.6
      vertex -27 12.7 0.0100006
      vertex -27 12.7 2.6
    endloop
  endfacet
  facet normal 0.707107 0.707107 0
    outer loop
      vertex 27 12.7 2.6
      vertex 25.85 13.85 0.0100006
      vertex 25.85 13.85 2.6
    endloop
  endfacet
  facet normal 0.707107 0.707107 0
    outer loop
      vertex 25.85 13.85 0.0100006
      vertex 27 12.7 2.6
      vertex 27 12.7 0.0100006
    endloop
  endfacet
  facet normal -0.707107 -0.707107 0
    outer loop
      vertex -25.85 -13.85 0.0100006
      vertex -27 -12.7 2.6
      vertex -27 -12.7 0.0100006
    endloop
  endfacet
  facet normal -0.707107 -0.707107 0
    outer loop
      vertex -27 -12.7 2.6
      vertex -25.85 -13.85 0.0100006
      vertex -25.85 -13.85 2.6
    endloop
  endfacet
  facet normal 0 0 -1
    outer loop
      vertex 27 -12.7 0.0100006
      vertex 25.9 -12.7 0.0100006
      vertex 27 12.7 0.0100006
    endloop
  endfacet
  facet normal 0 0 -1
    outer loop
      vertex 25.85 -13.85 0.0100006
      vertex 25.9 -12.7 0.0100006
      vertex 27 -12.7 0.0100006
    endloop
  endfacet
  facet normal 0 0 -1
    outer loop
      vertex 25.85 -13.85 0.0100006
      vertex 25.85 -12.75 0.0100006
      vertex 25.9 -12.7 0.0100006
    endloop
  endfacet
  facet normal 0 0 -1
    outer loop
      vertex -25.85 -13.85 0.0100006
      vertex 25.85 -12.75 0.0100006
      vertex 25.85 -13.85 0.0100006
    endloop
  endfacet
  facet normal 0 0 -1
    outer loop
      vertex -25.85 -13.85 0.0100006
      vertex -25.85 -12.75 0.0100006
      vertex 25.85 -12.75 0.0100006
    endloop
  endfacet
  facet normal 0 0 -1
    outer loop
      vertex -25.85 -13.85 0.0100006
      vertex -25.9 -12.7 0.0100006
      vertex -25.85 -12.75 0.0100006
    endloop
  endfacet
  facet normal 0 0 -1
    outer loop
      vertex -25.9 -12.7 0.0100006
      vertex -27 -12.7 0.0100006
      vertex -25.9 12.7 0.0100006
    endloop
  endfacet
  facet normal 0 0 -1
    outer loop
      vertex -27 -12.7 0.0100006
      vertex -25.9 -12.7 0.0100006
      vertex -25.85 -13.85 0.0100006
    endloop
  endfacet
  facet normal 0 0 -1
    outer loop
      vertex 25.9 12.7 0.0100006
      vertex 27 12.7 0.0100006
      vertex 25.9 -12.7 0.0100006
    endloop
  endfacet
  facet normal 0 0 -1
    outer loop
      vertex 25.85 12.75 0.0100006
      vertex 27 12.7 0.0100006
      vertex 25.9 12.7 0.0100006
    endloop
  endfacet
  facet normal 0 0 -1
    outer loop
      vertex 25.85 12.75 0.0100006
      vertex 25.85 13.85 0.0100006
      vertex 27 12.7 0.0100006
    endloop
  endfacet
  facet normal 0 0 -1
    outer loop
      vertex -25.85 12.75 0.0100006
      vertex 25.85 13.85 0.0100006
      vertex 25.85 12.75 0.0100006
    endloop
  endfacet
  facet normal 0 0 -1
    outer loop
      vertex -25.85 12.75 0.0100006
      vertex -25.85 13.85 0.0100006
      vertex 25.85 13.85 0.0100006
    endloop
  endfacet
  facet normal 0 0 -1
    outer loop
      vertex -25.9 12.7 0.0100006
      vertex -25.85 13.85 0.0100006
      vertex -25.85 12.75 0.0100006
    endloop
  endfacet
  facet normal 0 0 -1
    outer loop
      vertex -25.9 12.7 0.0100006
      vertex -27 12.7 0.0100006
      vertex -25.85 13.85 0.0100006
    endloop
  endfacet
  facet normal 0 0 -1
    outer loop
      vertex -27 12.7 0.0100006
      vertex -25.9 12.7 0.0100006
      vertex -27 -12.7 0.0100006
    endloop
  endfacet
  facet normal 0 1 -0
    outer loop
      vertex 25.85 13.85 0.0100006
      vertex -25.85 13.85 2.6
      vertex 25.85 13.85 2.6
    endloop
  endfacet
  facet normal 0 1 0
    outer loop
      vertex -25.85 13.85 2.6
      vertex 25.85 13.85 0.0100006
      vertex -25.85 13.85 0.0100006
    endloop
  endfacet
  facet normal -0.707107 -0.707107 0
    outer loop
      vertex 25.9 12.7 0.0100006
      vertex 25.85 12.75 2.6
      vertex 25.85 12.75 0.0100006
    endloop
  endfacet
  facet normal -0.707107 -0.707107 0
    outer loop
      vertex 25.85 12.75 2.6
      vertex 25.9 12.7 0.0100006
      vertex 25.9 12.7 2.6
    endloop
  endfacet
  facet normal -0.707107 0.707107 0
    outer loop
      vertex 25.85 -12.75 0.0100006
      vertex 25.9 -12.7 2.6
      vertex 25.9 -12.7 0.0100006
    endloop
  endfacet
  facet normal -0.707107 0.707107 0
    outer loop
      vertex 25.9 -12.7 2.6
      vertex 25.85 -12.75 0.0100006
      vertex 25.85 -12.75 2.6
    endloop
  endfacet
  facet normal 1 -0 0
    outer loop
      vertex -25.9 -12.7 2.6
      vertex -25.9 12.7 0.0100006
      vertex -25.9 12.7 2.6
    endloop
  endfacet
  facet normal 1 0 0
    outer loop
      vertex -25.9 12.7 0.0100006
      vertex -25.9 -12.7 2.6
      vertex -25.9 -12.7 0.0100006
    endloop
  endfacet
  facet normal -1 0 0
    outer loop
      vertex 25.9 -12.7 0.0100006
      vertex 25.9 12.7 2.6
      vertex 25.9 12.7 0.0100006
    endloop
  endfacet
  facet normal -1 -0 0
    outer loop
      vertex 25.9 12.7 2.6
      vertex 25.9 -12.7 0.0100006
      vertex 25.9 -12.7 2.6
    endloop
  endfacet
  facet normal 0 1 -0
    outer loop
      vertex 25.85 -12.75 0.0100006
      vertex -25.85 -12.75 2.6
      vertex 25.85 -12.75 2.6
    endloop
  endfacet
  facet normal 0 1 0
    outer loop
      vertex -25.85 -12.75 2.6
      vertex 25.85 -12.75 0.0100006
      vertex -25.85 -12.75 0.0100006
    endloop
  endfacet
  facet normal 0.707107 -0.707107 0
    outer loop
      vertex -25.9 12.7 2.6
      vertex -25.85 12.75 0.0100006
      vertex -25.85 12.75 2.6
    endloop
  endfacet
  facet normal 0.707107 -0.707107 0
    outer loop
      vertex -25.85 12.75 0.0100006
      vertex -25.9 12.7 2.6
      vertex -25.9 12.7 0.0100006
    endloop
  endfacet
  facet normal 0.707107 0.707107 0
    outer loop
      vertex -25.85 -12.75 2.6
      vertex -25.9 -12.7 0.0100006
      vertex -25.9 -12.7 2.6
    endloop
  endfacet
  facet normal 0.707107 0.707107 0
    outer loop
      vertex -25.9 -12.7 0.0100006
      vertex -25.85 -12.75 2.6
      vertex -25.85 -12.75 0.0100006
    endloop
  endfacet
  facet normal 0 -1 0
    outer loop
      vertex -25.85 12.75 0.0100006
      vertex 25.85 12.75 2.6
      vertex -25.85 12.75 2.6
    endloop
  endfacet
  facet normal 0 -1 -0
    outer loop
      vertex 25.85 12.75 2.6
      vertex -25.85 12.75 0.0100006
      vertex 25.85 12.75 0.0100006
    endloop
  endfacet
  facet normal 0.587774 0.809025 -0
    outer loop
      vertex -24.5123 16.1996 2.6
      vertex -24.9361 16.5075 4.2
      vertex -24.5123 16.1996 4.2
    endloop
  endfacet
  facet normal 0.587774 0.809025 0
    outer loop
      vertex -24.9361 16.5075 4.2
      vertex -24.5123 16.1996 2.6
      vertex -24.9361 16.5075 2.6
    endloop
  endfacet
  facet normal -0.587857 0.808965 0
    outer loop
      vertex -25.4639 16.5075 2.6
      vertex -25.525 16.4631 4.2
      vertex -25.4639 16.5075 4.2
    endloop
  endfacet
  facet normal -0.587857 0.808965 0
    outer loop
      vertex -25.525 16.4631 4.2
      vertex -25.4639 16.5075 2.6
      vertex -25.525 16.4631 2.6
    endloop
  endfacet
  facet normal 0.951073 0.308966 0
    outer loop
      vertex -24.35 15.7 4.2
      vertex -24.5123 16.1996 2.6
      vertex -24.5123 16.1996 4.2
    endloop
  endfacet
  facet normal 0.951073 0.308966 0
    outer loop
      vertex -24.5123 16.1996 2.6
      vertex -24.35 15.7 4.2
      vertex -24.35 15.7 2.6
    endloop
  endfacet
  facet normal 0.951073 0.308966 0
    outer loop
      vertex -22.25 15.7 4.2
      vertex -22.4123 16.1996 2.6
      vertex -22.4123 16.1996 4.2
    endloop
  endfacet
  facet normal 0.951073 0.308966 0
    outer loop
      vertex -22.4123 16.1996 2.6
      vertex -22.25 15.7 4.2
      vertex -22.25 15.7 2.6
    endloop
  endfacet
  facet normal -0.951073 0.308966 0
    outer loop
      vertex -23.95 15.7 2.6
      vertex -23.7877 16.1996 4.2
      vertex -23.7877 16.1996 2.6
    endloop
  endfacet
  facet normal -0.951073 0.308966 0
    outer loop
      vertex -23.7877 16.1996 4.2
      vertex -23.95 15.7 2.6
      vertex -23.95 15.7 4.2
    endloop
  endfacet
  facet normal -0.587774 0.809025 0
    outer loop
      vertex -23.3639 16.5075 2.6
      vertex -23.7877 16.1996 4.2
      vertex -23.3639 16.5075 4.2
    endloop
  endfacet
  facet normal -0.587774 0.809025 0
    outer loop
      vertex -23.7877 16.1996 4.2
      vertex -23.3639 16.5075 2.6
      vertex -23.7877 16.1996 2.6
    endloop
  endfacet
  facet normal 0.587774 0.809025 -0
    outer loop
      vertex -22.4123 16.1996 2.6
      vertex -22.8361 16.5075 4.2
      vertex -22.4123 16.1996 4.2
    endloop
  endfacet
  facet normal 0.587774 0.809025 0
    outer loop
      vertex -22.8361 16.5075 4.2
      vertex -22.4123 16.1996 2.6
      vertex -22.8361 16.5075 2.6
    endloop
  endfacet
  facet normal -0.951073 0.308966 0
    outer loop
      vertex -21.85 15.7 2.6
      vertex -21.6877 16.1996 4.2
      vertex -21.6877 16.1996 2.6
    endloop
  endfacet
  facet normal -0.951073 0.308966 0
    outer loop
      vertex -21.6877 16.1996 4.2
      vertex -21.85 15.7 2.6
      vertex -21.85 15.7 4.2
    endloop
  endfacet
  facet normal 0.587774 0.809025 -0
    outer loop
      vertex -20.3123 16.1996 2.6
      vertex -20.7361 16.5075 4.2
      vertex -20.3123 16.1996 4.2
    endloop
  endfacet
  facet normal 0.587774 0.809025 0
    outer loop
      vertex -20.7361 16.5075 4.2
      vertex -20.3123 16.1996 2.6
      vertex -20.7361 16.5075 2.6
    endloop
  endfacet
  facet normal -0.587774 0.809025 0
    outer loop
      vertex -21.2639 16.5075 2.6
      vertex -21.6877 16.1996 4.2
      vertex -21.2639 16.5075 4.2
    endloop
  endfacet
  facet normal -0.587774 0.809025 0
    outer loop
      vertex -21.6877 16.1996 4.2
      vertex -21.2639 16.5075 2.6
      vertex -21.6877 16.1996 2.6
    endloop
  endfacet
  facet normal 0.951073 0.308966 0
    outer loop
      vertex -20.15 15.7 4.2
      vertex -20.3123 16.1996 2.6
      vertex -20.3123 16.1996 4.2
    endloop
  endfacet
  facet normal 0.951073 0.308966 0
    outer loop
      vertex -20.3123 16.1996 2.6
      vertex -20.15 15.7 4.2
      vertex -20.15 15.7 2.6
    endloop
  endfacet
  facet normal 0.587774 0.809025 -0
    outer loop
      vertex -18.2123 16.1996 2.6
      vertex -18.6361 16.5075 4.2
      vertex -18.2123 16.1996 4.2
    endloop
  endfacet
  facet normal 0.587774 0.809025 0
    outer loop
      vertex -18.6361 16.5075 4.2
      vertex -18.2123 16.1996 2.6
      vertex -18.6361 16.5075 2.6
    endloop
  endfacet
  facet normal -0.587774 0.809025 0
    outer loop
      vertex -19.1639 16.5075 2.6
      vertex -19.5877 16.1996 4.2
      vertex -19.1639 16.5075 4.2
    endloop
  endfacet
  facet normal -0.587774 0.809025 0
    outer loop
      vertex -19.5877 16.1996 4.2
      vertex -19.1639 16.5075 2.6
      vertex -19.5877 16.1996 2.6
    endloop
  endfacet
  facet normal -0.951073 0.308966 0
    outer loop
      vertex -19.75 15.7 2.6
      vertex -19.5877 16.1996 4.2
      vertex -19.5877 16.1996 2.6
    endloop
  endfacet
  facet normal -0.951073 0.308966 0
    outer loop
      vertex -19.5877 16.1996 4.2
      vertex -19.75 15.7 2.6
      vertex -19.75 15.7 4.2
    endloop
  endfacet
  facet normal 0.951073 0.308966 0
    outer loop
      vertex -18.05 15.7 4.2
      vertex -18.2123 16.1996 2.6
      vertex -18.2123 16.1996 4.2
    endloop
  endfacet
  facet normal 0.951073 0.308966 0
    outer loop
      vertex -18.2123 16.1996 2.6
      vertex -18.05 15.7 4.2
      vertex -18.05 15.7 2.6
    endloop
  endfacet
  facet normal 0.951073 0.308966 0
    outer loop
      vertex -15.95 15.7 4.2
      vertex -16.1123 16.1996 2.6
      vertex -16.1123 16.1996 4.2
    endloop
  endfacet
  facet normal 0.951073 0.308966 0
    outer loop
      vertex -16.1123 16.1996 2.6
      vertex -15.95 15.7 4.2
      vertex -15.95 15.7 2.6
    endloop
  endfacet
  facet normal -0.951073 0.308966 0
    outer loop
      vertex -17.65 15.7 2.6
      vertex -17.4877 16.1996 4.2
      vertex -17.4877 16.1996 2.6
    endloop
  endfacet
  facet normal -0.951073 0.308966 0
    outer loop
      vertex -17.4877 16.1996 4.2
      vertex -17.65 15.7 2.6
      vertex -17.65 15.7 4.2
    endloop
  endfacet
  facet normal 0.587774 0.809025 -0
    outer loop
      vertex -16.1123 16.1996 2.6
      vertex -16.5361 16.5075 4.2
      vertex -16.1123 16.1996 4.2
    endloop
  endfacet
  facet normal 0.587774 0.809025 0
    outer loop
      vertex -16.5361 16.5075 4.2
      vertex -16.1123 16.1996 2.6
      vertex -16.5361 16.5075 2.6
    endloop
  endfacet
  facet normal -0.587774 0.809025 0
    outer loop
      vertex -17.0639 16.5075 2.6
      vertex -17.4877 16.1996 4.2
      vertex -17.0639 16.5075 4.2
    endloop
  endfacet
  facet normal -0.587774 0.809025 0
    outer loop
      vertex -17.4877 16.1996 4.2
      vertex -17.0639 16.5075 2.6
      vertex -17.4877 16.1996 2.6
    endloop
  endfacet
  facet normal 0.951073 0.308966 0
    outer loop
      vertex -13.85 15.7 4.2
      vertex -14.0123 16.1996 2.6
      vertex -14.0123 16.1996 4.2
    endloop
  endfacet
  facet normal 0.951073 0.308966 0
    outer loop
      vertex -14.0123 16.1996 2.6
      vertex -13.85 15.7 4.2
      vertex -13.85 15.7 2.6
    endloop
  endfacet
  facet normal 0.587774 0.809025 -0
    outer loop
      vertex -14.0123 16.1996 2.6
      vertex -14.4361 16.5075 4.2
      vertex -14.0123 16.1996 4.2
    endloop
  endfacet
  facet normal 0.587774 0.809025 0
    outer loop
      vertex -14.4361 16.5075 4.2
      vertex -14.0123 16.1996 2.6
      vertex -14.4361 16.5075 2.6
    endloop
  endfacet
  facet normal -0.587774 0.809025 0
    outer loop
      vertex -14.9639 16.5075 2.6
      vertex -15.3877 16.1996 4.2
      vertex -14.9639 16.5075 4.2
    endloop
  endfacet
  facet normal -0.587774 0.809025 0
    outer loop
      vertex -15.3877 16.1996 4.2
      vertex -14.9639 16.5075 2.6
      vertex -15.3877 16.1996 2.6
    endloop
  endfacet
  facet normal -0.951073 0.308966 0
    outer loop
      vertex -15.55 15.7 2.6
      vertex -15.3877 16.1996 4.2
      vertex -15.3877 16.1996 2.6
    endloop
  endfacet
  facet normal -0.951073 0.308966 0
    outer loop
      vertex -15.3877 16.1996 4.2
      vertex -15.55 15.7 2.6
      vertex -15.55 15.7 4.2
    endloop
  endfacet
  facet normal 0.587774 0.809025 -0
    outer loop
      vertex -11.9123 16.1996 2.6
      vertex -12.3361 16.5075 4.2
      vertex -11.9123 16.1996 4.2
    endloop
  endfacet
  facet normal 0.587774 0.809025 0
    outer loop
      vertex -12.3361 16.5075 4.2
      vertex -11.9123 16.1996 2.6
      vertex -12.3361 16.5075 2.6
    endloop
  endfacet
  facet normal 0.951073 0.308966 0
    outer loop
      vertex -11.75 15.7 4.2
      vertex -11.9123 16.1996 2.6
      vertex -11.9123 16.1996 4.2
    endloop
  endfacet
  facet normal 0.951073 0.308966 0
    outer loop
      vertex -11.9123 16.1996 2.6
      vertex -11.75 15.7 4.2
      vertex -11.75 15.7 2.6
    endloop
  endfacet
  facet normal -0.587774 0.809025 0
    outer loop
      vertex -12.8639 16.5075 2.6
      vertex -13.2877 16.1996 4.2
      vertex -12.8639 16.5075 4.2
    endloop
  endfacet
  facet normal -0.587774 0.809025 0
    outer loop
      vertex -13.2877 16.1996 4.2
      vertex -12.8639 16.5075 2.6
      vertex -13.2877 16.1996 2.6
    endloop
  endfacet
  facet normal -0.951073 0.308966 0
    outer loop
      vertex -13.45 15.7 2.6
      vertex -13.2877 16.1996 4.2
      vertex -13.2877 16.1996 2.6
    endloop
  endfacet
  facet normal -0.951073 0.308966 0
    outer loop
      vertex -13.2877 16.1996 4.2
      vertex -13.45 15.7 2.6
      vertex -13.45 15.7 4.2
    endloop
  endfacet
  facet normal 0.587811 0.808999 -0
    outer loop
      vertex -9.81234 16.1996 2.6
      vertex -10.2361 16.5075 4.2
      vertex -9.81234 16.1996 4.2
    endloop
  endfacet
  facet normal 0.587811 0.808999 0
    outer loop
      vertex -10.2361 16.5075 4.2
      vertex -9.81234 16.1996 2.6
      vertex -10.2361 16.5075 2.6
    endloop
  endfacet
  facet normal -0.587774 0.809025 0
    outer loop
      vertex -10.7639 16.5075 2.6
      vertex -11.1877 16.1996 4.2
      vertex -10.7639 16.5075 4.2
    endloop
  endfacet
  facet normal -0.587774 0.809025 0
    outer loop
      vertex -11.1877 16.1996 4.2
      vertex -10.7639 16.5075 2.6
      vertex -11.1877 16.1996 2.6
    endloop
  endfacet
  facet normal -0.951073 0.308966 0
    outer loop
      vertex -11.35 15.7 2.6
      vertex -11.1877 16.1996 4.2
      vertex -11.1877 16.1996 2.6
    endloop
  endfacet
  facet normal -0.951073 0.308966 0
    outer loop
      vertex -11.1877 16.1996 4.2
      vertex -11.35 15.7 2.6
      vertex -11.35 15.7 4.2
    endloop
  endfacet
  facet normal 0.951051 0.309034 0
    outer loop
      vertex -9.65 15.7 4.2
      vertex -9.81234 16.1996 2.6
      vertex -9.81234 16.1996 4.2
    endloop
  endfacet
  facet normal 0.951051 0.309034 0
    outer loop
      vertex -9.81234 16.1996 2.6
      vertex -9.65 15.7 4.2
      vertex -9.65 15.7 2.6
    endloop
  endfacet
  facet normal 0.951056 0.309017 0
    outer loop
      vertex -7.55 15.7 4.2
      vertex -7.71233 16.1996 2.6
      vertex -7.71233 16.1996 4.2
    endloop
  endfacet
  facet normal 0.951056 0.309017 0
    outer loop
      vertex -7.71233 16.1996 2.6
      vertex -7.55 15.7 4.2
      vertex -7.55 15.7 2.6
    endloop
  endfacet
  facet normal -0.951051 0.309034 0
    outer loop
      vertex -9.25 15.7 2.6
      vertex -9.08766 16.1996 4.2
      vertex -9.08766 16.1996 2.6
    endloop
  endfacet
  facet normal -0.951051 0.309034 0
    outer loop
      vertex -9.08766 16.1996 4.2
      vertex -9.25 15.7 2.6
      vertex -9.25 15.7 4.2
    endloop
  endfacet
  facet normal 0.587811 0.808999 -0
    outer loop
      vertex -7.71233 16.1996 2.6
      vertex -8.13609 16.5075 4.2
      vertex -7.71233 16.1996 4.2
    endloop
  endfacet
  facet normal 0.587811 0.808999 0
    outer loop
      vertex -8.13609 16.5075 4.2
      vertex -7.71233 16.1996 2.6
      vertex -8.13609 16.5075 2.6
    endloop
  endfacet
  facet normal -0.58782 0.808992 0
    outer loop
      vertex -8.66391 16.5075 2.6
      vertex -9.08766 16.1996 4.2
      vertex -8.66391 16.5075 4.2
    endloop
  endfacet
  facet normal -0.58782 0.808992 0
    outer loop
      vertex -9.08766 16.1996 4.2
      vertex -8.66391 16.5075 2.6
      vertex -9.08766 16.1996 2.6
    endloop
  endfacet
  facet normal -0.951051 0.309034 0
    outer loop
      vertex -7.15 15.7 2.6
      vertex -6.98766 16.1996 4.2
      vertex -6.98766 16.1996 2.6
    endloop
  endfacet
  facet normal -0.951051 0.309034 0
    outer loop
      vertex -6.98766 16.1996 4.2
      vertex -7.15 15.7 2.6
      vertex -7.15 15.7 4.2
    endloop
  endfacet
  facet normal 0.58782 0.808992 -0
    outer loop
      vertex -5.61234 16.1996 2.6
      vertex -6.03609 16.5075 4.2
      vertex -5.61234 16.1996 4.2
    endloop
  endfacet
  facet normal 0.58782 0.808992 0
    outer loop
      vertex -6.03609 16.5075 4.2
      vertex -5.61234 16.1996 2.6
      vertex -6.03609 16.5075 2.6
    endloop
  endfacet
  facet normal -0.58782 0.808992 0
    outer loop
      vertex -6.56391 16.5075 2.6
      vertex -6.98766 16.1996 4.2
      vertex -6.56391 16.5075 4.2
    endloop
  endfacet
  facet normal -0.58782 0.808992 0
    outer loop
      vertex -6.98766 16.1996 4.2
      vertex -6.56391 16.5075 2.6
      vertex -6.98766 16.1996 2.6
    endloop
  endfacet
  facet normal 0.951051 0.309034 0
    outer loop
      vertex -5.45 15.7 4.2
      vertex -5.61234 16.1996 2.6
      vertex -5.61234 16.1996 4.2
    endloop
  endfacet
  facet normal 0.951051 0.309034 0
    outer loop
      vertex -5.61234 16.1996 2.6
      vertex -5.45 15.7 4.2
      vertex -5.45 15.7 2.6
    endloop
  endfacet
  facet normal -0.951051 0.309034 0
    outer loop
      vertex -5.05 15.7 2.6
      vertex -4.88766 16.1996 4.2
      vertex -4.88766 16.1996 2.6
    endloop
  endfacet
  facet normal -0.951051 0.309034 0
    outer loop
      vertex -4.88766 16.1996 4.2
      vertex -5.05 15.7 2.6
      vertex -5.05 15.7 4.2
    endloop
  endfacet
  facet normal 0.587811 0.808999 -0
    outer loop
      vertex -3.51233 16.1996 2.6
      vertex -3.93609 16.5075 4.2
      vertex -3.51233 16.1996 4.2
    endloop
  endfacet
  facet normal 0.587811 0.808999 0
    outer loop
      vertex -3.93609 16.5075 4.2
      vertex -3.51233 16.1996 2.6
      vertex -3.93609 16.5075 2.6
    endloop
  endfacet
  facet normal -0.58782 0.808992 0
    outer loop
      vertex -4.46391 16.5075 2.6
      vertex -4.88766 16.1996 4.2
      vertex -4.46391 16.5075 4.2
    endloop
  endfacet
  facet normal -0.58782 0.808992 0
    outer loop
      vertex -4.88766 16.1996 4.2
      vertex -4.46391 16.5075 2.6
      vertex -4.88766 16.1996 2.6
    endloop
  endfacet
  facet normal 0.951056 0.309017 0
    outer loop
      vertex -3.35 15.7 4.2
      vertex -3.51233 16.1996 2.6
      vertex -3.51233 16.1996 4.2
    endloop
  endfacet
  facet normal 0.951056 0.309017 0
    outer loop
      vertex -3.51233 16.1996 2.6
      vertex -3.35 15.7 4.2
      vertex -3.35 15.7 2.6
    endloop
  endfacet
  facet normal 0.951051 0.309034 0
    outer loop
      vertex -1.25 15.7 4.2
      vertex -1.41234 16.1996 2.6
      vertex -1.41234 16.1996 4.2
    endloop
  endfacet
  facet normal 0.951051 0.309034 0
    outer loop
      vertex -1.41234 16.1996 2.6
      vertex -1.25 15.7 4.2
      vertex -1.25 15.7 2.6
    endloop
  endfacet
  facet normal -0.951051 0.309034 0
    outer loop
      vertex -2.95 15.7 2.6
      vertex -2.78766 16.1996 4.2
      vertex -2.78766 16.1996 2.6
    endloop
  endfacet
  facet normal -0.951051 0.309034 0
    outer loop
      vertex -2.78766 16.1996 4.2
      vertex -2.95 15.7 2.6
      vertex -2.95 15.7 4.2
    endloop
  endfacet
  facet normal 0.58782 0.808992 -0
    outer loop
      vertex -1.41234 16.1996 2.6
      vertex -1.83609 16.5075 4.2
      vertex -1.41234 16.1996 4.2
    endloop
  endfacet
  facet normal 0.58782 0.808992 0
    outer loop
      vertex -1.83609 16.5075 4.2
      vertex -1.41234 16.1996 2.6
      vertex -1.83609 16.5075 2.6
    endloop
  endfacet
  facet normal -0.58782 0.808992 0
    outer loop
      vertex -2.36391 16.5075 2.6
      vertex -2.78766 16.1996 4.2
      vertex -2.36391 16.5075 4.2
    endloop
  endfacet
  facet normal -0.58782 0.808992 0
    outer loop
      vertex -2.78766 16.1996 4.2
      vertex -2.36391 16.5075 2.6
      vertex -2.78766 16.1996 2.6
    endloop
  endfacet
  facet normal 0 -1 0
    outer loop
      vertex 0.849998 15.7 4.2
      vertex 0.849999 15.7 2.6
      vertex 0.849999 15.7 4.2
    endloop
  endfacet
  facet normal 0 -1 0
    outer loop
      vertex 0.849999 15.7 2.6
      vertex 0.849998 15.7 4.2
      vertex 0.849998 15.7 2.6
    endloop
  endfacet
  facet normal 0 -1 0
    outer loop
      vertex -0.849998 15.7 2.6
      vertex -0.849999 15.7 4.2
      vertex -0.849999 15.7 2.6
    endloop
  endfacet
  facet normal 0 -1 0
    outer loop
      vertex -0.849999 15.7 4.2
      vertex -0.849998 15.7 2.6
      vertex -0.849998 15.7 4.2
    endloop
  endfacet
  facet normal -0.951054 0.309026 0
    outer loop
      vertex -0.849999 15.7 2.6
      vertex -0.687664 16.1996 4.2
      vertex -0.687664 16.1996 2.6
    endloop
  endfacet
  facet normal -0.951054 0.309026 0
    outer loop
      vertex -0.687664 16.1996 4.2
      vertex -0.849999 15.7 2.6
      vertex -0.849999 15.7 4.2
    endloop
  endfacet
  facet normal 0.587816 0.808995 -0
    outer loop
      vertex 0.687664 16.1996 2.6
      vertex 0.26391 16.5075 4.2
      vertex 0.687664 16.1996 4.2
    endloop
  endfacet
  facet normal 0.587816 0.808995 0
    outer loop
      vertex 0.26391 16.5075 4.2
      vertex 0.687664 16.1996 2.6
      vertex 0.26391 16.5075 2.6
    endloop
  endfacet
  facet normal -0.587816 0.808995 0
    outer loop
      vertex -0.26391 16.5075 2.6
      vertex -0.687664 16.1996 4.2
      vertex -0.26391 16.5075 4.2
    endloop
  endfacet
  facet normal -0.587816 0.808995 0
    outer loop
      vertex -0.687664 16.1996 4.2
      vertex -0.26391 16.5075 2.6
      vertex -0.687664 16.1996 2.6
    endloop
  endfacet
  facet normal 0.951054 0.309026 0
    outer loop
      vertex 0.849999 15.7 4.2
      vertex 0.687664 16.1996 2.6
      vertex 0.687664 16.1996 4.2
    endloop
  endfacet
  facet normal 0.951054 0.309026 0
    outer loop
      vertex 0.687664 16.1996 2.6
      vertex 0.849999 15.7 4.2
      vertex 0.849999 15.7 2.6
    endloop
  endfacet
  facet normal -0.951051 0.309034 0
    outer loop
      vertex 1.25 15.7 2.6
      vertex 1.41234 16.1996 4.2
      vertex 1.41234 16.1996 2.6
    endloop
  endfacet
  facet normal -0.951051 0.309034 0
    outer loop
      vertex 1.41234 16.1996 4.2
      vertex 1.25 15.7 2.6
      vertex 1.25 15.7 4.2
    endloop
  endfacet
  facet normal 0.58782 0.808992 -0
    outer loop
      vertex 2.78766 16.1996 2.6
      vertex 2.36391 16.5075 4.2
      vertex 2.78766 16.1996 4.2
    endloop
  endfacet
  facet normal 0.58782 0.808992 0
    outer loop
      vertex 2.36391 16.5075 4.2
      vertex 2.78766 16.1996 2.6
      vertex 2.36391 16.5075 2.6
    endloop
  endfacet
  facet normal 0.951051 0.309034 0
    outer loop
      vertex 2.95 15.7 4.2
      vertex 2.78766 16.1996 2.6
      vertex 2.78766 16.1996 4.2
    endloop
  endfacet
  facet normal 0.951051 0.309034 0
    outer loop
      vertex 2.78766 16.1996 2.6
      vertex 2.95 15.7 4.2
      vertex 2.95 15.7 2.6
    endloop
  endfacet
  facet normal -0.58782 0.808992 0
    outer loop
      vertex 1.83609 16.5075 2.6
      vertex 1.41234 16.1996 4.2
      vertex 1.83609 16.5075 4.2
    endloop
  endfacet
  facet normal -0.58782 0.808992 0
    outer loop
      vertex 1.41234 16.1996 4.2
      vertex 1.83609 16.5075 2.6
      vertex 1.41234 16.1996 2.6
    endloop
  endfacet
  facet normal -0.951056 0.309017 0
    outer loop
      vertex 3.35 15.7 2.6
      vertex 3.51233 16.1996 4.2
      vertex 3.51233 16.1996 2.6
    endloop
  endfacet
  facet normal -0.951056 0.309017 0
    outer loop
      vertex 3.51233 16.1996 4.2
      vertex 3.35 15.7 2.6
      vertex 3.35 15.7 4.2
    endloop
  endfacet
  facet normal 0.58782 0.808992 -0
    outer loop
      vertex 4.88766 16.1996 2.6
      vertex 4.46391 16.5075 4.2
      vertex 4.88766 16.1996 4.2
    endloop
  endfacet
  facet normal 0.58782 0.808992 0
    outer loop
      vertex 4.46391 16.5075 4.2
      vertex 4.88766 16.1996 2.6
      vertex 4.46391 16.5075 2.6
    endloop
  endfacet
  facet normal 0.951051 0.309034 0
    outer loop
      vertex 5.05 15.7 4.2
      vertex 4.88766 16.1996 2.6
      vertex 4.88766 16.1996 4.2
    endloop
  endfacet
  facet normal 0.951051 0.309034 0
    outer loop
      vertex 4.88766 16.1996 2.6
      vertex 5.05 15.7 4.2
      vertex 5.05 15.7 2.6
    endloop
  endfacet
  facet normal -0.587811 0.808999 0
    outer loop
      vertex 3.93609 16.5075 2.6
      vertex 3.51233 16.1996 4.2
      vertex 3.93609 16.5075 4.2
    endloop
  endfacet
  facet normal -0.587811 0.808999 0
    outer loop
      vertex 3.51233 16.1996 4.2
      vertex 3.93609 16.5075 2.6
      vertex 3.51233 16.1996 2.6
    endloop
  endfacet
  facet normal -0.951051 0.309034 0
    outer loop
      vertex 5.45 15.7 2.6
      vertex 5.61234 16.1996 4.2
      vertex 5.61234 16.1996 2.6
    endloop
  endfacet
  facet normal -0.951051 0.309034 0
    outer loop
      vertex 5.61234 16.1996 4.2
      vertex 5.45 15.7 2.6
      vertex 5.45 15.7 4.2
    endloop
  endfacet
  facet normal 0.58782 0.808992 -0
    outer loop
      vertex 6.98766 16.1996 2.6
      vertex 6.56391 16.5075 4.2
      vertex 6.98766 16.1996 4.2
    endloop
  endfacet
  facet normal 0.58782 0.808992 0
    outer loop
      vertex 6.56391 16.5075 4.2
      vertex 6.98766 16.1996 2.6
      vertex 6.56391 16.5075 2.6
    endloop
  endfacet
  facet normal 0.951051 0.309034 0
    outer loop
      vertex 7.15 15.7 4.2
      vertex 6.98766 16.1996 2.6
      vertex 6.98766 16.1996 4.2
    endloop
  endfacet
  facet normal 0.951051 0.309034 0
    outer loop
      vertex 6.98766 16.1996 2.6
      vertex 7.15 15.7 4.2
      vertex 7.15 15.7 2.6
    endloop
  endfacet
  facet normal -0.58782 0.808992 0
    outer loop
      vertex 6.03609 16.5075 2.6
      vertex 5.61234 16.1996 4.2
      vertex 6.03609 16.5075 4.2
    endloop
  endfacet
  facet normal -0.58782 0.808992 0
    outer loop
      vertex 5.61234 16.1996 4.2
      vertex 6.03609 16.5075 2.6
      vertex 5.61234 16.1996 2.6
    endloop
  endfacet
  facet normal 0.951051 0.309034 0
    outer loop
      vertex 9.25 15.7 4.2
      vertex 9.08766 16.1996 2.6
      vertex 9.08766 16.1996 4.2
    endloop
  endfacet
  facet normal 0.951051 0.309034 0
    outer loop
      vertex 9.08766 16.1996 2.6
      vertex 9.25 15.7 4.2
      vertex 9.25 15.7 2.6
    endloop
  endfacet
  facet normal -0.951056 0.309017 0
    outer loop
      vertex 7.55 15.7 2.6
      vertex 7.71233 16.1996 4.2
      vertex 7.71233 16.1996 2.6
    endloop
  endfacet
  facet normal -0.951056 0.309017 0
    outer loop
      vertex 7.71233 16.1996 4.2
      vertex 7.55 15.7 2.6
      vertex 7.55 15.7 4.2
    endloop
  endfacet
  facet normal -0.587811 0.808999 0
    outer loop
      vertex 8.13609 16.5075 2.6
      vertex 7.71233 16.1996 4.2
      vertex 8.13609 16.5075 4.2
    endloop
  endfacet
  facet normal -0.587811 0.808999 0
    outer loop
      vertex 7.71233 16.1996 4.2
      vertex 8.13609 16.5075 2.6
      vertex 7.71233 16.1996 2.6
    endloop
  endfacet
  facet normal 0.58782 0.808992 -0
    outer loop
      vertex 9.08766 16.1996 2.6
      vertex 8.66391 16.5075 4.2
      vertex 9.08766 16.1996 4.2
    endloop
  endfacet
  facet normal 0.58782 0.808992 0
    outer loop
      vertex 8.66391 16.5075 4.2
      vertex 9.08766 16.1996 2.6
      vertex 8.66391 16.5075 2.6
    endloop
  endfacet
  facet normal -0.951051 0.309034 0
    outer loop
      vertex 9.65 15.7 2.6
      vertex 9.81234 16.1996 4.2
      vertex 9.81234 16.1996 2.6
    endloop
  endfacet
  facet normal -0.951051 0.309034 0
    outer loop
      vertex 9.81234 16.1996 4.2
      vertex 9.65 15.7 2.6
      vertex 9.65 15.7 4.2
    endloop
  endfacet
  facet normal 0.587774 0.809025 -0
    outer loop
      vertex 11.1877 16.1996 2.6
      vertex 10.7639 16.5075 4.2
      vertex 11.1877 16.1996 4.2
    endloop
  endfacet
  facet normal 0.587774 0.809025 0
    outer loop
      vertex 10.7639 16.5075 4.2
      vertex 11.1877 16.1996 2.6
      vertex 10.7639 16.5075 2.6
    endloop
  endfacet
  facet normal 0.951073 0.308966 0
    outer loop
      vertex 11.35 15.7 4.2
      vertex 11.1877 16.1996 2.6
      vertex 11.1877 16.1996 4.2
    endloop
  endfacet
  facet normal 0.951073 0.308966 0
    outer loop
      vertex 11.1877 16.1996 2.6
      vertex 11.35 15.7 4.2
      vertex 11.35 15.7 2.6
    endloop
  endfacet
  facet normal -0.587811 0.808999 0
    outer loop
      vertex 10.2361 16.5075 2.6
      vertex 9.81234 16.1996 4.2
      vertex 10.2361 16.5075 4.2
    endloop
  endfacet
  facet normal -0.587811 0.808999 0
    outer loop
      vertex 9.81234 16.1996 4.2
      vertex 10.2361 16.5075 2.6
      vertex 9.81234 16.1996 2.6
    endloop
  endfacet
  facet normal -0.951073 0.308966 0
    outer loop
      vertex 11.75 15.7 2.6
      vertex 11.9123 16.1996 4.2
      vertex 11.9123 16.1996 2.6
    endloop
  endfacet
  facet normal -0.951073 0.308966 0
    outer loop
      vertex 11.9123 16.1996 4.2
      vertex 11.75 15.7 2.6
      vertex 11.75 15.7 4.2
    endloop
  endfacet
  facet normal 0.587774 0.809025 -0
    outer loop
      vertex 13.2877 16.1996 2.6
      vertex 12.8639 16.5075 4.2
      vertex 13.2877 16.1996 4.2
    endloop
  endfacet
  facet normal 0.587774 0.809025 0
    outer loop
      vertex 12.8639 16.5075 4.2
      vertex 13.2877 16.1996 2.6
      vertex 12.8639 16.5075 2.6
    endloop
  endfacet
  facet normal 0.951073 0.308966 0
    outer loop
      vertex 13.45 15.7 4.2
      vertex 13.2877 16.1996 2.6
      vertex 13.2877 16.1996 4.2
    endloop
  endfacet
  facet normal 0.951073 0.308966 0
    outer loop
      vertex 13.2877 16.1996 2.6
      vertex 13.45 15.7 4.2
      vertex 13.45 15.7 2.6
    endloop
  endfacet
  facet normal -0.587774 0.809025 0
    outer loop
      vertex 12.3361 16.5075 2.6
      vertex 11.9123 16.1996 4.2
      vertex 12.3361 16.5075 4.2
    endloop
  endfacet
  facet normal -0.587774 0.809025 0
    outer loop
      vertex 11.9123 16.1996 4.2
      vertex 12.3361 16.5075 2.6
      vertex 11.9123 16.1996 2.6
    endloop
  endfacet
  facet normal -0.951073 0.308966 0
    outer loop
      vertex 13.85 15.7 2.6
      vertex 14.0123 16.1996 4.2
      vertex 14.0123 16.1996 2.6
    endloop
  endfacet
  facet normal -0.951073 0.308966 0
    outer loop
      vertex 14.0123 16.1996 4.2
      vertex 13.85 15.7 2.6
      vertex 13.85 15.7 4.2
    endloop
  endfacet
  facet normal 0.587774 0.809025 -0
    outer loop
      vertex 15.3877 16.1996 2.6
      vertex 14.9639 16.5075 4.2
      vertex 15.3877 16.1996 4.2
    endloop
  endfacet
  facet normal 0.587774 0.809025 0
    outer loop
      vertex 14.9639 16.5075 4.2
      vertex 15.3877 16.1996 2.6
      vertex 14.9639 16.5075 2.6
    endloop
  endfacet
  facet normal -0.587774 0.809025 0
    outer loop
      vertex 14.4361 16.5075 2.6
      vertex 14.0123 16.1996 4.2
      vertex 14.4361 16.5075 4.2
    endloop
  endfacet
  facet normal -0.587774 0.809025 0
    outer loop
      vertex 14.0123 16.1996 4.2
      vertex 14.4361 16.5075 2.6
      vertex 14.0123 16.1996 2.6
    endloop
  endfacet
  facet normal 0.951073 0.308966 0
    outer loop
      vertex 15.55 15.7 4.2
      vertex 15.3877 16.1996 2.6
      vertex 15.3877 16.1996 4.2
    endloop
  endfacet
  facet normal 0.951073 0.308966 0
    outer loop
      vertex 15.3877 16.1996 2.6
      vertex 15.55 15.7 4.2
      vertex 15.55 15.7 2.6
    endloop
  endfacet
  facet normal -0.951073 0.308966 0
    outer loop
      vertex 15.95 15.7 2.6
      vertex 16.1123 16.1996 4.2
      vertex 16.1123 16.1996 2.6
    endloop
  endfacet
  facet normal -0.951073 0.308966 0
    outer loop
      vertex 16.1123 16.1996 4.2
      vertex 15.95 15.7 2.6
      vertex 15.95 15.7 4.2
    endloop
  endfacet
  facet normal 0.587774 0.809025 -0
    outer loop
      vertex 17.4877 16.1996 2.6
      vertex 17.0639 16.5075 4.2
      vertex 17.4877 16.1996 4.2
    endloop
  endfacet
  facet normal 0.587774 0.809025 0
    outer loop
      vertex 17.0639 16.5075 4.2
      vertex 17.4877 16.1996 2.6
      vertex 17.0639 16.5075 2.6
    endloop
  endfacet
  facet normal 0.951073 0.308966 0
    outer loop
      vertex 17.65 15.7 4.2
      vertex 17.4877 16.1996 2.6
      vertex 17.4877 16.1996 4.2
    endloop
  endfacet
  facet normal 0.951073 0.308966 0
    outer loop
      vertex 17.4877 16.1996 2.6
      vertex 17.65 15.7 4.2
      vertex 17.65 15.7 2.6
    endloop
  endfacet
  facet normal -0.587774 0.809025 0
    outer loop
      vertex 16.5361 16.5075 2.6
      vertex 16.1123 16.1996 4.2
      vertex 16.5361 16.5075 4.2
    endloop
  endfacet
  facet normal -0.587774 0.809025 0
    outer loop
      vertex 16.1123 16.1996 4.2
      vertex 16.5361 16.5075 2.6
      vertex 16.1123 16.1996 2.6
    endloop
  endfacet
  facet normal 0.951073 0.308966 0
    outer loop
      vertex 19.75 15.7 4.2
      vertex 19.5877 16.1996 2.6
      vertex 19.5877 16.1996 4.2
    endloop
  endfacet
  facet normal 0.951073 0.308966 0
    outer loop
      vertex 19.5877 16.1996 2.6
      vertex 19.75 15.7 4.2
      vertex 19.75 15.7 2.6
    endloop
  endfacet
  facet normal -0.951073 0.308966 0
    outer loop
      vertex 18.05 15.7 2.6
      vertex 18.2123 16.1996 4.2
      vertex 18.2123 16.1996 2.6
    endloop
  endfacet
  facet normal -0.951073 0.308966 0
    outer loop
      vertex 18.2123 16.1996 4.2
      vertex 18.05 15.7 2.6
      vertex 18.05 15.7 4.2
    endloop
  endfacet
  facet normal -0.587774 0.809025 0
    outer loop
      vertex 18.6361 16.5075 2.6
      vertex 18.2123 16.1996 4.2
      vertex 18.6361 16.5075 4.2
    endloop
  endfacet
  facet normal -0.587774 0.809025 0
    outer loop
      vertex 18.2123 16.1996 4.2
      vertex 18.6361 16.5075 2.6
      vertex 18.2123 16.1996 2.6
    endloop
  endfacet
  facet normal 0.587774 0.809025 -0
    outer loop
      vertex 19.5877 16.1996 2.6
      vertex 19.1639 16.5075 4.2
      vertex 19.5877 16.1996 4.2
    endloop
  endfacet
  facet normal 0.587774 0.809025 0
    outer loop
      vertex 19.1639 16.5075 4.2
      vertex 19.5877 16.1996 2.6
      vertex 19.1639 16.5075 2.6
    endloop
  endfacet
  facet normal -0.951073 0.308966 0
    outer loop
      vertex 20.15 15.7 2.6
      vertex 20.3123 16.1996 4.2
      vertex 20.3123 16.1996 2.6
    endloop
  endfacet
  facet normal -0.951073 0.308966 0
    outer loop
      vertex 20.3123 16.1996 4.2
      vertex 20.15 15.7 2.6
      vertex 20.15 15.7 4.2
    endloop
  endfacet
  facet normal 0.587774 0.809025 -0
    outer loop
      vertex 21.6877 16.1996 2.6
      vertex 21.2639 16.5075 4.2
      vertex 21.6877 16.1996 4.2
    endloop
  endfacet
  facet normal 0.587774 0.809025 0
    outer loop
      vertex 21.2639 16.5075 4.2
      vertex 21.6877 16.1996 2.6
      vertex 21.2639 16.5075 2.6
    endloop
  endfacet
  facet normal 0.951073 0.308966 0
    outer loop
      vertex 21.85 15.7 4.2
      vertex 21.6877 16.1996 2.6
      vertex 21.6877 16.1996 4.2
    endloop
  endfacet
  facet normal 0.951073 0.308966 0
    outer loop
      vertex 21.6877 16.1996 2.6
      vertex 21.85 15.7 4.2
      vertex 21.85 15.7 2.6
    endloop
  endfacet
  facet normal -0.587774 0.809025 0
    outer loop
      vertex 20.7361 16.5075 2.6
      vertex 20.3123 16.1996 4.2
      vertex 20.7361 16.5075 4.2
    endloop
  endfacet
  facet normal -0.587774 0.809025 0
    outer loop
      vertex 20.3123 16.1996 4.2
      vertex 20.7361 16.5075 2.6
      vertex 20.3123 16.1996 2.6
    endloop
  endfacet
  facet normal -0.951073 0.308966 0
    outer loop
      vertex 22.25 15.7 2.6
      vertex 22.4123 16.1996 4.2
      vertex 22.4123 16.1996 2.6
    endloop
  endfacet
  facet normal -0.951073 0.308966 0
    outer loop
      vertex 22.4123 16.1996 4.2
      vertex 22.25 15.7 2.6
      vertex 22.25 15.7 4.2
    endloop
  endfacet
  facet normal 0.587774 0.809025 -0
    outer loop
      vertex 23.7877 16.1996 2.6
      vertex 23.3639 16.5075 4.2
      vertex 23.7877 16.1996 4.2
    endloop
  endfacet
  facet normal 0.587774 0.809025 0
    outer loop
      vertex 23.3639 16.5075 4.2
      vertex 23.7877 16.1996 2.6
      vertex 23.3639 16.5075 2.6
    endloop
  endfacet
  facet normal 0.951073 0.308966 0
    outer loop
      vertex 23.95 15.7 4.2
      vertex 23.7877 16.1996 2.6
      vertex 23.7877 16.1996 4.2
    endloop
  endfacet
  facet normal 0.951073 0.308966 0
    outer loop
      vertex 23.7877 16.1996 2.6
      vertex 23.95 15.7 4.2
      vertex 23.95 15.7 2.6
    endloop
  endfacet
  facet normal -0.587774 0.809025 0
    outer loop
      vertex 22.8361 16.5075 2.6
      vertex 22.4123 16.1996 4.2
      vertex 22.8361 16.5075 4.2
    endloop
  endfacet
  facet normal -0.587774 0.809025 0
    outer loop
      vertex 22.4123 16.1996 4.2
      vertex 22.8361 16.5075 2.6
      vertex 22.4123 16.1996 2.6
    endloop
  endfacet
  facet normal -0.951073 0.308966 0
    outer loop
      vertex 24.35 15.7 2.6
      vertex 24.5123 16.1996 4.2
      vertex 24.5123 16.1996 2.6
    endloop
  endfacet
  facet normal -0.951073 0.308966 0
    outer loop
      vertex 24.5123 16.1996 4.2
      vertex 24.35 15.7 2.6
      vertex 24.35 15.7 4.2
    endloop
  endfacet
  facet normal 0.587857 0.808965 -0
    outer loop
      vertex 25.525 16.4631 2.6
      vertex 25.4639 16.5075 4.2
      vertex 25.525 16.4631 4.2
    endloop
  endfacet
  facet normal 0.587857 0.808965 0
    outer loop
      vertex 25.4639 16.5075 4.2
      vertex 25.525 16.4631 2.6
      vertex 25.4639 16.5075 2.6
    endloop
  endfacet
  facet normal -0.587774 0.809025 0
    outer loop
      vertex 24.9361 16.5075 2.6
      vertex 24.5123 16.1996 4.2
      vertex 24.9361 16.5075 4.2
    endloop
  endfacet
  facet normal -0.587774 0.809025 0
    outer loop
      vertex 24.5123 16.1996 4.2
      vertex 24.9361 16.5075 2.6
      vertex 24.5123 16.1996 2.6
    endloop
  endfacet
  facet normal 0.951073 -0.308966 0
    outer loop
      vertex -24.5123 -16.1996 4.2
      vertex -24.35 -15.7 2.6
      vertex -24.35 -15.7 4.2
    endloop
  endfacet
  facet normal 0.951073 -0.308966 0
    outer loop
      vertex -24.35 -15.7 2.6
      vertex -24.5123 -16.1996 4.2
      vertex -24.5123 -16.1996 2.6
    endloop
  endfacet
  facet normal 0.587774 -0.809025 0
    outer loop
      vertex -24.9361 -16.5075 2.6
      vertex -24.5123 -16.1996 4.2
      vertex -24.9361 -16.5075 4.2
    endloop
  endfacet
  facet normal 0.587774 -0.809025 0
    outer loop
      vertex -24.5123 -16.1996 4.2
      vertex -24.9361 -16.5075 2.6
      vertex -24.5123 -16.1996 2.6
    endloop
  endfacet
  facet normal -0.587857 -0.808965 0
    outer loop
      vertex -25.525 -16.4631 2.6
      vertex -25.4639 -16.5075 4.2
      vertex -25.525 -16.4631 4.2
    endloop
  endfacet
  facet normal -0.587857 -0.808965 -0
    outer loop
      vertex -25.4639 -16.5075 4.2
      vertex -25.525 -16.4631 2.6
      vertex -25.4639 -16.5075 2.6
    endloop
  endfacet
  facet normal 0.951073 -0.308966 0
    outer loop
      vertex -22.4123 -16.1996 4.2
      vertex -22.25 -15.7 2.6
      vertex -22.25 -15.7 4.2
    endloop
  endfacet
  facet normal 0.951073 -0.308966 0
    outer loop
      vertex -22.25 -15.7 2.6
      vertex -22.4123 -16.1996 4.2
      vertex -22.4123 -16.1996 2.6
    endloop
  endfacet
  facet normal -0.951073 -0.308966 0
    outer loop
      vertex -23.7877 -16.1996 2.6
      vertex -23.95 -15.7 4.2
      vertex -23.95 -15.7 2.6
    endloop
  endfacet
  facet normal -0.951073 -0.308966 0
    outer loop
      vertex -23.95 -15.7 4.2
      vertex -23.7877 -16.1996 2.6
      vertex -23.7877 -16.1996 4.2
    endloop
  endfacet
  facet normal 0.587774 -0.809025 0
    outer loop
      vertex -22.8361 -16.5075 2.6
      vertex -22.4123 -16.1996 4.2
      vertex -22.8361 -16.5075 4.2
    endloop
  endfacet
  facet normal 0.587774 -0.809025 0
    outer loop
      vertex -22.4123 -16.1996 4.2
      vertex -22.8361 -16.5075 2.6
      vertex -22.4123 -16.1996 2.6
    endloop
  endfacet
  facet normal -0.587774 -0.809025 0
    outer loop
      vertex -23.7877 -16.1996 2.6
      vertex -23.3639 -16.5075 4.2
      vertex -23.7877 -16.1996 4.2
    endloop
  endfacet
  facet normal -0.587774 -0.809025 -0
    outer loop
      vertex -23.3639 -16.5075 4.2
      vertex -23.7877 -16.1996 2.6
      vertex -23.3639 -16.5075 2.6
    endloop
  endfacet
  facet normal 0.951073 -0.308966 0
    outer loop
      vertex -20.3123 -16.1996 4.2
      vertex -20.15 -15.7 2.6
      vertex -20.15 -15.7 4.2
    endloop
  endfacet
  facet normal 0.951073 -0.308966 0
    outer loop
      vertex -20.15 -15.7 2.6
      vertex -20.3123 -16.1996 4.2
      vertex -20.3123 -16.1996 2.6
    endloop
  endfacet
  facet normal -0.951073 -0.308966 0
    outer loop
      vertex -21.6877 -16.1996 2.6
      vertex -21.85 -15.7 4.2
      vertex -21.85 -15.7 2.6
    endloop
  endfacet
  facet normal -0.951073 -0.308966 0
    outer loop
      vertex -21.85 -15.7 4.2
      vertex -21.6877 -16.1996 2.6
      vertex -21.6877 -16.1996 4.2
    endloop
  endfacet
  facet normal 0.587774 -0.809025 0
    outer loop
      vertex -20.7361 -16.5075 2.6
      vertex -20.3123 -16.1996 4.2
      vertex -20.7361 -16.5075 4.2
    endloop
  endfacet
  facet normal 0.587774 -0.809025 0
    outer loop
      vertex -20.3123 -16.1996 4.2
      vertex -20.7361 -16.5075 2.6
      vertex -20.3123 -16.1996 2.6
    endloop
  endfacet
  facet normal -0.587774 -0.809025 0
    outer loop
      vertex -21.6877 -16.1996 2.6
      vertex -21.2639 -16.5075 4.2
      vertex -21.6877 -16.1996 4.2
    endloop
  endfacet
  facet normal -0.587774 -0.809025 -0
    outer loop
      vertex -21.2639 -16.5075 4.2
      vertex -21.6877 -16.1996 2.6
      vertex -21.2639 -16.5075 2.6
    endloop
  endfacet
  facet normal 0.951073 -0.308966 0
    outer loop
      vertex -18.2123 -16.1996 4.2
      vertex -18.05 -15.7 2.6
      vertex -18.05 -15.7 4.2
    endloop
  endfacet
  facet normal 0.951073 -0.308966 0
    outer loop
      vertex -18.05 -15.7 2.6
      vertex -18.2123 -16.1996 4.2
      vertex -18.2123 -16.1996 2.6
    endloop
  endfacet
  facet normal -0.951073 -0.308966 0
    outer loop
      vertex -19.5877 -16.1996 2.6
      vertex -19.75 -15.7 4.2
      vertex -19.75 -15.7 2.6
    endloop
  endfacet
  facet normal -0.951073 -0.308966 0
    outer loop
      vertex -19.75 -15.7 4.2
      vertex -19.5877 -16.1996 2.6
      vertex -19.5877 -16.1996 4.2
    endloop
  endfacet
  facet normal 0.587774 -0.809025 0
    outer loop
      vertex -18.6361 -16.5075 2.6
      vertex -18.2123 -16.1996 4.2
      vertex -18.6361 -16.5075 4.2
    endloop
  endfacet
  facet normal 0.587774 -0.809025 0
    outer loop
      vertex -18.2123 -16.1996 4.2
      vertex -18.6361 -16.5075 2.6
      vertex -18.2123 -16.1996 2.6
    endloop
  endfacet
  facet normal -0.587774 -0.809025 0
    outer loop
      vertex -19.5877 -16.1996 2.6
      vertex -19.1639 -16.5075 4.2
      vertex -19.5877 -16.1996 4.2
    endloop
  endfacet
  facet normal -0.587774 -0.809025 -0
    outer loop
      vertex -19.1639 -16.5075 4.2
      vertex -19.5877 -16.1996 2.6
      vertex -19.1639 -16.5075 2.6
    endloop
  endfacet
  facet normal 0.951073 -0.308966 0
    outer loop
      vertex -16.1123 -16.1996 4.2
      vertex -15.95 -15.7 2.6
      vertex -15.95 -15.7 4.2
    endloop
  endfacet
  facet normal 0.951073 -0.308966 0
    outer loop
      vertex -15.95 -15.7 2.6
      vertex -16.1123 -16.1996 4.2
      vertex -16.1123 -16.1996 2.6
    endloop
  endfacet
  facet normal -0.951073 -0.308966 0
    outer loop
      vertex -17.4877 -16.1996 2.6
      vertex -17.65 -15.7 4.2
      vertex -17.65 -15.7 2.6
    endloop
  endfacet
  facet normal -0.951073 -0.308966 0
    outer loop
      vertex -17.65 -15.7 4.2
      vertex -17.4877 -16.1996 2.6
      vertex -17.4877 -16.1996 4.2
    endloop
  endfacet
  facet normal 0.587774 -0.809025 0
    outer loop
      vertex -16.5361 -16.5075 2.6
      vertex -16.1123 -16.1996 4.2
      vertex -16.5361 -16.5075 4.2
    endloop
  endfacet
  facet normal 0.587774 -0.809025 0
    outer loop
      vertex -16.1123 -16.1996 4.2
      vertex -16.5361 -16.5075 2.6
      vertex -16.1123 -16.1996 2.6
    endloop
  endfacet
  facet normal -0.587774 -0.809025 0
    outer loop
      vertex -17.4877 -16.1996 2.6
      vertex -17.0639 -16.5075 4.2
      vertex -17.4877 -16.1996 4.2
    endloop
  endfacet
  facet normal -0.587774 -0.809025 -0
    outer loop
      vertex -17.0639 -16.5075 4.2
      vertex -17.4877 -16.1996 2.6
      vertex -17.0639 -16.5075 2.6
    endloop
  endfacet
  facet normal 0.951073 -0.308966 0
    outer loop
      vertex -14.0123 -16.1996 4.2
      vertex -13.85 -15.7 2.6
      vertex -13.85 -15.7 4.2
    endloop
  endfacet
  facet normal 0.951073 -0.308966 0
    outer loop
      vertex -13.85 -15.7 2.6
      vertex -14.0123 -16.1996 4.2
      vertex -14.0123 -16.1996 2.6
    endloop
  endfacet
  facet normal -0.951073 -0.308966 0
    outer loop
      vertex -15.3877 -16.1996 2.6
      vertex -15.55 -15.7 4.2
      vertex -15.55 -15.7 2.6
    endloop
  endfacet
  facet normal -0.951073 -0.308966 0
    outer loop
      vertex -15.55 -15.7 4.2
      vertex -15.3877 -16.1996 2.6
      vertex -15.3877 -16.1996 4.2
    endloop
  endfacet
  facet normal 0.587774 -0.809025 0
    outer loop
      vertex -14.4361 -16.5075 2.6
      vertex -14.0123 -16.1996 4.2
      vertex -14.4361 -16.5075 4.2
    endloop
  endfacet
  facet normal 0.587774 -0.809025 0
    outer loop
      vertex -14.0123 -16.1996 4.2
      vertex -14.4361 -16.5075 2.6
      vertex -14.0123 -16.1996 2.6
    endloop
  endfacet
  facet normal -0.587774 -0.809025 0
    outer loop
      vertex -15.3877 -16.1996 2.6
      vertex -14.9639 -16.5075 4.2
      vertex -15.3877 -16.1996 4.2
    endloop
  endfacet
  facet normal -0.587774 -0.809025 -0
    outer loop
      vertex -14.9639 -16.5075 4.2
      vertex -15.3877 -16.1996 2.6
      vertex -14.9639 -16.5075 2.6
    endloop
  endfacet
  facet normal 0.951073 -0.308966 0
    outer loop
      vertex -11.9123 -16.1996 4.2
      vertex -11.75 -15.7 2.6
      vertex -11.75 -15.7 4.2
    endloop
  endfacet
  facet normal 0.951073 -0.308966 0
    outer loop
      vertex -11.75 -15.7 2.6
      vertex -11.9123 -16.1996 4.2
      vertex -11.9123 -16.1996 2.6
    endloop
  endfacet
  facet normal -0.951073 -0.308966 0
    outer loop
      vertex -13.2877 -16.1996 2.6
      vertex -13.45 -15.7 4.2
      vertex -13.45 -15.7 2.6
    endloop
  endfacet
  facet normal -0.951073 -0.308966 0
    outer loop
      vertex -13.45 -15.7 4.2
      vertex -13.2877 -16.1996 2.6
      vertex -13.2877 -16.1996 4.2
    endloop
  endfacet
  facet normal 0.587774 -0.809025 0
    outer loop
      vertex -12.3361 -16.5075 2.6
      vertex -11.9123 -16.1996 4.2
      vertex -12.3361 -16.5075 4.2
    endloop
  endfacet
  facet normal 0.587774 -0.809025 0
    outer loop
      vertex -11.9123 -16.1996 4.2
      vertex -12.3361 -16.5075 2.6
      vertex -11.9123 -16.1996 2.6
    endloop
  endfacet
  facet normal -0.587774 -0.809025 0
    outer loop
      vertex -13.2877 -16.1996 2.6
      vertex -12.8639 -16.5075 4.2
      vertex -13.2877 -16.1996 4.2
    endloop
  endfacet
  facet normal -0.587774 -0.809025 -0
    outer loop
      vertex -12.8639 -16.5075 4.2
      vertex -13.2877 -16.1996 2.6
      vertex -12.8639 -16.5075 2.6
    endloop
  endfacet
  facet normal 0.951051 -0.309034 0
    outer loop
      vertex -9.81234 -16.1996 4.2
      vertex -9.65 -15.7 2.6
      vertex -9.65 -15.7 4.2
    endloop
  endfacet
  facet normal 0.951051 -0.309034 0
    outer loop
      vertex -9.65 -15.7 2.6
      vertex -9.81234 -16.1996 4.2
      vertex -9.81234 -16.1996 2.6
    endloop
  endfacet
  facet normal -0.951073 -0.308966 0
    outer loop
      vertex -11.1877 -16.1996 2.6
      vertex -11.35 -15.7 4.2
      vertex -11.35 -15.7 2.6
    endloop
  endfacet
  facet normal -0.951073 -0.308966 0
    outer loop
      vertex -11.35 -15.7 4.2
      vertex -11.1877 -16.1996 2.6
      vertex -11.1877 -16.1996 4.2
    endloop
  endfacet
  facet normal 0.587811 -0.808999 0
    outer loop
      vertex -10.2361 -16.5075 2.6
      vertex -9.81234 -16.1996 4.2
      vertex -10.2361 -16.5075 4.2
    endloop
  endfacet
  facet normal 0.587811 -0.808999 0
    outer loop
      vertex -9.81234 -16.1996 4.2
      vertex -10.2361 -16.5075 2.6
      vertex -9.81234 -16.1996 2.6
    endloop
  endfacet
  facet normal -0.587774 -0.809025 0
    outer loop
      vertex -11.1877 -16.1996 2.6
      vertex -10.7639 -16.5075 4.2
      vertex -11.1877 -16.1996 4.2
    endloop
  endfacet
  facet normal -0.587774 -0.809025 -0
    outer loop
      vertex -10.7639 -16.5075 4.2
      vertex -11.1877 -16.1996 2.6
      vertex -10.7639 -16.5075 2.6
    endloop
  endfacet
  facet normal 0.951056 -0.309017 0
    outer loop
      vertex -7.71233 -16.1996 4.2
      vertex -7.55 -15.7 2.6
      vertex -7.55 -15.7 4.2
    endloop
  endfacet
  facet normal 0.951056 -0.309017 0
    outer loop
      vertex -7.55 -15.7 2.6
      vertex -7.71233 -16.1996 4.2
      vertex -7.71233 -16.1996 2.6
    endloop
  endfacet
  facet normal -0.951051 -0.309034 0
    outer loop
      vertex -9.08766 -16.1996 2.6
      vertex -9.25 -15.7 4.2
      vertex -9.25 -15.7 2.6
    endloop
  endfacet
  facet normal -0.951051 -0.309034 0
    outer loop
      vertex -9.25 -15.7 4.2
      vertex -9.08766 -16.1996 2.6
      vertex -9.08766 -16.1996 4.2
    endloop
  endfacet
  facet normal 0.587811 -0.808999 0
    outer loop
      vertex -8.13609 -16.5075 2.6
      vertex -7.71233 -16.1996 4.2
      vertex -8.13609 -16.5075 4.2
    endloop
  endfacet
  facet normal 0.587811 -0.808999 0
    outer loop
      vertex -7.71233 -16.1996 4.2
      vertex -8.13609 -16.5075 2.6
      vertex -7.71233 -16.1996 2.6
    endloop
  endfacet
  facet normal -0.58782 -0.808992 0
    outer loop
      vertex -9.08766 -16.1996 2.6
      vertex -8.66391 -16.5075 4.2
      vertex -9.08766 -16.1996 4.2
    endloop
  endfacet
  facet normal -0.58782 -0.808992 -0
    outer loop
      vertex -8.66391 -16.5075 4.2
      vertex -9.08766 -16.1996 2.6
      vertex -8.66391 -16.5075 2.6
    endloop
  endfacet
  facet normal 0.951051 -0.309034 0
    outer loop
      vertex -5.61234 -16.1996 4.2
      vertex -5.45 -15.7 2.6
      vertex -5.45 -15.7 4.2
    endloop
  endfacet
  facet normal 0.951051 -0.309034 0
    outer loop
      vertex -5.45 -15.7 2.6
      vertex -5.61234 -16.1996 4.2
      vertex -5.61234 -16.1996 2.6
    endloop
  endfacet
  facet normal -0.951051 -0.309034 0
    outer loop
      vertex -6.98766 -16.1996 2.6
      vertex -7.15 -15.7 4.2
      vertex -7.15 -15.7 2.6
    endloop
  endfacet
  facet normal -0.951051 -0.309034 0
    outer loop
      vertex -7.15 -15.7 4.2
      vertex -6.98766 -16.1996 2.6
      vertex -6.98766 -16.1996 4.2
    endloop
  endfacet
  facet normal 0.58782 -0.808992 0
    outer loop
      vertex -6.03609 -16.5075 2.6
      vertex -5.61234 -16.1996 4.2
      vertex -6.03609 -16.5075 4.2
    endloop
  endfacet
  facet normal 0.58782 -0.808992 0
    outer loop
      vertex -5.61234 -16.1996 4.2
      vertex -6.03609 -16.5075 2.6
      vertex -5.61234 -16.1996 2.6
    endloop
  endfacet
  facet normal -0.58782 -0.808992 0
    outer loop
      vertex -6.98766 -16.1996 2.6
      vertex -6.56391 -16.5075 4.2
      vertex -6.98766 -16.1996 4.2
    endloop
  endfacet
  facet normal -0.58782 -0.808992 -0
    outer loop
      vertex -6.56391 -16.5075 4.2
      vertex -6.98766 -16.1996 2.6
      vertex -6.56391 -16.5075 2.6
    endloop
  endfacet
  facet normal 0.951056 -0.309017 0
    outer loop
      vertex -3.51233 -16.1996 4.2
      vertex -3.35 -15.7 2.6
      vertex -3.35 -15.7 4.2
    endloop
  endfacet
  facet normal 0.951056 -0.309017 0
    outer loop
      vertex -3.35 -15.7 2.6
      vertex -3.51233 -16.1996 4.2
      vertex -3.51233 -16.1996 2.6
    endloop
  endfacet
  facet normal -0.951051 -0.309034 0
    outer loop
      vertex -4.88766 -16.1996 2.6
      vertex -5.05 -15.7 4.2
      vertex -5.05 -15.7 2.6
    endloop
  endfacet
  facet normal -0.951051 -0.309034 0
    outer loop
      vertex -5.05 -15.7 4.2
      vertex -4.88766 -16.1996 2.6
      vertex -4.88766 -16.1996 4.2
    endloop
  endfacet
  facet normal 0.587811 -0.808999 0
    outer loop
      vertex -3.93609 -16.5075 2.6
      vertex -3.51233 -16.1996 4.2
      vertex -3.93609 -16.5075 4.2
    endloop
  endfacet
  facet normal 0.587811 -0.808999 0
    outer loop
      vertex -3.51233 -16.1996 4.2
      vertex -3.93609 -16.5075 2.6
      vertex -3.51233 -16.1996 2.6
    endloop
  endfacet
  facet normal -0.58782 -0.808992 0
    outer loop
      vertex -4.88766 -16.1996 2.6
      vertex -4.46391 -16.5075 4.2
      vertex -4.88766 -16.1996 4.2
    endloop
  endfacet
  facet normal -0.58782 -0.808992 -0
    outer loop
      vertex -4.46391 -16.5075 4.2
      vertex -4.88766 -16.1996 2.6
      vertex -4.46391 -16.5075 2.6
    endloop
  endfacet
  facet normal 0.951051 -0.309034 0
    outer loop
      vertex -1.41234 -16.1996 4.2
      vertex -1.25 -15.7 2.6
      vertex -1.25 -15.7 4.2
    endloop
  endfacet
  facet normal 0.951051 -0.309034 0
    outer loop
      vertex -1.25 -15.7 2.6
      vertex -1.41234 -16.1996 4.2
      vertex -1.41234 -16.1996 2.6
    endloop
  endfacet
  facet normal -0.951051 -0.309034 0
    outer loop
      vertex -2.78766 -16.1996 2.6
      vertex -2.95 -15.7 4.2
      vertex -2.95 -15.7 2.6
    endloop
  endfacet
  facet normal -0.951051 -0.309034 0
    outer loop
      vertex -2.95 -15.7 4.2
      vertex -2.78766 -16.1996 2.6
      vertex -2.78766 -16.1996 4.2
    endloop
  endfacet
  facet normal 0.58782 -0.808992 0
    outer loop
      vertex -1.83609 -16.5075 2.6
      vertex -1.41234 -16.1996 4.2
      vertex -1.83609 -16.5075 4.2
    endloop
  endfacet
  facet normal 0.58782 -0.808992 0
    outer loop
      vertex -1.41234 -16.1996 4.2
      vertex -1.83609 -16.5075 2.6
      vertex -1.41234 -16.1996 2.6
    endloop
  endfacet
  facet normal -0.58782 -0.808992 0
    outer loop
      vertex -2.78766 -16.1996 2.6
      vertex -2.36391 -16.5075 4.2
      vertex -2.78766 -16.1996 4.2
    endloop
  endfacet
  facet normal -0.58782 -0.808992 -0
    outer loop
      vertex -2.36391 -16.5075 4.2
      vertex -2.78766 -16.1996 2.6
      vertex -2.36391 -16.5075 2.6
    endloop
  endfacet
  facet normal 0.951054 -0.309026 0
    outer loop
      vertex 0.687664 -16.1996 4.2
      vertex 0.849999 -15.7 2.6
      vertex 0.849999 -15.7 4.2
    endloop
  endfacet
  facet normal 0.951054 -0.309026 0
    outer loop
      vertex 0.849999 -15.7 2.6
      vertex 0.687664 -16.1996 4.2
      vertex 0.687664 -16.1996 2.6
    endloop
  endfacet
  facet normal -0.951054 -0.309026 0
    outer loop
      vertex -0.687664 -16.1996 2.6
      vertex -0.849999 -15.7 4.2
      vertex -0.849999 -15.7 2.6
    endloop
  endfacet
  facet normal -0.951054 -0.309026 0
    outer loop
      vertex -0.849999 -15.7 4.2
      vertex -0.687664 -16.1996 2.6
      vertex -0.687664 -16.1996 4.2
    endloop
  endfacet
  facet normal 0.587816 -0.808995 0
    outer loop
      vertex 0.26391 -16.5075 2.6
      vertex 0.687664 -16.1996 4.2
      vertex 0.26391 -16.5075 4.2
    endloop
  endfacet
  facet normal 0.587816 -0.808995 0
    outer loop
      vertex 0.687664 -16.1996 4.2
      vertex 0.26391 -16.5075 2.6
      vertex 0.687664 -16.1996 2.6
    endloop
  endfacet
  facet normal -0.587816 -0.808995 0
    outer loop
      vertex -0.687664 -16.1996 2.6
      vertex -0.26391 -16.5075 4.2
      vertex -0.687664 -16.1996 4.2
    endloop
  endfacet
  facet normal -0.587816 -0.808995 -0
    outer loop
      vertex -0.26391 -16.5075 4.2
      vertex -0.687664 -16.1996 2.6
      vertex -0.26391 -16.5075 2.6
    endloop
  endfacet
  facet normal 0 1 0
    outer loop
      vertex -0.849999 -15.7 2.6
      vertex -0.849998 -15.7 4.2
      vertex -0.849998 -15.7 2.6
    endloop
  endfacet
  facet normal 0 1 0
    outer loop
      vertex -0.849998 -15.7 4.2
      vertex -0.849999 -15.7 2.6
      vertex -0.849999 -15.7 4.2
    endloop
  endfacet
  facet normal 0 1 0
    outer loop
      vertex 0.849999 -15.7 4.2
      vertex 0.849998 -15.7 2.6
      vertex 0.849998 -15.7 4.2
    endloop
  endfacet
  facet normal 0 1 0
    outer loop
      vertex 0.849998 -15.7 2.6
      vertex 0.849999 -15.7 4.2
      vertex 0.849999 -15.7 2.6
    endloop
  endfacet
  facet normal 0.951051 -0.309034 0
    outer loop
      vertex 2.78766 -16.1996 4.2
      vertex 2.95 -15.7 2.6
      vertex 2.95 -15.7 4.2
    endloop
  endfacet
  facet normal 0.951051 -0.309034 0
    outer loop
      vertex 2.95 -15.7 2.6
      vertex 2.78766 -16.1996 4.2
      vertex 2.78766 -16.1996 2.6
    endloop
  endfacet
  facet normal -0.951051 -0.309034 0
    outer loop
      vertex 1.41234 -16.1996 2.6
      vertex 1.25 -15.7 4.2
      vertex 1.25 -15.7 2.6
    endloop
  endfacet
  facet normal -0.951051 -0.309034 0
    outer loop
      vertex 1.25 -15.7 4.2
      vertex 1.41234 -16.1996 2.6
      vertex 1.41234 -16.1996 4.2
    endloop
  endfacet
  facet normal 0.58782 -0.808992 0
    outer loop
      vertex 2.36391 -16.5075 2.6
      vertex 2.78766 -16.1996 4.2
      vertex 2.36391 -16.5075 4.2
    endloop
  endfacet
  facet normal 0.58782 -0.808992 0
    outer loop
      vertex 2.78766 -16.1996 4.2
      vertex 2.36391 -16.5075 2.6
      vertex 2.78766 -16.1996 2.6
    endloop
  endfacet
  facet normal -0.58782 -0.808992 0
    outer loop
      vertex 1.41234 -16.1996 2.6
      vertex 1.83609 -16.5075 4.2
      vertex 1.41234 -16.1996 4.2
    endloop
  endfacet
  facet normal -0.58782 -0.808992 -0
    outer loop
      vertex 1.83609 -16.5075 4.2
      vertex 1.41234 -16.1996 2.6
      vertex 1.83609 -16.5075 2.6
    endloop
  endfacet
  facet normal 0.951051 -0.309034 0
    outer loop
      vertex 4.88766 -16.1996 4.2
      vertex 5.05 -15.7 2.6
      vertex 5.05 -15.7 4.2
    endloop
  endfacet
  facet normal 0.951051 -0.309034 0
    outer loop
      vertex 5.05 -15.7 2.6
      vertex 4.88766 -16.1996 4.2
      vertex 4.88766 -16.1996 2.6
    endloop
  endfacet
  facet normal -0.951056 -0.309017 0
    outer loop
      vertex 3.51233 -16.1996 2.6
      vertex 3.35 -15.7 4.2
      vertex 3.35 -15.7 2.6
    endloop
  endfacet
  facet normal -0.951056 -0.309017 0
    outer loop
      vertex 3.35 -15.7 4.2
      vertex 3.51233 -16.1996 2.6
      vertex 3.51233 -16.1996 4.2
    endloop
  endfacet
  facet normal 0.58782 -0.808992 0
    outer loop
      vertex 4.46391 -16.5075 2.6
      vertex 4.88766 -16.1996 4.2
      vertex 4.46391 -16.5075 4.2
    endloop
  endfacet
  facet normal 0.58782 -0.808992 0
    outer loop
      vertex 4.88766 -16.1996 4.2
      vertex 4.46391 -16.5075 2.6
      vertex 4.88766 -16.1996 2.6
    endloop
  endfacet
  facet normal -0.587811 -0.808999 0
    outer loop
      vertex 3.51233 -16.1996 2.6
      vertex 3.93609 -16.5075 4.2
      vertex 3.51233 -16.1996 4.2
    endloop
  endfacet
  facet normal -0.587811 -0.808999 -0
    outer loop
      vertex 3.93609 -16.5075 4.2
      vertex 3.51233 -16.1996 2.6
      vertex 3.93609 -16.5075 2.6
    endloop
  endfacet
  facet normal 0.951051 -0.309034 0
    outer loop
      vertex 6.98766 -16.1996 4.2
      vertex 7.15 -15.7 2.6
      vertex 7.15 -15.7 4.2
    endloop
  endfacet
  facet normal 0.951051 -0.309034 0
    outer loop
      vertex 7.15 -15.7 2.6
      vertex 6.98766 -16.1996 4.2
      vertex 6.98766 -16.1996 2.6
    endloop
  endfacet
  facet normal -0.951051 -0.309034 0
    outer loop
      vertex 5.61234 -16.1996 2.6
      vertex 5.45 -15.7 4.2
      vertex 5.45 -15.7 2.6
    endloop
  endfacet
  facet normal -0.951051 -0.309034 0
    outer loop
      vertex 5.45 -15.7 4.2
      vertex 5.61234 -16.1996 2.6
      vertex 5.61234 -16.1996 4.2
    endloop
  endfacet
  facet normal 0.58782 -0.808992 0
    outer loop
      vertex 6.56391 -16.5075 2.6
      vertex 6.98766 -16.1996 4.2
      vertex 6.56391 -16.5075 4.2
    endloop
  endfacet
  facet normal 0.58782 -0.808992 0
    outer loop
      vertex 6.98766 -16.1996 4.2
      vertex 6.56391 -16.5075 2.6
      vertex 6.98766 -16.1996 2.6
    endloop
  endfacet
  facet normal -0.58782 -0.808992 0
    outer loop
      vertex 5.61234 -16.1996 2.6
      vertex 6.03609 -16.5075 4.2
      vertex 5.61234 -16.1996 4.2
    endloop
  endfacet
  facet normal -0.58782 -0.808992 -0
    outer loop
      vertex 6.03609 -16.5075 4.2
      vertex 5.61234 -16.1996 2.6
      vertex 6.03609 -16.5075 2.6
    endloop
  endfacet
  facet normal 0.951051 -0.309034 0
    outer loop
      vertex 9.08766 -16.1996 4.2
      vertex 9.25 -15.7 2.6
      vertex 9.25 -15.7 4.2
    endloop
  endfacet
  facet normal 0.951051 -0.309034 0
    outer loop
      vertex 9.25 -15.7 2.6
      vertex 9.08766 -16.1996 4.2
      vertex 9.08766 -16.1996 2.6
    endloop
  endfacet
  facet normal -0.587811 -0.808999 0
    outer loop
      vertex 7.71233 -16.1996 2.6
      vertex 8.13609 -16.5075 4.2
      vertex 7.71233 -16.1996 4.2
    endloop
  endfacet
  facet normal -0.587811 -0.808999 -0
    outer loop
      vertex 8.13609 -16.5075 4.2
      vertex 7.71233 -16.1996 2.6
      vertex 8.13609 -16.5075 2.6
    endloop
  endfacet
  facet normal 0.58782 -0.808992 0
    outer loop
      vertex 8.66391 -16.5075 2.6
      vertex 9.08766 -16.1996 4.2
      vertex 8.66391 -16.5075 4.2
    endloop
  endfacet
  facet normal 0.58782 -0.808992 0
    outer loop
      vertex 9.08766 -16.1996 4.2
      vertex 8.66391 -16.5075 2.6
      vertex 9.08766 -16.1996 2.6
    endloop
  endfacet
  facet normal -0.951056 -0.309017 0
    outer loop
      vertex 7.71233 -16.1996 2.6
      vertex 7.55 -15.7 4.2
      vertex 7.55 -15.7 2.6
    endloop
  endfacet
  facet normal -0.951056 -0.309017 0
    outer loop
      vertex 7.55 -15.7 4.2
      vertex 7.71233 -16.1996 2.6
      vertex 7.71233 -16.1996 4.2
    endloop
  endfacet
  facet normal 0.951073 -0.308966 0
    outer loop
      vertex 11.1877 -16.1996 4.2
      vertex 11.35 -15.7 2.6
      vertex 11.35 -15.7 4.2
    endloop
  endfacet
  facet normal 0.951073 -0.308966 0
    outer loop
      vertex 11.35 -15.7 2.6
      vertex 11.1877 -16.1996 4.2
      vertex 11.1877 -16.1996 2.6
    endloop
  endfacet
  facet normal -0.951051 -0.309034 0
    outer loop
      vertex 9.81234 -16.1996 2.6
      vertex 9.65 -15.7 4.2
      vertex 9.65 -15.7 2.6
    endloop
  endfacet
  facet normal -0.951051 -0.309034 0
    outer loop
      vertex 9.65 -15.7 4.2
      vertex 9.81234 -16.1996 2.6
      vertex 9.81234 -16.1996 4.2
    endloop
  endfacet
  facet normal 0.587774 -0.809025 0
    outer loop
      vertex 10.7639 -16.5075 2.6
      vertex 11.1877 -16.1996 4.2
      vertex 10.7639 -16.5075 4.2
    endloop
  endfacet
  facet normal 0.587774 -0.809025 0
    outer loop
      vertex 11.1877 -16.1996 4.2
      vertex 10.7639 -16.5075 2.6
      vertex 11.1877 -16.1996 2.6
    endloop
  endfacet
  facet normal -0.587811 -0.808999 0
    outer loop
      vertex 9.81234 -16.1996 2.6
      vertex 10.2361 -16.5075 4.2
      vertex 9.81234 -16.1996 4.2
    endloop
  endfacet
  facet normal -0.587811 -0.808999 -0
    outer loop
      vertex 10.2361 -16.5075 4.2
      vertex 9.81234 -16.1996 2.6
      vertex 10.2361 -16.5075 2.6
    endloop
  endfacet
  facet normal 0.951073 -0.308966 0
    outer loop
      vertex 13.2877 -16.1996 4.2
      vertex 13.45 -15.7 2.6
      vertex 13.45 -15.7 4.2
    endloop
  endfacet
  facet normal 0.951073 -0.308966 0
    outer loop
      vertex 13.45 -15.7 2.6
      vertex 13.2877 -16.1996 4.2
      vertex 13.2877 -16.1996 2.6
    endloop
  endfacet
  facet normal -0.951073 -0.308966 0
    outer loop
      vertex 11.9123 -16.1996 2.6
      vertex 11.75 -15.7 4.2
      vertex 11.75 -15.7 2.6
    endloop
  endfacet
  facet normal -0.951073 -0.308966 0
    outer loop
      vertex 11.75 -15.7 4.2
      vertex 11.9123 -16.1996 2.6
      vertex 11.9123 -16.1996 4.2
    endloop
  endfacet
  facet normal 0.587774 -0.809025 0
    outer loop
      vertex 12.8639 -16.5075 2.6
      vertex 13.2877 -16.1996 4.2
      vertex 12.8639 -16.5075 4.2
    endloop
  endfacet
  facet normal 0.587774 -0.809025 0
    outer loop
      vertex 13.2877 -16.1996 4.2
      vertex 12.8639 -16.5075 2.6
      vertex 13.2877 -16.1996 2.6
    endloop
  endfacet
  facet normal -0.587774 -0.809025 0
    outer loop
      vertex 11.9123 -16.1996 2.6
      vertex 12.3361 -16.5075 4.2
      vertex 11.9123 -16.1996 4.2
    endloop
  endfacet
  facet normal -0.587774 -0.809025 -0
    outer loop
      vertex 12.3361 -16.5075 4.2
      vertex 11.9123 -16.1996 2.6
      vertex 12.3361 -16.5075 2.6
    endloop
  endfacet
  facet normal 0.951073 -0.308966 0
    outer loop
      vertex 15.3877 -16.1996 4.2
      vertex 15.55 -15.7 2.6
      vertex 15.55 -15.7 4.2
    endloop
  endfacet
  facet normal 0.951073 -0.308966 0
    outer loop
      vertex 15.55 -15.7 2.6
      vertex 15.3877 -16.1996 4.2
      vertex 15.3877 -16.1996 2.6
    endloop
  endfacet
  facet normal -0.951073 -0.308966 0
    outer loop
      vertex 14.0123 -16.1996 2.6
      vertex 13.85 -15.7 4.2
      vertex 13.85 -15.7 2.6
    endloop
  endfacet
  facet normal -0.951073 -0.308966 0
    outer loop
      vertex 13.85 -15.7 4.2
      vertex 14.0123 -16.1996 2.6
      vertex 14.0123 -16.1996 4.2
    endloop
  endfacet
  facet normal 0.587774 -0.809025 0
    outer loop
      vertex 14.9639 -16.5075 2.6
      vertex 15.3877 -16.1996 4.2
      vertex 14.9639 -16.5075 4.2
    endloop
  endfacet
  facet normal 0.587774 -0.809025 0
    outer loop
      vertex 15.3877 -16.1996 4.2
      vertex 14.9639 -16.5075 2.6
      vertex 15.3877 -16.1996 2.6
    endloop
  endfacet
  facet normal -0.587774 -0.809025 0
    outer loop
      vertex 14.0123 -16.1996 2.6
      vertex 14.4361 -16.5075 4.2
      vertex 14.0123 -16.1996 4.2
    endloop
  endfacet
  facet normal -0.587774 -0.809025 -0
    outer loop
      vertex 14.4361 -16.5075 4.2
      vertex 14.0123 -16.1996 2.6
      vertex 14.4361 -16.5075 2.6
    endloop
  endfacet
  facet normal 0.951073 -0.308966 0
    outer loop
      vertex 17.4877 -16.1996 4.2
      vertex 17.65 -15.7 2.6
      vertex 17.65 -15.7 4.2
    endloop
  endfacet
  facet normal 0.951073 -0.308966 0
    outer loop
      vertex 17.65 -15.7 2.6
      vertex 17.4877 -16.1996 4.2
      vertex 17.4877 -16.1996 2.6
    endloop
  endfacet
  facet normal -0.951073 -0.308966 0
    outer loop
      vertex 16.1123 -16.1996 2.6
      vertex 15.95 -15.7 4.2
      vertex 15.95 -15.7 2.6
    endloop
  endfacet
  facet normal -0.951073 -0.308966 0
    outer loop
      vertex 15.95 -15.7 4.2
      vertex 16.1123 -16.1996 2.6
      vertex 16.1123 -16.1996 4.2
    endloop
  endfacet
  facet normal 0.587774 -0.809025 0
    outer loop
      vertex 17.0639 -16.5075 2.6
      vertex 17.4877 -16.1996 4.2
      vertex 17.0639 -16.5075 4.2
    endloop
  endfacet
  facet normal 0.587774 -0.809025 0
    outer loop
      vertex 17.4877 -16.1996 4.2
      vertex 17.0639 -16.5075 2.6
      vertex 17.4877 -16.1996 2.6
    endloop
  endfacet
  facet normal -0.587774 -0.809025 0
    outer loop
      vertex 16.1123 -16.1996 2.6
      vertex 16.5361 -16.5075 4.2
      vertex 16.1123 -16.1996 4.2
    endloop
  endfacet
  facet normal -0.587774 -0.809025 -0
    outer loop
      vertex 16.5361 -16.5075 4.2
      vertex 16.1123 -16.1996 2.6
      vertex 16.5361 -16.5075 2.6
    endloop
  endfacet
  facet normal 0.951073 -0.308966 0
    outer loop
      vertex 19.5877 -16.1996 4.2
      vertex 19.75 -15.7 2.6
      vertex 19.75 -15.7 4.2
    endloop
  endfacet
  facet normal 0.951073 -0.308966 0
    outer loop
      vertex 19.75 -15.7 2.6
      vertex 19.5877 -16.1996 4.2
      vertex 19.5877 -16.1996 2.6
    endloop
  endfacet
  facet normal -0.587774 -0.809025 0
    outer loop
      vertex 18.2123 -16.1996 2.6
      vertex 18.6361 -16.5075 4.2
      vertex 18.2123 -16.1996 4.2
    endloop
  endfacet
  facet normal -0.587774 -0.809025 -0
    outer loop
      vertex 18.6361 -16.5075 4.2
      vertex 18.2123 -16.1996 2.6
      vertex 18.6361 -16.5075 2.6
    endloop
  endfacet
  facet normal 0.587774 -0.809025 0
    outer loop
      vertex 19.1639 -16.5075 2.6
      vertex 19.5877 -16.1996 4.2
      vertex 19.1639 -16.5075 4.2
    endloop
  endfacet
  facet normal 0.587774 -0.809025 0
    outer loop
      vertex 19.5877 -16.1996 4.2
      vertex 19.1639 -16.5075 2.6
      vertex 19.5877 -16.1996 2.6
    endloop
  endfacet
  facet normal -0.951073 -0.308966 0
    outer loop
      vertex 18.2123 -16.1996 2.6
      vertex 18.05 -15.7 4.2
      vertex 18.05 -15.7 2.6
    endloop
  endfacet
  facet normal -0.951073 -0.308966 0
    outer loop
      vertex 18.05 -15.7 4.2
      vertex 18.2123 -16.1996 2.6
      vertex 18.2123 -16.1996 4.2
    endloop
  endfacet
  facet normal 0.951073 -0.308966 0
    outer loop
      vertex 21.6877 -16.1996 4.2
      vertex 21.85 -15.7 2.6
      vertex 21.85 -15.7 4.2
    endloop
  endfacet
  facet normal 0.951073 -0.308966 0
    outer loop
      vertex 21.85 -15.7 2.6
      vertex 21.6877 -16.1996 4.2
      vertex 21.6877 -16.1996 2.6
    endloop
  endfacet
  facet normal -0.951073 -0.308966 0
    outer loop
      vertex 20.3123 -16.1996 2.6
      vertex 20.15 -15.7 4.2
      vertex 20.15 -15.7 2.6
    endloop
  endfacet
  facet normal -0.951073 -0.308966 0
    outer loop
      vertex 20.15 -15.7 4.2
      vertex 20.3123 -16.1996 2.6
      vertex 20.3123 -16.1996 4.2
    endloop
  endfacet
  facet normal 0.587774 -0.809025 0
    outer loop
      vertex 21.2639 -16.5075 2.6
      vertex 21.6877 -16.1996 4.2
      vertex 21.2639 -16.5075 4.2
    endloop
  endfacet
  facet normal 0.587774 -0.809025 0
    outer loop
      vertex 21.6877 -16.1996 4.2
      vertex 21.2639 -16.5075 2.6
      vertex 21.6877 -16.1996 2.6
    endloop
  endfacet
  facet normal -0.587774 -0.809025 0
    outer loop
      vertex 20.3123 -16.1996 2.6
      vertex 20.7361 -16.5075 4.2
      vertex 20.3123 -16.1996 4.2
    endloop
  endfacet
  facet normal -0.587774 -0.809025 -0
    outer loop
      vertex 20.7361 -16.5075 4.2
      vertex 20.3123 -16.1996 2.6
      vertex 20.7361 -16.5075 2.6
    endloop
  endfacet
  facet normal 0.951073 -0.308966 0
    outer loop
      vertex 23.7877 -16.1996 4.2
      vertex 23.95 -15.7 2.6
      vertex 23.95 -15.7 4.2
    endloop
  endfacet
  facet normal 0.951073 -0.308966 0
    outer loop
      vertex 23.95 -15.7 2.6
      vertex 23.7877 -16.1996 4.2
      vertex 23.7877 -16.1996 2.6
    endloop
  endfacet
  facet normal -0.951073 -0.308966 0
    outer loop
      vertex 22.4123 -16.1996 2.6
      vertex 22.25 -15.7 4.2
      vertex 22.25 -15.7 2.6
    endloop
  endfacet
  facet normal -0.951073 -0.308966 0
    outer loop
      vertex 22.25 -15.7 4.2
      vertex 22.4123 -16.1996 2.6
      vertex 22.4123 -16.1996 4.2
    endloop
  endfacet
  facet normal 0.587774 -0.809025 0
    outer loop
      vertex 23.3639 -16.5075 2.6
      vertex 23.7877 -16.1996 4.2
      vertex 23.3639 -16.5075 4.2
    endloop
  endfacet
  facet normal 0.587774 -0.809025 0
    outer loop
      vertex 23.7877 -16.1996 4.2
      vertex 23.3639 -16.5075 2.6
      vertex 23.7877 -16.1996 2.6
    endloop
  endfacet
  facet normal -0.587774 -0.809025 0
    outer loop
      vertex 22.4123 -16.1996 2.6
      vertex 22.8361 -16.5075 4.2
      vertex 22.4123 -16.1996 4.2
    endloop
  endfacet
  facet normal -0.587774 -0.809025 -0
    outer loop
      vertex 22.8361 -16.5075 4.2
      vertex 22.4123 -16.1996 2.6
      vertex 22.8361 -16.5075 2.6
    endloop
  endfacet
  facet normal -0.951073 -0.308966 0
    outer loop
      vertex 24.5123 -16.1996 2.6
      vertex 24.35 -15.7 4.2
      vertex 24.35 -15.7 2.6
    endloop
  endfacet
  facet normal -0.951073 -0.308966 0
    outer loop
      vertex 24.35 -15.7 4.2
      vertex 24.5123 -16.1996 2.6
      vertex 24.5123 -16.1996 4.2
    endloop
  endfacet
  facet normal 0.587857 -0.808965 0
    outer loop
      vertex 25.4639 -16.5075 2.6
      vertex 25.525 -16.4631 4.2
      vertex 25.4639 -16.5075 4.2
    endloop
  endfacet
  facet normal 0.587857 -0.808965 0
    outer loop
      vertex 25.525 -16.4631 4.2
      vertex 25.4639 -16.5075 2.6
      vertex 25.525 -16.4631 2.6
    endloop
  endfacet
  facet normal -0.587774 -0.809025 0
    outer loop
      vertex 24.5123 -16.1996 2.6
      vertex 24.9361 -16.5075 4.2
      vertex 24.5123 -16.1996 4.2
    endloop
  endfacet
  facet normal -0.587774 -0.809025 -0
    outer loop
      vertex 24.9361 -16.5075 4.2
      vertex 24.5123 -16.1996 2.6
      vertex 24.9361 -16.5075 2.6
    endloop
  endfacet
  facet normal -0.95108 -0.308946 0
    outer loop
      vertex -29.5377 12.1004 2.6
      vertex -29.6575 12.4692 4.2
      vertex -29.6575 12.4692 2.6
    endloop
  endfacet
  facet normal -0.95108 -0.308946 0
    outer loop
      vertex -29.6575 12.4692 4.2
      vertex -29.5377 12.1004 2.6
      vertex -29.5377 12.1004 4.2
    endloop
  endfacet
  facet normal 0 -1 0
    outer loop
      vertex -29.1127 11.7916 2.6
      vertex -28.85 11.7916 4.2
      vertex -29.1127 11.7916 4.2
    endloop
  endfacet
  facet normal 0 -1 -0
    outer loop
      vertex -28.85 11.7916 4.2
      vertex -29.1127 11.7916 2.6
      vertex -28.85 11.7916 2.6
    endloop
  endfacet
  facet normal -0.587809 -0.808999 0
    outer loop
      vertex -29.5377 12.1004 2.6
      vertex -29.1127 11.7916 4.2
      vertex -29.5377 12.1004 4.2
    endloop
  endfacet
  facet normal -0.587809 -0.808999 -0
    outer loop
      vertex -29.1127 11.7916 4.2
      vertex -29.5377 12.1004 2.6
      vertex -29.1127 11.7916 2.6
    endloop
  endfacet
  facet normal -0.95108 -0.308946 0
    outer loop
      vertex -29.5377 10.0004 2.6
      vertex -29.6575 10.3692 4.2
      vertex -29.6575 10.3692 2.6
    endloop
  endfacet
  facet normal -0.95108 -0.308946 0
    outer loop
      vertex -29.6575 10.3692 4.2
      vertex -29.5377 10.0004 2.6
      vertex -29.5377 10.0004 4.2
    endloop
  endfacet
  facet normal 0 -1 0
    outer loop
      vertex -29.1127 9.6916 2.6
      vertex -28.85 9.6916 4.2
      vertex -29.1127 9.6916 4.2
    endloop
  endfacet
  facet normal 0 -1 -0
    outer loop
      vertex -28.85 9.6916 4.2
      vertex -29.1127 9.6916 2.6
      vertex -28.85 9.6916 2.6
    endloop
  endfacet
  facet normal -0.587809 -0.808999 0
    outer loop
      vertex -29.5377 10.0004 2.6
      vertex -29.1127 9.6916 4.2
      vertex -29.5377 10.0004 4.2
    endloop
  endfacet
  facet normal -0.587809 -0.808999 -0
    outer loop
      vertex -29.1127 9.6916 4.2
      vertex -29.5377 10.0004 2.6
      vertex -29.1127 9.6916 2.6
    endloop
  endfacet
  facet normal -0.95108 0.308946 0
    outer loop
      vertex -29.6575 10.6308 2.6
      vertex -29.5377 10.9996 4.2
      vertex -29.5377 10.9996 2.6
    endloop
  endfacet
  facet normal -0.95108 0.308946 0
    outer loop
      vertex -29.5377 10.9996 4.2
      vertex -29.6575 10.6308 2.6
      vertex -29.6575 10.6308 4.2
    endloop
  endfacet
  facet normal 0 1 -0
    outer loop
      vertex -28.85 11.3084 2.6
      vertex -29.1127 11.3084 4.2
      vertex -28.85 11.3084 4.2
    endloop
  endfacet
  facet normal 0 1 0
    outer loop
      vertex -29.1127 11.3084 4.2
      vertex -28.85 11.3084 2.6
      vertex -29.1127 11.3084 2.6
    endloop
  endfacet
  facet normal -0.587809 0.808999 0
    outer loop
      vertex -29.1127 11.3084 2.6
      vertex -29.5377 10.9996 4.2
      vertex -29.1127 11.3084 4.2
    endloop
  endfacet
  facet normal -0.587809 0.808999 0
    outer loop
      vertex -29.5377 10.9996 4.2
      vertex -29.1127 11.3084 2.6
      vertex -29.5377 10.9996 2.6
    endloop
  endfacet
  facet normal -0.951075 -0.308961 0
    outer loop
      vertex -29.5377 7.90038 2.6
      vertex -29.6575 8.26916 4.2
      vertex -29.6575 8.26916 2.6
    endloop
  endfacet
  facet normal -0.951075 -0.308961 0
    outer loop
      vertex -29.6575 8.26916 4.2
      vertex -29.5377 7.90038 2.6
      vertex -29.5377 7.90038 4.2
    endloop
  endfacet
  facet normal 0 -1 0
    outer loop
      vertex -29.1127 7.5916 2.6
      vertex -28.85 7.5916 4.2
      vertex -29.1127 7.5916 4.2
    endloop
  endfacet
  facet normal 0 -1 -0
    outer loop
      vertex -28.85 7.5916 4.2
      vertex -29.1127 7.5916 2.6
      vertex -28.85 7.5916 2.6
    endloop
  endfacet
  facet normal -0.587785 -0.809018 0
    outer loop
      vertex -29.5377 7.90038 2.6
      vertex -29.1127 7.5916 4.2
      vertex -29.5377 7.90038 4.2
    endloop
  endfacet
  facet normal -0.587785 -0.809018 -0
    outer loop
      vertex -29.1127 7.5916 4.2
      vertex -29.5377 7.90038 2.6
      vertex -29.1127 7.5916 2.6
    endloop
  endfacet
  facet normal -0.951075 0.308961 0
    outer loop
      vertex -29.6575 8.53084 2.6
      vertex -29.5377 8.89962 4.2
      vertex -29.5377 8.89962 2.6
    endloop
  endfacet
  facet normal -0.951075 0.308961 0
    outer loop
      vertex -29.5377 8.89962 4.2
      vertex -29.6575 8.53084 2.6
      vertex -29.6575 8.53084 4.2
    endloop
  endfacet
  facet normal 0 1 -0
    outer loop
      vertex -28.85 9.2084 2.6
      vertex -29.1127 9.2084 4.2
      vertex -28.85 9.2084 4.2
    endloop
  endfacet
  facet normal 0 1 0
    outer loop
      vertex -29.1127 9.2084 4.2
      vertex -28.85 9.2084 2.6
      vertex -29.1127 9.2084 2.6
    endloop
  endfacet
  facet normal -0.587785 0.809018 0
    outer loop
      vertex -29.1127 9.2084 2.6
      vertex -29.5377 8.89962 4.2
      vertex -29.1127 9.2084 4.2
    endloop
  endfacet
  facet normal -0.587785 0.809018 0
    outer loop
      vertex -29.5377 8.89962 4.2
      vertex -29.1127 9.2084 2.6
      vertex -29.5377 8.89962 2.6
    endloop
  endfacet
  facet normal -0.951075 -0.308961 0
    outer loop
      vertex -29.5377 5.80038 2.6
      vertex -29.6575 6.16916 4.2
      vertex -29.6575 6.16916 2.6
    endloop
  endfacet
  facet normal -0.951075 -0.308961 0
    outer loop
      vertex -29.6575 6.16916 4.2
      vertex -29.5377 5.80038 2.6
      vertex -29.5377 5.80038 4.2
    endloop
  endfacet
  facet normal 0 -1 0
    outer loop
      vertex -29.1127 5.4916 2.6
      vertex -28.85 5.4916 4.2
      vertex -29.1127 5.4916 4.2
    endloop
  endfacet
  facet normal 0 -1 -0
    outer loop
      vertex -28.85 5.4916 4.2
      vertex -29.1127 5.4916 2.6
      vertex -28.85 5.4916 2.6
    endloop
  endfacet
  facet normal -0.587785 -0.809018 0
    outer loop
      vertex -29.5377 5.80038 2.6
      vertex -29.1127 5.4916 4.2
      vertex -29.5377 5.80038 4.2
    endloop
  endfacet
  facet normal -0.587785 -0.809018 -0
    outer loop
      vertex -29.1127 5.4916 4.2
      vertex -29.5377 5.80038 2.6
      vertex -29.1127 5.4916 2.6
    endloop
  endfacet
  facet normal -0.951075 0.308961 0
    outer loop
      vertex -29.6575 6.43084 2.6
      vertex -29.5377 6.79962 4.2
      vertex -29.5377 6.79962 2.6
    endloop
  endfacet
  facet normal -0.951075 0.308961 0
    outer loop
      vertex -29.5377 6.79962 4.2
      vertex -29.6575 6.43084 2.6
      vertex -29.6575 6.43084 4.2
    endloop
  endfacet
  facet normal 0 1 -0
    outer loop
      vertex -28.85 7.1084 2.6
      vertex -29.1127 7.1084 4.2
      vertex -28.85 7.1084 4.2
    endloop
  endfacet
  facet normal 0 1 0
    outer loop
      vertex -29.1127 7.1084 4.2
      vertex -28.85 7.1084 2.6
      vertex -29.1127 7.1084 2.6
    endloop
  endfacet
  facet normal -0.587785 0.809018 0
    outer loop
      vertex -29.1127 7.1084 2.6
      vertex -29.5377 6.79962 4.2
      vertex -29.1127 7.1084 4.2
    endloop
  endfacet
  facet normal -0.587785 0.809018 0
    outer loop
      vertex -29.5377 6.79962 4.2
      vertex -29.1127 7.1084 2.6
      vertex -29.5377 6.79962 2.6
    endloop
  endfacet
  facet normal -0.951075 -0.308961 0
    outer loop
      vertex -29.5377 3.70038 2.6
      vertex -29.6575 4.06916 4.2
      vertex -29.6575 4.06916 2.6
    endloop
  endfacet
  facet normal -0.951075 -0.308961 0
    outer loop
      vertex -29.6575 4.06916 4.2
      vertex -29.5377 3.70038 2.6
      vertex -29.5377 3.70038 4.2
    endloop
  endfacet
  facet normal 0 -1 0
    outer loop
      vertex -29.1127 3.3916 2.6
      vertex -28.85 3.3916 4.2
      vertex -29.1127 3.3916 4.2
    endloop
  endfacet
  facet normal 0 -1 -0
    outer loop
      vertex -28.85 3.3916 4.2
      vertex -29.1127 3.3916 2.6
      vertex -28.85 3.3916 2.6
    endloop
  endfacet
  facet normal -0.587785 -0.809018 0
    outer loop
      vertex -29.5377 3.70038 2.6
      vertex -29.1127 3.3916 4.2
      vertex -29.5377 3.70038 4.2
    endloop
  endfacet
  facet normal -0.587785 -0.809018 -0
    outer loop
      vertex -29.1127 3.3916 4.2
      vertex -29.5377 3.70038 2.6
      vertex -29.1127 3.3916 2.6
    endloop
  endfacet
  facet normal -0.951075 0.308961 0
    outer loop
      vertex -29.6575 4.33084 2.6
      vertex -29.5377 4.69962 4.2
      vertex -29.5377 4.69962 2.6
    endloop
  endfacet
  facet normal -0.951075 0.308961 0
    outer loop
      vertex -29.5377 4.69962 4.2
      vertex -29.6575 4.33084 2.6
      vertex -29.6575 4.33084 4.2
    endloop
  endfacet
  facet normal 0 1 -0
    outer loop
      vertex -28.85 5.0084 2.6
      vertex -29.1127 5.0084 4.2
      vertex -28.85 5.0084 4.2
    endloop
  endfacet
  facet normal 0 1 0
    outer loop
      vertex -29.1127 5.0084 4.2
      vertex -28.85 5.0084 2.6
      vertex -29.1127 5.0084 2.6
    endloop
  endfacet
  facet normal -0.587785 0.809018 0
    outer loop
      vertex -29.1127 5.0084 2.6
      vertex -29.5377 4.69962 4.2
      vertex -29.1127 5.0084 4.2
    endloop
  endfacet
  facet normal -0.587785 0.809018 0
    outer loop
      vertex -29.5377 4.69962 4.2
      vertex -29.1127 5.0084 2.6
      vertex -29.5377 4.69962 2.6
    endloop
  endfacet
  facet normal -0.951075 -0.308961 0
    outer loop
      vertex -29.5377 1.60038 2.6
      vertex -29.6575 1.96916 4.2
      vertex -29.6575 1.96916 2.6
    endloop
  endfacet
  facet normal -0.951075 -0.308961 0
    outer loop
      vertex -29.6575 1.96916 4.2
      vertex -29.5377 1.60038 2.6
      vertex -29.5377 1.60038 4.2
    endloop
  endfacet
  facet normal 0 -1 0
    outer loop
      vertex -29.1127 1.2916 2.6
      vertex -28.85 1.2916 4.2
      vertex -29.1127 1.2916 4.2
    endloop
  endfacet
  facet normal 0 -1 -0
    outer loop
      vertex -28.85 1.2916 4.2
      vertex -29.1127 1.2916 2.6
      vertex -28.85 1.2916 2.6
    endloop
  endfacet
  facet normal -0.587785 -0.809018 0
    outer loop
      vertex -29.5377 1.60038 2.6
      vertex -29.1127 1.2916 4.2
      vertex -29.5377 1.60038 4.2
    endloop
  endfacet
  facet normal -0.587785 -0.809018 -0
    outer loop
      vertex -29.1127 1.2916 4.2
      vertex -29.5377 1.60038 2.6
      vertex -29.1127 1.2916 2.6
    endloop
  endfacet
  facet normal -0.951075 0.308961 0
    outer loop
      vertex -29.6575 2.23084 2.6
      vertex -29.5377 2.59962 4.2
      vertex -29.5377 2.59962 2.6
    endloop
  endfacet
  facet normal -0.951075 0.308961 0
    outer loop
      vertex -29.5377 2.59962 4.2
      vertex -29.6575 2.23084 2.6
      vertex -29.6575 2.23084 4.2
    endloop
  endfacet
  facet normal 0 1 -0
    outer loop
      vertex -28.85 2.9084 2.6
      vertex -29.1127 2.9084 4.2
      vertex -28.85 2.9084 4.2
    endloop
  endfacet
  facet normal 0 1 0
    outer loop
      vertex -29.1127 2.9084 4.2
      vertex -28.85 2.9084 2.6
      vertex -29.1127 2.9084 2.6
    endloop
  endfacet
  facet normal -0.587785 0.809018 0
    outer loop
      vertex -29.1127 2.9084 2.6
      vertex -29.5377 2.59962 4.2
      vertex -29.1127 2.9084 4.2
    endloop
  endfacet
  facet normal -0.587785 0.809018 0
    outer loop
      vertex -29.5377 2.59962 4.2
      vertex -29.1127 2.9084 2.6
      vertex -29.5377 2.59962 2.6
    endloop
  endfacet
  facet normal -0.951073 -0.308967 0
    outer loop
      vertex -29.5377 -0.499617 2.6
      vertex -29.6575 -0.130844 4.2
      vertex -29.6575 -0.130844 2.6
    endloop
  endfacet
  facet normal -0.951073 -0.308967 0
    outer loop
      vertex -29.6575 -0.130844 4.2
      vertex -29.5377 -0.499617 2.6
      vertex -29.5377 -0.499617 4.2
    endloop
  endfacet
  facet normal 0 -1 0
    outer loop
      vertex -29.1127 -0.808397 2.6
      vertex -28.85 -0.808397 4.2
      vertex -29.1127 -0.808397 4.2
    endloop
  endfacet
  facet normal 0 -1 -0
    outer loop
      vertex -28.85 -0.808397 4.2
      vertex -29.1127 -0.808397 2.6
      vertex -28.85 -0.808397 2.6
    endloop
  endfacet
  facet normal -0.587785 -0.809018 0
    outer loop
      vertex -29.5377 -0.499617 2.6
      vertex -29.1127 -0.808397 4.2
      vertex -29.5377 -0.499617 4.2
    endloop
  endfacet
  facet normal -0.587785 -0.809018 -0
    outer loop
      vertex -29.1127 -0.808397 4.2
      vertex -29.5377 -0.499617 2.6
      vertex -29.1127 -0.808397 2.6
    endloop
  endfacet
  facet normal -0.951073 0.308967 0
    outer loop
      vertex -29.6575 0.130844 2.6
      vertex -29.5377 0.499617 4.2
      vertex -29.5377 0.499617 2.6
    endloop
  endfacet
  facet normal -0.951073 0.308967 0
    outer loop
      vertex -29.5377 0.499617 4.2
      vertex -29.6575 0.130844 2.6
      vertex -29.6575 0.130844 4.2
    endloop
  endfacet
  facet normal 0 1 -0
    outer loop
      vertex -28.85 0.808397 2.6
      vertex -29.1127 0.808397 4.2
      vertex -28.85 0.808397 4.2
    endloop
  endfacet
  facet normal 0 1 0
    outer loop
      vertex -29.1127 0.808397 4.2
      vertex -28.85 0.808397 2.6
      vertex -29.1127 0.808397 2.6
    endloop
  endfacet
  facet normal -0.587785 0.809018 0
    outer loop
      vertex -29.1127 0.808397 2.6
      vertex -29.5377 0.499617 4.2
      vertex -29.1127 0.808397 4.2
    endloop
  endfacet
  facet normal -0.587785 0.809018 0
    outer loop
      vertex -29.5377 0.499617 4.2
      vertex -29.1127 0.808397 2.6
      vertex -29.5377 0.499617 2.6
    endloop
  endfacet
  facet normal -0.951075 -0.308961 0
    outer loop
      vertex -29.5377 -2.59962 2.6
      vertex -29.6575 -2.23084 4.2
      vertex -29.6575 -2.23084 2.6
    endloop
  endfacet
  facet normal -0.951075 -0.308961 0
    outer loop
      vertex -29.6575 -2.23084 4.2
      vertex -29.5377 -2.59962 2.6
      vertex -29.5377 -2.59962 4.2
    endloop
  endfacet
  facet normal 0 -1 0
    outer loop
      vertex -29.1127 -2.9084 2.6
      vertex -28.85 -2.9084 4.2
      vertex -29.1127 -2.9084 4.2
    endloop
  endfacet
  facet normal 0 -1 -0
    outer loop
      vertex -28.85 -2.9084 4.2
      vertex -29.1127 -2.9084 2.6
      vertex -28.85 -2.9084 2.6
    endloop
  endfacet
  facet normal -0.587785 -0.809018 0
    outer loop
      vertex -29.5377 -2.59962 2.6
      vertex -29.1127 -2.9084 4.2
      vertex -29.5377 -2.59962 4.2
    endloop
  endfacet
  facet normal -0.587785 -0.809018 -0
    outer loop
      vertex -29.1127 -2.9084 4.2
      vertex -29.5377 -2.59962 2.6
      vertex -29.1127 -2.9084 2.6
    endloop
  endfacet
  facet normal -0.951075 0.308961 0
    outer loop
      vertex -29.6575 -1.96916 2.6
      vertex -29.5377 -1.60038 4.2
      vertex -29.5377 -1.60038 2.6
    endloop
  endfacet
  facet normal -0.951075 0.308961 0
    outer loop
      vertex -29.5377 -1.60038 4.2
      vertex -29.6575 -1.96916 2.6
      vertex -29.6575 -1.96916 4.2
    endloop
  endfacet
  facet normal 0 1 -0
    outer loop
      vertex -28.85 -1.2916 2.6
      vertex -29.1127 -1.2916 4.2
      vertex -28.85 -1.2916 4.2
    endloop
  endfacet
  facet normal 0 1 0
    outer loop
      vertex -29.1127 -1.2916 4.2
      vertex -28.85 -1.2916 2.6
      vertex -29.1127 -1.2916 2.6
    endloop
  endfacet
  facet normal -0.587785 0.809018 0
    outer loop
      vertex -29.1127 -1.2916 2.6
      vertex -29.5377 -1.60038 4.2
      vertex -29.1127 -1.2916 4.2
    endloop
  endfacet
  facet normal -0.587785 0.809018 0
    outer loop
      vertex -29.5377 -1.60038 4.2
      vertex -29.1127 -1.2916 2.6
      vertex -29.5377 -1.60038 2.6
    endloop
  endfacet
  facet normal -0.951075 -0.308961 0
    outer loop
      vertex -29.5377 -4.69962 2.6
      vertex -29.6575 -4.33084 4.2
      vertex -29.6575 -4.33084 2.6
    endloop
  endfacet
  facet normal -0.951075 -0.308961 0
    outer loop
      vertex -29.6575 -4.33084 4.2
      vertex -29.5377 -4.69962 2.6
      vertex -29.5377 -4.69962 4.2
    endloop
  endfacet
  facet normal 0 -1 0
    outer loop
      vertex -29.1127 -5.0084 2.6
      vertex -28.85 -5.0084 4.2
      vertex -29.1127 -5.0084 4.2
    endloop
  endfacet
  facet normal 0 -1 -0
    outer loop
      vertex -28.85 -5.0084 4.2
      vertex -29.1127 -5.0084 2.6
      vertex -28.85 -5.0084 2.6
    endloop
  endfacet
  facet normal -0.587785 -0.809018 0
    outer loop
      vertex -29.5377 -4.69962 2.6
      vertex -29.1127 -5.0084 4.2
      vertex -29.5377 -4.69962 4.2
    endloop
  endfacet
  facet normal -0.587785 -0.809018 -0
    outer loop
      vertex -29.1127 -5.0084 4.2
      vertex -29.5377 -4.69962 2.6
      vertex -29.1127 -5.0084 2.6
    endloop
  endfacet
  facet normal -0.951075 0.308961 0
    outer loop
      vertex -29.6575 -4.06916 2.6
      vertex -29.5377 -3.70038 4.2
      vertex -29.5377 -3.70038 2.6
    endloop
  endfacet
  facet normal -0.951075 0.308961 0
    outer loop
      vertex -29.5377 -3.70038 4.2
      vertex -29.6575 -4.06916 2.6
      vertex -29.6575 -4.06916 4.2
    endloop
  endfacet
  facet normal 0 1 -0
    outer loop
      vertex -28.85 -3.3916 2.6
      vertex -29.1127 -3.3916 4.2
      vertex -28.85 -3.3916 4.2
    endloop
  endfacet
  facet normal 0 1 0
    outer loop
      vertex -29.1127 -3.3916 4.2
      vertex -28.85 -3.3916 2.6
      vertex -29.1127 -3.3916 2.6
    endloop
  endfacet
  facet normal -0.587785 0.809018 0
    outer loop
      vertex -29.1127 -3.3916 2.6
      vertex -29.5377 -3.70038 4.2
      vertex -29.1127 -3.3916 4.2
    endloop
  endfacet
  facet normal -0.587785 0.809018 0
    outer loop
      vertex -29.5377 -3.70038 4.2
      vertex -29.1127 -3.3916 2.6
      vertex -29.5377 -3.70038 2.6
    endloop
  endfacet
  facet normal -0.951075 -0.308961 0
    outer loop
      vertex -29.5377 -6.79962 2.6
      vertex -29.6575 -6.43084 4.2
      vertex -29.6575 -6.43084 2.6
    endloop
  endfacet
  facet normal -0.951075 -0.308961 0
    outer loop
      vertex -29.6575 -6.43084 4.2
      vertex -29.5377 -6.79962 2.6
      vertex -29.5377 -6.79962 4.2
    endloop
  endfacet
  facet normal 0 -1 0
    outer loop
      vertex -29.1127 -7.1084 2.6
      vertex -28.85 -7.1084 4.2
      vertex -29.1127 -7.1084 4.2
    endloop
  endfacet
  facet normal 0 -1 -0
    outer loop
      vertex -28.85 -7.1084 4.2
      vertex -29.1127 -7.1084 2.6
      vertex -28.85 -7.1084 2.6
    endloop
  endfacet
  facet normal -0.587785 -0.809018 0
    outer loop
      vertex -29.5377 -6.79962 2.6
      vertex -29.1127 -7.1084 4.2
      vertex -29.5377 -6.79962 4.2
    endloop
  endfacet
  facet normal -0.587785 -0.809018 -0
    outer loop
      vertex -29.1127 -7.1084 4.2
      vertex -29.5377 -6.79962 2.6
      vertex -29.1127 -7.1084 2.6
    endloop
  endfacet
  facet normal -0.951075 0.308961 0
    outer loop
      vertex -29.6575 -6.16916 2.6
      vertex -29.5377 -5.80038 4.2
      vertex -29.5377 -5.80038 2.6
    endloop
  endfacet
  facet normal -0.951075 0.308961 0
    outer loop
      vertex -29.5377 -5.80038 4.2
      vertex -29.6575 -6.16916 2.6
      vertex -29.6575 -6.16916 4.2
    endloop
  endfacet
  facet normal -0.587785 0.809018 0
    outer loop
      vertex -29.1127 -5.4916 2.6
      vertex -29.5377 -5.80038 4.2
      vertex -29.1127 -5.4916 4.2
    endloop
  endfacet
  facet normal -0.587785 0.809018 0
    outer loop
      vertex -29.5377 -5.80038 4.2
      vertex -29.1127 -5.4916 2.6
      vertex -29.5377 -5.80038 2.6
    endloop
  endfacet
  facet normal 0 1 -0
    outer loop
      vertex -28.85 -5.4916 2.6
      vertex -29.1127 -5.4916 4.2
      vertex -28.85 -5.4916 4.2
    endloop
  endfacet
  facet normal 0 1 0
    outer loop
      vertex -29.1127 -5.4916 4.2
      vertex -28.85 -5.4916 2.6
      vertex -29.1127 -5.4916 2.6
    endloop
  endfacet
  facet normal -0.951075 -0.308961 0
    outer loop
      vertex -29.5377 -8.89962 2.6
      vertex -29.6575 -8.53084 4.2
      vertex -29.6575 -8.53084 2.6
    endloop
  endfacet
  facet normal -0.951075 -0.308961 0
    outer loop
      vertex -29.6575 -8.53084 4.2
      vertex -29.5377 -8.89962 2.6
      vertex -29.5377 -8.89962 4.2
    endloop
  endfacet
  facet normal 0 -1 0
    outer loop
      vertex -29.1127 -9.2084 2.6
      vertex -28.85 -9.2084 4.2
      vertex -29.1127 -9.2084 4.2
    endloop
  endfacet
  facet normal 0 -1 -0
    outer loop
      vertex -28.85 -9.2084 4.2
      vertex -29.1127 -9.2084 2.6
      vertex -28.85 -9.2084 2.6
    endloop
  endfacet
  facet normal -0.587785 -0.809018 0
    outer loop
      vertex -29.5377 -8.89962 2.6
      vertex -29.1127 -9.2084 4.2
      vertex -29.5377 -8.89962 4.2
    endloop
  endfacet
  facet normal -0.587785 -0.809018 -0
    outer loop
      vertex -29.1127 -9.2084 4.2
      vertex -29.5377 -8.89962 2.6
      vertex -29.1127 -9.2084 2.6
    endloop
  endfacet
  facet normal -0.951075 0.308961 0
    outer loop
      vertex -29.6575 -8.26916 2.6
      vertex -29.5377 -7.90038 4.2
      vertex -29.5377 -7.90038 2.6
    endloop
  endfacet
  facet normal -0.951075 0.308961 0
    outer loop
      vertex -29.5377 -7.90038 4.2
      vertex -29.6575 -8.26916 2.6
      vertex -29.6575 -8.26916 4.2
    endloop
  endfacet
  facet normal 0 1 -0
    outer loop
      vertex -28.85 -7.5916 2.6
      vertex -29.1127 -7.5916 4.2
      vertex -28.85 -7.5916 4.2
    endloop
  endfacet
  facet normal 0 1 0
    outer loop
      vertex -29.1127 -7.5916 4.2
      vertex -28.85 -7.5916 2.6
      vertex -29.1127 -7.5916 2.6
    endloop
  endfacet
  facet normal -0.587785 0.809018 0
    outer loop
      vertex -29.1127 -7.5916 2.6
      vertex -29.5377 -7.90038 4.2
      vertex -29.1127 -7.5916 4.2
    endloop
  endfacet
  facet normal -0.587785 0.809018 0
    outer loop
      vertex -29.5377 -7.90038 4.2
      vertex -29.1127 -7.5916 2.6
      vertex -29.5377 -7.90038 2.6
    endloop
  endfacet
  facet normal 0 -1 0
    outer loop
      vertex -29.1127 -11.3084 2.6
      vertex -28.85 -11.3084 4.2
      vertex -29.1127 -11.3084 4.2
    endloop
  endfacet
  facet normal 0 -1 -0
    outer loop
      vertex -28.85 -11.3084 4.2
      vertex -29.1127 -11.3084 2.6
      vertex -28.85 -11.3084 2.6
    endloop
  endfacet
  facet normal -0.95108 0.308946 0
    outer loop
      vertex -29.6575 -10.3692 2.6
      vertex -29.5377 -10.0004 4.2
      vertex -29.5377 -10.0004 2.6
    endloop
  endfacet
  facet normal -0.95108 0.308946 0
    outer loop
      vertex -29.5377 -10.0004 4.2
      vertex -29.6575 -10.3692 2.6
      vertex -29.6575 -10.3692 4.2
    endloop
  endfacet
  facet normal -0.587809 -0.808999 0
    outer loop
      vertex -29.5377 -10.9996 2.6
      vertex -29.1127 -11.3084 4.2
      vertex -29.5377 -10.9996 4.2
    endloop
  endfacet
  facet normal -0.587809 -0.808999 -0
    outer loop
      vertex -29.1127 -11.3084 4.2
      vertex -29.5377 -10.9996 2.6
      vertex -29.1127 -11.3084 2.6
    endloop
  endfacet
  facet normal -0.587809 0.808999 0
    outer loop
      vertex -29.1127 -9.6916 2.6
      vertex -29.5377 -10.0004 4.2
      vertex -29.1127 -9.6916 4.2
    endloop
  endfacet
  facet normal -0.587809 0.808999 0
    outer loop
      vertex -29.5377 -10.0004 4.2
      vertex -29.1127 -9.6916 2.6
      vertex -29.5377 -10.0004 2.6
    endloop
  endfacet
  facet normal 0 1 -0
    outer loop
      vertex -28.85 -9.6916 2.6
      vertex -29.1127 -9.6916 4.2
      vertex -28.85 -9.6916 4.2
    endloop
  endfacet
  facet normal 0 1 0
    outer loop
      vertex -29.1127 -9.6916 4.2
      vertex -28.85 -9.6916 2.6
      vertex -29.1127 -9.6916 2.6
    endloop
  endfacet
  facet normal -0.95108 -0.308946 0
    outer loop
      vertex -29.5377 -10.9996 2.6
      vertex -29.6575 -10.6308 4.2
      vertex -29.6575 -10.6308 2.6
    endloop
  endfacet
  facet normal -0.95108 -0.308946 0
    outer loop
      vertex -29.6575 -10.6308 4.2
      vertex -29.5377 -10.9996 2.6
      vertex -29.5377 -10.9996 4.2
    endloop
  endfacet
  facet normal -0.95108 0.308946 0
    outer loop
      vertex -29.6575 -12.4692 2.6
      vertex -29.5377 -12.1004 4.2
      vertex -29.5377 -12.1004 2.6
    endloop
  endfacet
  facet normal -0.95108 0.308946 0
    outer loop
      vertex -29.5377 -12.1004 4.2
      vertex -29.6575 -12.4692 2.6
      vertex -29.6575 -12.4692 4.2
    endloop
  endfacet
  facet normal 0 1 -0
    outer loop
      vertex -28.85 -11.7916 2.6
      vertex -29.1127 -11.7916 4.2
      vertex -28.85 -11.7916 4.2
    endloop
  endfacet
  facet normal 0 1 0
    outer loop
      vertex -29.1127 -11.7916 4.2
      vertex -28.85 -11.7916 2.6
      vertex -29.1127 -11.7916 2.6
    endloop
  endfacet
  facet normal -0.587809 0.808999 0
    outer loop
      vertex -29.1127 -11.7916 2.6
      vertex -29.5377 -12.1004 4.2
      vertex -29.1127 -11.7916 4.2
    endloop
  endfacet
  facet normal -0.587809 0.808999 0
    outer loop
      vertex -29.5377 -12.1004 4.2
      vertex -29.1127 -11.7916 2.6
      vertex -29.5377 -12.1004 2.6
    endloop
  endfacet
  facet normal 0.95108 -0.308946 0
    outer loop
      vertex 29.5377 12.1004 4.2
      vertex 29.6575 12.4692 2.6
      vertex 29.6575 12.4692 4.2
    endloop
  endfacet
  facet normal 0.95108 -0.308946 0
    outer loop
      vertex 29.6575 12.4692 2.6
      vertex 29.5377 12.1004 4.2
      vertex 29.5377 12.1004 2.6
    endloop
  endfacet
  facet normal 0 -1 0
    outer loop
      vertex 28.85 11.7916 2.6
      vertex 29.1127 11.7916 4.2
      vertex 28.85 11.7916 4.2
    endloop
  endfacet
  facet normal 0 -1 -0
    outer loop
      vertex 29.1127 11.7916 4.2
      vertex 28.85 11.7916 2.6
      vertex 29.1127 11.7916 2.6
    endloop
  endfacet
  facet normal 0.587809 -0.808999 0
    outer loop
      vertex 29.1127 11.7916 2.6
      vertex 29.5377 12.1004 4.2
      vertex 29.1127 11.7916 4.2
    endloop
  endfacet
  facet normal 0.587809 -0.808999 0
    outer loop
      vertex 29.5377 12.1004 4.2
      vertex 29.1127 11.7916 2.6
      vertex 29.5377 12.1004 2.6
    endloop
  endfacet
  facet normal 0.95108 -0.308946 0
    outer loop
      vertex 29.5377 10.0004 4.2
      vertex 29.6575 10.3692 2.6
      vertex 29.6575 10.3692 4.2
    endloop
  endfacet
  facet normal 0.95108 -0.308946 0
    outer loop
      vertex 29.6575 10.3692 2.6
      vertex 29.5377 10.0004 4.2
      vertex 29.5377 10.0004 2.6
    endloop
  endfacet
  facet normal 0 -1 0
    outer loop
      vertex 28.85 9.6916 2.6
      vertex 29.1127 9.6916 4.2
      vertex 28.85 9.6916 4.2
    endloop
  endfacet
  facet normal 0 -1 -0
    outer loop
      vertex 29.1127 9.6916 4.2
      vertex 28.85 9.6916 2.6
      vertex 29.1127 9.6916 2.6
    endloop
  endfacet
  facet normal 0.587809 -0.808999 0
    outer loop
      vertex 29.1127 9.6916 2.6
      vertex 29.5377 10.0004 4.2
      vertex 29.1127 9.6916 4.2
    endloop
  endfacet
  facet normal 0.587809 -0.808999 0
    outer loop
      vertex 29.5377 10.0004 4.2
      vertex 29.1127 9.6916 2.6
      vertex 29.5377 10.0004 2.6
    endloop
  endfacet
  facet normal 0.95108 0.308946 0
    outer loop
      vertex 29.6575 10.6308 4.2
      vertex 29.5377 10.9996 2.6
      vertex 29.5377 10.9996 4.2
    endloop
  endfacet
  facet normal 0.95108 0.308946 0
    outer loop
      vertex 29.5377 10.9996 2.6
      vertex 29.6575 10.6308 4.2
      vertex 29.6575 10.6308 2.6
    endloop
  endfacet
  facet normal 0.587809 0.808999 -0
    outer loop
      vertex 29.5377 10.9996 2.6
      vertex 29.1127 11.3084 4.2
      vertex 29.5377 10.9996 4.2
    endloop
  endfacet
  facet normal 0.587809 0.808999 0
    outer loop
      vertex 29.1127 11.3084 4.2
      vertex 29.5377 10.9996 2.6
      vertex 29.1127 11.3084 2.6
    endloop
  endfacet
  facet normal 0 1 -0
    outer loop
      vertex 29.1127 11.3084 2.6
      vertex 28.85 11.3084 4.2
      vertex 29.1127 11.3084 4.2
    endloop
  endfacet
  facet normal 0 1 0
    outer loop
      vertex 28.85 11.3084 4.2
      vertex 29.1127 11.3084 2.6
      vertex 28.85 11.3084 2.6
    endloop
  endfacet
  facet normal 0.951075 -0.308961 0
    outer loop
      vertex 29.5377 7.90038 4.2
      vertex 29.6575 8.26916 2.6
      vertex 29.6575 8.26916 4.2
    endloop
  endfacet
  facet normal 0.951075 -0.308961 0
    outer loop
      vertex 29.6575 8.26916 2.6
      vertex 29.5377 7.90038 4.2
      vertex 29.5377 7.90038 2.6
    endloop
  endfacet
  facet normal 0 -1 0
    outer loop
      vertex 28.85 7.5916 2.6
      vertex 29.1127 7.5916 4.2
      vertex 28.85 7.5916 4.2
    endloop
  endfacet
  facet normal 0 -1 -0
    outer loop
      vertex 29.1127 7.5916 4.2
      vertex 28.85 7.5916 2.6
      vertex 29.1127 7.5916 2.6
    endloop
  endfacet
  facet normal 0.587785 -0.809018 0
    outer loop
      vertex 29.1127 7.5916 2.6
      vertex 29.5377 7.90038 4.2
      vertex 29.1127 7.5916 4.2
    endloop
  endfacet
  facet normal 0.587785 -0.809018 0
    outer loop
      vertex 29.5377 7.90038 4.2
      vertex 29.1127 7.5916 2.6
      vertex 29.5377 7.90038 2.6
    endloop
  endfacet
  facet normal 0.951075 0.308961 0
    outer loop
      vertex 29.6575 8.53084 4.2
      vertex 29.5377 8.89962 2.6
      vertex 29.5377 8.89962 4.2
    endloop
  endfacet
  facet normal 0.951075 0.308961 0
    outer loop
      vertex 29.5377 8.89962 2.6
      vertex 29.6575 8.53084 4.2
      vertex 29.6575 8.53084 2.6
    endloop
  endfacet
  facet normal 0.587785 0.809018 -0
    outer loop
      vertex 29.5377 8.89962 2.6
      vertex 29.1127 9.2084 4.2
      vertex 29.5377 8.89962 4.2
    endloop
  endfacet
  facet normal 0.587785 0.809018 0
    outer loop
      vertex 29.1127 9.2084 4.2
      vertex 29.5377 8.89962 2.6
      vertex 29.1127 9.2084 2.6
    endloop
  endfacet
  facet normal 0 1 -0
    outer loop
      vertex 29.1127 9.2084 2.6
      vertex 28.85 9.2084 4.2
      vertex 29.1127 9.2084 4.2
    endloop
  endfacet
  facet normal 0 1 0
    outer loop
      vertex 28.85 9.2084 4.2
      vertex 29.1127 9.2084 2.6
      vertex 28.85 9.2084 2.6
    endloop
  endfacet
  facet normal 0.951075 -0.308961 0
    outer loop
      vertex 29.5377 5.80038 4.2
      vertex 29.6575 6.16916 2.6
      vertex 29.6575 6.16916 4.2
    endloop
  endfacet
  facet normal 0.951075 -0.308961 0
    outer loop
      vertex 29.6575 6.16916 2.6
      vertex 29.5377 5.80038 4.2
      vertex 29.5377 5.80038 2.6
    endloop
  endfacet
  facet normal 0 -1 0
    outer loop
      vertex 28.85 5.4916 2.6
      vertex 29.1127 5.4916 4.2
      vertex 28.85 5.4916 4.2
    endloop
  endfacet
  facet normal 0 -1 -0
    outer loop
      vertex 29.1127 5.4916 4.2
      vertex 28.85 5.4916 2.6
      vertex 29.1127 5.4916 2.6
    endloop
  endfacet
  facet normal 0.587785 -0.809018 0
    outer loop
      vertex 29.1127 5.4916 2.6
      vertex 29.5377 5.80038 4.2
      vertex 29.1127 5.4916 4.2
    endloop
  endfacet
  facet normal 0.587785 -0.809018 0
    outer loop
      vertex 29.5377 5.80038 4.2
      vertex 29.1127 5.4916 2.6
      vertex 29.5377 5.80038 2.6
    endloop
  endfacet
  facet normal 0.951075 0.308961 0
    outer loop
      vertex 29.6575 6.43084 4.2
      vertex 29.5377 6.79962 2.6
      vertex 29.5377 6.79962 4.2
    endloop
  endfacet
  facet normal 0.951075 0.308961 0
    outer loop
      vertex 29.5377 6.79962 2.6
      vertex 29.6575 6.43084 4.2
      vertex 29.6575 6.43084 2.6
    endloop
  endfacet
  facet normal 0 1 -0
    outer loop
      vertex 29.1127 7.1084 2.6
      vertex 28.85 7.1084 4.2
      vertex 29.1127 7.1084 4.2
    endloop
  endfacet
  facet normal 0 1 0
    outer loop
      vertex 28.85 7.1084 4.2
      vertex 29.1127 7.1084 2.6
      vertex 28.85 7.1084 2.6
    endloop
  endfacet
  facet normal 0.587785 0.809018 -0
    outer loop
      vertex 29.5377 6.79962 2.6
      vertex 29.1127 7.1084 4.2
      vertex 29.5377 6.79962 4.2
    endloop
  endfacet
  facet normal 0.587785 0.809018 0
    outer loop
      vertex 29.1127 7.1084 4.2
      vertex 29.5377 6.79962 2.6
      vertex 29.1127 7.1084 2.6
    endloop
  endfacet
  facet normal 0.951075 -0.308961 0
    outer loop
      vertex 29.5377 3.70038 4.2
      vertex 29.6575 4.06916 2.6
      vertex 29.6575 4.06916 4.2
    endloop
  endfacet
  facet normal 0.951075 -0.308961 0
    outer loop
      vertex 29.6575 4.06916 2.6
      vertex 29.5377 3.70038 4.2
      vertex 29.5377 3.70038 2.6
    endloop
  endfacet
  facet normal 0 -1 0
    outer loop
      vertex 28.85 3.3916 2.6
      vertex 29.1127 3.3916 4.2
      vertex 28.85 3.3916 4.2
    endloop
  endfacet
  facet normal 0 -1 -0
    outer loop
      vertex 29.1127 3.3916 4.2
      vertex 28.85 3.3916 2.6
      vertex 29.1127 3.3916 2.6
    endloop
  endfacet
  facet normal 0.587785 -0.809018 0
    outer loop
      vertex 29.1127 3.3916 2.6
      vertex 29.5377 3.70038 4.2
      vertex 29.1127 3.3916 4.2
    endloop
  endfacet
  facet normal 0.587785 -0.809018 0
    outer loop
      vertex 29.5377 3.70038 4.2
      vertex 29.1127 3.3916 2.6
      vertex 29.5377 3.70038 2.6
    endloop
  endfacet
  facet normal 0.587785 0.809018 -0
    outer loop
      vertex 29.5377 4.69962 2.6
      vertex 29.1127 5.0084 4.2
      vertex 29.5377 4.69962 4.2
    endloop
  endfacet
  facet normal 0.587785 0.809018 0
    outer loop
      vertex 29.1127 5.0084 4.2
      vertex 29.5377 4.69962 2.6
      vertex 29.1127 5.0084 2.6
    endloop
  endfacet
  facet normal 0.951075 0.308961 0
    outer loop
      vertex 29.6575 4.33084 4.2
      vertex 29.5377 4.69962 2.6
      vertex 29.5377 4.69962 4.2
    endloop
  endfacet
  facet normal 0.951075 0.308961 0
    outer loop
      vertex 29.5377 4.69962 2.6
      vertex 29.6575 4.33084 4.2
      vertex 29.6575 4.33084 2.6
    endloop
  endfacet
  facet normal 0 1 -0
    outer loop
      vertex 29.1127 5.0084 2.6
      vertex 28.85 5.0084 4.2
      vertex 29.1127 5.0084 4.2
    endloop
  endfacet
  facet normal 0 1 0
    outer loop
      vertex 28.85 5.0084 4.2
      vertex 29.1127 5.0084 2.6
      vertex 28.85 5.0084 2.6
    endloop
  endfacet
  facet normal 0.951075 -0.308961 0
    outer loop
      vertex 29.5377 1.60038 4.2
      vertex 29.6575 1.96916 2.6
      vertex 29.6575 1.96916 4.2
    endloop
  endfacet
  facet normal 0.951075 -0.308961 0
    outer loop
      vertex 29.6575 1.96916 2.6
      vertex 29.5377 1.60038 4.2
      vertex 29.5377 1.60038 2.6
    endloop
  endfacet
  facet normal 0 -1 0
    outer loop
      vertex 28.85 1.2916 2.6
      vertex 29.1127 1.2916 4.2
      vertex 28.85 1.2916 4.2
    endloop
  endfacet
  facet normal 0 -1 -0
    outer loop
      vertex 29.1127 1.2916 4.2
      vertex 28.85 1.2916 2.6
      vertex 29.1127 1.2916 2.6
    endloop
  endfacet
  facet normal 0.587785 -0.809018 0
    outer loop
      vertex 29.1127 1.2916 2.6
      vertex 29.5377 1.60038 4.2
      vertex 29.1127 1.2916 4.2
    endloop
  endfacet
  facet normal 0.587785 -0.809018 0
    outer loop
      vertex 29.5377 1.60038 4.2
      vertex 29.1127 1.2916 2.6
      vertex 29.5377 1.60038 2.6
    endloop
  endfacet
  facet normal 0.951075 0.308961 0
    outer loop
      vertex 29.6575 2.23084 4.2
      vertex 29.5377 2.59962 2.6
      vertex 29.5377 2.59962 4.2
    endloop
  endfacet
  facet normal 0.951075 0.308961 0
    outer loop
      vertex 29.5377 2.59962 2.6
      vertex 29.6575 2.23084 4.2
      vertex 29.6575 2.23084 2.6
    endloop
  endfacet
  facet normal 0.587785 0.809018 -0
    outer loop
      vertex 29.5377 2.59962 2.6
      vertex 29.1127 2.9084 4.2
      vertex 29.5377 2.59962 4.2
    endloop
  endfacet
  facet normal 0.587785 0.809018 0
    outer loop
      vertex 29.1127 2.9084 4.2
      vertex 29.5377 2.59962 2.6
      vertex 29.1127 2.9084 2.6
    endloop
  endfacet
  facet normal 0 1 -0
    outer loop
      vertex 29.1127 2.9084 2.6
      vertex 28.85 2.9084 4.2
      vertex 29.1127 2.9084 4.2
    endloop
  endfacet
  facet normal 0 1 0
    outer loop
      vertex 28.85 2.9084 4.2
      vertex 29.1127 2.9084 2.6
      vertex 28.85 2.9084 2.6
    endloop
  endfacet
  facet normal 0.951073 -0.308967 0
    outer loop
      vertex 29.5377 -0.499617 4.2
      vertex 29.6575 -0.130844 2.6
      vertex 29.6575 -0.130844 4.2
    endloop
  endfacet
  facet normal 0.951073 -0.308967 0
    outer loop
      vertex 29.6575 -0.130844 2.6
      vertex 29.5377 -0.499617 4.2
      vertex 29.5377 -0.499617 2.6
    endloop
  endfacet
  facet normal 0 -1 0
    outer loop
      vertex 28.85 -0.808397 2.6
      vertex 29.1127 -0.808397 4.2
      vertex 28.85 -0.808397 4.2
    endloop
  endfacet
  facet normal 0 -1 -0
    outer loop
      vertex 29.1127 -0.808397 4.2
      vertex 28.85 -0.808397 2.6
      vertex 29.1127 -0.808397 2.6
    endloop
  endfacet
  facet normal 0.587785 -0.809018 0
    outer loop
      vertex 29.1127 -0.808397 2.6
      vertex 29.5377 -0.499617 4.2
      vertex 29.1127 -0.808397 4.2
    endloop
  endfacet
  facet normal 0.587785 -0.809018 0
    outer loop
      vertex 29.5377 -0.499617 4.2
      vertex 29.1127 -0.808397 2.6
      vertex 29.5377 -0.499617 2.6
    endloop
  endfacet
  facet normal 0.951073 0.308967 0
    outer loop
      vertex 29.6575 0.130844 4.2
      vertex 29.5377 0.499617 2.6
      vertex 29.5377 0.499617 4.2
    endloop
  endfacet
  facet normal 0.951073 0.308967 0
    outer loop
      vertex 29.5377 0.499617 2.6
      vertex 29.6575 0.130844 4.2
      vertex 29.6575 0.130844 2.6
    endloop
  endfacet
  facet normal 0 1 -0
    outer loop
      vertex 29.1127 0.808397 2.6
      vertex 28.85 0.808397 4.2
      vertex 29.1127 0.808397 4.2
    endloop
  endfacet
  facet normal 0 1 0
    outer loop
      vertex 28.85 0.808397 4.2
      vertex 29.1127 0.808397 2.6
      vertex 28.85 0.808397 2.6
    endloop
  endfacet
  facet normal 0.587785 0.809018 -0
    outer loop
      vertex 29.5377 0.499617 2.6
      vertex 29.1127 0.808397 4.2
      vertex 29.5377 0.499617 4.2
    endloop
  endfacet
  facet normal 0.587785 0.809018 0
    outer loop
      vertex 29.1127 0.808397 4.2
      vertex 29.5377 0.499617 2.6
      vertex 29.1127 0.808397 2.6
    endloop
  endfacet
  facet normal 0.951075 -0.308961 0
    outer loop
      vertex 29.5377 -2.59962 4.2
      vertex 29.6575 -2.23084 2.6
      vertex 29.6575 -2.23084 4.2
    endloop
  endfacet
  facet normal 0.951075 -0.308961 0
    outer loop
      vertex 29.6575 -2.23084 2.6
      vertex 29.5377 -2.59962 4.2
      vertex 29.5377 -2.59962 2.6
    endloop
  endfacet
  facet normal 0 -1 0
    outer loop
      vertex 28.85 -2.9084 2.6
      vertex 29.1127 -2.9084 4.2
      vertex 28.85 -2.9084 4.2
    endloop
  endfacet
  facet normal 0 -1 -0
    outer loop
      vertex 29.1127 -2.9084 4.2
      vertex 28.85 -2.9084 2.6
      vertex 29.1127 -2.9084 2.6
    endloop
  endfacet
  facet normal 0.587785 -0.809018 0
    outer loop
      vertex 29.1127 -2.9084 2.6
      vertex 29.5377 -2.59962 4.2
      vertex 29.1127 -2.9084 4.2
    endloop
  endfacet
  facet normal 0.587785 -0.809018 0
    outer loop
      vertex 29.5377 -2.59962 4.2
      vertex 29.1127 -2.9084 2.6
      vertex 29.5377 -2.59962 2.6
    endloop
  endfacet
  facet normal 0.951075 0.308961 0
    outer loop
      vertex 29.6575 -1.96916 4.2
      vertex 29.5377 -1.60038 2.6
      vertex 29.5377 -1.60038 4.2
    endloop
  endfacet
  facet normal 0.951075 0.308961 0
    outer loop
      vertex 29.5377 -1.60038 2.6
      vertex 29.6575 -1.96916 4.2
      vertex 29.6575 -1.96916 2.6
    endloop
  endfacet
  facet normal 0.587785 0.809018 -0
    outer loop
      vertex 29.5377 -1.60038 2.6
      vertex 29.1127 -1.2916 4.2
      vertex 29.5377 -1.60038 4.2
    endloop
  endfacet
  facet normal 0.587785 0.809018 0
    outer loop
      vertex 29.1127 -1.2916 4.2
      vertex 29.5377 -1.60038 2.6
      vertex 29.1127 -1.2916 2.6
    endloop
  endfacet
  facet normal 0 1 -0
    outer loop
      vertex 29.1127 -1.2916 2.6
      vertex 28.85 -1.2916 4.2
      vertex 29.1127 -1.2916 4.2
    endloop
  endfacet
  facet normal 0 1 0
    outer loop
      vertex 28.85 -1.2916 4.2
      vertex 29.1127 -1.2916 2.6
      vertex 28.85 -1.2916 2.6
    endloop
  endfacet
  facet normal 0.951075 -0.308961 0
    outer loop
      vertex 29.5377 -4.69962 4.2
      vertex 29.6575 -4.33084 2.6
      vertex 29.6575 -4.33084 4.2
    endloop
  endfacet
  facet normal 0.951075 -0.308961 0
    outer loop
      vertex 29.6575 -4.33084 2.6
      vertex 29.5377 -4.69962 4.2
      vertex 29.5377 -4.69962 2.6
    endloop
  endfacet
  facet normal 0 -1 0
    outer loop
      vertex 28.85 -5.0084 2.6
      vertex 29.1127 -5.0084 4.2
      vertex 28.85 -5.0084 4.2
    endloop
  endfacet
  facet normal 0 -1 -0
    outer loop
      vertex 29.1127 -5.0084 4.2
      vertex 28.85 -5.0084 2.6
      vertex 29.1127 -5.0084 2.6
    endloop
  endfacet
  facet normal 0.587785 -0.809018 0
    outer loop
      vertex 29.1127 -5.0084 2.6
      vertex 29.5377 -4.69962 4.2
      vertex 29.1127 -5.0084 4.2
    endloop
  endfacet
  facet normal 0.587785 -0.809018 0
    outer loop
      vertex 29.5377 -4.69962 4.2
      vertex 29.1127 -5.0084 2.6
      vertex 29.5377 -4.69962 2.6
    endloop
  endfacet
  facet normal 0.951075 0.308961 0
    outer loop
      vertex 29.6575 -4.06916 4.2
      vertex 29.5377 -3.70038 2.6
      vertex 29.5377 -3.70038 4.2
    endloop
  endfacet
  facet normal 0.951075 0.308961 0
    outer loop
      vertex 29.5377 -3.70038 2.6
      vertex 29.6575 -4.06916 4.2
      vertex 29.6575 -4.06916 2.6
    endloop
  endfacet
  facet normal 0 1 -0
    outer loop
      vertex 29.1127 -3.3916 2.6
      vertex 28.85 -3.3916 4.2
      vertex 29.1127 -3.3916 4.2
    endloop
  endfacet
  facet normal 0 1 0
    outer loop
      vertex 28.85 -3.3916 4.2
      vertex 29.1127 -3.3916 2.6
      vertex 28.85 -3.3916 2.6
    endloop
  endfacet
  facet normal 0.587785 0.809018 -0
    outer loop
      vertex 29.5377 -3.70038 2.6
      vertex 29.1127 -3.3916 4.2
      vertex 29.5377 -3.70038 4.2
    endloop
  endfacet
  facet normal 0.587785 0.809018 0
    outer loop
      vertex 29.1127 -3.3916 4.2
      vertex 29.5377 -3.70038 2.6
      vertex 29.1127 -3.3916 2.6
    endloop
  endfacet
  facet normal 0.951075 -0.308961 0
    outer loop
      vertex 29.5377 -6.79962 4.2
      vertex 29.6575 -6.43084 2.6
      vertex 29.6575 -6.43084 4.2
    endloop
  endfacet
  facet normal 0.951075 -0.308961 0
    outer loop
      vertex 29.6575 -6.43084 2.6
      vertex 29.5377 -6.79962 4.2
      vertex 29.5377 -6.79962 2.6
    endloop
  endfacet
  facet normal 0 -1 0
    outer loop
      vertex 28.85 -7.1084 2.6
      vertex 29.1127 -7.1084 4.2
      vertex 28.85 -7.1084 4.2
    endloop
  endfacet
  facet normal 0 -1 -0
    outer loop
      vertex 29.1127 -7.1084 4.2
      vertex 28.85 -7.1084 2.6
      vertex 29.1127 -7.1084 2.6
    endloop
  endfacet
  facet normal 0.587785 -0.809018 0
    outer loop
      vertex 29.1127 -7.1084 2.6
      vertex 29.5377 -6.79962 4.2
      vertex 29.1127 -7.1084 4.2
    endloop
  endfacet
  facet normal 0.587785 -0.809018 0
    outer loop
      vertex 29.5377 -6.79962 4.2
      vertex 29.1127 -7.1084 2.6
      vertex 29.5377 -6.79962 2.6
    endloop
  endfacet
  facet normal 0.587785 0.809018 -0
    outer loop
      vertex 29.5377 -5.80038 2.6
      vertex 29.1127 -5.4916 4.2
      vertex 29.5377 -5.80038 4.2
    endloop
  endfacet
  facet normal 0.587785 0.809018 0
    outer loop
      vertex 29.1127 -5.4916 4.2
      vertex 29.5377 -5.80038 2.6
      vertex 29.1127 -5.4916 2.6
    endloop
  endfacet
  facet normal 0.951075 0.308961 0
    outer loop
      vertex 29.6575 -6.16916 4.2
      vertex 29.5377 -5.80038 2.6
      vertex 29.5377 -5.80038 4.2
    endloop
  endfacet
  facet normal 0.951075 0.308961 0
    outer loop
      vertex 29.5377 -5.80038 2.6
      vertex 29.6575 -6.16916 4.2
      vertex 29.6575 -6.16916 2.6
    endloop
  endfacet
  facet normal 0 1 -0
    outer loop
      vertex 29.1127 -5.4916 2.6
      vertex 28.85 -5.4916 4.2
      vertex 29.1127 -5.4916 4.2
    endloop
  endfacet
  facet normal 0 1 0
    outer loop
      vertex 28.85 -5.4916 4.2
      vertex 29.1127 -5.4916 2.6
      vertex 28.85 -5.4916 2.6
    endloop
  endfacet
  facet normal 0.951075 -0.308961 0
    outer loop
      vertex 29.5377 -8.89962 4.2
      vertex 29.6575 -8.53084 2.6
      vertex 29.6575 -8.53084 4.2
    endloop
  endfacet
  facet normal 0.951075 -0.308961 0
    outer loop
      vertex 29.6575 -8.53084 2.6
      vertex 29.5377 -8.89962 4.2
      vertex 29.5377 -8.89962 2.6
    endloop
  endfacet
  facet normal 0 -1 0
    outer loop
      vertex 28.85 -9.2084 2.6
      vertex 29.1127 -9.2084 4.2
      vertex 28.85 -9.2084 4.2
    endloop
  endfacet
  facet normal 0 -1 -0
    outer loop
      vertex 29.1127 -9.2084 4.2
      vertex 28.85 -9.2084 2.6
      vertex 29.1127 -9.2084 2.6
    endloop
  endfacet
  facet normal 0.587785 -0.809018 0
    outer loop
      vertex 29.1127 -9.2084 2.6
      vertex 29.5377 -8.89962 4.2
      vertex 29.1127 -9.2084 4.2
    endloop
  endfacet
  facet normal 0.587785 -0.809018 0
    outer loop
      vertex 29.5377 -8.89962 4.2
      vertex 29.1127 -9.2084 2.6
      vertex 29.5377 -8.89962 2.6
    endloop
  endfacet
  facet normal 0.951075 0.308961 0
    outer loop
      vertex 29.6575 -8.26916 4.2
      vertex 29.5377 -7.90038 2.6
      vertex 29.5377 -7.90038 4.2
    endloop
  endfacet
  facet normal 0.951075 0.308961 0
    outer loop
      vertex 29.5377 -7.90038 2.6
      vertex 29.6575 -8.26916 4.2
      vertex 29.6575 -8.26916 2.6
    endloop
  endfacet
  facet normal 0.587785 0.809018 -0
    outer loop
      vertex 29.5377 -7.90038 2.6
      vertex 29.1127 -7.5916 4.2
      vertex 29.5377 -7.90038 4.2
    endloop
  endfacet
  facet normal 0.587785 0.809018 0
    outer loop
      vertex 29.1127 -7.5916 4.2
      vertex 29.5377 -7.90038 2.6
      vertex 29.1127 -7.5916 2.6
    endloop
  endfacet
  facet normal 0 1 -0
    outer loop
      vertex 29.1127 -7.5916 2.6
      vertex 28.85 -7.5916 4.2
      vertex 29.1127 -7.5916 4.2
    endloop
  endfacet
  facet normal 0 1 0
    outer loop
      vertex 28.85 -7.5916 4.2
      vertex 29.1127 -7.5916 2.6
      vertex 28.85 -7.5916 2.6
    endloop
  endfacet
  facet normal 0.95108 -0.308946 0
    outer loop
      vertex 29.5377 -10.9996 4.2
      vertex 29.6575 -10.6308 2.6
      vertex 29.6575 -10.6308 4.2
    endloop
  endfacet
  facet normal 0.95108 -0.308946 0
    outer loop
      vertex 29.6575 -10.6308 2.6
      vertex 29.5377 -10.9996 4.2
      vertex 29.5377 -10.9996 2.6
    endloop
  endfacet
  facet normal 0 -1 0
    outer loop
      vertex 28.85 -11.3084 2.6
      vertex 29.1127 -11.3084 4.2
      vertex 28.85 -11.3084 4.2
    endloop
  endfacet
  facet normal 0 -1 -0
    outer loop
      vertex 29.1127 -11.3084 4.2
      vertex 28.85 -11.3084 2.6
      vertex 29.1127 -11.3084 2.6
    endloop
  endfacet
  facet normal 0.587809 -0.808999 0
    outer loop
      vertex 29.1127 -11.3084 2.6
      vertex 29.5377 -10.9996 4.2
      vertex 29.1127 -11.3084 4.2
    endloop
  endfacet
  facet normal 0.587809 -0.808999 0
    outer loop
      vertex 29.5377 -10.9996 4.2
      vertex 29.1127 -11.3084 2.6
      vertex 29.5377 -10.9996 2.6
    endloop
  endfacet
  facet normal 0.587809 0.808999 -0
    outer loop
      vertex 29.5377 -10.0004 2.6
      vertex 29.1127 -9.6916 4.2
      vertex 29.5377 -10.0004 4.2
    endloop
  endfacet
  facet normal 0.587809 0.808999 0
    outer loop
      vertex 29.1127 -9.6916 4.2
      vertex 29.5377 -10.0004 2.6
      vertex 29.1127 -9.6916 2.6
    endloop
  endfacet
  facet normal 0.95108 0.308946 0
    outer loop
      vertex 29.6575 -10.3692 4.2
      vertex 29.5377 -10.0004 2.6
      vertex 29.5377 -10.0004 4.2
    endloop
  endfacet
  facet normal 0.95108 0.308946 0
    outer loop
      vertex 29.5377 -10.0004 2.6
      vertex 29.6575 -10.3692 4.2
      vertex 29.6575 -10.3692 2.6
    endloop
  endfacet
  facet normal 0 1 -0
    outer loop
      vertex 29.1127 -9.6916 2.6
      vertex 28.85 -9.6916 4.2
      vertex 29.1127 -9.6916 4.2
    endloop
  endfacet
  facet normal 0 1 0
    outer loop
      vertex 28.85 -9.6916 4.2
      vertex 29.1127 -9.6916 2.6
      vertex 28.85 -9.6916 2.6
    endloop
  endfacet
  facet normal 0.95108 0.308946 0
    outer loop
      vertex 29.6575 -12.4692 4.2
      vertex 29.5377 -12.1004 2.6
      vertex 29.5377 -12.1004 4.2
    endloop
  endfacet
  facet normal 0.95108 0.308946 0
    outer loop
      vertex 29.5377 -12.1004 2.6
      vertex 29.6575 -12.4692 4.2
      vertex 29.6575 -12.4692 2.6
    endloop
  endfacet
  facet normal 0.587809 0.808999 -0
    outer loop
      vertex 29.5377 -12.1004 2.6
      vertex 29.1127 -11.7916 4.2
      vertex 29.5377 -12.1004 4.2
    endloop
  endfacet
  facet normal 0.587809 0.808999 0
    outer loop
      vertex 29.1127 -11.7916 4.2
      vertex 29.5377 -12.1004 2.6
      vertex 29.1127 -11.7916 2.6
    endloop
  endfacet
  facet normal 0 1 -0
    outer loop
      vertex 29.1127 -11.7916 2.6
      vertex 28.85 -11.7916 4.2
      vertex 29.1127 -11.7916 4.2
    endloop
  endfacet
  facet normal 0 1 0
    outer loop
      vertex 28.85 -11.7916 4.2
      vertex 29.1127 -11.7916 2.6
      vertex 28.85 -11.7916 2.6
    endloop
  endfacet
  facet normal -0.587892 0.808939 0
    outer loop
      vertex -29.3138 13.3623 2.6
      vertex -29.5202 13.2123 4.2
      vertex -29.3138 13.3623 4.2
    endloop
  endfacet
  facet normal -0.587892 0.808939 0
    outer loop
      vertex -29.5202 13.2123 4.2
      vertex -29.3138 13.3623 2.6
      vertex -29.5202 13.2123 2.6
    endloop
  endfacet
  facet normal -0.951064 -0.308994 0
    outer loop
      vertex -29.3138 13.3623 2.6
      vertex -29.4049 13.6427 4.2
      vertex -29.4049 13.6427 2.6
    endloop
  endfacet
  facet normal -0.951064 -0.308994 0
    outer loop
      vertex -29.4049 13.6427 4.2
      vertex -29.3138 13.3623 2.6
      vertex -29.3138 13.3623 4.2
    endloop
  endfacet
  facet normal 0 1 -0
    outer loop
      vertex -28.7677 14.6564 2.6
      vertex -28.8843 14.6564 4.2
      vertex -28.7677 14.6564 4.2
    endloop
  endfacet
  facet normal 0 1 0
    outer loop
      vertex -28.8843 14.6564 4.2
      vertex -28.7677 14.6564 2.6
      vertex -28.8843 14.6564 2.6
    endloop
  endfacet
  facet normal -0.587829 0.808985 0
    outer loop
      vertex -28.8843 14.6564 2.6
      vertex -29.1934 14.4318 4.2
      vertex -28.8843 14.6564 4.2
    endloop
  endfacet
  facet normal -0.587829 0.808985 0
    outer loop
      vertex -29.1934 14.4318 4.2
      vertex -28.8843 14.6564 2.6
      vertex -29.1934 14.4318 2.6
    endloop
  endfacet
  facet normal -0.951021 -0.309125 0
    outer loop
      vertex -28.7677 14.6564 2.6
      vertex -28.8213 14.8213 4.2
      vertex -28.8213 14.8213 2.6
    endloop
  endfacet
  facet normal -0.951021 -0.309125 0
    outer loop
      vertex -28.8213 14.8213 4.2
      vertex -28.7677 14.6564 2.6
      vertex -28.7677 14.6564 4.2
    endloop
  endfacet
  facet normal -0.951082 0.308939 0
    outer loop
      vertex -28.8213 14.8213 2.6
      vertex -28.7691 14.982 4.2
      vertex -28.7691 14.982 2.6
    endloop
  endfacet
  facet normal -0.951082 0.308939 0
    outer loop
      vertex -28.7691 14.982 4.2
      vertex -28.8213 14.8213 2.6
      vertex -28.8213 14.8213 4.2
    endloop
  endfacet
  facet normal 0 1 -0
    outer loop
      vertex -27.7967 15.6297 2.6
      vertex -28.1214 15.6297 4.2
      vertex -27.7967 15.6297 4.2
    endloop
  endfacet
  facet normal 0 1 0
    outer loop
      vertex -28.1214 15.6297 4.2
      vertex -27.7967 15.6297 2.6
      vertex -28.1214 15.6297 2.6
    endloop
  endfacet
  facet normal -0.95105 0.309036 0
    outer loop
      vertex -27.7967 15.6297 2.6
      vertex -27.6857 15.9713 4.2
      vertex -27.6857 15.9713 2.6
    endloop
  endfacet
  facet normal -0.95105 0.309036 0
    outer loop
      vertex -27.6857 15.9713 4.2
      vertex -27.7967 15.6297 2.6
      vertex -27.7967 15.6297 4.2
    endloop
  endfacet
  facet normal 0.587834 0.808981 -0
    outer loop
      vertex -26.5543 16.1485 2.6
      vertex -26.7255 16.2729 4.2
      vertex -26.5543 16.1485 4.2
    endloop
  endfacet
  facet normal 0.587834 0.808981 0
    outer loop
      vertex -26.7255 16.2729 4.2
      vertex -26.5543 16.1485 2.6
      vertex -26.7255 16.2729 2.6
    endloop
  endfacet
  facet normal -0.587873 0.808953 0
    outer loop
      vertex -27.6696 15.983 2.6
      vertex -27.6857 15.9713 4.2
      vertex -27.6696 15.983 4.2
    endloop
  endfacet
  facet normal -0.587873 0.808953 0
    outer loop
      vertex -27.6857 15.9713 4.2
      vertex -27.6696 15.983 2.6
      vertex -27.6857 15.9713 2.6
    endloop
  endfacet
  facet normal -0.951075 0.30896 0
    outer loop
      vertex -26.5543 16.1485 2.6
      vertex -26.5377 16.1996 4.2
      vertex -26.5377 16.1996 2.6
    endloop
  endfacet
  facet normal -0.951075 0.30896 0
    outer loop
      vertex -26.5377 16.1996 4.2
      vertex -26.5543 16.1485 2.6
      vertex -26.5543 16.1485 4.2
    endloop
  endfacet
  facet normal 0.587857 0.808965 -0
    outer loop
      vertex -25.525 16.4631 2.6
      vertex -25.5861 16.5075 4.2
      vertex -25.525 16.4631 4.2
    endloop
  endfacet
  facet normal 0.587857 0.808965 0
    outer loop
      vertex -25.5861 16.5075 4.2
      vertex -25.525 16.4631 2.6
      vertex -25.5861 16.5075 2.6
    endloop
  endfacet
  facet normal -0.587833 0.808983 0
    outer loop
      vertex -26.2681 16.3955 2.6
      vertex -26.5377 16.1996 4.2
      vertex -26.2681 16.3955 4.2
    endloop
  endfacet
  facet normal -0.587833 0.808983 0
    outer loop
      vertex -26.5377 16.1996 4.2
      vertex -26.2681 16.3955 2.6
      vertex -26.5377 16.1996 2.6
    endloop
  endfacet
  facet normal -0.587892 -0.808939 0
    outer loop
      vertex -29.5202 -13.2123 2.6
      vertex -29.3138 -13.3623 4.2
      vertex -29.5202 -13.2123 4.2
    endloop
  endfacet
  facet normal -0.587892 -0.808939 -0
    outer loop
      vertex -29.3138 -13.3623 4.2
      vertex -29.5202 -13.2123 2.6
      vertex -29.3138 -13.3623 2.6
    endloop
  endfacet
  facet normal 0 -1 0
    outer loop
      vertex -28.8843 -14.6564 2.6
      vertex -28.7677 -14.6564 4.2
      vertex -28.8843 -14.6564 4.2
    endloop
  endfacet
  facet normal 0 -1 -0
    outer loop
      vertex -28.7677 -14.6564 4.2
      vertex -28.8843 -14.6564 2.6
      vertex -28.7677 -14.6564 2.6
    endloop
  endfacet
  facet normal -0.587828 -0.808986 0
    outer loop
      vertex -29.1506 -14.4629 2.6
      vertex -28.8843 -14.6564 4.2
      vertex -29.1506 -14.4629 4.2
    endloop
  endfacet
  facet normal -0.587828 -0.808986 -0
    outer loop
      vertex -28.8843 -14.6564 4.2
      vertex -29.1506 -14.4629 2.6
      vertex -28.8843 -14.6564 2.6
    endloop
  endfacet
  facet normal -0.951064 0.308994 0
    outer loop
      vertex -29.4049 -13.6427 2.6
      vertex -29.3138 -13.3623 4.2
      vertex -29.3138 -13.3623 2.6
    endloop
  endfacet
  facet normal -0.951064 0.308994 0
    outer loop
      vertex -29.3138 -13.3623 4.2
      vertex -29.4049 -13.6427 2.6
      vertex -29.4049 -13.6427 4.2
    endloop
  endfacet
  facet normal -0.951082 -0.308939 0
    outer loop
      vertex -28.7691 -14.982 2.6
      vertex -28.8213 -14.8213 4.2
      vertex -28.8213 -14.8213 2.6
    endloop
  endfacet
  facet normal -0.951082 -0.308939 0
    outer loop
      vertex -28.8213 -14.8213 4.2
      vertex -28.7691 -14.982 2.6
      vertex -28.7691 -14.982 4.2
    endloop
  endfacet
  facet normal 0 -1 0
    outer loop
      vertex -28.1214 -15.6297 2.6
      vertex -27.7967 -15.6297 4.2
      vertex -28.1214 -15.6297 4.2
    endloop
  endfacet
  facet normal 0 -1 -0
    outer loop
      vertex -27.7967 -15.6297 4.2
      vertex -28.1214 -15.6297 2.6
      vertex -27.7967 -15.6297 2.6
    endloop
  endfacet
  facet normal -0.951021 0.309125 0
    outer loop
      vertex -28.8213 -14.8213 2.6
      vertex -28.7677 -14.6564 4.2
      vertex -28.7677 -14.6564 2.6
    endloop
  endfacet
  facet normal -0.951021 0.309125 0
    outer loop
      vertex -28.7677 -14.6564 4.2
      vertex -28.8213 -14.8213 2.6
      vertex -28.8213 -14.8213 4.2
    endloop
  endfacet
  facet normal 0.587834 -0.808981 0
    outer loop
      vertex -26.7255 -16.2729 2.6
      vertex -26.5543 -16.1485 4.2
      vertex -26.7255 -16.2729 4.2
    endloop
  endfacet
  facet normal 0.587834 -0.808981 0
    outer loop
      vertex -26.5543 -16.1485 4.2
      vertex -26.7255 -16.2729 2.6
      vertex -26.5543 -16.1485 2.6
    endloop
  endfacet
  facet normal -0.587475 -0.809242 0
    outer loop
      vertex -27.6857 -15.9713 2.6
      vertex -27.589 -16.0415 4.2
      vertex -27.6857 -15.9713 4.2
    endloop
  endfacet
  facet normal -0.587475 -0.809242 -0
    outer loop
      vertex -27.589 -16.0415 4.2
      vertex -27.6857 -15.9713 2.6
      vertex -27.589 -16.0415 2.6
    endloop
  endfacet
  facet normal -0.95105 -0.309036 0
    outer loop
      vertex -27.6857 -15.9713 2.6
      vertex -27.7967 -15.6297 4.2
      vertex -27.7967 -15.6297 2.6
    endloop
  endfacet
  facet normal -0.95105 -0.309036 0
    outer loop
      vertex -27.7967 -15.6297 4.2
      vertex -27.6857 -15.9713 2.6
      vertex -27.6857 -15.9713 4.2
    endloop
  endfacet
  facet normal -0.951075 -0.30896 0
    outer loop
      vertex -26.5377 -16.1996 2.6
      vertex -26.5543 -16.1485 4.2
      vertex -26.5543 -16.1485 2.6
    endloop
  endfacet
  facet normal -0.951075 -0.30896 0
    outer loop
      vertex -26.5543 -16.1485 4.2
      vertex -26.5377 -16.1996 2.6
      vertex -26.5377 -16.1996 4.2
    endloop
  endfacet
  facet normal 0.587857 -0.808965 0
    outer loop
      vertex -25.5861 -16.5075 2.6
      vertex -25.525 -16.4631 4.2
      vertex -25.5861 -16.5075 4.2
    endloop
  endfacet
  facet normal 0.587857 -0.808965 0
    outer loop
      vertex -25.525 -16.4631 4.2
      vertex -25.5861 -16.5075 2.6
      vertex -25.525 -16.4631 2.6
    endloop
  endfacet
  facet normal -0.587833 -0.808983 0
    outer loop
      vertex -26.5377 -16.1996 2.6
      vertex -26.2681 -16.3955 4.2
      vertex -26.5377 -16.1996 4.2
    endloop
  endfacet
  facet normal -0.587833 -0.808983 -0
    outer loop
      vertex -26.2681 -16.3955 4.2
      vertex -26.5377 -16.1996 2.6
      vertex -26.2681 -16.3955 2.6
    endloop
  endfacet
  facet normal 0.587892 0.808939 -0
    outer loop
      vertex 29.5202 13.2123 2.6
      vertex 29.3138 13.3623 4.2
      vertex 29.5202 13.2123 4.2
    endloop
  endfacet
  facet normal 0.587892 0.808939 0
    outer loop
      vertex 29.3138 13.3623 4.2
      vertex 29.5202 13.2123 2.6
      vertex 29.3138 13.3623 2.6
    endloop
  endfacet
  facet normal 0.951064 -0.308994 0
    outer loop
      vertex 29.3138 13.3623 4.2
      vertex 29.4049 13.6427 2.6
      vertex 29.4049 13.6427 4.2
    endloop
  endfacet
  facet normal 0.951064 -0.308994 0
    outer loop
      vertex 29.4049 13.6427 2.6
      vertex 29.3138 13.3623 4.2
      vertex 29.3138 13.3623 2.6
    endloop
  endfacet
  facet normal 0.587828 0.808986 -0
    outer loop
      vertex 29.1506 14.4629 2.6
      vertex 28.8843 14.6564 4.2
      vertex 29.1506 14.4629 4.2
    endloop
  endfacet
  facet normal 0.587828 0.808986 0
    outer loop
      vertex 28.8843 14.6564 4.2
      vertex 29.1506 14.4629 2.6
      vertex 28.8843 14.6564 2.6
    endloop
  endfacet
  facet normal 0 1 -0
    outer loop
      vertex 28.8843 14.6564 2.6
      vertex 28.7677 14.6564 4.2
      vertex 28.8843 14.6564 4.2
    endloop
  endfacet
  facet normal 0 1 0
    outer loop
      vertex 28.7677 14.6564 4.2
      vertex 28.8843 14.6564 2.6
      vertex 28.7677 14.6564 2.6
    endloop
  endfacet
  facet normal 0.951021 -0.309125 0
    outer loop
      vertex 28.7677 14.6564 4.2
      vertex 28.8213 14.8213 2.6
      vertex 28.8213 14.8213 4.2
    endloop
  endfacet
  facet normal 0.951021 -0.309125 0
    outer loop
      vertex 28.8213 14.8213 2.6
      vertex 28.7677 14.6564 4.2
      vertex 28.7677 14.6564 2.6
    endloop
  endfacet
  facet normal 0.951082 0.308939 0
    outer loop
      vertex 28.8213 14.8213 4.2
      vertex 28.7691 14.982 2.6
      vertex 28.7691 14.982 4.2
    endloop
  endfacet
  facet normal 0.951082 0.308939 0
    outer loop
      vertex 28.7691 14.982 2.6
      vertex 28.8213 14.8213 4.2
      vertex 28.8213 14.8213 2.6
    endloop
  endfacet
  facet normal 0 1 -0
    outer loop
      vertex 28.1214 15.6297 2.6
      vertex 27.7967 15.6297 4.2
      vertex 28.1214 15.6297 4.2
    endloop
  endfacet
  facet normal 0 1 0
    outer loop
      vertex 27.7967 15.6297 4.2
      vertex 28.1214 15.6297 2.6
      vertex 27.7967 15.6297 2.6
    endloop
  endfacet
  facet normal 0.95105 0.309036 0
    outer loop
      vertex 27.7967 15.6297 4.2
      vertex 27.6857 15.9713 2.6
      vertex 27.6857 15.9713 4.2
    endloop
  endfacet
  facet normal 0.95105 0.309036 0
    outer loop
      vertex 27.6857 15.9713 2.6
      vertex 27.7967 15.6297 4.2
      vertex 27.7967 15.6297 2.6
    endloop
  endfacet
  facet normal 0.587475 0.809242 -0
    outer loop
      vertex 27.6857 15.9713 2.6
      vertex 27.589 16.0415 4.2
      vertex 27.6857 15.9713 4.2
    endloop
  endfacet
  facet normal 0.587475 0.809242 0
    outer loop
      vertex 27.589 16.0415 4.2
      vertex 27.6857 15.9713 2.6
      vertex 27.589 16.0415 2.6
    endloop
  endfacet
  facet normal -0.587834 0.808981 0
    outer loop
      vertex 26.7255 16.2729 2.6
      vertex 26.5543 16.1485 4.2
      vertex 26.7255 16.2729 4.2
    endloop
  endfacet
  facet normal -0.587834 0.808981 0
    outer loop
      vertex 26.5543 16.1485 4.2
      vertex 26.7255 16.2729 2.6
      vertex 26.5543 16.1485 2.6
    endloop
  endfacet
  facet normal 0.587833 0.808983 -0
    outer loop
      vertex 26.5377 16.1996 2.6
      vertex 26.2681 16.3955 4.2
      vertex 26.5377 16.1996 4.2
    endloop
  endfacet
  facet normal 0.587833 0.808983 0
    outer loop
      vertex 26.2681 16.3955 4.2
      vertex 26.5377 16.1996 2.6
      vertex 26.2681 16.3955 2.6
    endloop
  endfacet
  facet normal 0.951075 0.30896 0
    outer loop
      vertex 26.5543 16.1485 4.2
      vertex 26.5377 16.1996 2.6
      vertex 26.5377 16.1996 4.2
    endloop
  endfacet
  facet normal 0.951075 0.30896 0
    outer loop
      vertex 26.5377 16.1996 2.6
      vertex 26.5543 16.1485 4.2
      vertex 26.5543 16.1485 2.6
    endloop
  endfacet
  facet normal -0.587857 0.808965 0
    outer loop
      vertex 25.5861 16.5075 2.6
      vertex 25.525 16.4631 4.2
      vertex 25.5861 16.5075 4.2
    endloop
  endfacet
  facet normal -0.587857 0.808965 0
    outer loop
      vertex 25.525 16.4631 4.2
      vertex 25.5861 16.5075 2.6
      vertex 25.525 16.4631 2.6
    endloop
  endfacet
  facet normal 0.587892 -0.808939 0
    outer loop
      vertex 29.3138 -13.3623 2.6
      vertex 29.5202 -13.2123 4.2
      vertex 29.3138 -13.3623 4.2
    endloop
  endfacet
  facet normal 0.587892 -0.808939 0
    outer loop
      vertex 29.5202 -13.2123 4.2
      vertex 29.3138 -13.3623 2.6
      vertex 29.5202 -13.2123 2.6
    endloop
  endfacet
  facet normal 0 -1 0
    outer loop
      vertex 28.7677 -14.6564 2.6
      vertex 28.8843 -14.6564 4.2
      vertex 28.7677 -14.6564 4.2
    endloop
  endfacet
  facet normal 0 -1 -0
    outer loop
      vertex 28.8843 -14.6564 4.2
      vertex 28.7677 -14.6564 2.6
      vertex 28.8843 -14.6564 2.6
    endloop
  endfacet
  facet normal 0.587829 -0.808985 0
    outer loop
      vertex 28.8843 -14.6564 2.6
      vertex 29.1934 -14.4318 4.2
      vertex 28.8843 -14.6564 4.2
    endloop
  endfacet
  facet normal 0.587829 -0.808985 0
    outer loop
      vertex 29.1934 -14.4318 4.2
      vertex 28.8843 -14.6564 2.6
      vertex 29.1934 -14.4318 2.6
    endloop
  endfacet
  facet normal 0.951064 0.308994 0
    outer loop
      vertex 29.4049 -13.6427 4.2
      vertex 29.3138 -13.3623 2.6
      vertex 29.3138 -13.3623 4.2
    endloop
  endfacet
  facet normal 0.951064 0.308994 0
    outer loop
      vertex 29.3138 -13.3623 2.6
      vertex 29.4049 -13.6427 4.2
      vertex 29.4049 -13.6427 2.6
    endloop
  endfacet
  facet normal 0.951082 -0.308939 0
    outer loop
      vertex 28.7691 -14.982 4.2
      vertex 28.8213 -14.8213 2.6
      vertex 28.8213 -14.8213 4.2
    endloop
  endfacet
  facet normal 0.951082 -0.308939 0
    outer loop
      vertex 28.8213 -14.8213 2.6
      vertex 28.7691 -14.982 4.2
      vertex 28.7691 -14.982 2.6
    endloop
  endfacet
  facet normal 0 -1 0
    outer loop
      vertex 27.7967 -15.6297 2.6
      vertex 28.1214 -15.6297 4.2
      vertex 27.7967 -15.6297 4.2
    endloop
  endfacet
  facet normal 0 -1 -0
    outer loop
      vertex 28.1214 -15.6297 4.2
      vertex 27.7967 -15.6297 2.6
      vertex 28.1214 -15.6297 2.6
    endloop
  endfacet
  facet normal 0.951021 0.309125 0
    outer loop
      vertex 28.8213 -14.8213 4.2
      vertex 28.7677 -14.6564 2.6
      vertex 28.7677 -14.6564 4.2
    endloop
  endfacet
  facet normal 0.951021 0.309125 0
    outer loop
      vertex 28.7677 -14.6564 2.6
      vertex 28.8213 -14.8213 4.2
      vertex 28.8213 -14.8213 2.6
    endloop
  endfacet
  facet normal 0.95105 -0.309036 0
    outer loop
      vertex 27.6857 -15.9713 4.2
      vertex 27.7967 -15.6297 2.6
      vertex 27.7967 -15.6297 4.2
    endloop
  endfacet
  facet normal 0.95105 -0.309036 0
    outer loop
      vertex 27.7967 -15.6297 2.6
      vertex 27.6857 -15.9713 4.2
      vertex 27.6857 -15.9713 2.6
    endloop
  endfacet
  facet normal 0.587873 -0.808953 0
    outer loop
      vertex 27.6696 -15.983 2.6
      vertex 27.6857 -15.9713 4.2
      vertex 27.6696 -15.983 4.2
    endloop
  endfacet
  facet normal 0.587873 -0.808953 0
    outer loop
      vertex 27.6857 -15.9713 4.2
      vertex 27.6696 -15.983 2.6
      vertex 27.6857 -15.9713 2.6
    endloop
  endfacet
  facet normal -0.587834 -0.808981 0
    outer loop
      vertex 26.5543 -16.1485 2.6
      vertex 26.7255 -16.2729 4.2
      vertex 26.5543 -16.1485 4.2
    endloop
  endfacet
  facet normal -0.587834 -0.808981 -0
    outer loop
      vertex 26.7255 -16.2729 4.2
      vertex 26.5543 -16.1485 2.6
      vertex 26.7255 -16.2729 2.6
    endloop
  endfacet
  facet normal 0.951075 -0.30896 0
    outer loop
      vertex 26.5377 -16.1996 4.2
      vertex 26.5543 -16.1485 2.6
      vertex 26.5543 -16.1485 4.2
    endloop
  endfacet
  facet normal 0.951075 -0.30896 0
    outer loop
      vertex 26.5543 -16.1485 2.6
      vertex 26.5377 -16.1996 4.2
      vertex 26.5377 -16.1996 2.6
    endloop
  endfacet
  facet normal 0.587833 -0.808983 0
    outer loop
      vertex 26.2681 -16.3955 2.6
      vertex 26.5377 -16.1996 4.2
      vertex 26.2681 -16.3955 4.2
    endloop
  endfacet
  facet normal 0.587833 -0.808983 0
    outer loop
      vertex 26.5377 -16.1996 4.2
      vertex 26.2681 -16.3955 2.6
      vertex 26.5377 -16.1996 2.6
    endloop
  endfacet
  facet normal -0.587857 -0.808965 0
    outer loop
      vertex 25.525 -16.4631 2.6
      vertex 25.5861 -16.5075 4.2
      vertex 25.525 -16.4631 4.2
    endloop
  endfacet
  facet normal -0.587857 -0.808965 -0
    outer loop
      vertex 25.5861 -16.5075 4.2
      vertex 25.525 -16.4631 2.6
      vertex 25.5861 -16.5075 2.6
    endloop
  endfacet
  facet normal 0 1 -0
    outer loop
      vertex 25.85 16.5075 2.6
      vertex 25.5861 16.5075 4.2
      vertex 25.85 16.5075 4.2
    endloop
  endfacet
  facet normal 0 1 0
    outer loop
      vertex 25.5861 16.5075 4.2
      vertex 25.85 16.5075 2.6
      vertex 25.5861 16.5075 2.6
    endloop
  endfacet
  facet normal 0 1 -0
    outer loop
      vertex -25.5861 16.5075 2.6
      vertex -25.85 16.5075 4.2
      vertex -25.5861 16.5075 4.2
    endloop
  endfacet
  facet normal 0 1 0
    outer loop
      vertex -25.85 16.5075 4.2
      vertex -25.5861 16.5075 2.6
      vertex -25.85 16.5075 2.6
    endloop
  endfacet
  facet normal 0 1 -0
    outer loop
      vertex -24.9361 16.5075 2.6
      vertex -25.4639 16.5075 4.2
      vertex -24.9361 16.5075 4.2
    endloop
  endfacet
  facet normal 0 1 0
    outer loop
      vertex -25.4639 16.5075 4.2
      vertex -24.9361 16.5075 2.6
      vertex -25.4639 16.5075 2.6
    endloop
  endfacet
  facet normal 0 1 -0
    outer loop
      vertex -22.8361 16.5075 2.6
      vertex -23.3639 16.5075 4.2
      vertex -22.8361 16.5075 4.2
    endloop
  endfacet
  facet normal 0 1 0
    outer loop
      vertex -23.3639 16.5075 4.2
      vertex -22.8361 16.5075 2.6
      vertex -23.3639 16.5075 2.6
    endloop
  endfacet
  facet normal 0 1 -0
    outer loop
      vertex -20.7361 16.5075 2.6
      vertex -21.2639 16.5075 4.2
      vertex -20.7361 16.5075 4.2
    endloop
  endfacet
  facet normal 0 1 0
    outer loop
      vertex -21.2639 16.5075 4.2
      vertex -20.7361 16.5075 2.6
      vertex -21.2639 16.5075 2.6
    endloop
  endfacet
  facet normal 0 1 -0
    outer loop
      vertex -18.6361 16.5075 2.6
      vertex -19.1639 16.5075 4.2
      vertex -18.6361 16.5075 4.2
    endloop
  endfacet
  facet normal 0 1 0
    outer loop
      vertex -19.1639 16.5075 4.2
      vertex -18.6361 16.5075 2.6
      vertex -19.1639 16.5075 2.6
    endloop
  endfacet
  facet normal 0 1 -0
    outer loop
      vertex -16.5361 16.5075 2.6
      vertex -17.0639 16.5075 4.2
      vertex -16.5361 16.5075 4.2
    endloop
  endfacet
  facet normal 0 1 0
    outer loop
      vertex -17.0639 16.5075 4.2
      vertex -16.5361 16.5075 2.6
      vertex -17.0639 16.5075 2.6
    endloop
  endfacet
  facet normal 0 1 -0
    outer loop
      vertex -14.4361 16.5075 2.6
      vertex -14.9639 16.5075 4.2
      vertex -14.4361 16.5075 4.2
    endloop
  endfacet
  facet normal 0 1 0
    outer loop
      vertex -14.9639 16.5075 4.2
      vertex -14.4361 16.5075 2.6
      vertex -14.9639 16.5075 2.6
    endloop
  endfacet
  facet normal 0 1 -0
    outer loop
      vertex -12.3361 16.5075 2.6
      vertex -12.8639 16.5075 4.2
      vertex -12.3361 16.5075 4.2
    endloop
  endfacet
  facet normal 0 1 0
    outer loop
      vertex -12.8639 16.5075 4.2
      vertex -12.3361 16.5075 2.6
      vertex -12.8639 16.5075 2.6
    endloop
  endfacet
  facet normal 0 1 -0
    outer loop
      vertex -10.2361 16.5075 2.6
      vertex -10.7639 16.5075 4.2
      vertex -10.2361 16.5075 4.2
    endloop
  endfacet
  facet normal 0 1 0
    outer loop
      vertex -10.7639 16.5075 4.2
      vertex -10.2361 16.5075 2.6
      vertex -10.7639 16.5075 2.6
    endloop
  endfacet
  facet normal 0 1 -0
    outer loop
      vertex -8.13609 16.5075 2.6
      vertex -8.66391 16.5075 4.2
      vertex -8.13609 16.5075 4.2
    endloop
  endfacet
  facet normal 0 1 0
    outer loop
      vertex -8.66391 16.5075 4.2
      vertex -8.13609 16.5075 2.6
      vertex -8.66391 16.5075 2.6
    endloop
  endfacet
  facet normal 0 1 -0
    outer loop
      vertex -6.03609 16.5075 2.6
      vertex -6.56391 16.5075 4.2
      vertex -6.03609 16.5075 4.2
    endloop
  endfacet
  facet normal 0 1 0
    outer loop
      vertex -6.56391 16.5075 4.2
      vertex -6.03609 16.5075 2.6
      vertex -6.56391 16.5075 2.6
    endloop
  endfacet
  facet normal 0 1 -0
    outer loop
      vertex -3.93609 16.5075 2.6
      vertex -4.46391 16.5075 4.2
      vertex -3.93609 16.5075 4.2
    endloop
  endfacet
  facet normal 0 1 0
    outer loop
      vertex -4.46391 16.5075 4.2
      vertex -3.93609 16.5075 2.6
      vertex -4.46391 16.5075 2.6
    endloop
  endfacet
  facet normal 0 1 -0
    outer loop
      vertex -1.83609 16.5075 2.6
      vertex -2.36391 16.5075 4.2
      vertex -1.83609 16.5075 4.2
    endloop
  endfacet
  facet normal 0 1 0
    outer loop
      vertex -2.36391 16.5075 4.2
      vertex -1.83609 16.5075 2.6
      vertex -2.36391 16.5075 2.6
    endloop
  endfacet
  facet normal 0 1 -0
    outer loop
      vertex 0.26391 16.5075 2.6
      vertex -0.26391 16.5075 4.2
      vertex 0.26391 16.5075 4.2
    endloop
  endfacet
  facet normal 0 1 0
    outer loop
      vertex -0.26391 16.5075 4.2
      vertex 0.26391 16.5075 2.6
      vertex -0.26391 16.5075 2.6
    endloop
  endfacet
  facet normal 0 1 -0
    outer loop
      vertex 2.36391 16.5075 2.6
      vertex 1.83609 16.5075 4.2
      vertex 2.36391 16.5075 4.2
    endloop
  endfacet
  facet normal 0 1 0
    outer loop
      vertex 1.83609 16.5075 4.2
      vertex 2.36391 16.5075 2.6
      vertex 1.83609 16.5075 2.6
    endloop
  endfacet
  facet normal 0 1 -0
    outer loop
      vertex 4.46391 16.5075 2.6
      vertex 3.93609 16.5075 4.2
      vertex 4.46391 16.5075 4.2
    endloop
  endfacet
  facet normal 0 1 0
    outer loop
      vertex 3.93609 16.5075 4.2
      vertex 4.46391 16.5075 2.6
      vertex 3.93609 16.5075 2.6
    endloop
  endfacet
  facet normal 0 1 -0
    outer loop
      vertex 6.56391 16.5075 2.6
      vertex 6.03609 16.5075 4.2
      vertex 6.56391 16.5075 4.2
    endloop
  endfacet
  facet normal 0 1 0
    outer loop
      vertex 6.03609 16.5075 4.2
      vertex 6.56391 16.5075 2.6
      vertex 6.03609 16.5075 2.6
    endloop
  endfacet
  facet normal 0 1 -0
    outer loop
      vertex 8.66391 16.5075 2.6
      vertex 8.13609 16.5075 4.2
      vertex 8.66391 16.5075 4.2
    endloop
  endfacet
  facet normal 0 1 0
    outer loop
      vertex 8.13609 16.5075 4.2
      vertex 8.66391 16.5075 2.6
      vertex 8.13609 16.5075 2.6
    endloop
  endfacet
  facet normal 0 1 -0
    outer loop
      vertex 10.7639 16.5075 2.6
      vertex 10.2361 16.5075 4.2
      vertex 10.7639 16.5075 4.2
    endloop
  endfacet
  facet normal 0 1 0
    outer loop
      vertex 10.2361 16.5075 4.2
      vertex 10.7639 16.5075 2.6
      vertex 10.2361 16.5075 2.6
    endloop
  endfacet
  facet normal 0 1 -0
    outer loop
      vertex 12.8639 16.5075 2.6
      vertex 12.3361 16.5075 4.2
      vertex 12.8639 16.5075 4.2
    endloop
  endfacet
  facet normal 0 1 0
    outer loop
      vertex 12.3361 16.5075 4.2
      vertex 12.8639 16.5075 2.6
      vertex 12.3361 16.5075 2.6
    endloop
  endfacet
  facet normal 0 1 -0
    outer loop
      vertex 14.9639 16.5075 2.6
      vertex 14.4361 16.5075 4.2
      vertex 14.9639 16.5075 4.2
    endloop
  endfacet
  facet normal 0 1 0
    outer loop
      vertex 14.4361 16.5075 4.2
      vertex 14.9639 16.5075 2.6
      vertex 14.4361 16.5075 2.6
    endloop
  endfacet
  facet normal 0 1 -0
    outer loop
      vertex 17.0639 16.5075 2.6
      vertex 16.5361 16.5075 4.2
      vertex 17.0639 16.5075 4.2
    endloop
  endfacet
  facet normal 0 1 0
    outer loop
      vertex 16.5361 16.5075 4.2
      vertex 17.0639 16.5075 2.6
      vertex 16.5361 16.5075 2.6
    endloop
  endfacet
  facet normal 0 1 -0
    outer loop
      vertex 19.1639 16.5075 2.6
      vertex 18.6361 16.5075 4.2
      vertex 19.1639 16.5075 4.2
    endloop
  endfacet
  facet normal 0 1 0
    outer loop
      vertex 18.6361 16.5075 4.2
      vertex 19.1639 16.5075 2.6
      vertex 18.6361 16.5075 2.6
    endloop
  endfacet
  facet normal 0 1 -0
    outer loop
      vertex 21.2639 16.5075 2.6
      vertex 20.7361 16.5075 4.2
      vertex 21.2639 16.5075 4.2
    endloop
  endfacet
  facet normal 0 1 0
    outer loop
      vertex 20.7361 16.5075 4.2
      vertex 21.2639 16.5075 2.6
      vertex 20.7361 16.5075 2.6
    endloop
  endfacet
  facet normal 0 1 -0
    outer loop
      vertex 23.3639 16.5075 2.6
      vertex 22.8361 16.5075 4.2
      vertex 23.3639 16.5075 4.2
    endloop
  endfacet
  facet normal 0 1 0
    outer loop
      vertex 22.8361 16.5075 4.2
      vertex 23.3639 16.5075 2.6
      vertex 22.8361 16.5075 2.6
    endloop
  endfacet
  facet normal 0 1 -0
    outer loop
      vertex 25.4639 16.5075 2.6
      vertex 24.9361 16.5075 4.2
      vertex 25.4639 16.5075 4.2
    endloop
  endfacet
  facet normal 0 1 0
    outer loop
      vertex 24.9361 16.5075 4.2
      vertex 25.4639 16.5075 2.6
      vertex 24.9361 16.5075 2.6
    endloop
  endfacet
  facet normal 0.258755 0.965943 -0
    outer loop
      vertex 26.2681 16.3955 2.6
      vertex 25.85 16.5075 4.2
      vertex 26.2681 16.3955 4.2
    endloop
  endfacet
  facet normal 0.258755 0.965943 0
    outer loop
      vertex 25.85 16.5075 4.2
      vertex 26.2681 16.3955 2.6
      vertex 25.85 16.5075 2.6
    endloop
  endfacet
  facet normal 0.258846 0.965919 -0
    outer loop
      vertex 27.589 16.0415 2.6
      vertex 26.7255 16.2729 4.2
      vertex 27.589 16.0415 4.2
    endloop
  endfacet
  facet normal 0.258846 0.965919 0
    outer loop
      vertex 26.7255 16.2729 4.2
      vertex 27.589 16.0415 2.6
      vertex 26.7255 16.2729 2.6
    endloop
  endfacet
  facet normal 0.707107 0.707107 0
    outer loop
      vertex 28.7691 14.982 4.2
      vertex 28.1214 15.6297 2.6
      vertex 28.1214 15.6297 4.2
    endloop
  endfacet
  facet normal 0.707107 0.707107 0
    outer loop
      vertex 28.1214 15.6297 2.6
      vertex 28.7691 14.982 4.2
      vertex 28.7691 14.982 2.6
    endloop
  endfacet
  facet normal -0.258755 -0.965943 0
    outer loop
      vertex -26.2681 -16.3955 2.6
      vertex -25.85 -16.5075 4.2
      vertex -26.2681 -16.3955 4.2
    endloop
  endfacet
  facet normal -0.258755 -0.965943 -0
    outer loop
      vertex -25.85 -16.5075 4.2
      vertex -26.2681 -16.3955 2.6
      vertex -25.85 -16.5075 2.6
    endloop
  endfacet
  facet normal -0.258846 -0.965919 0
    outer loop
      vertex -27.589 -16.0415 2.6
      vertex -26.7255 -16.2729 4.2
      vertex -27.589 -16.0415 4.2
    endloop
  endfacet
  facet normal -0.258846 -0.965919 -0
    outer loop
      vertex -26.7255 -16.2729 4.2
      vertex -27.589 -16.0415 2.6
      vertex -26.7255 -16.2729 2.6
    endloop
  endfacet
  facet normal 0.258755 -0.965943 0
    outer loop
      vertex 25.85 -16.5075 2.6
      vertex 26.2681 -16.3955 4.2
      vertex 25.85 -16.5075 4.2
    endloop
  endfacet
  facet normal 0.258755 -0.965943 0
    outer loop
      vertex 26.2681 -16.3955 4.2
      vertex 25.85 -16.5075 2.6
      vertex 26.2681 -16.3955 2.6
    endloop
  endfacet
  facet normal 0.258522 -0.966005 0
    outer loop
      vertex 26.7255 -16.2729 2.6
      vertex 26.8234 -16.2467 4.2
      vertex 26.7255 -16.2729 4.2
    endloop
  endfacet
  facet normal 0.258522 -0.966005 0
    outer loop
      vertex 26.8234 -16.2467 4.2
      vertex 26.7255 -16.2729 2.6
      vertex 26.8234 -16.2467 2.6
    endloop
  endfacet
  facet normal 0 0 1
    outer loop
      vertex -25.525 16.4631 4.2
      vertex -24.35 15.7 4.2
      vertex -24.5123 16.1996 4.2
    endloop
  endfacet
  facet normal 0 0 1
    outer loop
      vertex -7.15 15.7 4.2
      vertex -5.45 15.7 4.2
      vertex -5.61234 16.1996 4.2
    endloop
  endfacet
  facet normal 0 0 1
    outer loop
      vertex -5.05 15.7 4.2
      vertex -3.35 15.7 4.2
      vertex -3.51233 16.1996 4.2
    endloop
  endfacet
  facet normal 0 0 1
    outer loop
      vertex -2.95 15.7 4.2
      vertex -1.25 15.7 4.2
      vertex -1.41234 16.1996 4.2
    endloop
  endfacet
  facet normal 0 0 1
    outer loop
      vertex -0.849998 15.7 4.2
      vertex 0.849998 15.7 4.2
      vertex 0.687664 16.1996 4.2
    endloop
  endfacet
  facet normal 0 0 1
    outer loop
      vertex 0.687664 16.1996 4.2
      vertex 0.849998 15.7 4.2
      vertex 0.849999 15.7 4.2
    endloop
  endfacet
  facet normal 0 0 1
    outer loop
      vertex 1.25 15.7 4.2
      vertex 2.95 15.7 4.2
      vertex 2.78766 16.1996 4.2
    endloop
  endfacet
  facet normal 0 0 1
    outer loop
      vertex 3.35 15.7 4.2
      vertex 5.05 15.7 4.2
      vertex 4.88766 16.1996 4.2
    endloop
  endfacet
  facet normal 0 0 1
    outer loop
      vertex 5.45 15.7 4.2
      vertex 7.15 15.7 4.2
      vertex 6.98766 16.1996 4.2
    endloop
  endfacet
  facet normal 0 0 1
    outer loop
      vertex 7.55 15.7 4.2
      vertex 9.25 15.7 4.2
      vertex 9.08766 16.1996 4.2
    endloop
  endfacet
  facet normal 0 0 1
    outer loop
      vertex 9.65 15.7 4.2
      vertex 11.35 15.7 4.2
      vertex 11.1877 16.1996 4.2
    endloop
  endfacet
  facet normal 0 0 1
    outer loop
      vertex 11.75 15.7 4.2
      vertex 13.45 15.7 4.2
      vertex 13.2877 16.1996 4.2
    endloop
  endfacet
  facet normal 0 0 1
    outer loop
      vertex 17.1854 10.125 4.2
      vertex 13.45 15.7 4.2
      vertex 16.8607 9.34116 4.2
    endloop
  endfacet
  facet normal 0 0 1
    outer loop
      vertex 22.25 15.7 4.2
      vertex 23.95 15.7 4.2
      vertex 23.7877 16.1996 4.2
    endloop
  endfacet
  facet normal 0 0 1
    outer loop
      vertex 28.7691 14.982 4.2
      vertex 28.7677 14.6564 4.2
      vertex 28.8213 14.8213 4.2
    endloop
  endfacet
  facet normal 0 0 1
    outer loop
      vertex 28.85 -3.3916 4.2
      vertex 23.95 -15.7 4.2
      vertex 28.85 -5.0084 4.2
    endloop
  endfacet
  facet normal 0 0 1
    outer loop
      vertex 28.1214 15.6297 4.2
      vertex 28.7677 14.6564 4.2
      vertex 28.7691 14.982 4.2
    endloop
  endfacet
  facet normal 0 0 1
    outer loop
      vertex 28.85 11.3084 4.2
      vertex 29.6575 10.6308 4.2
      vertex 29.5377 10.9996 4.2
    endloop
  endfacet
  facet normal 0 0 1
    outer loop
      vertex 29.6575 10.6308 4.2
      vertex 28.85 11.3084 4.2
      vertex 29.6575 10.3692 4.2
    endloop
  endfacet
  facet normal -0 0 1
    outer loop
      vertex 28.85 11.3084 4.2
      vertex 29.5377 10.9996 4.2
      vertex 29.1127 11.3084 4.2
    endloop
  endfacet
  facet normal 0 0 1
    outer loop
      vertex 28.85 9.6916 4.2
      vertex 29.6575 10.3692 4.2
      vertex 28.85 11.3084 4.2
    endloop
  endfacet
  facet normal 0 0 1
    outer loop
      vertex 29.6575 10.3692 4.2
      vertex 28.85 9.6916 4.2
      vertex 29.5377 10.0004 4.2
    endloop
  endfacet
  facet normal 0 0 1
    outer loop
      vertex 29.5377 10.0004 4.2
      vertex 28.85 9.6916 4.2
      vertex 29.1127 9.6916 4.2
    endloop
  endfacet
  facet normal 0 0 1
    outer loop
      vertex 28.85 9.2084 4.2
      vertex 29.6575 8.53084 4.2
      vertex 29.5377 8.89962 4.2
    endloop
  endfacet
  facet normal 0 0 1
    outer loop
      vertex 29.6575 8.53084 4.2
      vertex 28.85 9.2084 4.2
      vertex 29.6575 8.26916 4.2
    endloop
  endfacet
  facet normal -0 0 1
    outer loop
      vertex 28.85 9.2084 4.2
      vertex 29.5377 8.89962 4.2
      vertex 29.1127 9.2084 4.2
    endloop
  endfacet
  facet normal 0 0 1
    outer loop
      vertex 28.85 7.5916 4.2
      vertex 29.6575 8.26916 4.2
      vertex 28.85 9.2084 4.2
    endloop
  endfacet
  facet normal 0 0 1
    outer loop
      vertex 29.6575 8.26916 4.2
      vertex 28.85 7.5916 4.2
      vertex 29.5377 7.90038 4.2
    endloop
  endfacet
  facet normal 0 0 1
    outer loop
      vertex 29.5377 7.90038 4.2
      vertex 28.85 7.5916 4.2
      vertex 29.1127 7.5916 4.2
    endloop
  endfacet
  facet normal 0 0 1
    outer loop
      vertex 28.85 7.1084 4.2
      vertex 29.6575 6.43084 4.2
      vertex 29.5377 6.79962 4.2
    endloop
  endfacet
  facet normal 0 0 1
    outer loop
      vertex 29.6575 6.43084 4.2
      vertex 28.85 7.1084 4.2
      vertex 29.6575 6.16916 4.2
    endloop
  endfacet
  facet normal -0 0 1
    outer loop
      vertex 28.85 7.1084 4.2
      vertex 29.5377 6.79962 4.2
      vertex 29.1127 7.1084 4.2
    endloop
  endfacet
  facet normal 0 0 1
    outer loop
      vertex 28.85 5.4916 4.2
      vertex 29.6575 6.16916 4.2
      vertex 28.85 7.1084 4.2
    endloop
  endfacet
  facet normal 0 0 1
    outer loop
      vertex 29.6575 6.16916 4.2
      vertex 28.85 5.4916 4.2
      vertex 29.5377 5.80038 4.2
    endloop
  endfacet
  facet normal 0 0 1
    outer loop
      vertex 29.5377 5.80038 4.2
      vertex 28.85 5.4916 4.2
      vertex 29.1127 5.4916 4.2
    endloop
  endfacet
  facet normal 0 0 1
    outer loop
      vertex 28.85 5.0084 4.2
      vertex 29.6575 4.33084 4.2
      vertex 29.5377 4.69962 4.2
    endloop
  endfacet
  facet normal 0 0 1
    outer loop
      vertex 29.6575 4.33084 4.2
      vertex 28.85 5.0084 4.2
      vertex 29.6575 4.06916 4.2
    endloop
  endfacet
  facet normal -0 0 1
    outer loop
      vertex 28.85 5.0084 4.2
      vertex 29.5377 4.69962 4.2
      vertex 29.1127 5.0084 4.2
    endloop
  endfacet
  facet normal 0 0 1
    outer loop
      vertex 28.85 3.3916 4.2
      vertex 29.6575 4.06916 4.2
      vertex 28.85 5.0084 4.2
    endloop
  endfacet
  facet normal 0 0 1
    outer loop
      vertex 29.6575 4.06916 4.2
      vertex 28.85 3.3916 4.2
      vertex 29.5377 3.70038 4.2
    endloop
  endfacet
  facet normal 0 0 1
    outer loop
      vertex 29.5377 3.70038 4.2
      vertex 28.85 3.3916 4.2
      vertex 29.1127 3.3916 4.2
    endloop
  endfacet
  facet normal 0 0 1
    outer loop
      vertex 28.85 2.9084 4.2
      vertex 29.6575 2.23084 4.2
      vertex 29.5377 2.59962 4.2
    endloop
  endfacet
  facet normal 0 0 1
    outer loop
      vertex 29.6575 2.23084 4.2
      vertex 28.85 2.9084 4.2
      vertex 29.6575 1.96916 4.2
    endloop
  endfacet
  facet normal -0 0 1
    outer loop
      vertex 28.85 2.9084 4.2
      vertex 29.5377 2.59962 4.2
      vertex 29.1127 2.9084 4.2
    endloop
  endfacet
  facet normal 0 0 1
    outer loop
      vertex 28.85 1.2916 4.2
      vertex 29.6575 1.96916 4.2
      vertex 28.85 2.9084 4.2
    endloop
  endfacet
  facet normal 0 0 1
    outer loop
      vertex 29.6575 1.96916 4.2
      vertex 28.85 1.2916 4.2
      vertex 29.5377 1.60038 4.2
    endloop
  endfacet
  facet normal 0 0 1
    outer loop
      vertex 29.5377 1.60038 4.2
      vertex 28.85 1.2916 4.2
      vertex 29.1127 1.2916 4.2
    endloop
  endfacet
  facet normal 0 0 1
    outer loop
      vertex 28.85 0.808397 4.2
      vertex 29.6575 0.130844 4.2
      vertex 29.5377 0.499617 4.2
    endloop
  endfacet
  facet normal 0 0 1
    outer loop
      vertex 29.6575 0.130844 4.2
      vertex 28.85 0.808397 4.2
      vertex 29.6575 -0.130844 4.2
    endloop
  endfacet
  facet normal -0 0 1
    outer loop
      vertex 28.85 0.808397 4.2
      vertex 29.5377 0.499617 4.2
      vertex 29.1127 0.808397 4.2
    endloop
  endfacet
  facet normal 0 0 1
    outer loop
      vertex 28.85 -0.808397 4.2
      vertex 29.6575 -0.130844 4.2
      vertex 28.85 0.808397 4.2
    endloop
  endfacet
  facet normal 0 0 1
    outer loop
      vertex 29.6575 -0.130844 4.2
      vertex 28.85 -0.808397 4.2
      vertex 29.5377 -0.499617 4.2
    endloop
  endfacet
  facet normal 0 0 1
    outer loop
      vertex 29.5377 -0.499617 4.2
      vertex 28.85 -0.808397 4.2
      vertex 29.1127 -0.808397 4.2
    endloop
  endfacet
  facet normal 0 0 1
    outer loop
      vertex 28.85 -1.2916 4.2
      vertex 29.6575 -1.96916 4.2
      vertex 29.5377 -1.60038 4.2
    endloop
  endfacet
  facet normal 0 0 1
    outer loop
      vertex 29.6575 -1.96916 4.2
      vertex 28.85 -1.2916 4.2
      vertex 29.6575 -2.23084 4.2
    endloop
  endfacet
  facet normal -0 0 1
    outer loop
      vertex 28.85 -1.2916 4.2
      vertex 29.5377 -1.60038 4.2
      vertex 29.1127 -1.2916 4.2
    endloop
  endfacet
  facet normal 0 0 1
    outer loop
      vertex 28.85 -2.9084 4.2
      vertex 29.6575 -2.23084 4.2
      vertex 28.85 -1.2916 4.2
    endloop
  endfacet
  facet normal 0 0 1
    outer loop
      vertex 29.6575 -2.23084 4.2
      vertex 28.85 -2.9084 4.2
      vertex 29.5377 -2.59962 4.2
    endloop
  endfacet
  facet normal 0 0 1
    outer loop
      vertex 29.5377 -2.59962 4.2
      vertex 28.85 -2.9084 4.2
      vertex 29.1127 -2.9084 4.2
    endloop
  endfacet
  facet normal 0 0 1
    outer loop
      vertex 28.85 -3.3916 4.2
      vertex 29.6575 -4.06916 4.2
      vertex 29.5377 -3.70038 4.2
    endloop
  endfacet
  facet normal 0 0 1
    outer loop
      vertex 29.6575 -4.06916 4.2
      vertex 28.85 -3.3916 4.2
      vertex 29.6575 -4.33084 4.2
    endloop
  endfacet
  facet normal -0 0 1
    outer loop
      vertex 28.85 -3.3916 4.2
      vertex 29.5377 -3.70038 4.2
      vertex 29.1127 -3.3916 4.2
    endloop
  endfacet
  facet normal 0 0 1
    outer loop
      vertex 28.85 -5.0084 4.2
      vertex 29.6575 -4.33084 4.2
      vertex 28.85 -3.3916 4.2
    endloop
  endfacet
  facet normal 0 0 1
    outer loop
      vertex 29.6575 -4.33084 4.2
      vertex 28.85 -5.0084 4.2
      vertex 29.5377 -4.69962 4.2
    endloop
  endfacet
  facet normal 0 0 1
    outer loop
      vertex 29.5377 -4.69962 4.2
      vertex 28.85 -5.0084 4.2
      vertex 29.1127 -5.0084 4.2
    endloop
  endfacet
  facet normal 0 0 1
    outer loop
      vertex 28.85 -5.4916 4.2
      vertex 29.6575 -6.16916 4.2
      vertex 29.5377 -5.80038 4.2
    endloop
  endfacet
  facet normal 0 0 1
    outer loop
      vertex 29.6575 -6.16916 4.2
      vertex 28.85 -5.4916 4.2
      vertex 29.6575 -6.43084 4.2
    endloop
  endfacet
  facet normal -0 0 1
    outer loop
      vertex 28.85 -5.4916 4.2
      vertex 29.5377 -5.80038 4.2
      vertex 29.1127 -5.4916 4.2
    endloop
  endfacet
  facet normal 0 0 1
    outer loop
      vertex 28.85 -7.1084 4.2
      vertex 29.6575 -6.43084 4.2
      vertex 28.85 -5.4916 4.2
    endloop
  endfacet
  facet normal 0 0 1
    outer loop
      vertex 29.6575 -6.43084 4.2
      vertex 28.85 -7.1084 4.2
      vertex 29.5377 -6.79962 4.2
    endloop
  endfacet
  facet normal 0 0 1
    outer loop
      vertex 29.5377 -6.79962 4.2
      vertex 28.85 -7.1084 4.2
      vertex 29.1127 -7.1084 4.2
    endloop
  endfacet
  facet normal 0 0 1
    outer loop
      vertex 28.85 -7.5916 4.2
      vertex 29.6575 -8.26916 4.2
      vertex 29.5377 -7.90038 4.2
    endloop
  endfacet
  facet normal 0 0 1
    outer loop
      vertex 29.6575 -8.26916 4.2
      vertex 28.85 -7.5916 4.2
      vertex 29.6575 -8.53084 4.2
    endloop
  endfacet
  facet normal -0 0 1
    outer loop
      vertex 28.85 -7.5916 4.2
      vertex 29.5377 -7.90038 4.2
      vertex 29.1127 -7.5916 4.2
    endloop
  endfacet
  facet normal 0 0 1
    outer loop
      vertex 28.85 -9.2084 4.2
      vertex 29.6575 -8.53084 4.2
      vertex 28.85 -7.5916 4.2
    endloop
  endfacet
  facet normal 0 0 1
    outer loop
      vertex 29.6575 -8.53084 4.2
      vertex 28.85 -9.2084 4.2
      vertex 29.5377 -8.89962 4.2
    endloop
  endfacet
  facet normal 0 0 1
    outer loop
      vertex 29.5377 -8.89962 4.2
      vertex 28.85 -9.2084 4.2
      vertex 29.1127 -9.2084 4.2
    endloop
  endfacet
  facet normal 0 0 1
    outer loop
      vertex 28.85 -9.6916 4.2
      vertex 29.6575 -10.3692 4.2
      vertex 29.5377 -10.0004 4.2
    endloop
  endfacet
  facet normal 0 0 1
    outer loop
      vertex 29.6575 -10.3692 4.2
      vertex 28.85 -9.6916 4.2
      vertex 29.6575 -10.6308 4.2
    endloop
  endfacet
  facet normal -0 0 1
    outer loop
      vertex 28.85 -9.6916 4.2
      vertex 29.5377 -10.0004 4.2
      vertex 29.1127 -9.6916 4.2
    endloop
  endfacet
  facet normal 0 0 1
    outer loop
      vertex 28.85 -11.3084 4.2
      vertex 29.6575 -10.6308 4.2
      vertex 28.85 -9.6916 4.2
    endloop
  endfacet
  facet normal 0 0 1
    outer loop
      vertex 29.6575 -10.6308 4.2
      vertex 28.85 -11.3084 4.2
      vertex 29.5377 -10.9996 4.2
    endloop
  endfacet
  facet normal 0 0 1
    outer loop
      vertex 29.5377 -10.9996 4.2
      vertex 28.85 -11.3084 4.2
      vertex 29.1127 -11.3084 4.2
    endloop
  endfacet
  facet normal 0 0 1
    outer loop
      vertex 29.3967 13.6734 4.2
      vertex 29.3138 13.3623 4.2
      vertex 29.4049 13.6427 4.2
    endloop
  endfacet
  facet normal 0 0 1
    outer loop
      vertex 28.7677 14.6564 4.2
      vertex 29.3967 13.6734 4.2
      vertex 29.1506 14.4629 4.2
    endloop
  endfacet
  facet normal 0 0 1
    outer loop
      vertex 28.85 11.7916 4.2
      vertex 29.6575 12.4692 4.2
      vertex 29.6575 12.7 4.2
    endloop
  endfacet
  facet normal 0 0 1
    outer loop
      vertex 29.3138 13.3623 4.2
      vertex 29.6575 12.7 4.2
      vertex 29.5202 13.2123 4.2
    endloop
  endfacet
  facet normal 0 0 1
    outer loop
      vertex 28.85 11.7916 4.2
      vertex 29.6575 12.7 4.2
      vertex 29.3138 13.3623 4.2
    endloop
  endfacet
  facet normal 0 0 1
    outer loop
      vertex 29.6575 12.4692 4.2
      vertex 28.85 11.7916 4.2
      vertex 29.5377 12.1004 4.2
    endloop
  endfacet
  facet normal 0 0 1
    outer loop
      vertex 29.3967 13.6734 4.2
      vertex 28.7677 14.6564 4.2
      vertex 29.3138 13.3623 4.2
    endloop
  endfacet
  facet normal -0 0 1
    outer loop
      vertex 28.7677 14.6564 4.2
      vertex 29.1506 14.4629 4.2
      vertex 28.8843 14.6564 4.2
    endloop
  endfacet
  facet normal 0 0 1
    outer loop
      vertex 29.5377 12.1004 4.2
      vertex 28.85 11.7916 4.2
      vertex 29.1127 11.7916 4.2
    endloop
  endfacet
  facet normal -0 0 1
    outer loop
      vertex 27.7967 15.6297 4.2
      vertex 28.7677 14.6564 4.2
      vertex 28.1214 15.6297 4.2
    endloop
  endfacet
  facet normal 0 0 1
    outer loop
      vertex 28.7677 14.6564 4.2
      vertex 27.7967 15.6297 4.2
      vertex 28.85 11.7916 4.2
    endloop
  endfacet
  facet normal 0 0 1
    outer loop
      vertex 24.35 15.7 4.2
      vertex 28.85 11.7916 4.2
      vertex 27.7967 15.6297 4.2
    endloop
  endfacet
  facet normal 0 0 1
    outer loop
      vertex 28.85 11.7916 4.2
      vertex 24.35 15.7 4.2
      vertex 28.85 11.3084 4.2
    endloop
  endfacet
  facet normal -0 0 1
    outer loop
      vertex 23.95 15.7 4.2
      vertex 28.85 11.3084 4.2
      vertex 24.35 15.7 4.2
    endloop
  endfacet
  facet normal 0 0 1
    outer loop
      vertex 28.85 11.3084 4.2
      vertex 23.95 15.7 4.2
      vertex 28.85 9.6916 4.2
    endloop
  endfacet
  facet normal 0 0 1
    outer loop
      vertex 28.85 9.6916 4.2
      vertex 23.95 15.7 4.2
      vertex 28.85 9.2084 4.2
    endloop
  endfacet
  facet normal 0 0 1
    outer loop
      vertex 28.85 9.2084 4.2
      vertex 23.95 15.7 4.2
      vertex 28.85 7.5916 4.2
    endloop
  endfacet
  facet normal 0 0 1
    outer loop
      vertex 28.85 7.5916 4.2
      vertex 23.95 15.7 4.2
      vertex 28.85 7.1084 4.2
    endloop
  endfacet
  facet normal 0 0 1
    outer loop
      vertex 28.85 7.1084 4.2
      vertex 23.95 15.7 4.2
      vertex 28.85 5.4916 4.2
    endloop
  endfacet
  facet normal 0 0 1
    outer loop
      vertex 28.85 5.4916 4.2
      vertex 23.95 15.7 4.2
      vertex 28.85 5.0084 4.2
    endloop
  endfacet
  facet normal 0 0 1
    outer loop
      vertex 28.85 5.0084 4.2
      vertex 23.95 15.7 4.2
      vertex 28.85 3.3916 4.2
    endloop
  endfacet
  facet normal 0 0 1
    outer loop
      vertex 28.85 3.3916 4.2
      vertex 23.95 15.7 4.2
      vertex 28.85 2.9084 4.2
    endloop
  endfacet
  facet normal 0 0 1
    outer loop
      vertex 28.85 2.9084 4.2
      vertex 23.95 15.7 4.2
      vertex 28.85 1.2916 4.2
    endloop
  endfacet
  facet normal 0 0 1
    outer loop
      vertex 28.85 1.2916 4.2
      vertex 23.95 15.7 4.2
      vertex 28.85 0.808397 4.2
    endloop
  endfacet
  facet normal 0 0 1
    outer loop
      vertex 28.85 0.808397 4.2
      vertex 23.95 15.7 4.2
      vertex 28.85 -0.808397 4.2
    endloop
  endfacet
  facet normal 0 0 1
    outer loop
      vertex 23.95 -15.7 4.2
      vertex 28.85 -0.808397 4.2
      vertex 23.95 15.7 4.2
    endloop
  endfacet
  facet normal 0 0 1
    outer loop
      vertex 28.85 -0.808397 4.2
      vertex 23.95 -15.7 4.2
      vertex 28.85 -1.2916 4.2
    endloop
  endfacet
  facet normal 0 0 1
    outer loop
      vertex 28.85 -1.2916 4.2
      vertex 23.95 -15.7 4.2
      vertex 28.85 -2.9084 4.2
    endloop
  endfacet
  facet normal 0 0 1
    outer loop
      vertex 28.85 -2.9084 4.2
      vertex 23.95 -15.7 4.2
      vertex 28.85 -3.3916 4.2
    endloop
  endfacet
  facet normal 0 0 1
    outer loop
      vertex 28.85 -7.5916 4.2
      vertex 28.7677 -14.6564 4.2
      vertex 28.85 -9.2084 4.2
    endloop
  endfacet
  facet normal 0 0 1
    outer loop
      vertex 28.85 -9.2084 4.2
      vertex 28.7677 -14.6564 4.2
      vertex 28.85 -9.6916 4.2
    endloop
  endfacet
  facet normal 0 0 1
    outer loop
      vertex 28.85 -9.6916 4.2
      vertex 28.7677 -14.6564 4.2
      vertex 28.85 -11.3084 4.2
    endloop
  endfacet
  facet normal 0 0 1
    outer loop
      vertex 29.3138 13.3623 4.2
      vertex 28.7677 14.6564 4.2
      vertex 28.85 11.7916 4.2
    endloop
  endfacet
  facet normal 0 0 1
    outer loop
      vertex 28.85 -11.7916 4.2
      vertex 29.6575 -12.4692 4.2
      vertex 29.5377 -12.1004 4.2
    endloop
  endfacet
  facet normal 0 0 1
    outer loop
      vertex 29.6575 -12.4692 4.2
      vertex 28.85 -11.7916 4.2
      vertex 29.6575 -12.7 4.2
    endloop
  endfacet
  facet normal 0 0 1
    outer loop
      vertex 29.6575 -12.7 4.2
      vertex 29.3138 -13.3623 4.2
      vertex 29.5202 -13.2123 4.2
    endloop
  endfacet
  facet normal -0 0 1
    outer loop
      vertex 28.85 -11.7916 4.2
      vertex 29.5377 -12.1004 4.2
      vertex 29.1127 -11.7916 4.2
    endloop
  endfacet
  facet normal 0 0 1
    outer loop
      vertex 29.6575 -12.7 4.2
      vertex 28.85 -11.7916 4.2
      vertex 29.3138 -13.3623 4.2
    endloop
  endfacet
  facet normal 0 0 1
    outer loop
      vertex 28.7677 -14.6564 4.2
      vertex 29.3138 -13.3623 4.2
      vertex 28.85 -11.7916 4.2
    endloop
  endfacet
  facet normal 0 0 1
    outer loop
      vertex 29.3138 -13.3623 4.2
      vertex 28.7677 -14.6564 4.2
      vertex 29.1934 -14.4318 4.2
    endloop
  endfacet
  facet normal 0 0 1
    outer loop
      vertex 29.1934 -14.4318 4.2
      vertex 28.7677 -14.6564 4.2
      vertex 28.8843 -14.6564 4.2
    endloop
  endfacet
  facet normal 0 0 1
    outer loop
      vertex 28.85 -11.3084 4.2
      vertex 28.7677 -14.6564 4.2
      vertex 28.85 -11.7916 4.2
    endloop
  endfacet
  facet normal 0 0 1
    outer loop
      vertex 29.4049 -13.6427 4.2
      vertex 29.3138 -13.3623 4.2
      vertex 29.1934 -14.4318 4.2
    endloop
  endfacet
  facet normal 0 0 1
    outer loop
      vertex 28.7677 -14.6564 4.2
      vertex 28.7691 -14.982 4.2
      vertex 28.8213 -14.8213 4.2
    endloop
  endfacet
  facet normal 0 0 1
    outer loop
      vertex 28.85 -5.0084 4.2
      vertex 23.95 -15.7 4.2
      vertex 28.85 -5.4916 4.2
    endloop
  endfacet
  facet normal 0 0 1
    outer loop
      vertex 28.85 -5.4916 4.2
      vertex 23.95 -15.7 4.2
      vertex 28.85 -7.1084 4.2
    endloop
  endfacet
  facet normal 0 0 1
    outer loop
      vertex 28.85 -7.1084 4.2
      vertex 23.95 -15.7 4.2
      vertex 28.85 -7.5916 4.2
    endloop
  endfacet
  facet normal 0 0 1
    outer loop
      vertex 28.7691 -14.982 4.2
      vertex 27.7967 -15.6297 4.2
      vertex 28.1214 -15.6297 4.2
    endloop
  endfacet
  facet normal 0 0 1
    outer loop
      vertex 27.589 16.0415 4.2
      vertex 27.7967 15.6297 4.2
      vertex 27.6857 15.9713 4.2
    endloop
  endfacet
  facet normal 0 -0 1
    outer loop
      vertex 27.7967 -15.6297 4.2
      vertex 28.7677 -14.6564 4.2
      vertex 24.35 -15.7 4.2
    endloop
  endfacet
  facet normal 0 0 1
    outer loop
      vertex 28.7677 -14.6564 4.2
      vertex 27.7967 -15.6297 4.2
      vertex 28.7691 -14.982 4.2
    endloop
  endfacet
  facet normal 0 0 1
    outer loop
      vertex 27.7967 15.6297 4.2
      vertex 27.589 16.0415 4.2
      vertex 26.5543 16.1485 4.2
    endloop
  endfacet
  facet normal 0 -0 1
    outer loop
      vertex 26.5543 -16.1485 4.2
      vertex 27.7967 -15.6297 4.2
      vertex 24.35 -15.7 4.2
    endloop
  endfacet
  facet normal -0 0 1
    outer loop
      vertex 26.5543 16.1485 4.2
      vertex 27.589 16.0415 4.2
      vertex 26.7255 16.2729 4.2
    endloop
  endfacet
  facet normal 0 0 1
    outer loop
      vertex 27.7967 15.6297 4.2
      vertex 26.5543 16.1485 4.2
      vertex 24.35 15.7 4.2
    endloop
  endfacet
  facet normal 0 0 1
    outer loop
      vertex 27.7967 -15.6297 4.2
      vertex 26.8234 -16.2467 4.2
      vertex 27.6696 -15.983 4.2
    endloop
  endfacet
  facet normal 0 0 1
    outer loop
      vertex 26.8234 -16.2467 4.2
      vertex 26.5543 -16.1485 4.2
      vertex 26.7255 -16.2729 4.2
    endloop
  endfacet
  facet normal 0 0 1
    outer loop
      vertex 26.2681 16.3955 4.2
      vertex 26.5543 16.1485 4.2
      vertex 26.5377 16.1996 4.2
    endloop
  endfacet
  facet normal 0 -0 1
    outer loop
      vertex 26.8234 -16.2467 4.2
      vertex 27.7967 -15.6297 4.2
      vertex 26.5543 -16.1485 4.2
    endloop
  endfacet
  facet normal 0 0 1
    outer loop
      vertex 25.85 16.5075 4.2
      vertex 26.5543 16.1485 4.2
      vertex 26.2681 16.3955 4.2
    endloop
  endfacet
  facet normal 0 0 1
    outer loop
      vertex 27.7967 -15.6297 4.2
      vertex 27.6696 -15.983 4.2
      vertex 27.6857 -15.9713 4.2
    endloop
  endfacet
  facet normal 0 0 1
    outer loop
      vertex 26.5543 16.1485 4.2
      vertex 25.85 16.5075 4.2
      vertex 25.525 16.4631 4.2
    endloop
  endfacet
  facet normal 0 -0 1
    outer loop
      vertex 25.525 -16.4631 4.2
      vertex 26.5543 -16.1485 4.2
      vertex 24.35 -15.7 4.2
    endloop
  endfacet
  facet normal 0 0 1
    outer loop
      vertex 25.525 16.4631 4.2
      vertex 25.85 16.5075 4.2
      vertex 25.5861 16.5075 4.2
    endloop
  endfacet
  facet normal 0 0 1
    outer loop
      vertex 26.5543 16.1485 4.2
      vertex 25.525 16.4631 4.2
      vertex 24.35 15.7 4.2
    endloop
  endfacet
  facet normal 0 -0 1
    outer loop
      vertex 25.85 -16.5075 4.2
      vertex 26.5543 -16.1485 4.2
      vertex 25.525 -16.4631 4.2
    endloop
  endfacet
  facet normal 0 0 1
    outer loop
      vertex 25.85 -16.5075 4.2
      vertex 25.525 -16.4631 4.2
      vertex 25.5861 -16.5075 4.2
    endloop
  endfacet
  facet normal -0 0 1
    outer loop
      vertex 24.9361 16.5075 4.2
      vertex 25.525 16.4631 4.2
      vertex 25.4639 16.5075 4.2
    endloop
  endfacet
  facet normal 0 0 1
    outer loop
      vertex 26.5543 -16.1485 4.2
      vertex 26.2681 -16.3955 4.2
      vertex 26.5377 -16.1996 4.2
    endloop
  endfacet
  facet normal 0 0 1
    outer loop
      vertex 24.5123 16.1996 4.2
      vertex 25.525 16.4631 4.2
      vertex 24.9361 16.5075 4.2
    endloop
  endfacet
  facet normal 0 0 1
    outer loop
      vertex 26.5543 -16.1485 4.2
      vertex 25.85 -16.5075 4.2
      vertex 26.2681 -16.3955 4.2
    endloop
  endfacet
  facet normal 0 0 1
    outer loop
      vertex 25.525 16.4631 4.2
      vertex 24.5123 16.1996 4.2
      vertex 24.35 15.7 4.2
    endloop
  endfacet
  facet normal -0 -0 1
    outer loop
      vertex 24.5123 -16.1996 4.2
      vertex 25.525 -16.4631 4.2
      vertex 24.35 -15.7 4.2
    endloop
  endfacet
  facet normal 0 0 1
    outer loop
      vertex 25.525 -16.4631 4.2
      vertex 24.9361 -16.5075 4.2
      vertex 25.4639 -16.5075 4.2
    endloop
  endfacet
  facet normal 0 -0 1
    outer loop
      vertex 24.35 -15.7 4.2
      vertex 28.85 -7.5916 4.2
      vertex 23.95 -15.7 4.2
    endloop
  endfacet
  facet normal 0 0 1
    outer loop
      vertex 28.85 -7.5916 4.2
      vertex 24.35 -15.7 4.2
      vertex 28.7677 -14.6564 4.2
    endloop
  endfacet
  facet normal 0 0 1
    outer loop
      vertex 25.525 -16.4631 4.2
      vertex 24.5123 -16.1996 4.2
      vertex 24.9361 -16.5075 4.2
    endloop
  endfacet
  facet normal 0 0 1
    outer loop
      vertex 23.95 15.7 4.2
      vertex 23.25 8.5 4.2
      vertex 23.95 -15.7 4.2
    endloop
  endfacet
  facet normal 0 0 1
    outer loop
      vertex 22.25 15.7 4.2
      vertex 23.7877 16.1996 4.2
      vertex 23.3639 16.5075 4.2
    endloop
  endfacet
  facet normal -0 0 1
    outer loop
      vertex 23.1393 7.65884 4.2
      vertex 23.95 -15.7 4.2
      vertex 23.25 8.5 4.2
    endloop
  endfacet
  facet normal -0 0 1
    outer loop
      vertex 22.8146 6.875 4.2
      vertex 23.95 -15.7 4.2
      vertex 23.1393 7.65884 4.2
    endloop
  endfacet
  facet normal 0 0 1
    outer loop
      vertex 23.95 15.7 4.2
      vertex 23.1393 9.34116 4.2
      vertex 23.25 8.5 4.2
    endloop
  endfacet
  facet normal 0 0 1
    outer loop
      vertex 22.25 15.7 4.2
      vertex 23.3639 16.5075 4.2
      vertex 22.8361 16.5075 4.2
    endloop
  endfacet
  facet normal 0 0 1
    outer loop
      vertex 23.95 15.7 4.2
      vertex 22.8146 10.125 4.2
      vertex 23.1393 9.34116 4.2
    endloop
  endfacet
  facet normal 0 0 1
    outer loop
      vertex 22.25 15.7 4.2
      vertex 22.8361 16.5075 4.2
      vertex 22.4123 16.1996 4.2
    endloop
  endfacet
  facet normal 0 0 1
    outer loop
      vertex 21.625 11.3146 4.2
      vertex 23.95 15.7 4.2
      vertex 22.25 15.7 4.2
    endloop
  endfacet
  facet normal 0 0 1
    outer loop
      vertex 23.95 15.7 4.2
      vertex 22.2981 10.7981 4.2
      vertex 22.8146 10.125 4.2
    endloop
  endfacet
  facet normal 0 0 1
    outer loop
      vertex 21.625 11.3146 4.2
      vertex 22.25 15.7 4.2
      vertex 21.85 15.7 4.2
    endloop
  endfacet
  facet normal 0 0 1
    outer loop
      vertex 20.15 15.7 4.2
      vertex 21.85 15.7 4.2
      vertex 21.6877 16.1996 4.2
    endloop
  endfacet
  facet normal 0 0 1
    outer loop
      vertex 23.95 15.7 4.2
      vertex 21.625 11.3146 4.2
      vertex 22.2981 10.7981 4.2
    endloop
  endfacet
  facet normal 0 0 1
    outer loop
      vertex 20.15 15.7 4.2
      vertex 21.6877 16.1996 4.2
      vertex 21.2639 16.5075 4.2
    endloop
  endfacet
  facet normal 0 0 1
    outer loop
      vertex 21.85 15.7 4.2
      vertex 20.8412 11.6393 4.2
      vertex 21.625 11.3146 4.2
    endloop
  endfacet
  facet normal 0 0 1
    outer loop
      vertex 20.15 15.7 4.2
      vertex 21.2639 16.5075 4.2
      vertex 20.7361 16.5075 4.2
    endloop
  endfacet
  facet normal 0 0 1
    outer loop
      vertex 20.15 15.7 4.2
      vertex 20.7361 16.5075 4.2
      vertex 20.3123 16.1996 4.2
    endloop
  endfacet
  facet normal 0 0 1
    outer loop
      vertex 21.85 15.7 4.2
      vertex 20.15 15.7 4.2
      vertex 20.8412 11.6393 4.2
    endloop
  endfacet
  facet normal 0 0 1
    outer loop
      vertex 20.15 15.7 4.2
      vertex 20 11.75 4.2
      vertex 20.8412 11.6393 4.2
    endloop
  endfacet
  facet normal -0 0 1
    outer loop
      vertex 19.75 15.7 4.2
      vertex 20 11.75 4.2
      vertex 20.15 15.7 4.2
    endloop
  endfacet
  facet normal 0 0 1
    outer loop
      vertex 18.05 15.7 4.2
      vertex 19.75 15.7 4.2
      vertex 19.5877 16.1996 4.2
    endloop
  endfacet
  facet normal 0 0 1
    outer loop
      vertex 18.05 15.7 4.2
      vertex 19.5877 16.1996 4.2
      vertex 19.1639 16.5075 4.2
    endloop
  endfacet
  facet normal 0 -0 1
    outer loop
      vertex 19.1588 11.6393 4.2
      vertex 19.75 15.7 4.2
      vertex 18.05 15.7 4.2
    endloop
  endfacet
  facet normal 0 0 1
    outer loop
      vertex 18.05 15.7 4.2
      vertex 19.1639 16.5075 4.2
      vertex 18.6361 16.5075 4.2
    endloop
  endfacet
  facet normal 0 0 1
    outer loop
      vertex 19.75 15.7 4.2
      vertex 19.1588 11.6393 4.2
      vertex 20 11.75 4.2
    endloop
  endfacet
  facet normal 0 0 1
    outer loop
      vertex 18.05 15.7 4.2
      vertex 18.6361 16.5075 4.2
      vertex 18.2123 16.1996 4.2
    endloop
  endfacet
  facet normal 0 0 1
    outer loop
      vertex 19.1588 11.6393 4.2
      vertex 18.05 15.7 4.2
      vertex 18.375 11.3146 4.2
    endloop
  endfacet
  facet normal -0 0 1
    outer loop
      vertex 17.65 15.7 4.2
      vertex 18.375 11.3146 4.2
      vertex 18.05 15.7 4.2
    endloop
  endfacet
  facet normal -0 0 1
    outer loop
      vertex 15.95 15.7 4.2
      vertex 18.375 11.3146 4.2
      vertex 17.65 15.7 4.2
    endloop
  endfacet
  facet normal 0 0 1
    outer loop
      vertex 15.95 15.7 4.2
      vertex 17.65 15.7 4.2
      vertex 17.4877 16.1996 4.2
    endloop
  endfacet
  facet normal 0 0 1
    outer loop
      vertex 18.375 11.3146 4.2
      vertex 15.95 15.7 4.2
      vertex 17.7019 10.7981 4.2
    endloop
  endfacet
  facet normal 0 0 1
    outer loop
      vertex 15.95 15.7 4.2
      vertex 17.4877 16.1996 4.2
      vertex 17.0639 16.5075 4.2
    endloop
  endfacet
  facet normal -0 0 1
    outer loop
      vertex 15.55 15.7 4.2
      vertex 17.7019 10.7981 4.2
      vertex 15.95 15.7 4.2
    endloop
  endfacet
  facet normal 0 0 1
    outer loop
      vertex 17.7019 10.7981 4.2
      vertex 15.55 15.7 4.2
      vertex 17.1854 10.125 4.2
    endloop
  endfacet
  facet normal 0 0 1
    outer loop
      vertex 15.95 15.7 4.2
      vertex 17.0639 16.5075 4.2
      vertex 16.5361 16.5075 4.2
    endloop
  endfacet
  facet normal 0 0 1
    outer loop
      vertex 23.95 -15.7 4.2
      vertex 22.25 -15.7 4.2
      vertex 23.7877 -16.1996 4.2
    endloop
  endfacet
  facet normal 0 0 1
    outer loop
      vertex 23.95 -15.7 4.2
      vertex 20.8412 5.36074 4.2
      vertex 22.25 -15.7 4.2
    endloop
  endfacet
  facet normal 0 0 1
    outer loop
      vertex 22.25 -15.7 4.2
      vertex 20.8412 5.36074 4.2
      vertex 21.85 -15.7 4.2
    endloop
  endfacet
  facet normal -0 0 1
    outer loop
      vertex 20 5.25 4.2
      vertex 21.85 -15.7 4.2
      vertex 20.8412 5.36074 4.2
    endloop
  endfacet
  facet normal 0 0 1
    outer loop
      vertex 21.85 -15.7 4.2
      vertex 20.15 -15.7 4.2
      vertex 21.6877 -16.1996 4.2
    endloop
  endfacet
  facet normal 0 0 1
    outer loop
      vertex 21.6877 -16.1996 4.2
      vertex 20.15 -15.7 4.2
      vertex 21.2639 -16.5075 4.2
    endloop
  endfacet
  facet normal 0 0 1
    outer loop
      vertex 21.2639 -16.5075 4.2
      vertex 20.15 -15.7 4.2
      vertex 20.7361 -16.5075 4.2
    endloop
  endfacet
  facet normal 0 0 1
    outer loop
      vertex 20.7361 -16.5075 4.2
      vertex 20.15 -15.7 4.2
      vertex 20.3123 -16.1996 4.2
    endloop
  endfacet
  facet normal 0 0 1
    outer loop
      vertex 21.85 -15.7 4.2
      vertex 20 5.25 4.2
      vertex 20.15 -15.7 4.2
    endloop
  endfacet
  facet normal 0 0 1
    outer loop
      vertex 20 5.25 4.2
      vertex 19.75 -15.7 4.2
      vertex 20.15 -15.7 4.2
    endloop
  endfacet
  facet normal 0 0 1
    outer loop
      vertex 18.05 -15.7 4.2
      vertex 19.75 -15.7 4.2
      vertex 20 5.25 4.2
    endloop
  endfacet
  facet normal 0 0 1
    outer loop
      vertex 19.75 -15.7 4.2
      vertex 18.05 -15.7 4.2
      vertex 19.5877 -16.1996 4.2
    endloop
  endfacet
  facet normal 0 0 1
    outer loop
      vertex 18.05 -15.7 4.2
      vertex 20 5.25 4.2
      vertex 19.1588 5.36074 4.2
    endloop
  endfacet
  facet normal 0 0 1
    outer loop
      vertex 19.5877 -16.1996 4.2
      vertex 18.05 -15.7 4.2
      vertex 19.1639 -16.5075 4.2
    endloop
  endfacet
  facet normal 0 0 1
    outer loop
      vertex 15.55 -15.7 4.2
      vertex 19.1588 5.36074 4.2
      vertex 18.375 5.68542 4.2
    endloop
  endfacet
  facet normal 0 0 1
    outer loop
      vertex 19.1639 -16.5075 4.2
      vertex 18.05 -15.7 4.2
      vertex 18.6361 -16.5075 4.2
    endloop
  endfacet
  facet normal 0 0 1
    outer loop
      vertex 18.6361 -16.5075 4.2
      vertex 18.05 -15.7 4.2
      vertex 18.2123 -16.1996 4.2
    endloop
  endfacet
  facet normal 0 0 1
    outer loop
      vertex 15.55 -15.7 4.2
      vertex 18.375 5.68542 4.2
      vertex 17.7019 6.2019 4.2
    endloop
  endfacet
  facet normal 0 0 1
    outer loop
      vertex 19.1588 5.36074 4.2
      vertex 17.65 -15.7 4.2
      vertex 18.05 -15.7 4.2
    endloop
  endfacet
  facet normal 0 0 1
    outer loop
      vertex 19.1588 5.36074 4.2
      vertex 15.95 -15.7 4.2
      vertex 17.65 -15.7 4.2
    endloop
  endfacet
  facet normal 0 0 1
    outer loop
      vertex 15.55 -15.7 4.2
      vertex 17.7019 6.2019 4.2
      vertex 17.1854 6.875 4.2
    endloop
  endfacet
  facet normal 0 0 1
    outer loop
      vertex 17.65 -15.7 4.2
      vertex 15.95 -15.7 4.2
      vertex 17.4877 -16.1996 4.2
    endloop
  endfacet
  facet normal 0 0 1
    outer loop
      vertex 15.55 -15.7 4.2
      vertex 17.1854 6.875 4.2
      vertex 16.8607 7.65884 4.2
    endloop
  endfacet
  facet normal 0 0 1
    outer loop
      vertex 15.55 -15.7 4.2
      vertex 16.8607 7.65884 4.2
      vertex 16.75 8.5 4.2
    endloop
  endfacet
  facet normal -0 0 1
    outer loop
      vertex 13.85 15.7 4.2
      vertex 17.1854 10.125 4.2
      vertex 15.55 15.7 4.2
    endloop
  endfacet
  facet normal -0 0 1
    outer loop
      vertex 13.45 15.7 4.2
      vertex 17.1854 10.125 4.2
      vertex 13.85 15.7 4.2
    endloop
  endfacet
  facet normal 0 0 1
    outer loop
      vertex 15.95 15.7 4.2
      vertex 16.5361 16.5075 4.2
      vertex 16.1123 16.1996 4.2
    endloop
  endfacet
  facet normal 0 0 1
    outer loop
      vertex 17.4877 -16.1996 4.2
      vertex 15.95 -15.7 4.2
      vertex 17.0639 -16.5075 4.2
    endloop
  endfacet
  facet normal 0 0 1
    outer loop
      vertex 17.0639 -16.5075 4.2
      vertex 15.95 -15.7 4.2
      vertex 16.5361 -16.5075 4.2
    endloop
  endfacet
  facet normal -0 0 1
    outer loop
      vertex 22.2981 6.2019 4.2
      vertex 23.95 -15.7 4.2
      vertex 22.8146 6.875 4.2
    endloop
  endfacet
  facet normal -0 0 1
    outer loop
      vertex 21.625 5.68542 4.2
      vertex 23.95 -15.7 4.2
      vertex 22.2981 6.2019 4.2
    endloop
  endfacet
  facet normal -0 0 1
    outer loop
      vertex 20.8412 5.36074 4.2
      vertex 23.95 -15.7 4.2
      vertex 21.625 5.68542 4.2
    endloop
  endfacet
  facet normal 0 0 1
    outer loop
      vertex 23.3639 -16.5075 4.2
      vertex 22.25 -15.7 4.2
      vertex 22.8361 -16.5075 4.2
    endloop
  endfacet
  facet normal 0 0 1
    outer loop
      vertex 23.7877 -16.1996 4.2
      vertex 22.25 -15.7 4.2
      vertex 23.3639 -16.5075 4.2
    endloop
  endfacet
  facet normal 0 0 1
    outer loop
      vertex 22.8361 -16.5075 4.2
      vertex 22.25 -15.7 4.2
      vertex 22.4123 -16.1996 4.2
    endloop
  endfacet
  facet normal 0 0 1
    outer loop
      vertex 13.85 15.7 4.2
      vertex 15.55 15.7 4.2
      vertex 15.3877 16.1996 4.2
    endloop
  endfacet
  facet normal 0 0 1
    outer loop
      vertex 19.1588 5.36074 4.2
      vertex 15.55 -15.7 4.2
      vertex 15.95 -15.7 4.2
    endloop
  endfacet
  facet normal 0 0 1
    outer loop
      vertex 16.5361 -16.5075 4.2
      vertex 15.95 -15.7 4.2
      vertex 16.1123 -16.1996 4.2
    endloop
  endfacet
  facet normal 0 0 1
    outer loop
      vertex 16.8607 9.34116 4.2
      vertex 13.45 15.7 4.2
      vertex 16.75 8.5 4.2
    endloop
  endfacet
  facet normal 0 0 1
    outer loop
      vertex 13.85 15.7 4.2
      vertex 15.3877 16.1996 4.2
      vertex 14.9639 16.5075 4.2
    endloop
  endfacet
  facet normal 0 0 1
    outer loop
      vertex 16.75 8.5 4.2
      vertex 13.85 -15.7 4.2
      vertex 15.55 -15.7 4.2
    endloop
  endfacet
  facet normal 0 0 1
    outer loop
      vertex 13.85 15.7 4.2
      vertex 14.9639 16.5075 4.2
      vertex 14.4361 16.5075 4.2
    endloop
  endfacet
  facet normal 0 0 1
    outer loop
      vertex 15.55 -15.7 4.2
      vertex 13.85 -15.7 4.2
      vertex 15.3877 -16.1996 4.2
    endloop
  endfacet
  facet normal 0 0 1
    outer loop
      vertex 13.85 15.7 4.2
      vertex 14.4361 16.5075 4.2
      vertex 14.0123 16.1996 4.2
    endloop
  endfacet
  facet normal 0 0 1
    outer loop
      vertex 15.3877 -16.1996 4.2
      vertex 13.85 -15.7 4.2
      vertex 14.9639 -16.5075 4.2
    endloop
  endfacet
  facet normal 0 0 1
    outer loop
      vertex 14.9639 -16.5075 4.2
      vertex 13.85 -15.7 4.2
      vertex 14.4361 -16.5075 4.2
    endloop
  endfacet
  facet normal 0 0 1
    outer loop
      vertex 13.45 -15.7 4.2
      vertex 16.75 8.5 4.2
      vertex 13.45 15.7 4.2
    endloop
  endfacet
  facet normal 0 0 1
    outer loop
      vertex 16.75 8.5 4.2
      vertex 13.45 -15.7 4.2
      vertex 13.85 -15.7 4.2
    endloop
  endfacet
  facet normal 0 0 1
    outer loop
      vertex 14.4361 -16.5075 4.2
      vertex 13.85 -15.7 4.2
      vertex 14.0123 -16.1996 4.2
    endloop
  endfacet
  facet normal 0 0 1
    outer loop
      vertex 13.45 15.7 4.2
      vertex 11.75 15.7 4.2
      vertex 13.45 -15.7 4.2
    endloop
  endfacet
  facet normal 0 0 1
    outer loop
      vertex 11.75 15.7 4.2
      vertex 13.2877 16.1996 4.2
      vertex 12.8639 16.5075 4.2
    endloop
  endfacet
  facet normal 0 0 1
    outer loop
      vertex 11.75 -15.7 4.2
      vertex 13.45 -15.7 4.2
      vertex 11.75 15.7 4.2
    endloop
  endfacet
  facet normal 0 0 1
    outer loop
      vertex 11.75 15.7 4.2
      vertex 12.8639 16.5075 4.2
      vertex 12.3361 16.5075 4.2
    endloop
  endfacet
  facet normal 0 0 1
    outer loop
      vertex 13.45 -15.7 4.2
      vertex 11.75 -15.7 4.2
      vertex 13.2877 -16.1996 4.2
    endloop
  endfacet
  facet normal 0 0 1
    outer loop
      vertex 11.75 15.7 4.2
      vertex 12.3361 16.5075 4.2
      vertex 11.9123 16.1996 4.2
    endloop
  endfacet
  facet normal 0 0 1
    outer loop
      vertex 13.2877 -16.1996 4.2
      vertex 11.75 -15.7 4.2
      vertex 12.8639 -16.5075 4.2
    endloop
  endfacet
  facet normal 0 0 1
    outer loop
      vertex 12.8639 -16.5075 4.2
      vertex 11.75 -15.7 4.2
      vertex 12.3361 -16.5075 4.2
    endloop
  endfacet
  facet normal -0 0 1
    outer loop
      vertex 11.35 15.7 4.2
      vertex 11.75 -15.7 4.2
      vertex 11.75 15.7 4.2
    endloop
  endfacet
  facet normal 0 0 1
    outer loop
      vertex 11.75 -15.7 4.2
      vertex 11.35 15.7 4.2
      vertex 11.35 -15.7 4.2
    endloop
  endfacet
  facet normal 0 0 1
    outer loop
      vertex 12.3361 -16.5075 4.2
      vertex 11.75 -15.7 4.2
      vertex 11.9123 -16.1996 4.2
    endloop
  endfacet
  facet normal 0 0 1
    outer loop
      vertex 11.35 15.7 4.2
      vertex 9.65 15.7 4.2
      vertex 11.35 -15.7 4.2
    endloop
  endfacet
  facet normal 0 0 1
    outer loop
      vertex 9.65 15.7 4.2
      vertex 11.1877 16.1996 4.2
      vertex 10.7639 16.5075 4.2
    endloop
  endfacet
  facet normal 0 0 1
    outer loop
      vertex 9.65 -15.7 4.2
      vertex 11.35 -15.7 4.2
      vertex 9.65 15.7 4.2
    endloop
  endfacet
  facet normal 0 0 1
    outer loop
      vertex 9.65 15.7 4.2
      vertex 10.7639 16.5075 4.2
      vertex 10.2361 16.5075 4.2
    endloop
  endfacet
  facet normal 0 0 1
    outer loop
      vertex 11.35 -15.7 4.2
      vertex 9.65 -15.7 4.2
      vertex 11.1877 -16.1996 4.2
    endloop
  endfacet
  facet normal 0 0 1
    outer loop
      vertex 9.65 15.7 4.2
      vertex 10.2361 16.5075 4.2
      vertex 9.81234 16.1996 4.2
    endloop
  endfacet
  facet normal 0 0 1
    outer loop
      vertex 11.1877 -16.1996 4.2
      vertex 9.65 -15.7 4.2
      vertex 10.7639 -16.5075 4.2
    endloop
  endfacet
  facet normal 0 0 1
    outer loop
      vertex 10.7639 -16.5075 4.2
      vertex 9.65 -15.7 4.2
      vertex 10.2361 -16.5075 4.2
    endloop
  endfacet
  facet normal -0 0 1
    outer loop
      vertex 9.25 15.7 4.2
      vertex 9.65 -15.7 4.2
      vertex 9.65 15.7 4.2
    endloop
  endfacet
  facet normal 0 0 1
    outer loop
      vertex 9.65 -15.7 4.2
      vertex 9.25 15.7 4.2
      vertex 9.25 -15.7 4.2
    endloop
  endfacet
  facet normal 0 0 1
    outer loop
      vertex 10.2361 -16.5075 4.2
      vertex 9.65 -15.7 4.2
      vertex 9.81234 -16.1996 4.2
    endloop
  endfacet
  facet normal 0 0 1
    outer loop
      vertex 9.25 15.7 4.2
      vertex 7.55 15.7 4.2
      vertex 9.25 -15.7 4.2
    endloop
  endfacet
  facet normal 0 0 1
    outer loop
      vertex 7.55 15.7 4.2
      vertex 9.08766 16.1996 4.2
      vertex 8.66391 16.5075 4.2
    endloop
  endfacet
  facet normal 0 0 1
    outer loop
      vertex 7.55 -15.7 4.2
      vertex 9.25 -15.7 4.2
      vertex 7.55 15.7 4.2
    endloop
  endfacet
  facet normal 0 0 1
    outer loop
      vertex 7.55 15.7 4.2
      vertex 8.66391 16.5075 4.2
      vertex 8.13609 16.5075 4.2
    endloop
  endfacet
  facet normal 0 0 1
    outer loop
      vertex 9.25 -15.7 4.2
      vertex 7.55 -15.7 4.2
      vertex 9.08766 -16.1996 4.2
    endloop
  endfacet
  facet normal 0 0 1
    outer loop
      vertex 7.55 15.7 4.2
      vertex 8.13609 16.5075 4.2
      vertex 7.71233 16.1996 4.2
    endloop
  endfacet
  facet normal 0 0 1
    outer loop
      vertex 9.08766 -16.1996 4.2
      vertex 7.55 -15.7 4.2
      vertex 8.66391 -16.5075 4.2
    endloop
  endfacet
  facet normal 0 0 1
    outer loop
      vertex 8.66391 -16.5075 4.2
      vertex 7.55 -15.7 4.2
      vertex 8.13609 -16.5075 4.2
    endloop
  endfacet
  facet normal -0 0 1
    outer loop
      vertex 7.15 15.7 4.2
      vertex 7.55 -15.7 4.2
      vertex 7.55 15.7 4.2
    endloop
  endfacet
  facet normal 0 0 1
    outer loop
      vertex 7.55 -15.7 4.2
      vertex 7.15 15.7 4.2
      vertex 7.15 -15.7 4.2
    endloop
  endfacet
  facet normal 0 0 1
    outer loop
      vertex 8.13609 -16.5075 4.2
      vertex 7.55 -15.7 4.2
      vertex 7.71233 -16.1996 4.2
    endloop
  endfacet
  facet normal 0 0 1
    outer loop
      vertex 7.15 15.7 4.2
      vertex 5.45 15.7 4.2
      vertex 7.15 -15.7 4.2
    endloop
  endfacet
  facet normal 0 0 1
    outer loop
      vertex 5.45 15.7 4.2
      vertex 6.98766 16.1996 4.2
      vertex 6.56391 16.5075 4.2
    endloop
  endfacet
  facet normal 0 0 1
    outer loop
      vertex 5.45 -15.7 4.2
      vertex 7.15 -15.7 4.2
      vertex 5.45 15.7 4.2
    endloop
  endfacet
  facet normal 0 0 1
    outer loop
      vertex 5.45 15.7 4.2
      vertex 6.56391 16.5075 4.2
      vertex 6.03609 16.5075 4.2
    endloop
  endfacet
  facet normal 0 0 1
    outer loop
      vertex 7.15 -15.7 4.2
      vertex 5.45 -15.7 4.2
      vertex 6.98766 -16.1996 4.2
    endloop
  endfacet
  facet normal 0 0 1
    outer loop
      vertex 5.45 15.7 4.2
      vertex 6.03609 16.5075 4.2
      vertex 5.61234 16.1996 4.2
    endloop
  endfacet
  facet normal 0 0 1
    outer loop
      vertex 6.98766 -16.1996 4.2
      vertex 5.45 -15.7 4.2
      vertex 6.56391 -16.5075 4.2
    endloop
  endfacet
  facet normal 0 0 1
    outer loop
      vertex 6.56391 -16.5075 4.2
      vertex 5.45 -15.7 4.2
      vertex 6.03609 -16.5075 4.2
    endloop
  endfacet
  facet normal -0 0 1
    outer loop
      vertex 5.05 15.7 4.2
      vertex 5.45 -15.7 4.2
      vertex 5.45 15.7 4.2
    endloop
  endfacet
  facet normal 0 0 1
    outer loop
      vertex 5.45 -15.7 4.2
      vertex 5.05 15.7 4.2
      vertex 5.05 -15.7 4.2
    endloop
  endfacet
  facet normal 0 0 1
    outer loop
      vertex 6.03609 -16.5075 4.2
      vertex 5.45 -15.7 4.2
      vertex 5.61234 -16.1996 4.2
    endloop
  endfacet
  facet normal 0 0 1
    outer loop
      vertex 5.05 15.7 4.2
      vertex 3.35 15.7 4.2
      vertex 5.05 -15.7 4.2
    endloop
  endfacet
  facet normal 0 0 1
    outer loop
      vertex 3.35 15.7 4.2
      vertex 4.88766 16.1996 4.2
      vertex 4.46391 16.5075 4.2
    endloop
  endfacet
  facet normal 0 0 1
    outer loop
      vertex 3.35 -15.7 4.2
      vertex 5.05 -15.7 4.2
      vertex 3.35 15.7 4.2
    endloop
  endfacet
  facet normal 0 0 1
    outer loop
      vertex 3.35 15.7 4.2
      vertex 4.46391 16.5075 4.2
      vertex 3.93609 16.5075 4.2
    endloop
  endfacet
  facet normal 0 0 1
    outer loop
      vertex 5.05 -15.7 4.2
      vertex 3.35 -15.7 4.2
      vertex 4.88766 -16.1996 4.2
    endloop
  endfacet
  facet normal 0 0 1
    outer loop
      vertex 3.35 15.7 4.2
      vertex 3.93609 16.5075 4.2
      vertex 3.51233 16.1996 4.2
    endloop
  endfacet
  facet normal 0 0 1
    outer loop
      vertex 4.88766 -16.1996 4.2
      vertex 3.35 -15.7 4.2
      vertex 4.46391 -16.5075 4.2
    endloop
  endfacet
  facet normal 0 0 1
    outer loop
      vertex 4.46391 -16.5075 4.2
      vertex 3.35 -15.7 4.2
      vertex 3.93609 -16.5075 4.2
    endloop
  endfacet
  facet normal -0 0 1
    outer loop
      vertex 2.95 15.7 4.2
      vertex 3.35 -15.7 4.2
      vertex 3.35 15.7 4.2
    endloop
  endfacet
  facet normal 0 0 1
    outer loop
      vertex 3.35 -15.7 4.2
      vertex 2.95 15.7 4.2
      vertex 2.95 -15.7 4.2
    endloop
  endfacet
  facet normal 0 0 1
    outer loop
      vertex 3.93609 -16.5075 4.2
      vertex 3.35 -15.7 4.2
      vertex 3.51233 -16.1996 4.2
    endloop
  endfacet
  facet normal 0 0 1
    outer loop
      vertex 2.95 15.7 4.2
      vertex 1.25 15.7 4.2
      vertex 2.95 -15.7 4.2
    endloop
  endfacet
  facet normal 0 0 1
    outer loop
      vertex 1.25 15.7 4.2
      vertex 2.78766 16.1996 4.2
      vertex 2.36391 16.5075 4.2
    endloop
  endfacet
  facet normal 0 0 1
    outer loop
      vertex 1.25 -15.7 4.2
      vertex 2.95 -15.7 4.2
      vertex 1.25 15.7 4.2
    endloop
  endfacet
  facet normal 0 0 1
    outer loop
      vertex 1.25 15.7 4.2
      vertex 2.36391 16.5075 4.2
      vertex 1.83609 16.5075 4.2
    endloop
  endfacet
  facet normal 0 0 1
    outer loop
      vertex 2.95 -15.7 4.2
      vertex 1.25 -15.7 4.2
      vertex 2.78766 -16.1996 4.2
    endloop
  endfacet
  facet normal 0 0 1
    outer loop
      vertex 1.25 15.7 4.2
      vertex 1.83609 16.5075 4.2
      vertex 1.41234 16.1996 4.2
    endloop
  endfacet
  facet normal 0 0 1
    outer loop
      vertex 2.78766 -16.1996 4.2
      vertex 1.25 -15.7 4.2
      vertex 2.36391 -16.5075 4.2
    endloop
  endfacet
  facet normal 0 0 1
    outer loop
      vertex 2.36391 -16.5075 4.2
      vertex 1.25 -15.7 4.2
      vertex 1.83609 -16.5075 4.2
    endloop
  endfacet
  facet normal -0 0 1
    outer loop
      vertex 0.849998 15.7 4.2
      vertex 1.25 -15.7 4.2
      vertex 1.25 15.7 4.2
    endloop
  endfacet
  facet normal 0 0 1
    outer loop
      vertex 1.25 -15.7 4.2
      vertex 0.849998 15.7 4.2
      vertex 0.849998 -15.7 4.2
    endloop
  endfacet
  facet normal 0 0 1
    outer loop
      vertex 1.83609 -16.5075 4.2
      vertex 1.25 -15.7 4.2
      vertex 1.41234 -16.1996 4.2
    endloop
  endfacet
  facet normal -0 0 1
    outer loop
      vertex 0.849998 -15.7 4.2
      vertex 0.687664 -16.1996 4.2
      vertex 0.849999 -15.7 4.2
    endloop
  endfacet
  facet normal 0 0 1
    outer loop
      vertex 0.849998 15.7 4.2
      vertex -0.849998 15.7 4.2
      vertex 0.849998 -15.7 4.2
    endloop
  endfacet
  facet normal 0 0 1
    outer loop
      vertex -0.849998 15.7 4.2
      vertex 0.687664 16.1996 4.2
      vertex 0.26391 16.5075 4.2
    endloop
  endfacet
  facet normal 0 0 1
    outer loop
      vertex -0.849998 -15.7 4.2
      vertex 0.849998 -15.7 4.2
      vertex -0.849998 15.7 4.2
    endloop
  endfacet
  facet normal 0 0 1
    outer loop
      vertex -0.849998 15.7 4.2
      vertex 0.26391 16.5075 4.2
      vertex -0.26391 16.5075 4.2
    endloop
  endfacet
  facet normal 0 0 1
    outer loop
      vertex 0.849998 -15.7 4.2
      vertex -0.849998 -15.7 4.2
      vertex 0.687664 -16.1996 4.2
    endloop
  endfacet
  facet normal 0 0 1
    outer loop
      vertex -0.849998 15.7 4.2
      vertex -0.26391 16.5075 4.2
      vertex -0.687664 16.1996 4.2
    endloop
  endfacet
  facet normal 0 0 1
    outer loop
      vertex 0.687664 -16.1996 4.2
      vertex -0.849998 -15.7 4.2
      vertex 0.26391 -16.5075 4.2
    endloop
  endfacet
  facet normal 0 0 1
    outer loop
      vertex 0.26391 -16.5075 4.2
      vertex -0.849998 -15.7 4.2
      vertex -0.26391 -16.5075 4.2
    endloop
  endfacet
  facet normal 0 -0 1
    outer loop
      vertex -0.849998 15.7 4.2
      vertex -0.687664 16.1996 4.2
      vertex -0.849999 15.7 4.2
    endloop
  endfacet
  facet normal -0 0 1
    outer loop
      vertex -1.25 15.7 4.2
      vertex -0.849998 -15.7 4.2
      vertex -0.849998 15.7 4.2
    endloop
  endfacet
  facet normal 0 0 1
    outer loop
      vertex -0.849998 -15.7 4.2
      vertex -1.25 15.7 4.2
      vertex -1.25 -15.7 4.2
    endloop
  endfacet
  facet normal 0 0 1
    outer loop
      vertex -0.26391 -16.5075 4.2
      vertex -0.849998 -15.7 4.2
      vertex -0.687664 -16.1996 4.2
    endloop
  endfacet
  facet normal 0 0 1
    outer loop
      vertex -0.687664 -16.1996 4.2
      vertex -0.849998 -15.7 4.2
      vertex -0.849999 -15.7 4.2
    endloop
  endfacet
  facet normal 0 0 1
    outer loop
      vertex -1.25 15.7 4.2
      vertex -2.95 15.7 4.2
      vertex -1.25 -15.7 4.2
    endloop
  endfacet
  facet normal 0 0 1
    outer loop
      vertex -2.95 15.7 4.2
      vertex -1.41234 16.1996 4.2
      vertex -1.83609 16.5075 4.2
    endloop
  endfacet
  facet normal 0 0 1
    outer loop
      vertex -2.95 -15.7 4.2
      vertex -1.25 -15.7 4.2
      vertex -2.95 15.7 4.2
    endloop
  endfacet
  facet normal 0 0 1
    outer loop
      vertex -2.95 15.7 4.2
      vertex -1.83609 16.5075 4.2
      vertex -2.36391 16.5075 4.2
    endloop
  endfacet
  facet normal 0 0 1
    outer loop
      vertex -1.25 -15.7 4.2
      vertex -2.95 -15.7 4.2
      vertex -1.41234 -16.1996 4.2
    endloop
  endfacet
  facet normal 0 0 1
    outer loop
      vertex -2.95 15.7 4.2
      vertex -2.36391 16.5075 4.2
      vertex -2.78766 16.1996 4.2
    endloop
  endfacet
  facet normal 0 0 1
    outer loop
      vertex -1.41234 -16.1996 4.2
      vertex -2.95 -15.7 4.2
      vertex -1.83609 -16.5075 4.2
    endloop
  endfacet
  facet normal 0 0 1
    outer loop
      vertex -1.83609 -16.5075 4.2
      vertex -2.95 -15.7 4.2
      vertex -2.36391 -16.5075 4.2
    endloop
  endfacet
  facet normal -0 0 1
    outer loop
      vertex -3.35 15.7 4.2
      vertex -2.95 -15.7 4.2
      vertex -2.95 15.7 4.2
    endloop
  endfacet
  facet normal 0 0 1
    outer loop
      vertex -2.95 -15.7 4.2
      vertex -3.35 15.7 4.2
      vertex -3.35 -15.7 4.2
    endloop
  endfacet
  facet normal 0 0 1
    outer loop
      vertex -2.36391 -16.5075 4.2
      vertex -2.95 -15.7 4.2
      vertex -2.78766 -16.1996 4.2
    endloop
  endfacet
  facet normal 0 0 1
    outer loop
      vertex -3.35 15.7 4.2
      vertex -5.05 15.7 4.2
      vertex -3.35 -15.7 4.2
    endloop
  endfacet
  facet normal 0 0 1
    outer loop
      vertex -5.05 15.7 4.2
      vertex -3.51233 16.1996 4.2
      vertex -3.93609 16.5075 4.2
    endloop
  endfacet
  facet normal 0 0 1
    outer loop
      vertex -5.05 -15.7 4.2
      vertex -3.35 -15.7 4.2
      vertex -5.05 15.7 4.2
    endloop
  endfacet
  facet normal 0 0 1
    outer loop
      vertex -5.05 15.7 4.2
      vertex -3.93609 16.5075 4.2
      vertex -4.46391 16.5075 4.2
    endloop
  endfacet
  facet normal 0 0 1
    outer loop
      vertex -3.35 -15.7 4.2
      vertex -5.05 -15.7 4.2
      vertex -3.51233 -16.1996 4.2
    endloop
  endfacet
  facet normal 0 0 1
    outer loop
      vertex -5.05 15.7 4.2
      vertex -4.46391 16.5075 4.2
      vertex -4.88766 16.1996 4.2
    endloop
  endfacet
  facet normal 0 0 1
    outer loop
      vertex -3.51233 -16.1996 4.2
      vertex -5.05 -15.7 4.2
      vertex -3.93609 -16.5075 4.2
    endloop
  endfacet
  facet normal 0 0 1
    outer loop
      vertex -3.93609 -16.5075 4.2
      vertex -5.05 -15.7 4.2
      vertex -4.46391 -16.5075 4.2
    endloop
  endfacet
  facet normal -0 0 1
    outer loop
      vertex -5.45 15.7 4.2
      vertex -5.05 -15.7 4.2
      vertex -5.05 15.7 4.2
    endloop
  endfacet
  facet normal 0 0 1
    outer loop
      vertex -5.05 -15.7 4.2
      vertex -5.45 15.7 4.2
      vertex -5.45 -15.7 4.2
    endloop
  endfacet
  facet normal 0 0 1
    outer loop
      vertex -4.46391 -16.5075 4.2
      vertex -5.05 -15.7 4.2
      vertex -4.88766 -16.1996 4.2
    endloop
  endfacet
  facet normal 0 0 1
    outer loop
      vertex -5.45 15.7 4.2
      vertex -6.5 4 4.2
      vertex -5.45 -15.7 4.2
    endloop
  endfacet
  facet normal 0 0 1
    outer loop
      vertex -7.15 15.7 4.2
      vertex -5.61234 16.1996 4.2
      vertex -6.03609 16.5075 4.2
    endloop
  endfacet
  facet normal -0 0 1
    outer loop
      vertex -6.5 -4 4.2
      vertex -5.45 -15.7 4.2
      vertex -6.5 4 4.2
    endloop
  endfacet
  facet normal -0 0 1
    outer loop
      vertex -6.65224 -4.76537 4.2
      vertex -5.45 -15.7 4.2
      vertex -6.5 -4 4.2
    endloop
  endfacet
  facet normal 0 0 1
    outer loop
      vertex -7.15 15.7 4.2
      vertex -6.03609 16.5075 4.2
      vertex -6.56391 16.5075 4.2
    endloop
  endfacet
  facet normal 0 0 1
    outer loop
      vertex -5.45 15.7 4.2
      vertex -6.65224 4.76537 4.2
      vertex -6.5 4 4.2
    endloop
  endfacet
  facet normal 0 0 1
    outer loop
      vertex -7.15 15.7 4.2
      vertex -6.56391 16.5075 4.2
      vertex -6.98766 16.1996 4.2
    endloop
  endfacet
  facet normal 0 0 1
    outer loop
      vertex -5.45 15.7 4.2
      vertex -7.15 15.7 4.2
      vertex -7.73463 5.84776 4.2
    endloop
  endfacet
  facet normal 0 0 1
    outer loop
      vertex -5.45 15.7 4.2
      vertex -7.08579 5.41421 4.2
      vertex -6.65224 4.76537 4.2
    endloop
  endfacet
  facet normal 0 0 1
    outer loop
      vertex -5.45 -15.7 4.2
      vertex -7.15 -15.7 4.2
      vertex -5.61234 -16.1996 4.2
    endloop
  endfacet
  facet normal -0 0 1
    outer loop
      vertex -8.5 -6 4.2
      vertex -7.15 -15.7 4.2
      vertex -7.73463 -5.84776 4.2
    endloop
  endfacet
  facet normal 0 0 1
    outer loop
      vertex -7.15 -15.7 4.2
      vertex -8.5 -6 4.2
      vertex -7.55 -15.7 4.2
    endloop
  endfacet
  facet normal 0 0 1
    outer loop
      vertex -7.55 -15.7 4.2
      vertex -9.25 -15.7 4.2
      vertex -7.71233 -16.1996 4.2
    endloop
  endfacet
  facet normal 0 0 1
    outer loop
      vertex -7.55 -15.7 4.2
      vertex -8.5 -6 4.2
      vertex -9.25 -15.7 4.2
    endloop
  endfacet
  facet normal 0 0 1
    outer loop
      vertex -7.71233 -16.1996 4.2
      vertex -9.25 -15.7 4.2
      vertex -8.13609 -16.5075 4.2
    endloop
  endfacet
  facet normal 0 0 1
    outer loop
      vertex -8.13609 -16.5075 4.2
      vertex -9.25 -15.7 4.2
      vertex -8.66391 -16.5075 4.2
    endloop
  endfacet
  facet normal 0 0 1
    outer loop
      vertex -8.66391 -16.5075 4.2
      vertex -9.25 -15.7 4.2
      vertex -9.08766 -16.1996 4.2
    endloop
  endfacet
  facet normal 0 0 1
    outer loop
      vertex -8.5 -6 4.2
      vertex -9.65 -15.7 4.2
      vertex -9.25 -15.7 4.2
    endloop
  endfacet
  facet normal 0 0 1
    outer loop
      vertex -11.35 -15.7 4.2
      vertex -9.65 -15.7 4.2
      vertex -8.5 -6 4.2
    endloop
  endfacet
  facet normal 0 0 1
    outer loop
      vertex -9.65 -15.7 4.2
      vertex -11.35 -15.7 4.2
      vertex -9.81234 -16.1996 4.2
    endloop
  endfacet
  facet normal 0 0 1
    outer loop
      vertex -9.81234 -16.1996 4.2
      vertex -11.35 -15.7 4.2
      vertex -10.2361 -16.5075 4.2
    endloop
  endfacet
  facet normal 0 0 1
    outer loop
      vertex -10.2361 -16.5075 4.2
      vertex -11.35 -15.7 4.2
      vertex -10.7639 -16.5075 4.2
    endloop
  endfacet
  facet normal 0 0 1
    outer loop
      vertex -10.7639 -16.5075 4.2
      vertex -11.35 -15.7 4.2
      vertex -11.1877 -16.1996 4.2
    endloop
  endfacet
  facet normal 0 0 1
    outer loop
      vertex -8.5 -6 4.2
      vertex -11.75 -15.7 4.2
      vertex -11.35 -15.7 4.2
    endloop
  endfacet
  facet normal 0 0 1
    outer loop
      vertex -11.75 -15.7 4.2
      vertex -12.3361 -16.5075 4.2
      vertex -11.9123 -16.1996 4.2
    endloop
  endfacet
  facet normal 0 0 1
    outer loop
      vertex -13.45 -15.7 4.2
      vertex -11.75 -15.7 4.2
      vertex -8.5 -6 4.2
    endloop
  endfacet
  facet normal 0 0 1
    outer loop
      vertex -11.75 -15.7 4.2
      vertex -13.45 -15.7 4.2
      vertex -12.3361 -16.5075 4.2
    endloop
  endfacet
  facet normal 0 0 1
    outer loop
      vertex -12.3361 -16.5075 4.2
      vertex -13.45 -15.7 4.2
      vertex -12.8639 -16.5075 4.2
    endloop
  endfacet
  facet normal 0 0 1
    outer loop
      vertex -12.8639 -16.5075 4.2
      vertex -13.45 -15.7 4.2
      vertex -13.2877 -16.1996 4.2
    endloop
  endfacet
  facet normal -0 0 1
    outer loop
      vertex -18.5734 -7.46352 4.2
      vertex -13.45 -15.7 4.2
      vertex -8.5 -6 4.2
    endloop
  endfacet
  facet normal 0 0 1
    outer loop
      vertex -13.85 -15.7 4.2
      vertex -14.4361 -16.5075 4.2
      vertex -14.0123 -16.1996 4.2
    endloop
  endfacet
  facet normal 0 0 1
    outer loop
      vertex -13.45 -15.7 4.2
      vertex -18.5734 -7.46352 4.2
      vertex -13.85 -15.7 4.2
    endloop
  endfacet
  facet normal 0 0 1
    outer loop
      vertex -13.85 -15.7 4.2
      vertex -15.55 -15.7 4.2
      vertex -14.4361 -16.5075 4.2
    endloop
  endfacet
  facet normal 0 0 1
    outer loop
      vertex -14.4361 -16.5075 4.2
      vertex -15.55 -15.7 4.2
      vertex -14.9639 -16.5075 4.2
    endloop
  endfacet
  facet normal 0 0 1
    outer loop
      vertex -14.9639 -16.5075 4.2
      vertex -15.55 -15.7 4.2
      vertex -15.3877 -16.1996 4.2
    endloop
  endfacet
  facet normal -0 0 1
    outer loop
      vertex -18.7865 -7.88168 4.2
      vertex -13.85 -15.7 4.2
      vertex -18.5734 -7.46352 4.2
    endloop
  endfacet
  facet normal 0 0 1
    outer loop
      vertex -15.95 -15.7 4.2
      vertex -16.5361 -16.5075 4.2
      vertex -16.1123 -16.1996 4.2
    endloop
  endfacet
  facet normal 0 0 1
    outer loop
      vertex -15.95 -15.7 4.2
      vertex -17.0639 -16.5075 4.2
      vertex -16.5361 -16.5075 4.2
    endloop
  endfacet
  facet normal 0 0 1
    outer loop
      vertex -13.85 -15.7 4.2
      vertex -18.7865 -7.88168 4.2
      vertex -15.55 -15.7 4.2
    endloop
  endfacet
  facet normal 0 0 1
    outer loop
      vertex -15.95 -15.7 4.2
      vertex -17.65 -15.7 4.2
      vertex -17.0639 -16.5075 4.2
    endloop
  endfacet
  facet normal 0 0 1
    outer loop
      vertex -17.0639 -16.5075 4.2
      vertex -17.65 -15.7 4.2
      vertex -17.4877 -16.1996 4.2
    endloop
  endfacet
  facet normal -0 0 1
    outer loop
      vertex -19.1183 -8.21352 4.2
      vertex -15.95 -15.7 4.2
      vertex -18.7865 -7.88168 4.2
    endloop
  endfacet
  facet normal 0 0 1
    outer loop
      vertex -15.55 -15.7 4.2
      vertex -18.7865 -7.88168 4.2
      vertex -15.95 -15.7 4.2
    endloop
  endfacet
  facet normal 0 0 1
    outer loop
      vertex -18.5734 -7.46352 4.2
      vertex -8.5 -6 4.2
      vertex -18.5 -7 4.2
    endloop
  endfacet
  facet normal 0 0 1
    outer loop
      vertex -8.5 -6 4.2
      vertex -18.5734 -6.53647 4.2
      vertex -18.5 -7 4.2
    endloop
  endfacet
  facet normal 0 0 1
    outer loop
      vertex -8.5 -6 4.2
      vertex -18.7865 -6.11832 4.2
      vertex -18.5734 -6.53647 4.2
    endloop
  endfacet
  facet normal 0 -0 1
    outer loop
      vertex -18.7865 -6.11832 4.2
      vertex -8.5 -6 4.2
      vertex -18.9048 -6 4.2
    endloop
  endfacet
  facet normal -0 0 1
    outer loop
      vertex -7.08579 -5.41421 4.2
      vertex -5.45 -15.7 4.2
      vertex -6.65224 -4.76537 4.2
    endloop
  endfacet
  facet normal -0 0 1
    outer loop
      vertex -7.73463 -5.84776 4.2
      vertex -5.45 -15.7 4.2
      vertex -7.08579 -5.41421 4.2
    endloop
  endfacet
  facet normal 0 -0 1
    outer loop
      vertex -7.15 -15.7 4.2
      vertex -5.45 -15.7 4.2
      vertex -7.73463 -5.84776 4.2
    endloop
  endfacet
  facet normal 0 0 1
    outer loop
      vertex -5.61234 -16.1996 4.2
      vertex -7.15 -15.7 4.2
      vertex -6.03609 -16.5075 4.2
    endloop
  endfacet
  facet normal 0 0 1
    outer loop
      vertex -6.03609 -16.5075 4.2
      vertex -7.15 -15.7 4.2
      vertex -6.56391 -16.5075 4.2
    endloop
  endfacet
  facet normal 0 0 1
    outer loop
      vertex -6.56391 -16.5075 4.2
      vertex -7.15 -15.7 4.2
      vertex -6.98766 -16.1996 4.2
    endloop
  endfacet
  facet normal 0 0 1
    outer loop
      vertex -8.5 6 4.2
      vertex -7.15 15.7 4.2
      vertex -7.55 15.7 4.2
    endloop
  endfacet
  facet normal 0 0 1
    outer loop
      vertex -9.25 15.7 4.2
      vertex -7.55 15.7 4.2
      vertex -7.71233 16.1996 4.2
    endloop
  endfacet
  facet normal 0 0 1
    outer loop
      vertex -5.45 15.7 4.2
      vertex -7.73463 5.84776 4.2
      vertex -7.08579 5.41421 4.2
    endloop
  endfacet
  facet normal 0 0 1
    outer loop
      vertex -9.25 15.7 4.2
      vertex -7.71233 16.1996 4.2
      vertex -8.13609 16.5075 4.2
    endloop
  endfacet
  facet normal 0 -0 1
    outer loop
      vertex -8.5 6 4.2
      vertex -7.55 15.7 4.2
      vertex -9.25 15.7 4.2
    endloop
  endfacet
  facet normal 0 0 1
    outer loop
      vertex -9.25 15.7 4.2
      vertex -8.13609 16.5075 4.2
      vertex -8.66391 16.5075 4.2
    endloop
  endfacet
  facet normal 0 0 1
    outer loop
      vertex -9.25 15.7 4.2
      vertex -8.66391 16.5075 4.2
      vertex -9.08766 16.1996 4.2
    endloop
  endfacet
  facet normal 0 0 1
    outer loop
      vertex -7.15 15.7 4.2
      vertex -8.5 6 4.2
      vertex -7.73463 5.84776 4.2
    endloop
  endfacet
  facet normal -0 0 1
    outer loop
      vertex -9.65 15.7 4.2
      vertex -8.5 6 4.2
      vertex -9.25 15.7 4.2
    endloop
  endfacet
  facet normal 0 0 1
    outer loop
      vertex -11.35 15.7 4.2
      vertex -9.65 15.7 4.2
      vertex -9.81234 16.1996 4.2
    endloop
  endfacet
  facet normal 0 0 1
    outer loop
      vertex -11.35 15.7 4.2
      vertex -9.81234 16.1996 4.2
      vertex -10.2361 16.5075 4.2
    endloop
  endfacet
  facet normal 0 0 1
    outer loop
      vertex -11.35 15.7 4.2
      vertex -10.2361 16.5075 4.2
      vertex -10.7639 16.5075 4.2
    endloop
  endfacet
  facet normal 0 0 1
    outer loop
      vertex -11.35 15.7 4.2
      vertex -10.7639 16.5075 4.2
      vertex -11.1877 16.1996 4.2
    endloop
  endfacet
  facet normal 0 0 1
    outer loop
      vertex -9.65 15.7 4.2
      vertex -11.35 15.7 4.2
      vertex -8.5 6 4.2
    endloop
  endfacet
  facet normal -0 0 1
    outer loop
      vertex -11.75 15.7 4.2
      vertex -8.5 6 4.2
      vertex -11.35 15.7 4.2
    endloop
  endfacet
  facet normal 0 0 1
    outer loop
      vertex -12.3361 16.5075 4.2
      vertex -11.75 15.7 4.2
      vertex -11.9123 16.1996 4.2
    endloop
  endfacet
  facet normal 0 0 1
    outer loop
      vertex -13.45 15.7 4.2
      vertex -11.75 15.7 4.2
      vertex -12.3361 16.5075 4.2
    endloop
  endfacet
  facet normal 0 0 1
    outer loop
      vertex -13.45 15.7 4.2
      vertex -12.3361 16.5075 4.2
      vertex -12.8639 16.5075 4.2
    endloop
  endfacet
  facet normal 0 0 1
    outer loop
      vertex -13.45 15.7 4.2
      vertex -12.8639 16.5075 4.2
      vertex -13.2877 16.1996 4.2
    endloop
  endfacet
  facet normal 0 0 1
    outer loop
      vertex -11.75 15.7 4.2
      vertex -13.45 15.7 4.2
      vertex -8.5 6 4.2
    endloop
  endfacet
  facet normal -0 0 1
    outer loop
      vertex -13.85 15.7 4.2
      vertex -8.5 6 4.2
      vertex -13.45 15.7 4.2
    endloop
  endfacet
  facet normal 0 0 1
    outer loop
      vertex -14.4361 16.5075 4.2
      vertex -13.85 15.7 4.2
      vertex -14.0123 16.1996 4.2
    endloop
  endfacet
  facet normal 0 0 1
    outer loop
      vertex -15.55 15.7 4.2
      vertex -13.85 15.7 4.2
      vertex -14.4361 16.5075 4.2
    endloop
  endfacet
  facet normal 0 0 1
    outer loop
      vertex -15.55 15.7 4.2
      vertex -14.4361 16.5075 4.2
      vertex -14.9639 16.5075 4.2
    endloop
  endfacet
  facet normal 0 0 1
    outer loop
      vertex -15.55 15.7 4.2
      vertex -14.9639 16.5075 4.2
      vertex -15.3877 16.1996 4.2
    endloop
  endfacet
  facet normal 0 0 1
    outer loop
      vertex -19.5 6 4.2
      vertex -13.85 15.7 4.2
      vertex -15.55 15.7 4.2
    endloop
  endfacet
  facet normal 0 0 1
    outer loop
      vertex -19.5 6 4.2
      vertex -15.55 15.7 4.2
      vertex -15.95 15.7 4.2
    endloop
  endfacet
  facet normal 0 0 1
    outer loop
      vertex -16.5361 16.5075 4.2
      vertex -15.95 15.7 4.2
      vertex -16.1123 16.1996 4.2
    endloop
  endfacet
  facet normal -0 0 1
    outer loop
      vertex -17.0639 16.5075 4.2
      vertex -15.95 15.7 4.2
      vertex -16.5361 16.5075 4.2
    endloop
  endfacet
  facet normal 0 0 1
    outer loop
      vertex -17.65 15.7 4.2
      vertex -15.95 15.7 4.2
      vertex -17.0639 16.5075 4.2
    endloop
  endfacet
  facet normal 0 0 1
    outer loop
      vertex -17.65 15.7 4.2
      vertex -17.0639 16.5075 4.2
      vertex -17.4877 16.1996 4.2
    endloop
  endfacet
  facet normal 0 0 1
    outer loop
      vertex -19.5 6 4.2
      vertex -15.95 15.7 4.2
      vertex -17.65 15.7 4.2
    endloop
  endfacet
  facet normal 0 0 1
    outer loop
      vertex -19.5 6 4.2
      vertex -17.65 15.7 4.2
      vertex -18.05 15.7 4.2
    endloop
  endfacet
  facet normal 0 0 1
    outer loop
      vertex -18.6361 16.5075 4.2
      vertex -18.05 15.7 4.2
      vertex -18.2123 16.1996 4.2
    endloop
  endfacet
  facet normal -0 0 1
    outer loop
      vertex -19.1639 16.5075 4.2
      vertex -18.05 15.7 4.2
      vertex -18.6361 16.5075 4.2
    endloop
  endfacet
  facet normal 0 0 1
    outer loop
      vertex -19.75 15.7 4.2
      vertex -18.05 15.7 4.2
      vertex -19.1639 16.5075 4.2
    endloop
  endfacet
  facet normal 0 -0 1
    outer loop
      vertex -19.5 6 4.2
      vertex -18.05 15.7 4.2
      vertex -19.75 15.7 4.2
    endloop
  endfacet
  facet normal 0 0 1
    outer loop
      vertex -19.75 15.7 4.2
      vertex -19.1639 16.5075 4.2
      vertex -19.5877 16.1996 4.2
    endloop
  endfacet
  facet normal 0 0 1
    outer loop
      vertex -13.85 15.7 4.2
      vertex -19.5 6 4.2
      vertex -8.5 6 4.2
    endloop
  endfacet
  facet normal -0 0 1
    outer loop
      vertex -20.15 15.7 4.2
      vertex -19.5 6 4.2
      vertex -19.75 15.7 4.2
    endloop
  endfacet
  facet normal 0 0 1
    outer loop
      vertex -19.5 6 4.2
      vertex -20.15 15.7 4.2
      vertex -20.2654 5.84776 4.2
    endloop
  endfacet
  facet normal -0 0 1
    outer loop
      vertex -24.35 15.7 4.2
      vertex -23.95 -15.7 4.2
      vertex -23.95 15.7 4.2
    endloop
  endfacet
  facet normal 0 0 1
    outer loop
      vertex -23.95 -15.7 4.2
      vertex -24.35 15.7 4.2
      vertex -24.35 -15.7 4.2
    endloop
  endfacet
  facet normal 0 0 1
    outer loop
      vertex -22.25 15.7 4.2
      vertex -23.95 15.7 4.2
      vertex -22.25 -15.7 4.2
    endloop
  endfacet
  facet normal 0 0 1
    outer loop
      vertex -23.95 15.7 4.2
      vertex -22.25 15.7 4.2
      vertex -22.4123 16.1996 4.2
    endloop
  endfacet
  facet normal 0 0 1
    outer loop
      vertex -23.95 -15.7 4.2
      vertex -22.25 -15.7 4.2
      vertex -23.95 15.7 4.2
    endloop
  endfacet
  facet normal 0 0 1
    outer loop
      vertex -23.95 15.7 4.2
      vertex -22.4123 16.1996 4.2
      vertex -22.8361 16.5075 4.2
    endloop
  endfacet
  facet normal 0 0 1
    outer loop
      vertex -23.95 15.7 4.2
      vertex -22.8361 16.5075 4.2
      vertex -23.3639 16.5075 4.2
    endloop
  endfacet
  facet normal 0 0 1
    outer loop
      vertex -22.25 -15.7 4.2
      vertex -23.95 -15.7 4.2
      vertex -22.4123 -16.1996 4.2
    endloop
  endfacet
  facet normal 0 0 1
    outer loop
      vertex -23.95 15.7 4.2
      vertex -23.3639 16.5075 4.2
      vertex -23.7877 16.1996 4.2
    endloop
  endfacet
  facet normal 0 0 1
    outer loop
      vertex -22.4123 -16.1996 4.2
      vertex -23.95 -15.7 4.2
      vertex -22.8361 -16.5075 4.2
    endloop
  endfacet
  facet normal 0 0 1
    outer loop
      vertex -22.8361 -16.5075 4.2
      vertex -23.95 -15.7 4.2
      vertex -23.3639 -16.5075 4.2
    endloop
  endfacet
  facet normal 0 0 1
    outer loop
      vertex -22.25 -15.7 4.2
      vertex -21.5 -4 4.2
      vertex -22.25 15.7 4.2
    endloop
  endfacet
  facet normal 0 0 1
    outer loop
      vertex -21.5 -4 4.2
      vertex -22.25 -15.7 4.2
      vertex -21.85 -15.7 4.2
    endloop
  endfacet
  facet normal 0 0 1
    outer loop
      vertex -23.3639 -16.5075 4.2
      vertex -23.95 -15.7 4.2
      vertex -23.7877 -16.1996 4.2
    endloop
  endfacet
  facet normal 0 0 1
    outer loop
      vertex -24.35 15.7 4.2
      vertex -28.85 0.808397 4.2
      vertex -24.35 -15.7 4.2
    endloop
  endfacet
  facet normal -0 0 1
    outer loop
      vertex -25.525 16.4631 4.2
      vertex -24.5123 16.1996 4.2
      vertex -24.9361 16.5075 4.2
    endloop
  endfacet
  facet normal -0 0 1
    outer loop
      vertex -28.85 -0.808397 4.2
      vertex -24.35 -15.7 4.2
      vertex -28.85 0.808397 4.2
    endloop
  endfacet
  facet normal 0 0 1
    outer loop
      vertex -25.525 16.4631 4.2
      vertex -24.9361 16.5075 4.2
      vertex -25.4639 16.5075 4.2
    endloop
  endfacet
  facet normal -0 0 1
    outer loop
      vertex -28.85 -1.2916 4.2
      vertex -24.35 -15.7 4.2
      vertex -28.85 -0.808397 4.2
    endloop
  endfacet
  facet normal 0 0 1
    outer loop
      vertex -24.35 15.7 4.2
      vertex -25.525 16.4631 4.2
      vertex -26.5543 16.1485 4.2
    endloop
  endfacet
  facet normal -0 0 1
    outer loop
      vertex -28.85 -2.9084 4.2
      vertex -24.35 -15.7 4.2
      vertex -28.85 -1.2916 4.2
    endloop
  endfacet
  facet normal -0 0 1
    outer loop
      vertex -25.85 16.5075 4.2
      vertex -25.525 16.4631 4.2
      vertex -25.5861 16.5075 4.2
    endloop
  endfacet
  facet normal -0 0 1
    outer loop
      vertex -28.85 -3.3916 4.2
      vertex -24.35 -15.7 4.2
      vertex -28.85 -2.9084 4.2
    endloop
  endfacet
  facet normal 0 0 1
    outer loop
      vertex -25.525 16.4631 4.2
      vertex -25.85 16.5075 4.2
      vertex -26.5543 16.1485 4.2
    endloop
  endfacet
  facet normal -0 0 1
    outer loop
      vertex -28.85 -5.0084 4.2
      vertex -24.35 -15.7 4.2
      vertex -28.85 -3.3916 4.2
    endloop
  endfacet
  facet normal 0 0 1
    outer loop
      vertex -26.5543 16.1485 4.2
      vertex -25.85 16.5075 4.2
      vertex -26.2681 16.3955 4.2
    endloop
  endfacet
  facet normal -0 0 1
    outer loop
      vertex -28.85 -5.4916 4.2
      vertex -24.35 -15.7 4.2
      vertex -28.85 -5.0084 4.2
    endloop
  endfacet
  facet normal 0 0 1
    outer loop
      vertex -26.5543 16.1485 4.2
      vertex -26.2681 16.3955 4.2
      vertex -26.5377 16.1996 4.2
    endloop
  endfacet
  facet normal -0 0 1
    outer loop
      vertex -28.85 -7.5916 4.2
      vertex -24.35 -15.7 4.2
      vertex -28.85 -7.1084 4.2
    endloop
  endfacet
  facet normal 0 0 1
    outer loop
      vertex -24.35 15.7 4.2
      vertex -26.5543 16.1485 4.2
      vertex -28.85 11.7916 4.2
    endloop
  endfacet
  facet normal -0 0 1
    outer loop
      vertex -28.85 -9.2084 4.2
      vertex -24.35 -15.7 4.2
      vertex -28.85 -7.5916 4.2
    endloop
  endfacet
  facet normal -0 0 1
    outer loop
      vertex -26.8234 16.2467 4.2
      vertex -26.5543 16.1485 4.2
      vertex -26.7255 16.2729 4.2
    endloop
  endfacet
  facet normal -0 0 1
    outer loop
      vertex -28.85 -9.6916 4.2
      vertex -24.35 -15.7 4.2
      vertex -28.85 -9.2084 4.2
    endloop
  endfacet
  facet normal 0 0 1
    outer loop
      vertex -26.5543 16.1485 4.2
      vertex -26.8234 16.2467 4.2
      vertex -27.7967 15.6297 4.2
    endloop
  endfacet
  facet normal 0 0 1
    outer loop
      vertex -26.2681 -16.3955 4.2
      vertex -26.5543 -16.1485 4.2
      vertex -26.5377 -16.1996 4.2
    endloop
  endfacet
  facet normal 0 0 1
    outer loop
      vertex -27.7967 15.6297 4.2
      vertex -26.8234 16.2467 4.2
      vertex -27.6696 15.983 4.2
    endloop
  endfacet
  facet normal 0 0 1
    outer loop
      vertex -27.7967 15.6297 4.2
      vertex -27.6696 15.983 4.2
      vertex -27.6857 15.9713 4.2
    endloop
  endfacet
  facet normal 0 0 1
    outer loop
      vertex -24.35 15.7 4.2
      vertex -28.85 1.2916 4.2
      vertex -28.85 0.808397 4.2
    endloop
  endfacet
  facet normal 0 0 1
    outer loop
      vertex -26.5543 16.1485 4.2
      vertex -27.7967 15.6297 4.2
      vertex -28.85 11.7916 4.2
    endloop
  endfacet
  facet normal -0 0 1
    outer loop
      vertex -28.85 -7.1084 4.2
      vertex -24.35 -15.7 4.2
      vertex -28.85 -5.4916 4.2
    endloop
  endfacet
  facet normal 0 0 1
    outer loop
      vertex -28.7677 14.6564 4.2
      vertex -27.7967 15.6297 4.2
      vertex -28.1214 15.6297 4.2
    endloop
  endfacet
  facet normal -0 0 1
    outer loop
      vertex -28.85 -11.3084 4.2
      vertex -24.35 -15.7 4.2
      vertex -28.85 -9.6916 4.2
    endloop
  endfacet
  facet normal 0 0 1
    outer loop
      vertex -27.7967 15.6297 4.2
      vertex -28.7677 14.6564 4.2
      vertex -28.85 11.7916 4.2
    endloop
  endfacet
  facet normal -0 0 1
    outer loop
      vertex -28.7691 14.982 4.2
      vertex -28.7677 14.6564 4.2
      vertex -28.1214 15.6297 4.2
    endloop
  endfacet
  facet normal 0 0 1
    outer loop
      vertex -28.7677 14.6564 4.2
      vertex -28.7691 14.982 4.2
      vertex -28.8213 14.8213 4.2
    endloop
  endfacet
  facet normal 0 0 1
    outer loop
      vertex -28.7677 14.6564 4.2
      vertex -29.4049 13.6427 4.2
      vertex -29.3138 13.3623 4.2
    endloop
  endfacet
  facet normal 0 0 1
    outer loop
      vertex -29.5377 -10.0004 4.2
      vertex -28.85 -9.6916 4.2
      vertex -29.1127 -9.6916 4.2
    endloop
  endfacet
  facet normal 0 0 1
    outer loop
      vertex -28.85 -9.6916 4.2
      vertex -29.6575 -10.3692 4.2
      vertex -28.85 -11.3084 4.2
    endloop
  endfacet
  facet normal 0 0 1
    outer loop
      vertex -28.85 -9.6916 4.2
      vertex -29.5377 -10.0004 4.2
      vertex -29.6575 -10.3692 4.2
    endloop
  endfacet
  facet normal -0 0 1
    outer loop
      vertex -29.6575 -10.6308 4.2
      vertex -28.85 -11.3084 4.2
      vertex -29.6575 -10.3692 4.2
    endloop
  endfacet
  facet normal -0 -0 1
    outer loop
      vertex -29.5377 -10.9996 4.2
      vertex -28.85 -11.3084 4.2
      vertex -29.6575 -10.6308 4.2
    endloop
  endfacet
  facet normal 0 0 1
    outer loop
      vertex -28.85 -11.3084 4.2
      vertex -29.5377 -10.9996 4.2
      vertex -29.1127 -11.3084 4.2
    endloop
  endfacet
  facet normal 0 0 1
    outer loop
      vertex -29.5377 -7.90038 4.2
      vertex -28.85 -7.5916 4.2
      vertex -29.1127 -7.5916 4.2
    endloop
  endfacet
  facet normal 0 0 1
    outer loop
      vertex -28.85 -7.5916 4.2
      vertex -29.6575 -8.26916 4.2
      vertex -28.85 -9.2084 4.2
    endloop
  endfacet
  facet normal 0 0 1
    outer loop
      vertex -28.85 -7.5916 4.2
      vertex -29.5377 -7.90038 4.2
      vertex -29.6575 -8.26916 4.2
    endloop
  endfacet
  facet normal -0 0 1
    outer loop
      vertex -29.6575 -8.53084 4.2
      vertex -28.85 -9.2084 4.2
      vertex -29.6575 -8.26916 4.2
    endloop
  endfacet
  facet normal -0 -0 1
    outer loop
      vertex -29.5377 -8.89962 4.2
      vertex -28.85 -9.2084 4.2
      vertex -29.6575 -8.53084 4.2
    endloop
  endfacet
  facet normal 0 0 1
    outer loop
      vertex -28.85 -9.2084 4.2
      vertex -29.5377 -8.89962 4.2
      vertex -29.1127 -9.2084 4.2
    endloop
  endfacet
  facet normal 0 0 1
    outer loop
      vertex -29.5377 -5.80038 4.2
      vertex -28.85 -5.4916 4.2
      vertex -29.1127 -5.4916 4.2
    endloop
  endfacet
  facet normal 0 0 1
    outer loop
      vertex -28.85 -5.4916 4.2
      vertex -29.6575 -6.16916 4.2
      vertex -28.85 -7.1084 4.2
    endloop
  endfacet
  facet normal 0 0 1
    outer loop
      vertex -28.85 -5.4916 4.2
      vertex -29.5377 -5.80038 4.2
      vertex -29.6575 -6.16916 4.2
    endloop
  endfacet
  facet normal -0 0 1
    outer loop
      vertex -29.6575 -6.43084 4.2
      vertex -28.85 -7.1084 4.2
      vertex -29.6575 -6.16916 4.2
    endloop
  endfacet
  facet normal -0 -0 1
    outer loop
      vertex -29.5377 -6.79962 4.2
      vertex -28.85 -7.1084 4.2
      vertex -29.6575 -6.43084 4.2
    endloop
  endfacet
  facet normal 0 0 1
    outer loop
      vertex -28.85 -7.1084 4.2
      vertex -29.5377 -6.79962 4.2
      vertex -29.1127 -7.1084 4.2
    endloop
  endfacet
  facet normal 0 0 1
    outer loop
      vertex -29.5377 -3.70038 4.2
      vertex -28.85 -3.3916 4.2
      vertex -29.1127 -3.3916 4.2
    endloop
  endfacet
  facet normal 0 0 1
    outer loop
      vertex -28.85 -3.3916 4.2
      vertex -29.6575 -4.06916 4.2
      vertex -28.85 -5.0084 4.2
    endloop
  endfacet
  facet normal 0 0 1
    outer loop
      vertex -28.85 -3.3916 4.2
      vertex -29.5377 -3.70038 4.2
      vertex -29.6575 -4.06916 4.2
    endloop
  endfacet
  facet normal -0 0 1
    outer loop
      vertex -29.6575 -4.33084 4.2
      vertex -28.85 -5.0084 4.2
      vertex -29.6575 -4.06916 4.2
    endloop
  endfacet
  facet normal -0 -0 1
    outer loop
      vertex -29.5377 -4.69962 4.2
      vertex -28.85 -5.0084 4.2
      vertex -29.6575 -4.33084 4.2
    endloop
  endfacet
  facet normal 0 0 1
    outer loop
      vertex -28.85 -5.0084 4.2
      vertex -29.5377 -4.69962 4.2
      vertex -29.1127 -5.0084 4.2
    endloop
  endfacet
  facet normal 0 0 1
    outer loop
      vertex -29.5377 -1.60038 4.2
      vertex -28.85 -1.2916 4.2
      vertex -29.1127 -1.2916 4.2
    endloop
  endfacet
  facet normal 0 0 1
    outer loop
      vertex -28.85 -1.2916 4.2
      vertex -29.6575 -1.96916 4.2
      vertex -28.85 -2.9084 4.2
    endloop
  endfacet
  facet normal 0 0 1
    outer loop
      vertex -28.85 -1.2916 4.2
      vertex -29.5377 -1.60038 4.2
      vertex -29.6575 -1.96916 4.2
    endloop
  endfacet
  facet normal -0 0 1
    outer loop
      vertex -29.6575 -2.23084 4.2
      vertex -28.85 -2.9084 4.2
      vertex -29.6575 -1.96916 4.2
    endloop
  endfacet
  facet normal -0 -0 1
    outer loop
      vertex -29.5377 -2.59962 4.2
      vertex -28.85 -2.9084 4.2
      vertex -29.6575 -2.23084 4.2
    endloop
  endfacet
  facet normal 0 0 1
    outer loop
      vertex -28.85 -2.9084 4.2
      vertex -29.5377 -2.59962 4.2
      vertex -29.1127 -2.9084 4.2
    endloop
  endfacet
  facet normal 0 0 1
    outer loop
      vertex -29.5377 0.499617 4.2
      vertex -28.85 0.808397 4.2
      vertex -29.1127 0.808397 4.2
    endloop
  endfacet
  facet normal 0 0 1
    outer loop
      vertex -28.85 0.808397 4.2
      vertex -29.6575 0.130844 4.2
      vertex -28.85 -0.808397 4.2
    endloop
  endfacet
  facet normal 0 0 1
    outer loop
      vertex -28.85 0.808397 4.2
      vertex -29.5377 0.499617 4.2
      vertex -29.6575 0.130844 4.2
    endloop
  endfacet
  facet normal -0 0 1
    outer loop
      vertex -29.6575 -0.130844 4.2
      vertex -28.85 -0.808397 4.2
      vertex -29.6575 0.130844 4.2
    endloop
  endfacet
  facet normal -0 -0 1
    outer loop
      vertex -29.5377 -0.499617 4.2
      vertex -28.85 -0.808397 4.2
      vertex -29.6575 -0.130844 4.2
    endloop
  endfacet
  facet normal 0 0 1
    outer loop
      vertex -28.85 -0.808397 4.2
      vertex -29.5377 -0.499617 4.2
      vertex -29.1127 -0.808397 4.2
    endloop
  endfacet
  facet normal 0 0 1
    outer loop
      vertex -29.5377 2.59962 4.2
      vertex -28.85 2.9084 4.2
      vertex -29.1127 2.9084 4.2
    endloop
  endfacet
  facet normal 0 0 1
    outer loop
      vertex -28.85 2.9084 4.2
      vertex -29.6575 2.23084 4.2
      vertex -28.85 1.2916 4.2
    endloop
  endfacet
  facet normal 0 0 1
    outer loop
      vertex -28.85 2.9084 4.2
      vertex -29.5377 2.59962 4.2
      vertex -29.6575 2.23084 4.2
    endloop
  endfacet
  facet normal -0 0 1
    outer loop
      vertex -29.6575 1.96916 4.2
      vertex -28.85 1.2916 4.2
      vertex -29.6575 2.23084 4.2
    endloop
  endfacet
  facet normal -0 -0 1
    outer loop
      vertex -29.5377 1.60038 4.2
      vertex -28.85 1.2916 4.2
      vertex -29.6575 1.96916 4.2
    endloop
  endfacet
  facet normal 0 0 1
    outer loop
      vertex -28.85 1.2916 4.2
      vertex -29.5377 1.60038 4.2
      vertex -29.1127 1.2916 4.2
    endloop
  endfacet
  facet normal 0 0 1
    outer loop
      vertex -29.5377 4.69962 4.2
      vertex -28.85 5.0084 4.2
      vertex -29.1127 5.0084 4.2
    endloop
  endfacet
  facet normal 0 0 1
    outer loop
      vertex -28.85 5.0084 4.2
      vertex -29.6575 4.33084 4.2
      vertex -28.85 3.3916 4.2
    endloop
  endfacet
  facet normal 0 0 1
    outer loop
      vertex -28.85 5.0084 4.2
      vertex -29.5377 4.69962 4.2
      vertex -29.6575 4.33084 4.2
    endloop
  endfacet
  facet normal -0 0 1
    outer loop
      vertex -29.6575 4.06916 4.2
      vertex -28.85 3.3916 4.2
      vertex -29.6575 4.33084 4.2
    endloop
  endfacet
  facet normal -0 -0 1
    outer loop
      vertex -29.5377 3.70038 4.2
      vertex -28.85 3.3916 4.2
      vertex -29.6575 4.06916 4.2
    endloop
  endfacet
  facet normal 0 0 1
    outer loop
      vertex -28.85 3.3916 4.2
      vertex -29.5377 3.70038 4.2
      vertex -29.1127 3.3916 4.2
    endloop
  endfacet
  facet normal 0 0 1
    outer loop
      vertex -29.5377 6.79962 4.2
      vertex -28.85 7.1084 4.2
      vertex -29.1127 7.1084 4.2
    endloop
  endfacet
  facet normal 0 0 1
    outer loop
      vertex -28.85 7.1084 4.2
      vertex -29.6575 6.43084 4.2
      vertex -28.85 5.4916 4.2
    endloop
  endfacet
  facet normal 0 0 1
    outer loop
      vertex -28.85 7.1084 4.2
      vertex -29.5377 6.79962 4.2
      vertex -29.6575 6.43084 4.2
    endloop
  endfacet
  facet normal -0 0 1
    outer loop
      vertex -29.6575 6.16916 4.2
      vertex -28.85 5.4916 4.2
      vertex -29.6575 6.43084 4.2
    endloop
  endfacet
  facet normal -0 -0 1
    outer loop
      vertex -29.5377 5.80038 4.2
      vertex -28.85 5.4916 4.2
      vertex -29.6575 6.16916 4.2
    endloop
  endfacet
  facet normal 0 0 1
    outer loop
      vertex -28.85 5.4916 4.2
      vertex -29.5377 5.80038 4.2
      vertex -29.1127 5.4916 4.2
    endloop
  endfacet
  facet normal 0 0 1
    outer loop
      vertex -29.5377 8.89962 4.2
      vertex -28.85 9.2084 4.2
      vertex -29.1127 9.2084 4.2
    endloop
  endfacet
  facet normal 0 0 1
    outer loop
      vertex -28.85 9.2084 4.2
      vertex -29.6575 8.53084 4.2
      vertex -28.85 7.5916 4.2
    endloop
  endfacet
  facet normal 0 0 1
    outer loop
      vertex -28.85 9.2084 4.2
      vertex -29.5377 8.89962 4.2
      vertex -29.6575 8.53084 4.2
    endloop
  endfacet
  facet normal -0 0 1
    outer loop
      vertex -29.6575 8.26916 4.2
      vertex -28.85 7.5916 4.2
      vertex -29.6575 8.53084 4.2
    endloop
  endfacet
  facet normal -0 -0 1
    outer loop
      vertex -29.5377 7.90038 4.2
      vertex -28.85 7.5916 4.2
      vertex -29.6575 8.26916 4.2
    endloop
  endfacet
  facet normal 0 0 1
    outer loop
      vertex -28.85 7.5916 4.2
      vertex -29.5377 7.90038 4.2
      vertex -29.1127 7.5916 4.2
    endloop
  endfacet
  facet normal 0 0 1
    outer loop
      vertex -29.5377 10.9996 4.2
      vertex -28.85 11.3084 4.2
      vertex -29.1127 11.3084 4.2
    endloop
  endfacet
  facet normal 0 0 1
    outer loop
      vertex -28.85 11.3084 4.2
      vertex -29.6575 10.6308 4.2
      vertex -28.85 9.6916 4.2
    endloop
  endfacet
  facet normal 0 0 1
    outer loop
      vertex -28.85 11.3084 4.2
      vertex -29.5377 10.9996 4.2
      vertex -29.6575 10.6308 4.2
    endloop
  endfacet
  facet normal -0 0 1
    outer loop
      vertex -29.6575 10.3692 4.2
      vertex -28.85 9.6916 4.2
      vertex -29.6575 10.6308 4.2
    endloop
  endfacet
  facet normal -0 -0 1
    outer loop
      vertex -29.5377 10.0004 4.2
      vertex -28.85 9.6916 4.2
      vertex -29.6575 10.3692 4.2
    endloop
  endfacet
  facet normal 0 0 1
    outer loop
      vertex -28.85 9.6916 4.2
      vertex -29.5377 10.0004 4.2
      vertex -29.1127 9.6916 4.2
    endloop
  endfacet
  facet normal 0 0 1
    outer loop
      vertex -24.35 15.7 4.2
      vertex -28.85 11.3084 4.2
      vertex -28.85 9.6916 4.2
    endloop
  endfacet
  facet normal 0 0 1
    outer loop
      vertex -29.1934 14.4318 4.2
      vertex -28.7677 14.6564 4.2
      vertex -28.8843 14.6564 4.2
    endloop
  endfacet
  facet normal 0 0 1
    outer loop
      vertex -28.7677 14.6564 4.2
      vertex -29.3138 13.3623 4.2
      vertex -28.85 11.7916 4.2
    endloop
  endfacet
  facet normal 0 0 1
    outer loop
      vertex -29.4049 13.6427 4.2
      vertex -28.7677 14.6564 4.2
      vertex -29.1934 14.4318 4.2
    endloop
  endfacet
  facet normal -0 0 1
    outer loop
      vertex -29.6575 12.7 4.2
      vertex -28.85 11.7916 4.2
      vertex -29.3138 13.3623 4.2
    endloop
  endfacet
  facet normal 0 0 1
    outer loop
      vertex -29.6575 12.7 4.2
      vertex -29.3138 13.3623 4.2
      vertex -29.5202 13.2123 4.2
    endloop
  endfacet
  facet normal -0 0 1
    outer loop
      vertex -29.6575 12.4692 4.2
      vertex -28.85 11.7916 4.2
      vertex -29.6575 12.7 4.2
    endloop
  endfacet
  facet normal -0 -0 1
    outer loop
      vertex -29.5377 12.1004 4.2
      vertex -28.85 11.7916 4.2
      vertex -29.6575 12.4692 4.2
    endloop
  endfacet
  facet normal 0 0 1
    outer loop
      vertex -28.85 11.7916 4.2
      vertex -29.5377 12.1004 4.2
      vertex -29.1127 11.7916 4.2
    endloop
  endfacet
  facet normal 0 0 1
    outer loop
      vertex -24.35 15.7 4.2
      vertex -28.85 11.7916 4.2
      vertex -28.85 11.3084 4.2
    endloop
  endfacet
  facet normal 0 0 1
    outer loop
      vertex -28.7677 -14.6564 4.2
      vertex -28.7691 -14.982 4.2
      vertex -28.1214 -15.6297 4.2
    endloop
  endfacet
  facet normal 0 -0 1
    outer loop
      vertex -28.7691 -14.982 4.2
      vertex -28.7677 -14.6564 4.2
      vertex -28.8213 -14.8213 4.2
    endloop
  endfacet
  facet normal 0 0 1
    outer loop
      vertex -24.35 15.7 4.2
      vertex -28.85 9.6916 4.2
      vertex -28.85 9.2084 4.2
    endloop
  endfacet
  facet normal 0 0 1
    outer loop
      vertex -24.35 15.7 4.2
      vertex -28.85 9.2084 4.2
      vertex -28.85 7.5916 4.2
    endloop
  endfacet
  facet normal 0 0 1
    outer loop
      vertex -24.35 15.7 4.2
      vertex -28.85 7.5916 4.2
      vertex -28.85 7.1084 4.2
    endloop
  endfacet
  facet normal 0 0 1
    outer loop
      vertex -24.35 15.7 4.2
      vertex -28.85 7.1084 4.2
      vertex -28.85 5.4916 4.2
    endloop
  endfacet
  facet normal 0 0 1
    outer loop
      vertex -24.35 15.7 4.2
      vertex -28.85 5.4916 4.2
      vertex -28.85 5.0084 4.2
    endloop
  endfacet
  facet normal 0 0 1
    outer loop
      vertex -24.35 15.7 4.2
      vertex -28.85 5.0084 4.2
      vertex -28.85 3.3916 4.2
    endloop
  endfacet
  facet normal 0 0 1
    outer loop
      vertex -24.35 15.7 4.2
      vertex -28.85 3.3916 4.2
      vertex -28.85 2.9084 4.2
    endloop
  endfacet
  facet normal 0 0 1
    outer loop
      vertex -24.35 15.7 4.2
      vertex -28.85 2.9084 4.2
      vertex -28.85 1.2916 4.2
    endloop
  endfacet
  facet normal -0 0 1
    outer loop
      vertex -28.85 -11.7916 4.2
      vertex -24.35 -15.7 4.2
      vertex -28.85 -11.3084 4.2
    endloop
  endfacet
  facet normal 0 -0 1
    outer loop
      vertex -26.5543 -16.1485 4.2
      vertex -24.35 -15.7 4.2
      vertex -28.85 -11.7916 4.2
    endloop
  endfacet
  facet normal 0 0 1
    outer loop
      vertex -24.9361 -16.5075 4.2
      vertex -25.525 -16.4631 4.2
      vertex -25.4639 -16.5075 4.2
    endloop
  endfacet
  facet normal 0 -0 1
    outer loop
      vertex -25.525 -16.4631 4.2
      vertex -24.35 -15.7 4.2
      vertex -26.5543 -16.1485 4.2
    endloop
  endfacet
  facet normal 0 0 1
    outer loop
      vertex -24.35 -15.7 4.2
      vertex -25.525 -16.4631 4.2
      vertex -24.5123 -16.1996 4.2
    endloop
  endfacet
  facet normal 0 0 1
    outer loop
      vertex -24.5123 -16.1996 4.2
      vertex -25.525 -16.4631 4.2
      vertex -24.9361 -16.5075 4.2
    endloop
  endfacet
  facet normal 0 -0 1
    outer loop
      vertex -25.85 -16.5075 4.2
      vertex -25.525 -16.4631 4.2
      vertex -26.5543 -16.1485 4.2
    endloop
  endfacet
  facet normal 0 0 1
    outer loop
      vertex -25.85 -16.5075 4.2
      vertex -26.5543 -16.1485 4.2
      vertex -26.2681 -16.3955 4.2
    endloop
  endfacet
  facet normal 0 0 1
    outer loop
      vertex -25.525 -16.4631 4.2
      vertex -25.85 -16.5075 4.2
      vertex -25.5861 -16.5075 4.2
    endloop
  endfacet
  facet normal 0 0 1
    outer loop
      vertex -27.589 -16.0415 4.2
      vertex -27.7967 -15.6297 4.2
      vertex -27.6857 -15.9713 4.2
    endloop
  endfacet
  facet normal -0 -0 1
    outer loop
      vertex -27.7967 -15.6297 4.2
      vertex -26.5543 -16.1485 4.2
      vertex -28.85 -11.7916 4.2
    endloop
  endfacet
  facet normal 0 0 1
    outer loop
      vertex -26.5543 -16.1485 4.2
      vertex -27.589 -16.0415 4.2
      vertex -26.7255 -16.2729 4.2
    endloop
  endfacet
  facet normal -0 -0 1
    outer loop
      vertex -27.589 -16.0415 4.2
      vertex -26.5543 -16.1485 4.2
      vertex -27.7967 -15.6297 4.2
    endloop
  endfacet
  facet normal -0 -0 1
    outer loop
      vertex -28.7677 -14.6564 4.2
      vertex -27.7967 -15.6297 4.2
      vertex -28.85 -11.7916 4.2
    endloop
  endfacet
  facet normal 0 0 1
    outer loop
      vertex -27.7967 -15.6297 4.2
      vertex -28.7677 -14.6564 4.2
      vertex -28.1214 -15.6297 4.2
    endloop
  endfacet
  facet normal -0 0 1
    outer loop
      vertex -29.3138 -13.3623 4.2
      vertex -28.7677 -14.6564 4.2
      vertex -28.85 -11.7916 4.2
    endloop
  endfacet
  facet normal 0 0 1
    outer loop
      vertex -29.5377 -12.1004 4.2
      vertex -28.85 -11.7916 4.2
      vertex -29.1127 -11.7916 4.2
    endloop
  endfacet
  facet normal -0 0 1
    outer loop
      vertex -29.3967 -13.6734 4.2
      vertex -28.7677 -14.6564 4.2
      vertex -29.3138 -13.3623 4.2
    endloop
  endfacet
  facet normal -0 -0 1
    outer loop
      vertex -29.1506 -14.4629 4.2
      vertex -28.7677 -14.6564 4.2
      vertex -29.3967 -13.6734 4.2
    endloop
  endfacet
  facet normal 0 0 1
    outer loop
      vertex -28.85 -11.7916 4.2
      vertex -29.6575 -12.7 4.2
      vertex -29.3138 -13.3623 4.2
    endloop
  endfacet
  facet normal 0 0 1
    outer loop
      vertex -28.85 -11.7916 4.2
      vertex -29.5377 -12.1004 4.2
      vertex -29.6575 -12.4692 4.2
    endloop
  endfacet
  facet normal 0 0 1
    outer loop
      vertex -28.85 -11.7916 4.2
      vertex -29.6575 -12.4692 4.2
      vertex -29.6575 -12.7 4.2
    endloop
  endfacet
  facet normal 0 0 1
    outer loop
      vertex -29.3138 -13.3623 4.2
      vertex -29.6575 -12.7 4.2
      vertex -29.5202 -13.2123 4.2
    endloop
  endfacet
  facet normal 0 0 1
    outer loop
      vertex -28.7677 -14.6564 4.2
      vertex -29.1506 -14.4629 4.2
      vertex -28.8843 -14.6564 4.2
    endloop
  endfacet
  facet normal 0 -0 1
    outer loop
      vertex -29.3967 -13.6734 4.2
      vertex -29.3138 -13.3623 4.2
      vertex -29.4049 -13.6427 4.2
    endloop
  endfacet
  facet normal 0 0 1
    outer loop
      vertex -21.85 15.7 4.2
      vertex -20.15 15.7 4.2
      vertex -20.3123 16.1996 4.2
    endloop
  endfacet
  facet normal 0 0 1
    outer loop
      vertex -21.85 15.7 4.2
      vertex -20.3123 16.1996 4.2
      vertex -20.7361 16.5075 4.2
    endloop
  endfacet
  facet normal 0 0 1
    outer loop
      vertex -20.15 15.7 4.2
      vertex -21.85 15.7 4.2
      vertex -20.2654 5.84776 4.2
    endloop
  endfacet
  facet normal 0 0 1
    outer loop
      vertex -21.85 15.7 4.2
      vertex -20.7361 16.5075 4.2
      vertex -21.2639 16.5075 4.2
    endloop
  endfacet
  facet normal -0 0 1
    outer loop
      vertex -22.25 15.7 4.2
      vertex -20.2654 5.84776 4.2
      vertex -21.85 15.7 4.2
    endloop
  endfacet
  facet normal 0 0 1
    outer loop
      vertex -20.2654 5.84776 4.2
      vertex -22.25 15.7 4.2
      vertex -20.9142 5.41421 4.2
    endloop
  endfacet
  facet normal 0 0 1
    outer loop
      vertex -22.25 15.7 4.2
      vertex -21.5 -4 4.2
      vertex -21.5 4 4.2
    endloop
  endfacet
  facet normal 0 0 1
    outer loop
      vertex -20.9142 5.41421 4.2
      vertex -22.25 15.7 4.2
      vertex -21.3478 4.76537 4.2
    endloop
  endfacet
  facet normal 0 0 1
    outer loop
      vertex -21.85 15.7 4.2
      vertex -21.2639 16.5075 4.2
      vertex -21.6877 16.1996 4.2
    endloop
  endfacet
  facet normal 0 0 1
    outer loop
      vertex -15.95 -15.7 4.2
      vertex -19.1183 -8.21352 4.2
      vertex -17.65 -15.7 4.2
    endloop
  endfacet
  facet normal -0 0 1
    outer loop
      vertex -19.5365 -8.42658 4.2
      vertex -17.65 -15.7 4.2
      vertex -19.1183 -8.21352 4.2
    endloop
  endfacet
  facet normal 0 0 1
    outer loop
      vertex -17.65 -15.7 4.2
      vertex -19.5365 -8.42658 4.2
      vertex -18.05 -15.7 4.2
    endloop
  endfacet
  facet normal 0 0 1
    outer loop
      vertex -19.75 -15.7 4.2
      vertex -18.05 -15.7 4.2
      vertex -19.5365 -8.42658 4.2
    endloop
  endfacet
  facet normal 0 0 1
    outer loop
      vertex -18.2123 -16.1996 4.2
      vertex -19.75 -15.7 4.2
      vertex -18.6361 -16.5075 4.2
    endloop
  endfacet
  facet normal 0 0 1
    outer loop
      vertex -18.05 -15.7 4.2
      vertex -19.75 -15.7 4.2
      vertex -18.2123 -16.1996 4.2
    endloop
  endfacet
  facet normal 0 0 1
    outer loop
      vertex -18.6361 -16.5075 4.2
      vertex -19.75 -15.7 4.2
      vertex -19.1639 -16.5075 4.2
    endloop
  endfacet
  facet normal 0 0 1
    outer loop
      vertex -19.1639 -16.5075 4.2
      vertex -19.75 -15.7 4.2
      vertex -19.5877 -16.1996 4.2
    endloop
  endfacet
  facet normal -0 0 1
    outer loop
      vertex -20 -8.5 4.2
      vertex -19.75 -15.7 4.2
      vertex -19.5365 -8.42658 4.2
    endloop
  endfacet
  facet normal 0 0 1
    outer loop
      vertex -20 -8.5 4.2
      vertex -20.15 -15.7 4.2
      vertex -19.75 -15.7 4.2
    endloop
  endfacet
  facet normal 0 0 1
    outer loop
      vertex -20.4635 -8.42658 4.2
      vertex -20.15 -15.7 4.2
      vertex -20 -8.5 4.2
    endloop
  endfacet
  facet normal 0 0 1
    outer loop
      vertex -20.15 -15.7 4.2
      vertex -20.4635 -8.42658 4.2
      vertex -21.85 -15.7 4.2
    endloop
  endfacet
  facet normal 0 0 1
    outer loop
      vertex -20.15 -15.7 4.2
      vertex -21.85 -15.7 4.2
      vertex -20.3123 -16.1996 4.2
    endloop
  endfacet
  facet normal 0 0 1
    outer loop
      vertex -21.85 -15.7 4.2
      vertex -20.4635 -8.42658 4.2
      vertex -20.8817 -8.21352 4.2
    endloop
  endfacet
  facet normal 0 0 1
    outer loop
      vertex -21.85 -15.7 4.2
      vertex -20.8817 -8.21352 4.2
      vertex -21.2135 -7.88168 4.2
    endloop
  endfacet
  facet normal 0 0 1
    outer loop
      vertex -20.3123 -16.1996 4.2
      vertex -21.85 -15.7 4.2
      vertex -20.7361 -16.5075 4.2
    endloop
  endfacet
  facet normal 0 0 1
    outer loop
      vertex -21.85 -15.7 4.2
      vertex -21.2135 -7.88168 4.2
      vertex -21.4266 -7.46352 4.2
    endloop
  endfacet
  facet normal 0 0 1
    outer loop
      vertex -21.85 -15.7 4.2
      vertex -21.4266 -7.46352 4.2
      vertex -21.5 -7 4.2
    endloop
  endfacet
  facet normal 0 0 1
    outer loop
      vertex -20.7361 -16.5075 4.2
      vertex -21.85 -15.7 4.2
      vertex -21.2639 -16.5075 4.2
    endloop
  endfacet
  facet normal 0 0 1
    outer loop
      vertex -21.3478 4.76537 4.2
      vertex -22.25 15.7 4.2
      vertex -21.5 4 4.2
    endloop
  endfacet
  facet normal 0 0 1
    outer loop
      vertex -21.5 -4 4.2
      vertex -21.85 -15.7 4.2
      vertex -21.5 -7 4.2
    endloop
  endfacet
  facet normal 0 0 1
    outer loop
      vertex -21.2639 -16.5075 4.2
      vertex -21.85 -15.7 4.2
      vertex -21.6877 -16.1996 4.2
    endloop
  endfacet
  facet normal 0 0 1
    outer loop
      vertex -20.9142 -5.41421 4.2
      vertex -20.8817 -5.78647 4.2
      vertex -20.584 -5.63482 4.2
    endloop
  endfacet
  facet normal 0 0 1
    outer loop
      vertex -20.9142 -5.41421 4.2
      vertex -21.2135 -6.11832 4.2
      vertex -20.8817 -5.78647 4.2
    endloop
  endfacet
  facet normal 0 0 1
    outer loop
      vertex -21.3478 -4.76537 4.2
      vertex -21.2135 -6.11832 4.2
      vertex -20.9142 -5.41421 4.2
    endloop
  endfacet
  facet normal 0 0 1
    outer loop
      vertex -21.3478 -4.76537 4.2
      vertex -21.4266 -6.53647 4.2
      vertex -21.2135 -6.11832 4.2
    endloop
  endfacet
  facet normal 0 0 1
    outer loop
      vertex -21.5 -4 4.2
      vertex -21.4266 -6.53647 4.2
      vertex -21.3478 -4.76537 4.2
    endloop
  endfacet
  facet normal 0 0 1
    outer loop
      vertex -21.4266 -6.53647 4.2
      vertex -21.5 -4 4.2
      vertex -21.5 -7 4.2
    endloop
  endfacet
  facet normal -0.965912 -0.258871 0
    outer loop
      vertex -29.5202 -13.2123 2.6
      vertex -29.6575 -12.7 4.2
      vertex -29.6575 -12.7 2.6
    endloop
  endfacet
  facet normal -0.965912 -0.258871 0
    outer loop
      vertex -29.6575 -12.7 4.2
      vertex -29.5202 -13.2123 2.6
      vertex -29.5202 -13.2123 4.2
    endloop
  endfacet
  facet normal -0.96613 -0.258054 0
    outer loop
      vertex -29.3967 -13.6734 2.6
      vertex -29.4049 -13.6427 4.2
      vertex -29.4049 -13.6427 2.6
    endloop
  endfacet
  facet normal -0.96613 -0.258054 0
    outer loop
      vertex -29.4049 -13.6427 4.2
      vertex -29.3967 -13.6734 2.6
      vertex -29.3967 -13.6734 4.2
    endloop
  endfacet
  facet normal 0 -1 0
    outer loop
      vertex -25.85 -16.5075 2.6
      vertex -25.5861 -16.5075 4.2
      vertex -25.85 -16.5075 4.2
    endloop
  endfacet
  facet normal 0 -1 -0
    outer loop
      vertex -25.5861 -16.5075 4.2
      vertex -25.85 -16.5075 2.6
      vertex -25.5861 -16.5075 2.6
    endloop
  endfacet
  facet normal 0 -1 0
    outer loop
      vertex 25.5861 -16.5075 2.6
      vertex 25.85 -16.5075 4.2
      vertex 25.5861 -16.5075 4.2
    endloop
  endfacet
  facet normal 0 -1 -0
    outer loop
      vertex 25.85 -16.5075 4.2
      vertex 25.5861 -16.5075 2.6
      vertex 25.85 -16.5075 2.6
    endloop
  endfacet
  facet normal 0 -1 0
    outer loop
      vertex -25.4639 -16.5075 2.6
      vertex -24.9361 -16.5075 4.2
      vertex -25.4639 -16.5075 4.2
    endloop
  endfacet
  facet normal 0 -1 -0
    outer loop
      vertex -24.9361 -16.5075 4.2
      vertex -25.4639 -16.5075 2.6
      vertex -24.9361 -16.5075 2.6
    endloop
  endfacet
  facet normal 0 -1 0
    outer loop
      vertex -23.3639 -16.5075 2.6
      vertex -22.8361 -16.5075 4.2
      vertex -23.3639 -16.5075 4.2
    endloop
  endfacet
  facet normal 0 -1 -0
    outer loop
      vertex -22.8361 -16.5075 4.2
      vertex -23.3639 -16.5075 2.6
      vertex -22.8361 -16.5075 2.6
    endloop
  endfacet
  facet normal 0 -1 0
    outer loop
      vertex -21.2639 -16.5075 2.6
      vertex -20.7361 -16.5075 4.2
      vertex -21.2639 -16.5075 4.2
    endloop
  endfacet
  facet normal 0 -1 -0
    outer loop
      vertex -20.7361 -16.5075 4.2
      vertex -21.2639 -16.5075 2.6
      vertex -20.7361 -16.5075 2.6
    endloop
  endfacet
  facet normal 0 -1 0
    outer loop
      vertex -19.1639 -16.5075 2.6
      vertex -18.6361 -16.5075 4.2
      vertex -19.1639 -16.5075 4.2
    endloop
  endfacet
  facet normal 0 -1 -0
    outer loop
      vertex -18.6361 -16.5075 4.2
      vertex -19.1639 -16.5075 2.6
      vertex -18.6361 -16.5075 2.6
    endloop
  endfacet
  facet normal 0 -1 0
    outer loop
      vertex -17.0639 -16.5075 2.6
      vertex -16.5361 -16.5075 4.2
      vertex -17.0639 -16.5075 4.2
    endloop
  endfacet
  facet normal 0 -1 -0
    outer loop
      vertex -16.5361 -16.5075 4.2
      vertex -17.0639 -16.5075 2.6
      vertex -16.5361 -16.5075 2.6
    endloop
  endfacet
  facet normal 0 -1 0
    outer loop
      vertex -14.9639 -16.5075 2.6
      vertex -14.4361 -16.5075 4.2
      vertex -14.9639 -16.5075 4.2
    endloop
  endfacet
  facet normal 0 -1 -0
    outer loop
      vertex -14.4361 -16.5075 4.2
      vertex -14.9639 -16.5075 2.6
      vertex -14.4361 -16.5075 2.6
    endloop
  endfacet
  facet normal 0 -1 0
    outer loop
      vertex -12.8639 -16.5075 2.6
      vertex -12.3361 -16.5075 4.2
      vertex -12.8639 -16.5075 4.2
    endloop
  endfacet
  facet normal 0 -1 -0
    outer loop
      vertex -12.3361 -16.5075 4.2
      vertex -12.8639 -16.5075 2.6
      vertex -12.3361 -16.5075 2.6
    endloop
  endfacet
  facet normal 0 -1 0
    outer loop
      vertex -10.7639 -16.5075 2.6
      vertex -10.2361 -16.5075 4.2
      vertex -10.7639 -16.5075 4.2
    endloop
  endfacet
  facet normal 0 -1 -0
    outer loop
      vertex -10.2361 -16.5075 4.2
      vertex -10.7639 -16.5075 2.6
      vertex -10.2361 -16.5075 2.6
    endloop
  endfacet
  facet normal 0 -1 0
    outer loop
      vertex -8.66391 -16.5075 2.6
      vertex -8.13609 -16.5075 4.2
      vertex -8.66391 -16.5075 4.2
    endloop
  endfacet
  facet normal 0 -1 -0
    outer loop
      vertex -8.13609 -16.5075 4.2
      vertex -8.66391 -16.5075 2.6
      vertex -8.13609 -16.5075 2.6
    endloop
  endfacet
  facet normal 0 -1 0
    outer loop
      vertex -6.56391 -16.5075 2.6
      vertex -6.03609 -16.5075 4.2
      vertex -6.56391 -16.5075 4.2
    endloop
  endfacet
  facet normal 0 -1 -0
    outer loop
      vertex -6.03609 -16.5075 4.2
      vertex -6.56391 -16.5075 2.6
      vertex -6.03609 -16.5075 2.6
    endloop
  endfacet
  facet normal 0 -1 0
    outer loop
      vertex -4.46391 -16.5075 2.6
      vertex -3.93609 -16.5075 4.2
      vertex -4.46391 -16.5075 4.2
    endloop
  endfacet
  facet normal 0 -1 -0
    outer loop
      vertex -3.93609 -16.5075 4.2
      vertex -4.46391 -16.5075 2.6
      vertex -3.93609 -16.5075 2.6
    endloop
  endfacet
  facet normal 0 -1 0
    outer loop
      vertex -2.36391 -16.5075 2.6
      vertex -1.83609 -16.5075 4.2
      vertex -2.36391 -16.5075 4.2
    endloop
  endfacet
  facet normal 0 -1 -0
    outer loop
      vertex -1.83609 -16.5075 4.2
      vertex -2.36391 -16.5075 2.6
      vertex -1.83609 -16.5075 2.6
    endloop
  endfacet
  facet normal 0 -1 0
    outer loop
      vertex -0.26391 -16.5075 2.6
      vertex 0.26391 -16.5075 4.2
      vertex -0.26391 -16.5075 4.2
    endloop
  endfacet
  facet normal 0 -1 -0
    outer loop
      vertex 0.26391 -16.5075 4.2
      vertex -0.26391 -16.5075 2.6
      vertex 0.26391 -16.5075 2.6
    endloop
  endfacet
  facet normal 0 -1 0
    outer loop
      vertex 1.83609 -16.5075 2.6
      vertex 2.36391 -16.5075 4.2
      vertex 1.83609 -16.5075 4.2
    endloop
  endfacet
  facet normal 0 -1 -0
    outer loop
      vertex 2.36391 -16.5075 4.2
      vertex 1.83609 -16.5075 2.6
      vertex 2.36391 -16.5075 2.6
    endloop
  endfacet
  facet normal 0 -1 0
    outer loop
      vertex 3.93609 -16.5075 2.6
      vertex 4.46391 -16.5075 4.2
      vertex 3.93609 -16.5075 4.2
    endloop
  endfacet
  facet normal 0 -1 -0
    outer loop
      vertex 4.46391 -16.5075 4.2
      vertex 3.93609 -16.5075 2.6
      vertex 4.46391 -16.5075 2.6
    endloop
  endfacet
  facet normal 0 -1 0
    outer loop
      vertex 6.03609 -16.5075 2.6
      vertex 6.56391 -16.5075 4.2
      vertex 6.03609 -16.5075 4.2
    endloop
  endfacet
  facet normal 0 -1 -0
    outer loop
      vertex 6.56391 -16.5075 4.2
      vertex 6.03609 -16.5075 2.6
      vertex 6.56391 -16.5075 2.6
    endloop
  endfacet
  facet normal 0 -1 0
    outer loop
      vertex 8.13609 -16.5075 2.6
      vertex 8.66391 -16.5075 4.2
      vertex 8.13609 -16.5075 4.2
    endloop
  endfacet
  facet normal 0 -1 -0
    outer loop
      vertex 8.66391 -16.5075 4.2
      vertex 8.13609 -16.5075 2.6
      vertex 8.66391 -16.5075 2.6
    endloop
  endfacet
  facet normal 0 -1 0
    outer loop
      vertex 10.2361 -16.5075 2.6
      vertex 10.7639 -16.5075 4.2
      vertex 10.2361 -16.5075 4.2
    endloop
  endfacet
  facet normal 0 -1 -0
    outer loop
      vertex 10.7639 -16.5075 4.2
      vertex 10.2361 -16.5075 2.6
      vertex 10.7639 -16.5075 2.6
    endloop
  endfacet
  facet normal 0 -1 0
    outer loop
      vertex 12.3361 -16.5075 2.6
      vertex 12.8639 -16.5075 4.2
      vertex 12.3361 -16.5075 4.2
    endloop
  endfacet
  facet normal 0 -1 -0
    outer loop
      vertex 12.8639 -16.5075 4.2
      vertex 12.3361 -16.5075 2.6
      vertex 12.8639 -16.5075 2.6
    endloop
  endfacet
  facet normal 0 -1 0
    outer loop
      vertex 14.4361 -16.5075 2.6
      vertex 14.9639 -16.5075 4.2
      vertex 14.4361 -16.5075 4.2
    endloop
  endfacet
  facet normal 0 -1 -0
    outer loop
      vertex 14.9639 -16.5075 4.2
      vertex 14.4361 -16.5075 2.6
      vertex 14.9639 -16.5075 2.6
    endloop
  endfacet
  facet normal 0 -1 0
    outer loop
      vertex 16.5361 -16.5075 2.6
      vertex 17.0639 -16.5075 4.2
      vertex 16.5361 -16.5075 4.2
    endloop
  endfacet
  facet normal 0 -1 -0
    outer loop
      vertex 17.0639 -16.5075 4.2
      vertex 16.5361 -16.5075 2.6
      vertex 17.0639 -16.5075 2.6
    endloop
  endfacet
  facet normal 0 -1 0
    outer loop
      vertex 18.6361 -16.5075 2.6
      vertex 19.1639 -16.5075 4.2
      vertex 18.6361 -16.5075 4.2
    endloop
  endfacet
  facet normal 0 -1 -0
    outer loop
      vertex 19.1639 -16.5075 4.2
      vertex 18.6361 -16.5075 2.6
      vertex 19.1639 -16.5075 2.6
    endloop
  endfacet
  facet normal 0 -1 0
    outer loop
      vertex 20.7361 -16.5075 2.6
      vertex 21.2639 -16.5075 4.2
      vertex 20.7361 -16.5075 4.2
    endloop
  endfacet
  facet normal 0 -1 -0
    outer loop
      vertex 21.2639 -16.5075 4.2
      vertex 20.7361 -16.5075 2.6
      vertex 21.2639 -16.5075 2.6
    endloop
  endfacet
  facet normal 0 -1 0
    outer loop
      vertex 22.8361 -16.5075 2.6
      vertex 23.3639 -16.5075 4.2
      vertex 22.8361 -16.5075 4.2
    endloop
  endfacet
  facet normal 0 -1 -0
    outer loop
      vertex 23.3639 -16.5075 4.2
      vertex 22.8361 -16.5075 2.6
      vertex 23.3639 -16.5075 2.6
    endloop
  endfacet
  facet normal 0 -1 0
    outer loop
      vertex 24.9361 -16.5075 2.6
      vertex 25.4639 -16.5075 4.2
      vertex 24.9361 -16.5075 4.2
    endloop
  endfacet
  facet normal 0 -1 -0
    outer loop
      vertex 25.4639 -16.5075 4.2
      vertex 24.9361 -16.5075 2.6
      vertex 25.4639 -16.5075 2.6
    endloop
  endfacet
  facet normal -0.965912 0.258871 0
    outer loop
      vertex -29.6575 12.7 2.6
      vertex -29.5202 13.2123 4.2
      vertex -29.5202 13.2123 2.6
    endloop
  endfacet
  facet normal -0.965912 0.258871 0
    outer loop
      vertex -29.5202 13.2123 4.2
      vertex -29.6575 12.7 2.6
      vertex -29.6575 12.7 4.2
    endloop
  endfacet
  facet normal -0.965907 0.258889 0
    outer loop
      vertex -29.4049 13.6427 2.6
      vertex -29.1934 14.4318 4.2
      vertex -29.1934 14.4318 2.6
    endloop
  endfacet
  facet normal -0.965907 0.258889 0
    outer loop
      vertex -29.1934 14.4318 4.2
      vertex -29.4049 13.6427 2.6
      vertex -29.4049 13.6427 4.2
    endloop
  endfacet
  facet normal -1 0 0
    outer loop
      vertex -29.6575 12.4692 2.6
      vertex -29.6575 12.7 4.2
      vertex -29.6575 12.7 2.6
    endloop
  endfacet
  facet normal -1 -0 0
    outer loop
      vertex -29.6575 12.7 4.2
      vertex -29.6575 12.4692 2.6
      vertex -29.6575 12.4692 4.2
    endloop
  endfacet
  facet normal -1 0 0
    outer loop
      vertex -29.6575 -12.7 2.6
      vertex -29.6575 -12.4692 4.2
      vertex -29.6575 -12.4692 2.6
    endloop
  endfacet
  facet normal -1 -0 0
    outer loop
      vertex -29.6575 -12.4692 4.2
      vertex -29.6575 -12.7 2.6
      vertex -29.6575 -12.7 4.2
    endloop
  endfacet
  facet normal -1 0 0
    outer loop
      vertex -29.6575 10.3692 2.6
      vertex -29.6575 10.6308 4.2
      vertex -29.6575 10.6308 2.6
    endloop
  endfacet
  facet normal -1 -0 0
    outer loop
      vertex -29.6575 10.6308 4.2
      vertex -29.6575 10.3692 2.6
      vertex -29.6575 10.3692 4.2
    endloop
  endfacet
  facet normal -1 0 0
    outer loop
      vertex -29.6575 8.26916 2.6
      vertex -29.6575 8.53084 4.2
      vertex -29.6575 8.53084 2.6
    endloop
  endfacet
  facet normal -1 -0 0
    outer loop
      vertex -29.6575 8.53084 4.2
      vertex -29.6575 8.26916 2.6
      vertex -29.6575 8.26916 4.2
    endloop
  endfacet
  facet normal -1 0 0
    outer loop
      vertex -29.6575 6.16916 2.6
      vertex -29.6575 6.43084 4.2
      vertex -29.6575 6.43084 2.6
    endloop
  endfacet
  facet normal -1 -0 0
    outer loop
      vertex -29.6575 6.43084 4.2
      vertex -29.6575 6.16916 2.6
      vertex -29.6575 6.16916 4.2
    endloop
  endfacet
  facet normal -1 0 0
    outer loop
      vertex -29.6575 4.06916 2.6
      vertex -29.6575 4.33084 4.2
      vertex -29.6575 4.33084 2.6
    endloop
  endfacet
  facet normal -1 -0 0
    outer loop
      vertex -29.6575 4.33084 4.2
      vertex -29.6575 4.06916 2.6
      vertex -29.6575 4.06916 4.2
    endloop
  endfacet
  facet normal -1 0 0
    outer loop
      vertex -29.6575 1.96916 2.6
      vertex -29.6575 2.23084 4.2
      vertex -29.6575 2.23084 2.6
    endloop
  endfacet
  facet normal -1 -0 0
    outer loop
      vertex -29.6575 2.23084 4.2
      vertex -29.6575 1.96916 2.6
      vertex -29.6575 1.96916 4.2
    endloop
  endfacet
  facet normal -1 0 0
    outer loop
      vertex -29.6575 -0.130844 2.6
      vertex -29.6575 0.130844 4.2
      vertex -29.6575 0.130844 2.6
    endloop
  endfacet
  facet normal -1 -0 0
    outer loop
      vertex -29.6575 0.130844 4.2
      vertex -29.6575 -0.130844 2.6
      vertex -29.6575 -0.130844 4.2
    endloop
  endfacet
  facet normal -1 0 0
    outer loop
      vertex -29.6575 -2.23084 2.6
      vertex -29.6575 -1.96916 4.2
      vertex -29.6575 -1.96916 2.6
    endloop
  endfacet
  facet normal -1 -0 0
    outer loop
      vertex -29.6575 -1.96916 4.2
      vertex -29.6575 -2.23084 2.6
      vertex -29.6575 -2.23084 4.2
    endloop
  endfacet
  facet normal -1 0 0
    outer loop
      vertex -29.6575 -4.33084 2.6
      vertex -29.6575 -4.06916 4.2
      vertex -29.6575 -4.06916 2.6
    endloop
  endfacet
  facet normal -1 -0 0
    outer loop
      vertex -29.6575 -4.06916 4.2
      vertex -29.6575 -4.33084 2.6
      vertex -29.6575 -4.33084 4.2
    endloop
  endfacet
  facet normal -1 0 0
    outer loop
      vertex -29.6575 -6.43084 2.6
      vertex -29.6575 -6.16916 4.2
      vertex -29.6575 -6.16916 2.6
    endloop
  endfacet
  facet normal -1 -0 0
    outer loop
      vertex -29.6575 -6.16916 4.2
      vertex -29.6575 -6.43084 2.6
      vertex -29.6575 -6.43084 4.2
    endloop
  endfacet
  facet normal -1 0 0
    outer loop
      vertex -29.6575 -8.53084 2.6
      vertex -29.6575 -8.26916 4.2
      vertex -29.6575 -8.26916 2.6
    endloop
  endfacet
  facet normal -1 -0 0
    outer loop
      vertex -29.6575 -8.26916 4.2
      vertex -29.6575 -8.53084 2.6
      vertex -29.6575 -8.53084 4.2
    endloop
  endfacet
  facet normal -1 0 0
    outer loop
      vertex -29.6575 -10.6308 2.6
      vertex -29.6575 -10.3692 4.2
      vertex -29.6575 -10.3692 2.6
    endloop
  endfacet
  facet normal -1 -0 0
    outer loop
      vertex -29.6575 -10.3692 4.2
      vertex -29.6575 -10.6308 2.6
      vertex -29.6575 -10.6308 4.2
    endloop
  endfacet
  facet normal -0.258755 0.965943 0
    outer loop
      vertex -25.85 16.5075 2.6
      vertex -26.2681 16.3955 4.2
      vertex -25.85 16.5075 4.2
    endloop
  endfacet
  facet normal -0.258755 0.965943 0
    outer loop
      vertex -26.2681 16.3955 4.2
      vertex -25.85 16.5075 2.6
      vertex -26.2681 16.3955 2.6
    endloop
  endfacet
  facet normal -0.258522 0.966005 0
    outer loop
      vertex -26.7255 16.2729 2.6
      vertex -26.8234 16.2467 4.2
      vertex -26.7255 16.2729 4.2
    endloop
  endfacet
  facet normal -0.258522 0.966005 0
    outer loop
      vertex -26.8234 16.2467 4.2
      vertex -26.7255 16.2729 2.6
      vertex -26.8234 16.2467 2.6
    endloop
  endfacet
  facet normal 1 -0 0
    outer loop
      vertex 29.6575 12.4692 4.2
      vertex 29.6575 12.7 2.6
      vertex 29.6575 12.7 4.2
    endloop
  endfacet
  facet normal 1 0 0
    outer loop
      vertex 29.6575 12.7 2.6
      vertex 29.6575 12.4692 4.2
      vertex 29.6575 12.4692 2.6
    endloop
  endfacet
  facet normal 1 -0 0
    outer loop
      vertex 29.6575 -12.7 4.2
      vertex 29.6575 -12.4692 2.6
      vertex 29.6575 -12.4692 4.2
    endloop
  endfacet
  facet normal 1 0 0
    outer loop
      vertex 29.6575 -12.4692 2.6
      vertex 29.6575 -12.7 4.2
      vertex 29.6575 -12.7 2.6
    endloop
  endfacet
  facet normal 1 -0 0
    outer loop
      vertex 29.6575 10.3692 4.2
      vertex 29.6575 10.6308 2.6
      vertex 29.6575 10.6308 4.2
    endloop
  endfacet
  facet normal 1 0 0
    outer loop
      vertex 29.6575 10.6308 2.6
      vertex 29.6575 10.3692 4.2
      vertex 29.6575 10.3692 2.6
    endloop
  endfacet
  facet normal 1 -0 0
    outer loop
      vertex 29.6575 8.26916 4.2
      vertex 29.6575 8.53084 2.6
      vertex 29.6575 8.53084 4.2
    endloop
  endfacet
  facet normal 1 0 0
    outer loop
      vertex 29.6575 8.53084 2.6
      vertex 29.6575 8.26916 4.2
      vertex 29.6575 8.26916 2.6
    endloop
  endfacet
  facet normal 1 -0 0
    outer loop
      vertex 29.6575 6.16916 4.2
      vertex 29.6575 6.43084 2.6
      vertex 29.6575 6.43084 4.2
    endloop
  endfacet
  facet normal 1 0 0
    outer loop
      vertex 29.6575 6.43084 2.6
      vertex 29.6575 6.16916 4.2
      vertex 29.6575 6.16916 2.6
    endloop
  endfacet
  facet normal 1 -0 0
    outer loop
      vertex 29.6575 4.06916 4.2
      vertex 29.6575 4.33084 2.6
      vertex 29.6575 4.33084 4.2
    endloop
  endfacet
  facet normal 1 0 0
    outer loop
      vertex 29.6575 4.33084 2.6
      vertex 29.6575 4.06916 4.2
      vertex 29.6575 4.06916 2.6
    endloop
  endfacet
  facet normal 1 -0 0
    outer loop
      vertex 29.6575 1.96916 4.2
      vertex 29.6575 2.23084 2.6
      vertex 29.6575 2.23084 4.2
    endloop
  endfacet
  facet normal 1 0 0
    outer loop
      vertex 29.6575 2.23084 2.6
      vertex 29.6575 1.96916 4.2
      vertex 29.6575 1.96916 2.6
    endloop
  endfacet
  facet normal 1 -0 0
    outer loop
      vertex 29.6575 -0.130844 4.2
      vertex 29.6575 0.130844 2.6
      vertex 29.6575 0.130844 4.2
    endloop
  endfacet
  facet normal 1 0 0
    outer loop
      vertex 29.6575 0.130844 2.6
      vertex 29.6575 -0.130844 4.2
      vertex 29.6575 -0.130844 2.6
    endloop
  endfacet
  facet normal 1 -0 0
    outer loop
      vertex 29.6575 -2.23084 4.2
      vertex 29.6575 -1.96916 2.6
      vertex 29.6575 -1.96916 4.2
    endloop
  endfacet
  facet normal 1 0 0
    outer loop
      vertex 29.6575 -1.96916 2.6
      vertex 29.6575 -2.23084 4.2
      vertex 29.6575 -2.23084 2.6
    endloop
  endfacet
  facet normal 1 -0 0
    outer loop
      vertex 29.6575 -4.33084 4.2
      vertex 29.6575 -4.06916 2.6
      vertex 29.6575 -4.06916 4.2
    endloop
  endfacet
  facet normal 1 0 0
    outer loop
      vertex 29.6575 -4.06916 2.6
      vertex 29.6575 -4.33084 4.2
      vertex 29.6575 -4.33084 2.6
    endloop
  endfacet
  facet normal 1 -0 0
    outer loop
      vertex 29.6575 -6.43084 4.2
      vertex 29.6575 -6.16916 2.6
      vertex 29.6575 -6.16916 4.2
    endloop
  endfacet
  facet normal 1 0 0
    outer loop
      vertex 29.6575 -6.16916 2.6
      vertex 29.6575 -6.43084 4.2
      vertex 29.6575 -6.43084 2.6
    endloop
  endfacet
  facet normal 1 -0 0
    outer loop
      vertex 29.6575 -8.53084 4.2
      vertex 29.6575 -8.26916 2.6
      vertex 29.6575 -8.26916 4.2
    endloop
  endfacet
  facet normal 1 0 0
    outer loop
      vertex 29.6575 -8.26916 2.6
      vertex 29.6575 -8.53084 4.2
      vertex 29.6575 -8.53084 2.6
    endloop
  endfacet
  facet normal 1 -0 0
    outer loop
      vertex 29.6575 -10.6308 4.2
      vertex 29.6575 -10.3692 2.6
      vertex 29.6575 -10.3692 4.2
    endloop
  endfacet
  facet normal 1 0 0
    outer loop
      vertex 29.6575 -10.3692 2.6
      vertex 29.6575 -10.6308 4.2
      vertex 29.6575 -10.6308 2.6
    endloop
  endfacet
  facet normal -0.707107 -0.707107 0
    outer loop
      vertex -28.1214 -15.6297 2.6
      vertex -28.7691 -14.982 4.2
      vertex -28.7691 -14.982 2.6
    endloop
  endfacet
  facet normal -0.707107 -0.707107 0
    outer loop
      vertex -28.7691 -14.982 4.2
      vertex -28.1214 -15.6297 2.6
      vertex -28.1214 -15.6297 4.2
    endloop
  endfacet
  facet normal 0.707107 -0.707107 0
    outer loop
      vertex 28.1214 -15.6297 4.2
      vertex 28.7691 -14.982 2.6
      vertex 28.7691 -14.982 4.2
    endloop
  endfacet
  facet normal 0.707107 -0.707107 0
    outer loop
      vertex 28.7691 -14.982 2.6
      vertex 28.1214 -15.6297 4.2
      vertex 28.1214 -15.6297 2.6
    endloop
  endfacet
  facet normal 0.965912 -0.258871 0
    outer loop
      vertex 29.5202 -13.2123 4.2
      vertex 29.6575 -12.7 2.6
      vertex 29.6575 -12.7 4.2
    endloop
  endfacet
  facet normal 0.965912 -0.258871 0
    outer loop
      vertex 29.6575 -12.7 2.6
      vertex 29.5202 -13.2123 4.2
      vertex 29.5202 -13.2123 2.6
    endloop
  endfacet
  facet normal 0.965907 -0.258889 0
    outer loop
      vertex 29.1934 -14.4318 4.2
      vertex 29.4049 -13.6427 2.6
      vertex 29.4049 -13.6427 4.2
    endloop
  endfacet
  facet normal 0.965907 -0.258889 0
    outer loop
      vertex 29.4049 -13.6427 2.6
      vertex 29.1934 -14.4318 4.2
      vertex 29.1934 -14.4318 2.6
    endloop
  endfacet
  facet normal 0.965912 0.258871 0
    outer loop
      vertex 29.6575 12.7 4.2
      vertex 29.5202 13.2123 2.6
      vertex 29.5202 13.2123 4.2
    endloop
  endfacet
  facet normal 0.965912 0.258871 0
    outer loop
      vertex 29.5202 13.2123 2.6
      vertex 29.6575 12.7 4.2
      vertex 29.6575 12.7 2.6
    endloop
  endfacet
  facet normal 0.96613 0.258054 0
    outer loop
      vertex 29.4049 13.6427 4.2
      vertex 29.3967 13.6734 2.6
      vertex 29.3967 13.6734 4.2
    endloop
  endfacet
  facet normal 0.96613 0.258054 0
    outer loop
      vertex 29.3967 13.6734 2.6
      vertex 29.4049 13.6427 4.2
      vertex 29.4049 13.6427 2.6
    endloop
  endfacet
  facet normal -0.707107 0.707107 0
    outer loop
      vertex -28.7691 14.982 2.6
      vertex -28.1214 15.6297 4.2
      vertex -28.1214 15.6297 2.6
    endloop
  endfacet
  facet normal -0.707107 0.707107 0
    outer loop
      vertex -28.1214 15.6297 4.2
      vertex -28.7691 14.982 2.6
      vertex -28.7691 14.982 4.2
    endloop
  endfacet
  facet normal 0 0 -1
    outer loop
      vertex 20 5.25 2.6
      vertex 25.9 -12.7 2.6
      vertex 25.85 -12.75 2.6
    endloop
  endfacet
  facet normal 0 0 -1
    outer loop
      vertex 25.9 -12.7 2.6
      vertex 23.1393 7.65884 2.6
      vertex 25.9 12.7 2.6
    endloop
  endfacet
  facet normal 0 -0 -1
    outer loop
      vertex 23.25 8.5 2.6
      vertex 25.9 12.7 2.6
      vertex 23.1393 7.65884 2.6
    endloop
  endfacet
  facet normal 0 0 -1
    outer loop
      vertex 23.1393 9.34116 2.6
      vertex 25.9 12.7 2.6
      vertex 23.25 8.5 2.6
    endloop
  endfacet
  facet normal 0 0 -1
    outer loop
      vertex 25.9 -12.7 2.6
      vertex 22.8146 6.875 2.6
      vertex 23.1393 7.65884 2.6
    endloop
  endfacet
  facet normal 0 0 -1
    outer loop
      vertex 25.9 -12.7 2.6
      vertex 22.2981 6.2019 2.6
      vertex 22.8146 6.875 2.6
    endloop
  endfacet
  facet normal 0 0 -1
    outer loop
      vertex 25.9 -12.7 2.6
      vertex 21.625 5.68542 2.6
      vertex 22.2981 6.2019 2.6
    endloop
  endfacet
  facet normal 0 0 -1
    outer loop
      vertex 25.9 -12.7 2.6
      vertex 20.8412 5.36074 2.6
      vertex 21.625 5.68542 2.6
    endloop
  endfacet
  facet normal 0 0 -1
    outer loop
      vertex 25.9 -12.7 2.6
      vertex 20 5.25 2.6
      vertex 20.8412 5.36074 2.6
    endloop
  endfacet
  facet normal 0 0 -1
    outer loop
      vertex 25.85 -12.75 2.6
      vertex 19.1588 5.36074 2.6
      vertex 20 5.25 2.6
    endloop
  endfacet
  facet normal 0 0 -1
    outer loop
      vertex 25.85 -12.75 2.6
      vertex 18.375 5.68542 2.6
      vertex 19.1588 5.36074 2.6
    endloop
  endfacet
  facet normal 0 0 -1
    outer loop
      vertex -6.65224 -4.76537 2.6
      vertex 18.375 5.68542 2.6
      vertex 25.85 -12.75 2.6
    endloop
  endfacet
  facet normal 0 -0 -1
    outer loop
      vertex -6.5 -4 2.6
      vertex 18.375 5.68542 2.6
      vertex -6.65224 -4.76537 2.6
    endloop
  endfacet
  facet normal -0 0 -1
    outer loop
      vertex 17.1854 6.875 2.6
      vertex -6.5 4 2.6
      vertex 16.8607 7.65884 2.6
    endloop
  endfacet
  facet normal 0 0 -1
    outer loop
      vertex -6.5 4 2.6
      vertex 17.1854 6.875 2.6
      vertex -6.5 -4 2.6
    endloop
  endfacet
  facet normal -0 0 -1
    outer loop
      vertex 18.375 5.68542 2.6
      vertex -6.5 -4 2.6
      vertex 17.7019 6.2019 2.6
    endloop
  endfacet
  facet normal -0 0 -1
    outer loop
      vertex 17.7019 6.2019 2.6
      vertex -6.5 -4 2.6
      vertex 17.1854 6.875 2.6
    endloop
  endfacet
  facet normal 0 0 -1
    outer loop
      vertex 25.85 -12.75 2.6
      vertex -7.08579 -5.41421 2.6
      vertex -6.65224 -4.76537 2.6
    endloop
  endfacet
  facet normal 0 0 -1
    outer loop
      vertex 25.85 -12.75 2.6
      vertex -7.73463 -5.84776 2.6
      vertex -7.08579 -5.41421 2.6
    endloop
  endfacet
  facet normal 0 0 -1
    outer loop
      vertex 25.85 -12.75 2.6
      vertex -8.5 -6 2.6
      vertex -7.73463 -5.84776 2.6
    endloop
  endfacet
  facet normal 0 0 -1
    outer loop
      vertex -25.85 -12.75 2.6
      vertex -8.5 -6 2.6
      vertex 25.85 -12.75 2.6
    endloop
  endfacet
  facet normal 0 0 -1
    outer loop
      vertex -8.5 -6 2.6
      vertex -18.5734 -7.46352 2.6
      vertex -18.5 -7 2.6
    endloop
  endfacet
  facet normal 0 0 -1
    outer loop
      vertex -8.5 -6 2.6
      vertex -18.7865 -7.88168 2.6
      vertex -18.5734 -7.46352 2.6
    endloop
  endfacet
  facet normal 0 0 -1
    outer loop
      vertex -8.5 -6 2.6
      vertex -19.1183 -8.21352 2.6
      vertex -18.7865 -7.88168 2.6
    endloop
  endfacet
  facet normal 0 -0 -1
    outer loop
      vertex -19.5365 -8.42658 2.6
      vertex -8.5 -6 2.6
      vertex -25.85 -12.75 2.6
    endloop
  endfacet
  facet normal 0 0 -1
    outer loop
      vertex -8.5 -6 2.6
      vertex -19.5365 -8.42658 2.6
      vertex -19.1183 -8.21352 2.6
    endloop
  endfacet
  facet normal 0 0 -1
    outer loop
      vertex -25.9 -12.7 2.6
      vertex -21.5 -4 2.6
      vertex -21.5 -7 2.6
    endloop
  endfacet
  facet normal -0 0 -1
    outer loop
      vertex -21.4266 -7.46352 2.6
      vertex -25.9 -12.7 2.6
      vertex -21.5 -7 2.6
    endloop
  endfacet
  facet normal -0 0 -1
    outer loop
      vertex -21.2135 -7.88168 2.6
      vertex -25.9 -12.7 2.6
      vertex -21.4266 -7.46352 2.6
    endloop
  endfacet
  facet normal 0 0 -1
    outer loop
      vertex -25.9 -12.7 2.6
      vertex -21.2135 -7.88168 2.6
      vertex -25.85 -12.75 2.6
    endloop
  endfacet
  facet normal -0 0 -1
    outer loop
      vertex -20.8817 -8.21352 2.6
      vertex -25.85 -12.75 2.6
      vertex -21.2135 -7.88168 2.6
    endloop
  endfacet
  facet normal -0 0 -1
    outer loop
      vertex -20.4635 -8.42658 2.6
      vertex -25.85 -12.75 2.6
      vertex -20.8817 -8.21352 2.6
    endloop
  endfacet
  facet normal -0 0 -1
    outer loop
      vertex -20 -8.5 2.6
      vertex -25.85 -12.75 2.6
      vertex -20.4635 -8.42658 2.6
    endloop
  endfacet
  facet normal 0 0 -1
    outer loop
      vertex -19.5365 -8.42658 2.6
      vertex -25.85 -12.75 2.6
      vertex -20 -8.5 2.6
    endloop
  endfacet
  facet normal 0 0 -1
    outer loop
      vertex 22.8146 10.125 2.6
      vertex 25.9 12.7 2.6
      vertex 23.1393 9.34116 2.6
    endloop
  endfacet
  facet normal -0 0 -1
    outer loop
      vertex 25.9 12.7 2.6
      vertex 22.8146 10.125 2.6
      vertex 25.85 12.75 2.6
    endloop
  endfacet
  facet normal 0 0 -1
    outer loop
      vertex 22.2981 10.7981 2.6
      vertex 25.85 12.75 2.6
      vertex 22.8146 10.125 2.6
    endloop
  endfacet
  facet normal 0 0 -1
    outer loop
      vertex 21.625 11.3146 2.6
      vertex 25.85 12.75 2.6
      vertex 22.2981 10.7981 2.6
    endloop
  endfacet
  facet normal 0 0 -1
    outer loop
      vertex 20.8412 11.6393 2.6
      vertex 25.85 12.75 2.6
      vertex 21.625 11.3146 2.6
    endloop
  endfacet
  facet normal 0 0 -1
    outer loop
      vertex 20 11.75 2.6
      vertex 25.85 12.75 2.6
      vertex 20.8412 11.6393 2.6
    endloop
  endfacet
  facet normal 0 0 -1
    outer loop
      vertex 19.1588 11.6393 2.6
      vertex 25.85 12.75 2.6
      vertex 20 11.75 2.6
    endloop
  endfacet
  facet normal -0 0 -1
    outer loop
      vertex 16.8607 7.65884 2.6
      vertex -6.5 4 2.6
      vertex 16.75 8.5 2.6
    endloop
  endfacet
  facet normal 0 0 -1
    outer loop
      vertex -6.65224 4.76537 2.6
      vertex 16.75 8.5 2.6
      vertex -6.5 4 2.6
    endloop
  endfacet
  facet normal -0 0 -1
    outer loop
      vertex 16.75 8.5 2.6
      vertex -6.65224 4.76537 2.6
      vertex 16.8607 9.34116 2.6
    endloop
  endfacet
  facet normal 0 0 -1
    outer loop
      vertex -7.08579 5.41421 2.6
      vertex 16.8607 9.34116 2.6
      vertex -6.65224 4.76537 2.6
    endloop
  endfacet
  facet normal -0 0 -1
    outer loop
      vertex 16.8607 9.34116 2.6
      vertex -7.08579 5.41421 2.6
      vertex 17.1854 10.125 2.6
    endloop
  endfacet
  facet normal 0 0 -1
    outer loop
      vertex -7.73463 5.84776 2.6
      vertex 17.1854 10.125 2.6
      vertex -7.08579 5.41421 2.6
    endloop
  endfacet
  facet normal -0 0 -1
    outer loop
      vertex 17.1854 10.125 2.6
      vertex -7.73463 5.84776 2.6
      vertex 17.7019 10.7981 2.6
    endloop
  endfacet
  facet normal -0 0 -1
    outer loop
      vertex 17.7019 10.7981 2.6
      vertex -7.73463 5.84776 2.6
      vertex 18.375 11.3146 2.6
    endloop
  endfacet
  facet normal 0 0 -1
    outer loop
      vertex -8.5 6 2.6
      vertex 18.375 11.3146 2.6
      vertex -7.73463 5.84776 2.6
    endloop
  endfacet
  facet normal 0 0 -1
    outer loop
      vertex -25.85 12.75 2.6
      vertex 18.375 11.3146 2.6
      vertex -8.5 6 2.6
    endloop
  endfacet
  facet normal 0 0 -1
    outer loop
      vertex -25.85 12.75 2.6
      vertex -8.5 6 2.6
      vertex -19.5 6 2.6
    endloop
  endfacet
  facet normal 0 0 -1
    outer loop
      vertex 18.375 11.3146 2.6
      vertex -25.85 12.75 2.6
      vertex 19.1588 11.6393 2.6
    endloop
  endfacet
  facet normal -0 0 -1
    outer loop
      vertex -21.5 -4 2.6
      vertex -25.9 -12.7 2.6
      vertex -21.5 4 2.6
    endloop
  endfacet
  facet normal 0 0 -1
    outer loop
      vertex 19.1588 11.6393 2.6
      vertex -25.85 12.75 2.6
      vertex 25.85 12.75 2.6
    endloop
  endfacet
  facet normal 0 0 -1
    outer loop
      vertex -20.2654 5.84776 2.6
      vertex -25.85 12.75 2.6
      vertex -19.5 6 2.6
    endloop
  endfacet
  facet normal 0 0 -1
    outer loop
      vertex -25.9 12.7 2.6
      vertex -20.2654 5.84776 2.6
      vertex -20.9142 5.41421 2.6
    endloop
  endfacet
  facet normal 0 0 -1
    outer loop
      vertex -25.9 12.7 2.6
      vertex -20.9142 5.41421 2.6
      vertex -21.3478 4.76537 2.6
    endloop
  endfacet
  facet normal 0 0 -1
    outer loop
      vertex -25.9 12.7 2.6
      vertex -21.5 4 2.6
      vertex -25.9 -12.7 2.6
    endloop
  endfacet
  facet normal 0 0 -1
    outer loop
      vertex -21.5 4 2.6
      vertex -25.9 12.7 2.6
      vertex -21.3478 4.76537 2.6
    endloop
  endfacet
  facet normal 0 0 -1
    outer loop
      vertex -20.2654 5.84776 2.6
      vertex -25.9 12.7 2.6
      vertex -25.85 12.75 2.6
    endloop
  endfacet
  facet normal 0 0 -1
    outer loop
      vertex -18.5734 -6.53647 2.6
      vertex -8.5 -6 2.6
      vertex -18.5 -7 2.6
    endloop
  endfacet
  facet normal 0 0 -1
    outer loop
      vertex -18.7865 -6.11832 2.6
      vertex -8.5 -6 2.6
      vertex -18.5734 -6.53647 2.6
    endloop
  endfacet
  facet normal -0 0 -1
    outer loop
      vertex -8.5 -6 2.6
      vertex -18.7865 -6.11832 2.6
      vertex -18.9048 -6 2.6
    endloop
  endfacet
  facet normal 0 0 -1
    outer loop
      vertex -20.8817 -5.78647 2.6
      vertex -20.9142 -5.41421 2.6
      vertex -20.584 -5.63482 2.6
    endloop
  endfacet
  facet normal 0 0 -1
    outer loop
      vertex -21.2135 -6.11832 2.6
      vertex -20.9142 -5.41421 2.6
      vertex -20.8817 -5.78647 2.6
    endloop
  endfacet
  facet normal 0 0 -1
    outer loop
      vertex -21.2135 -6.11832 2.6
      vertex -21.3478 -4.76537 2.6
      vertex -20.9142 -5.41421 2.6
    endloop
  endfacet
  facet normal 0 0 -1
    outer loop
      vertex -21.4266 -6.53647 2.6
      vertex -21.3478 -4.76537 2.6
      vertex -21.2135 -6.11832 2.6
    endloop
  endfacet
  facet normal 0 0 -1
    outer loop
      vertex -21.5 -4 2.6
      vertex -21.4266 -6.53647 2.6
      vertex -21.5 -7 2.6
    endloop
  endfacet
  facet normal 0 0 -1
    outer loop
      vertex -21.4266 -6.53647 2.6
      vertex -21.5 -4 2.6
      vertex -21.3478 -4.76537 2.6
    endloop
  endfacet
  facet normal -0 0 -1
    outer loop
      vertex 0.849999 -15.7 2.6
      vertex 0.687664 -16.1996 2.6
      vertex 0.849998 -15.7 2.6
    endloop
  endfacet
  facet normal 0 0 -1
    outer loop
      vertex 28.7691 -14.982 2.6
      vertex 28.7677 -14.6564 2.6
      vertex 28.8213 -14.8213 2.6
    endloop
  endfacet
  facet normal 0 0 -1
    outer loop
      vertex 28.85 5.4916 2.6
      vertex 27 12.7 2.6
      vertex 28.85 7.1084 2.6
    endloop
  endfacet
  facet normal 0 0 -1
    outer loop
      vertex 28.1214 -15.6297 2.6
      vertex 28.7677 -14.6564 2.6
      vertex 28.7691 -14.982 2.6
    endloop
  endfacet
  facet normal 0 0 -1
    outer loop
      vertex 28.85 -11.3084 2.6
      vertex 29.6575 -10.6308 2.6
      vertex 29.5377 -10.9996 2.6
    endloop
  endfacet
  facet normal -0 0 -1
    outer loop
      vertex 29.6575 -10.6308 2.6
      vertex 28.85 -11.3084 2.6
      vertex 29.6575 -10.3692 2.6
    endloop
  endfacet
  facet normal 0 0 -1
    outer loop
      vertex 28.85 -11.3084 2.6
      vertex 29.5377 -10.9996 2.6
      vertex 29.1127 -11.3084 2.6
    endloop
  endfacet
  facet normal 0 0 -1
    outer loop
      vertex 28.85 -9.6916 2.6
      vertex 29.6575 -10.3692 2.6
      vertex 28.85 -11.3084 2.6
    endloop
  endfacet
  facet normal 0 0 -1
    outer loop
      vertex 29.6575 -10.3692 2.6
      vertex 28.85 -9.6916 2.6
      vertex 29.5377 -10.0004 2.6
    endloop
  endfacet
  facet normal 0 0 -1
    outer loop
      vertex 29.5377 -10.0004 2.6
      vertex 28.85 -9.6916 2.6
      vertex 29.1127 -9.6916 2.6
    endloop
  endfacet
  facet normal 0 0 -1
    outer loop
      vertex 28.85 -9.2084 2.6
      vertex 29.6575 -8.53084 2.6
      vertex 29.5377 -8.89962 2.6
    endloop
  endfacet
  facet normal -0 0 -1
    outer loop
      vertex 29.6575 -8.53084 2.6
      vertex 28.85 -9.2084 2.6
      vertex 29.6575 -8.26916 2.6
    endloop
  endfacet
  facet normal 0 0 -1
    outer loop
      vertex 28.85 -9.2084 2.6
      vertex 29.5377 -8.89962 2.6
      vertex 29.1127 -9.2084 2.6
    endloop
  endfacet
  facet normal 0 0 -1
    outer loop
      vertex 28.85 -7.5916 2.6
      vertex 29.6575 -8.26916 2.6
      vertex 28.85 -9.2084 2.6
    endloop
  endfacet
  facet normal 0 0 -1
    outer loop
      vertex 29.6575 -8.26916 2.6
      vertex 28.85 -7.5916 2.6
      vertex 29.5377 -7.90038 2.6
    endloop
  endfacet
  facet normal 0 0 -1
    outer loop
      vertex 29.5377 -7.90038 2.6
      vertex 28.85 -7.5916 2.6
      vertex 29.1127 -7.5916 2.6
    endloop
  endfacet
  facet normal 0 0 -1
    outer loop
      vertex 28.85 -7.1084 2.6
      vertex 29.6575 -6.43084 2.6
      vertex 29.5377 -6.79962 2.6
    endloop
  endfacet
  facet normal -0 0 -1
    outer loop
      vertex 29.6575 -6.43084 2.6
      vertex 28.85 -7.1084 2.6
      vertex 29.6575 -6.16916 2.6
    endloop
  endfacet
  facet normal 0 0 -1
    outer loop
      vertex 28.85 -7.1084 2.6
      vertex 29.5377 -6.79962 2.6
      vertex 29.1127 -7.1084 2.6
    endloop
  endfacet
  facet normal 0 0 -1
    outer loop
      vertex 28.85 -5.4916 2.6
      vertex 29.6575 -6.16916 2.6
      vertex 28.85 -7.1084 2.6
    endloop
  endfacet
  facet normal 0 0 -1
    outer loop
      vertex 29.6575 -6.16916 2.6
      vertex 28.85 -5.4916 2.6
      vertex 29.5377 -5.80038 2.6
    endloop
  endfacet
  facet normal 0 0 -1
    outer loop
      vertex 29.5377 -5.80038 2.6
      vertex 28.85 -5.4916 2.6
      vertex 29.1127 -5.4916 2.6
    endloop
  endfacet
  facet normal 0 0 -1
    outer loop
      vertex 28.85 -5.0084 2.6
      vertex 29.6575 -4.33084 2.6
      vertex 29.5377 -4.69962 2.6
    endloop
  endfacet
  facet normal -0 0 -1
    outer loop
      vertex 29.6575 -4.33084 2.6
      vertex 28.85 -5.0084 2.6
      vertex 29.6575 -4.06916 2.6
    endloop
  endfacet
  facet normal 0 0 -1
    outer loop
      vertex 28.85 -5.0084 2.6
      vertex 29.5377 -4.69962 2.6
      vertex 29.1127 -5.0084 2.6
    endloop
  endfacet
  facet normal 0 0 -1
    outer loop
      vertex 28.85 -3.3916 2.6
      vertex 29.6575 -4.06916 2.6
      vertex 28.85 -5.0084 2.6
    endloop
  endfacet
  facet normal 0 0 -1
    outer loop
      vertex 29.6575 -4.06916 2.6
      vertex 28.85 -3.3916 2.6
      vertex 29.5377 -3.70038 2.6
    endloop
  endfacet
  facet normal 0 0 -1
    outer loop
      vertex 29.5377 -3.70038 2.6
      vertex 28.85 -3.3916 2.6
      vertex 29.1127 -3.3916 2.6
    endloop
  endfacet
  facet normal 0 0 -1
    outer loop
      vertex 28.85 -2.9084 2.6
      vertex 29.6575 -2.23084 2.6
      vertex 29.5377 -2.59962 2.6
    endloop
  endfacet
  facet normal -0 0 -1
    outer loop
      vertex 29.6575 -2.23084 2.6
      vertex 28.85 -2.9084 2.6
      vertex 29.6575 -1.96916 2.6
    endloop
  endfacet
  facet normal 0 0 -1
    outer loop
      vertex 28.85 -2.9084 2.6
      vertex 29.5377 -2.59962 2.6
      vertex 29.1127 -2.9084 2.6
    endloop
  endfacet
  facet normal 0 0 -1
    outer loop
      vertex 28.85 -1.2916 2.6
      vertex 29.6575 -1.96916 2.6
      vertex 28.85 -2.9084 2.6
    endloop
  endfacet
  facet normal 0 0 -1
    outer loop
      vertex 29.6575 -1.96916 2.6
      vertex 28.85 -1.2916 2.6
      vertex 29.5377 -1.60038 2.6
    endloop
  endfacet
  facet normal 0 0 -1
    outer loop
      vertex 29.5377 -1.60038 2.6
      vertex 28.85 -1.2916 2.6
      vertex 29.1127 -1.2916 2.6
    endloop
  endfacet
  facet normal 0 0 -1
    outer loop
      vertex 28.85 -0.808397 2.6
      vertex 29.6575 -0.130844 2.6
      vertex 29.5377 -0.499617 2.6
    endloop
  endfacet
  facet normal -0 0 -1
    outer loop
      vertex 29.6575 -0.130844 2.6
      vertex 28.85 -0.808397 2.6
      vertex 29.6575 0.130844 2.6
    endloop
  endfacet
  facet normal 0 0 -1
    outer loop
      vertex 28.85 -0.808397 2.6
      vertex 29.5377 -0.499617 2.6
      vertex 29.1127 -0.808397 2.6
    endloop
  endfacet
  facet normal 0 0 -1
    outer loop
      vertex 28.85 0.808397 2.6
      vertex 29.6575 0.130844 2.6
      vertex 28.85 -0.808397 2.6
    endloop
  endfacet
  facet normal 0 0 -1
    outer loop
      vertex 29.6575 0.130844 2.6
      vertex 28.85 0.808397 2.6
      vertex 29.5377 0.499617 2.6
    endloop
  endfacet
  facet normal 0 0 -1
    outer loop
      vertex 29.5377 0.499617 2.6
      vertex 28.85 0.808397 2.6
      vertex 29.1127 0.808397 2.6
    endloop
  endfacet
  facet normal 0 0 -1
    outer loop
      vertex 28.85 1.2916 2.6
      vertex 29.6575 1.96916 2.6
      vertex 29.5377 1.60038 2.6
    endloop
  endfacet
  facet normal -0 0 -1
    outer loop
      vertex 29.6575 1.96916 2.6
      vertex 28.85 1.2916 2.6
      vertex 29.6575 2.23084 2.6
    endloop
  endfacet
  facet normal 0 0 -1
    outer loop
      vertex 28.85 1.2916 2.6
      vertex 29.5377 1.60038 2.6
      vertex 29.1127 1.2916 2.6
    endloop
  endfacet
  facet normal 0 0 -1
    outer loop
      vertex 28.85 2.9084 2.6
      vertex 29.6575 2.23084 2.6
      vertex 28.85 1.2916 2.6
    endloop
  endfacet
  facet normal 0 0 -1
    outer loop
      vertex 29.6575 2.23084 2.6
      vertex 28.85 2.9084 2.6
      vertex 29.5377 2.59962 2.6
    endloop
  endfacet
  facet normal 0 0 -1
    outer loop
      vertex 29.5377 2.59962 2.6
      vertex 28.85 2.9084 2.6
      vertex 29.1127 2.9084 2.6
    endloop
  endfacet
  facet normal 0 0 -1
    outer loop
      vertex 28.85 3.3916 2.6
      vertex 29.6575 4.06916 2.6
      vertex 29.5377 3.70038 2.6
    endloop
  endfacet
  facet normal -0 0 -1
    outer loop
      vertex 29.6575 4.06916 2.6
      vertex 28.85 3.3916 2.6
      vertex 29.6575 4.33084 2.6
    endloop
  endfacet
  facet normal 0 0 -1
    outer loop
      vertex 28.85 3.3916 2.6
      vertex 29.5377 3.70038 2.6
      vertex 29.1127 3.3916 2.6
    endloop
  endfacet
  facet normal 0 0 -1
    outer loop
      vertex 28.85 5.0084 2.6
      vertex 29.6575 4.33084 2.6
      vertex 28.85 3.3916 2.6
    endloop
  endfacet
  facet normal 0 0 -1
    outer loop
      vertex 29.6575 4.33084 2.6
      vertex 28.85 5.0084 2.6
      vertex 29.5377 4.69962 2.6
    endloop
  endfacet
  facet normal 0 0 -1
    outer loop
      vertex 29.5377 4.69962 2.6
      vertex 28.85 5.0084 2.6
      vertex 29.1127 5.0084 2.6
    endloop
  endfacet
  facet normal 0 0 -1
    outer loop
      vertex 28.85 5.4916 2.6
      vertex 29.6575 6.16916 2.6
      vertex 29.5377 5.80038 2.6
    endloop
  endfacet
  facet normal -0 0 -1
    outer loop
      vertex 29.6575 6.16916 2.6
      vertex 28.85 5.4916 2.6
      vertex 29.6575 6.43084 2.6
    endloop
  endfacet
  facet normal 0 0 -1
    outer loop
      vertex 28.85 5.4916 2.6
      vertex 29.5377 5.80038 2.6
      vertex 29.1127 5.4916 2.6
    endloop
  endfacet
  facet normal 0 0 -1
    outer loop
      vertex 28.85 7.1084 2.6
      vertex 29.6575 6.43084 2.6
      vertex 28.85 5.4916 2.6
    endloop
  endfacet
  facet normal 0 0 -1
    outer loop
      vertex 29.6575 6.43084 2.6
      vertex 28.85 7.1084 2.6
      vertex 29.5377 6.79962 2.6
    endloop
  endfacet
  facet normal 0 0 -1
    outer loop
      vertex 29.5377 6.79962 2.6
      vertex 28.85 7.1084 2.6
      vertex 29.1127 7.1084 2.6
    endloop
  endfacet
  facet normal 0 0 -1
    outer loop
      vertex 28.85 7.5916 2.6
      vertex 29.6575 8.26916 2.6
      vertex 29.5377 7.90038 2.6
    endloop
  endfacet
  facet normal -0 0 -1
    outer loop
      vertex 29.6575 8.26916 2.6
      vertex 28.85 7.5916 2.6
      vertex 29.6575 8.53084 2.6
    endloop
  endfacet
  facet normal 0 0 -1
    outer loop
      vertex 28.85 7.5916 2.6
      vertex 29.5377 7.90038 2.6
      vertex 29.1127 7.5916 2.6
    endloop
  endfacet
  facet normal 0 0 -1
    outer loop
      vertex 28.85 9.2084 2.6
      vertex 29.6575 8.53084 2.6
      vertex 28.85 7.5916 2.6
    endloop
  endfacet
  facet normal 0 0 -1
    outer loop
      vertex 29.6575 8.53084 2.6
      vertex 28.85 9.2084 2.6
      vertex 29.5377 8.89962 2.6
    endloop
  endfacet
  facet normal 0 0 -1
    outer loop
      vertex 29.5377 8.89962 2.6
      vertex 28.85 9.2084 2.6
      vertex 29.1127 9.2084 2.6
    endloop
  endfacet
  facet normal 0 0 -1
    outer loop
      vertex 28.85 9.6916 2.6
      vertex 29.6575 10.3692 2.6
      vertex 29.5377 10.0004 2.6
    endloop
  endfacet
  facet normal -0 0 -1
    outer loop
      vertex 29.6575 10.3692 2.6
      vertex 28.85 9.6916 2.6
      vertex 29.6575 10.6308 2.6
    endloop
  endfacet
  facet normal 0 0 -1
    outer loop
      vertex 28.85 9.6916 2.6
      vertex 29.5377 10.0004 2.6
      vertex 29.1127 9.6916 2.6
    endloop
  endfacet
  facet normal 0 0 -1
    outer loop
      vertex 28.85 11.3084 2.6
      vertex 29.6575 10.6308 2.6
      vertex 28.85 9.6916 2.6
    endloop
  endfacet
  facet normal 0 0 -1
    outer loop
      vertex 29.6575 10.6308 2.6
      vertex 28.85 11.3084 2.6
      vertex 29.5377 10.9996 2.6
    endloop
  endfacet
  facet normal 0 0 -1
    outer loop
      vertex 29.5377 10.9996 2.6
      vertex 28.85 11.3084 2.6
      vertex 29.1127 11.3084 2.6
    endloop
  endfacet
  facet normal 0 0 -1
    outer loop
      vertex 28.7677 -14.6564 2.6
      vertex 29.4049 -13.6427 2.6
      vertex 29.1934 -14.4318 2.6
    endloop
  endfacet
  facet normal 0 0 -1
    outer loop
      vertex 28.85 -11.7916 2.6
      vertex 29.6575 -12.4692 2.6
      vertex 29.6575 -12.7 2.6
    endloop
  endfacet
  facet normal 0 0 -1
    outer loop
      vertex 29.3138 -13.3623 2.6
      vertex 29.6575 -12.7 2.6
      vertex 29.5202 -13.2123 2.6
    endloop
  endfacet
  facet normal 0 0 -1
    outer loop
      vertex 28.85 -11.7916 2.6
      vertex 29.6575 -12.7 2.6
      vertex 29.3138 -13.3623 2.6
    endloop
  endfacet
  facet normal 0 0 -1
    outer loop
      vertex 29.6575 -12.4692 2.6
      vertex 28.85 -11.7916 2.6
      vertex 29.5377 -12.1004 2.6
    endloop
  endfacet
  facet normal -0 0 -1
    outer loop
      vertex 29.4049 -13.6427 2.6
      vertex 28.7677 -14.6564 2.6
      vertex 29.3138 -13.3623 2.6
    endloop
  endfacet
  facet normal 0 0 -1
    outer loop
      vertex 28.7677 -14.6564 2.6
      vertex 29.1934 -14.4318 2.6
      vertex 28.8843 -14.6564 2.6
    endloop
  endfacet
  facet normal 0 0 -1
    outer loop
      vertex 29.5377 -12.1004 2.6
      vertex 28.85 -11.7916 2.6
      vertex 29.1127 -11.7916 2.6
    endloop
  endfacet
  facet normal 0 0 -1
    outer loop
      vertex 27 -12.7 2.6
      vertex 28.7677 -14.6564 2.6
      vertex 28.1214 -15.6297 2.6
    endloop
  endfacet
  facet normal 0 0 -1
    outer loop
      vertex 29.3138 -13.3623 2.6
      vertex 27 -12.7 2.6
      vertex 28.85 -11.7916 2.6
    endloop
  endfacet
  facet normal -0 0 -1
    outer loop
      vertex 28.85 -11.7916 2.6
      vertex 27 -12.7 2.6
      vertex 28.85 -11.3084 2.6
    endloop
  endfacet
  facet normal -0 0 -1
    outer loop
      vertex 28.85 -11.3084 2.6
      vertex 27 -12.7 2.6
      vertex 28.85 -9.6916 2.6
    endloop
  endfacet
  facet normal -0 0 -1
    outer loop
      vertex 28.85 -9.6916 2.6
      vertex 27 -12.7 2.6
      vertex 28.85 -9.2084 2.6
    endloop
  endfacet
  facet normal -0 0 -1
    outer loop
      vertex 28.85 -9.2084 2.6
      vertex 27 -12.7 2.6
      vertex 28.85 -7.5916 2.6
    endloop
  endfacet
  facet normal -0 0 -1
    outer loop
      vertex 28.85 -7.5916 2.6
      vertex 27 -12.7 2.6
      vertex 28.85 -7.1084 2.6
    endloop
  endfacet
  facet normal -0 0 -1
    outer loop
      vertex 28.85 -7.1084 2.6
      vertex 27 -12.7 2.6
      vertex 28.85 -5.4916 2.6
    endloop
  endfacet
  facet normal -0 0 -1
    outer loop
      vertex 28.85 -5.4916 2.6
      vertex 27 -12.7 2.6
      vertex 28.85 -5.0084 2.6
    endloop
  endfacet
  facet normal -0 0 -1
    outer loop
      vertex 28.85 -5.0084 2.6
      vertex 27 -12.7 2.6
      vertex 28.85 -3.3916 2.6
    endloop
  endfacet
  facet normal -0 0 -1
    outer loop
      vertex 28.85 -3.3916 2.6
      vertex 27 -12.7 2.6
      vertex 28.85 -2.9084 2.6
    endloop
  endfacet
  facet normal -0 0 -1
    outer loop
      vertex 28.85 -2.9084 2.6
      vertex 27 -12.7 2.6
      vertex 28.85 -1.2916 2.6
    endloop
  endfacet
  facet normal -0 0 -1
    outer loop
      vertex 28.85 -1.2916 2.6
      vertex 27 -12.7 2.6
      vertex 28.85 -0.808397 2.6
    endloop
  endfacet
  facet normal -0 0 -1
    outer loop
      vertex 28.85 -0.808397 2.6
      vertex 27 -12.7 2.6
      vertex 28.85 0.808397 2.6
    endloop
  endfacet
  facet normal 0 0 -1
    outer loop
      vertex 27 12.7 2.6
      vertex 28.85 0.808397 2.6
      vertex 27 -12.7 2.6
    endloop
  endfacet
  facet normal 0 0 -1
    outer loop
      vertex 28.85 0.808397 2.6
      vertex 27 12.7 2.6
      vertex 28.85 1.2916 2.6
    endloop
  endfacet
  facet normal 0 0 -1
    outer loop
      vertex 28.85 1.2916 2.6
      vertex 27 12.7 2.6
      vertex 28.85 2.9084 2.6
    endloop
  endfacet
  facet normal 0 0 -1
    outer loop
      vertex 28.85 2.9084 2.6
      vertex 27 12.7 2.6
      vertex 28.85 3.3916 2.6
    endloop
  endfacet
  facet normal 0 0 -1
    outer loop
      vertex 28.85 3.3916 2.6
      vertex 27 12.7 2.6
      vertex 28.85 5.0084 2.6
    endloop
  endfacet
  facet normal 0 0 -1
    outer loop
      vertex 28.85 5.0084 2.6
      vertex 27 12.7 2.6
      vertex 28.85 5.4916 2.6
    endloop
  endfacet
  facet normal 0 0 -1
    outer loop
      vertex 28.85 7.5916 2.6
      vertex 28.7677 14.6564 2.6
      vertex 28.85 9.2084 2.6
    endloop
  endfacet
  facet normal 0 0 -1
    outer loop
      vertex 28.85 9.2084 2.6
      vertex 28.7677 14.6564 2.6
      vertex 28.85 9.6916 2.6
    endloop
  endfacet
  facet normal 0 0 -1
    outer loop
      vertex 28.85 9.6916 2.6
      vertex 28.7677 14.6564 2.6
      vertex 28.85 11.3084 2.6
    endloop
  endfacet
  facet normal 0 0 -1
    outer loop
      vertex 27 -12.7 2.6
      vertex 29.3138 -13.3623 2.6
      vertex 28.7677 -14.6564 2.6
    endloop
  endfacet
  facet normal 0 0 -1
    outer loop
      vertex 28.85 11.7916 2.6
      vertex 29.6575 12.4692 2.6
      vertex 29.5377 12.1004 2.6
    endloop
  endfacet
  facet normal -0 0 -1
    outer loop
      vertex 29.6575 12.4692 2.6
      vertex 28.85 11.7916 2.6
      vertex 29.6575 12.7 2.6
    endloop
  endfacet
  facet normal 0 0 -1
    outer loop
      vertex 29.6575 12.7 2.6
      vertex 29.3138 13.3623 2.6
      vertex 29.5202 13.2123 2.6
    endloop
  endfacet
  facet normal 0 0 -1
    outer loop
      vertex 28.85 11.7916 2.6
      vertex 29.5377 12.1004 2.6
      vertex 29.1127 11.7916 2.6
    endloop
  endfacet
  facet normal -0 0 -1
    outer loop
      vertex 29.6575 12.7 2.6
      vertex 28.85 11.7916 2.6
      vertex 29.3138 13.3623 2.6
    endloop
  endfacet
  facet normal 0 0 -1
    outer loop
      vertex 28.7677 14.6564 2.6
      vertex 29.3138 13.3623 2.6
      vertex 28.85 11.7916 2.6
    endloop
  endfacet
  facet normal 0 0 -1
    outer loop
      vertex 29.3138 13.3623 2.6
      vertex 28.7677 14.6564 2.6
      vertex 29.1506 14.4629 2.6
    endloop
  endfacet
  facet normal 0 0 -1
    outer loop
      vertex 29.1506 14.4629 2.6
      vertex 28.7677 14.6564 2.6
      vertex 28.8843 14.6564 2.6
    endloop
  endfacet
  facet normal 0 0 -1
    outer loop
      vertex 28.85 11.3084 2.6
      vertex 28.7677 14.6564 2.6
      vertex 28.85 11.7916 2.6
    endloop
  endfacet
  facet normal 0 0 -1
    outer loop
      vertex 29.3138 13.3623 2.6
      vertex 29.3967 13.6734 2.6
      vertex 29.4049 13.6427 2.6
    endloop
  endfacet
  facet normal -0 0 -1
    outer loop
      vertex 29.3967 13.6734 2.6
      vertex 29.3138 13.3623 2.6
      vertex 29.1506 14.4629 2.6
    endloop
  endfacet
  facet normal 0 0 -1
    outer loop
      vertex 28.7677 14.6564 2.6
      vertex 28.7691 14.982 2.6
      vertex 28.8213 14.8213 2.6
    endloop
  endfacet
  facet normal 0 0 -1
    outer loop
      vertex 28.85 7.1084 2.6
      vertex 27 12.7 2.6
      vertex 28.85 7.5916 2.6
    endloop
  endfacet
  facet normal 0 0 -1
    outer loop
      vertex 28.85 7.5916 2.6
      vertex 27 12.7 2.6
      vertex 28.7677 14.6564 2.6
    endloop
  endfacet
  facet normal 0 0 -1
    outer loop
      vertex 27 -12.7 2.6
      vertex 28.1214 -15.6297 2.6
      vertex 27.7967 -15.6297 2.6
    endloop
  endfacet
  facet normal 0 -0 -1
    outer loop
      vertex 27.7967 15.6297 2.6
      vertex 28.7677 14.6564 2.6
      vertex 27 12.7 2.6
    endloop
  endfacet
  facet normal 0 0 -1
    outer loop
      vertex 27.6696 -15.983 2.6
      vertex 27.7967 -15.6297 2.6
      vertex 27.6857 -15.9713 2.6
    endloop
  endfacet
  facet normal 0 0 -1
    outer loop
      vertex 28.7677 14.6564 2.6
      vertex 27.7967 15.6297 2.6
      vertex 28.7691 14.982 2.6
    endloop
  endfacet
  facet normal 0 0 -1
    outer loop
      vertex 26.8234 -16.2467 2.6
      vertex 27.7967 -15.6297 2.6
      vertex 27.6696 -15.983 2.6
    endloop
  endfacet
  facet normal 0 0 -1
    outer loop
      vertex 25.85 13.85 2.6
      vertex 27.7967 15.6297 2.6
      vertex 27 12.7 2.6
    endloop
  endfacet
  facet normal 0 0 -1
    outer loop
      vertex 28.7691 14.982 2.6
      vertex 27.7967 15.6297 2.6
      vertex 28.1214 15.6297 2.6
    endloop
  endfacet
  facet normal 0 0 -1
    outer loop
      vertex 27.7967 -15.6297 2.6
      vertex 26.8234 -16.2467 2.6
      vertex 26.5543 -16.1485 2.6
    endloop
  endfacet
  facet normal 0 0 -1
    outer loop
      vertex 26.5543 -16.1485 2.6
      vertex 26.8234 -16.2467 2.6
      vertex 26.7255 -16.2729 2.6
    endloop
  endfacet
  facet normal -0 0 -1
    outer loop
      vertex 27.7967 -15.6297 2.6
      vertex 26.5543 -16.1485 2.6
      vertex 25.85 -13.85 2.6
    endloop
  endfacet
  facet normal 0 0 -1
    outer loop
      vertex 26.2681 -16.3955 2.6
      vertex 26.5543 -16.1485 2.6
      vertex 26.5377 -16.1996 2.6
    endloop
  endfacet
  facet normal 0 0 -1
    outer loop
      vertex 25.85 -16.5075 2.6
      vertex 26.5543 -16.1485 2.6
      vertex 26.2681 -16.3955 2.6
    endloop
  endfacet
  facet normal 0 0 -1
    outer loop
      vertex 26.5543 -16.1485 2.6
      vertex 25.85 -16.5075 2.6
      vertex 25.525 -16.4631 2.6
    endloop
  endfacet
  facet normal 0 0 -1
    outer loop
      vertex 27.7967 -15.6297 2.6
      vertex 25.85 -13.85 2.6
      vertex 27 -12.7 2.6
    endloop
  endfacet
  facet normal 0 0 -1
    outer loop
      vertex 25.525 -16.4631 2.6
      vertex 25.85 -16.5075 2.6
      vertex 25.5861 -16.5075 2.6
    endloop
  endfacet
  facet normal -0 0 -1
    outer loop
      vertex 26.5543 -16.1485 2.6
      vertex 25.525 -16.4631 2.6
      vertex 25.85 -13.85 2.6
    endloop
  endfacet
  facet normal 0 0 -1
    outer loop
      vertex 24.9361 -16.5075 2.6
      vertex 25.525 -16.4631 2.6
      vertex 25.4639 -16.5075 2.6
    endloop
  endfacet
  facet normal 0 0 -1
    outer loop
      vertex 24.5123 -16.1996 2.6
      vertex 25.525 -16.4631 2.6
      vertex 24.9361 -16.5075 2.6
    endloop
  endfacet
  facet normal 0 0 -1
    outer loop
      vertex 25.525 -16.4631 2.6
      vertex 24.5123 -16.1996 2.6
      vertex 24.35 -15.7 2.6
    endloop
  endfacet
  facet normal 0 0 -1
    outer loop
      vertex 25.525 -16.4631 2.6
      vertex 24.35 -15.7 2.6
      vertex 25.85 -13.85 2.6
    endloop
  endfacet
  facet normal 0 0 -1
    outer loop
      vertex 23.95 -15.7 2.6
      vertex 25.85 -13.85 2.6
      vertex 24.35 -15.7 2.6
    endloop
  endfacet
  facet normal 0 0 -1
    outer loop
      vertex 23.3639 -16.5075 2.6
      vertex 23.95 -15.7 2.6
      vertex 23.7877 -16.1996 2.6
    endloop
  endfacet
  facet normal 0 0 -1
    outer loop
      vertex 22.8361 -16.5075 2.6
      vertex 23.95 -15.7 2.6
      vertex 23.3639 -16.5075 2.6
    endloop
  endfacet
  facet normal 0 0 -1
    outer loop
      vertex 22.25 -15.7 2.6
      vertex 23.95 -15.7 2.6
      vertex 22.8361 -16.5075 2.6
    endloop
  endfacet
  facet normal 0 0 -1
    outer loop
      vertex 22.25 -15.7 2.6
      vertex 22.8361 -16.5075 2.6
      vertex 22.4123 -16.1996 2.6
    endloop
  endfacet
  facet normal 0 0 -1
    outer loop
      vertex 23.95 -15.7 2.6
      vertex 22.25 -15.7 2.6
      vertex 25.85 -13.85 2.6
    endloop
  endfacet
  facet normal 0 0 -1
    outer loop
      vertex 21.85 -15.7 2.6
      vertex 25.85 -13.85 2.6
      vertex 22.25 -15.7 2.6
    endloop
  endfacet
  facet normal 0 0 -1
    outer loop
      vertex 21.2639 -16.5075 2.6
      vertex 21.85 -15.7 2.6
      vertex 21.6877 -16.1996 2.6
    endloop
  endfacet
  facet normal 0 0 -1
    outer loop
      vertex 20.7361 -16.5075 2.6
      vertex 21.85 -15.7 2.6
      vertex 21.2639 -16.5075 2.6
    endloop
  endfacet
  facet normal 0 0 -1
    outer loop
      vertex 20.3123 -16.1996 2.6
      vertex 21.85 -15.7 2.6
      vertex 20.7361 -16.5075 2.6
    endloop
  endfacet
  facet normal 0 0 -1
    outer loop
      vertex 20.15 -15.7 2.6
      vertex 21.85 -15.7 2.6
      vertex 20.3123 -16.1996 2.6
    endloop
  endfacet
  facet normal 0 0 -1
    outer loop
      vertex 21.85 -15.7 2.6
      vertex 20.15 -15.7 2.6
      vertex 25.85 -13.85 2.6
    endloop
  endfacet
  facet normal 0 0 -1
    outer loop
      vertex 19.75 -15.7 2.6
      vertex 25.85 -13.85 2.6
      vertex 20.15 -15.7 2.6
    endloop
  endfacet
  facet normal 0 0 -1
    outer loop
      vertex 19.1639 -16.5075 2.6
      vertex 19.75 -15.7 2.6
      vertex 19.5877 -16.1996 2.6
    endloop
  endfacet
  facet normal 0 0 -1
    outer loop
      vertex 18.6361 -16.5075 2.6
      vertex 19.75 -15.7 2.6
      vertex 19.1639 -16.5075 2.6
    endloop
  endfacet
  facet normal 0 0 -1
    outer loop
      vertex 18.2123 -16.1996 2.6
      vertex 19.75 -15.7 2.6
      vertex 18.6361 -16.5075 2.6
    endloop
  endfacet
  facet normal 0 0 -1
    outer loop
      vertex 18.05 -15.7 2.6
      vertex 19.75 -15.7 2.6
      vertex 18.2123 -16.1996 2.6
    endloop
  endfacet
  facet normal 0 0 -1
    outer loop
      vertex 19.75 -15.7 2.6
      vertex 18.05 -15.7 2.6
      vertex 25.85 -13.85 2.6
    endloop
  endfacet
  facet normal 0 0 -1
    outer loop
      vertex 17.65 -15.7 2.6
      vertex 25.85 -13.85 2.6
      vertex 18.05 -15.7 2.6
    endloop
  endfacet
  facet normal 0 0 -1
    outer loop
      vertex 17.0639 -16.5075 2.6
      vertex 17.65 -15.7 2.6
      vertex 17.4877 -16.1996 2.6
    endloop
  endfacet
  facet normal 0 0 -1
    outer loop
      vertex 16.5361 -16.5075 2.6
      vertex 17.65 -15.7 2.6
      vertex 17.0639 -16.5075 2.6
    endloop
  endfacet
  facet normal 0 0 -1
    outer loop
      vertex 16.1123 -16.1996 2.6
      vertex 17.65 -15.7 2.6
      vertex 16.5361 -16.5075 2.6
    endloop
  endfacet
  facet normal 0 0 -1
    outer loop
      vertex 15.95 -15.7 2.6
      vertex 17.65 -15.7 2.6
      vertex 16.1123 -16.1996 2.6
    endloop
  endfacet
  facet normal 0 0 -1
    outer loop
      vertex 15.95 -15.7 2.6
      vertex 25.85 -13.85 2.6
      vertex 17.65 -15.7 2.6
    endloop
  endfacet
  facet normal 0 0 -1
    outer loop
      vertex 15.55 -15.7 2.6
      vertex 25.85 -13.85 2.6
      vertex 15.95 -15.7 2.6
    endloop
  endfacet
  facet normal 0 0 -1
    outer loop
      vertex 14.9639 -16.5075 2.6
      vertex 15.55 -15.7 2.6
      vertex 15.3877 -16.1996 2.6
    endloop
  endfacet
  facet normal 0 0 -1
    outer loop
      vertex 14.4361 -16.5075 2.6
      vertex 15.55 -15.7 2.6
      vertex 14.9639 -16.5075 2.6
    endloop
  endfacet
  facet normal 0 0 -1
    outer loop
      vertex 14.0123 -16.1996 2.6
      vertex 15.55 -15.7 2.6
      vertex 14.4361 -16.5075 2.6
    endloop
  endfacet
  facet normal 0 0 -1
    outer loop
      vertex 13.85 -15.7 2.6
      vertex 15.55 -15.7 2.6
      vertex 14.0123 -16.1996 2.6
    endloop
  endfacet
  facet normal 0 0 -1
    outer loop
      vertex 13.85 -15.7 2.6
      vertex 25.85 -13.85 2.6
      vertex 15.55 -15.7 2.6
    endloop
  endfacet
  facet normal 0 0 -1
    outer loop
      vertex 13.45 -15.7 2.6
      vertex 25.85 -13.85 2.6
      vertex 13.85 -15.7 2.6
    endloop
  endfacet
  facet normal 0 0 -1
    outer loop
      vertex 12.8639 -16.5075 2.6
      vertex 13.45 -15.7 2.6
      vertex 13.2877 -16.1996 2.6
    endloop
  endfacet
  facet normal 0 0 -1
    outer loop
      vertex 12.3361 -16.5075 2.6
      vertex 13.45 -15.7 2.6
      vertex 12.8639 -16.5075 2.6
    endloop
  endfacet
  facet normal 0 0 -1
    outer loop
      vertex 11.9123 -16.1996 2.6
      vertex 13.45 -15.7 2.6
      vertex 12.3361 -16.5075 2.6
    endloop
  endfacet
  facet normal 0 0 -1
    outer loop
      vertex 11.75 -15.7 2.6
      vertex 13.45 -15.7 2.6
      vertex 11.9123 -16.1996 2.6
    endloop
  endfacet
  facet normal 0 0 -1
    outer loop
      vertex 11.75 -15.7 2.6
      vertex 25.85 -13.85 2.6
      vertex 13.45 -15.7 2.6
    endloop
  endfacet
  facet normal 0 0 -1
    outer loop
      vertex 11.35 -15.7 2.6
      vertex 25.85 -13.85 2.6
      vertex 11.75 -15.7 2.6
    endloop
  endfacet
  facet normal 0 0 -1
    outer loop
      vertex 10.7639 -16.5075 2.6
      vertex 11.35 -15.7 2.6
      vertex 11.1877 -16.1996 2.6
    endloop
  endfacet
  facet normal 0 0 -1
    outer loop
      vertex 10.2361 -16.5075 2.6
      vertex 11.35 -15.7 2.6
      vertex 10.7639 -16.5075 2.6
    endloop
  endfacet
  facet normal 0 0 -1
    outer loop
      vertex 9.81234 -16.1996 2.6
      vertex 11.35 -15.7 2.6
      vertex 10.2361 -16.5075 2.6
    endloop
  endfacet
  facet normal 0 0 -1
    outer loop
      vertex 9.65 -15.7 2.6
      vertex 11.35 -15.7 2.6
      vertex 9.81234 -16.1996 2.6
    endloop
  endfacet
  facet normal 0 0 -1
    outer loop
      vertex 9.65 -15.7 2.6
      vertex 25.85 -13.85 2.6
      vertex 11.35 -15.7 2.6
    endloop
  endfacet
  facet normal 0 0 -1
    outer loop
      vertex 9.25 -15.7 2.6
      vertex 25.85 -13.85 2.6
      vertex 9.65 -15.7 2.6
    endloop
  endfacet
  facet normal 0 0 -1
    outer loop
      vertex 8.66391 -16.5075 2.6
      vertex 9.25 -15.7 2.6
      vertex 9.08766 -16.1996 2.6
    endloop
  endfacet
  facet normal 0 0 -1
    outer loop
      vertex 8.13609 -16.5075 2.6
      vertex 9.25 -15.7 2.6
      vertex 8.66391 -16.5075 2.6
    endloop
  endfacet
  facet normal 0 0 -1
    outer loop
      vertex 7.71233 -16.1996 2.6
      vertex 9.25 -15.7 2.6
      vertex 8.13609 -16.5075 2.6
    endloop
  endfacet
  facet normal 0 0 -1
    outer loop
      vertex 7.55 -15.7 2.6
      vertex 9.25 -15.7 2.6
      vertex 7.71233 -16.1996 2.6
    endloop
  endfacet
  facet normal 0 0 -1
    outer loop
      vertex 7.55 -15.7 2.6
      vertex 25.85 -13.85 2.6
      vertex 9.25 -15.7 2.6
    endloop
  endfacet
  facet normal 0 0 -1
    outer loop
      vertex 7.15 -15.7 2.6
      vertex 25.85 -13.85 2.6
      vertex 7.55 -15.7 2.6
    endloop
  endfacet
  facet normal 0 0 -1
    outer loop
      vertex 6.56391 -16.5075 2.6
      vertex 7.15 -15.7 2.6
      vertex 6.98766 -16.1996 2.6
    endloop
  endfacet
  facet normal 0 0 -1
    outer loop
      vertex 6.03609 -16.5075 2.6
      vertex 7.15 -15.7 2.6
      vertex 6.56391 -16.5075 2.6
    endloop
  endfacet
  facet normal 0 0 -1
    outer loop
      vertex 5.61234 -16.1996 2.6
      vertex 7.15 -15.7 2.6
      vertex 6.03609 -16.5075 2.6
    endloop
  endfacet
  facet normal 0 0 -1
    outer loop
      vertex 5.45 -15.7 2.6
      vertex 7.15 -15.7 2.6
      vertex 5.61234 -16.1996 2.6
    endloop
  endfacet
  facet normal 0 0 -1
    outer loop
      vertex 5.45 -15.7 2.6
      vertex 25.85 -13.85 2.6
      vertex 7.15 -15.7 2.6
    endloop
  endfacet
  facet normal 0 0 -1
    outer loop
      vertex 5.05 -15.7 2.6
      vertex 25.85 -13.85 2.6
      vertex 5.45 -15.7 2.6
    endloop
  endfacet
  facet normal 0 0 -1
    outer loop
      vertex 4.46391 -16.5075 2.6
      vertex 5.05 -15.7 2.6
      vertex 4.88766 -16.1996 2.6
    endloop
  endfacet
  facet normal 0 0 -1
    outer loop
      vertex 3.93609 -16.5075 2.6
      vertex 5.05 -15.7 2.6
      vertex 4.46391 -16.5075 2.6
    endloop
  endfacet
  facet normal 0 0 -1
    outer loop
      vertex 3.51233 -16.1996 2.6
      vertex 5.05 -15.7 2.6
      vertex 3.93609 -16.5075 2.6
    endloop
  endfacet
  facet normal 0 0 -1
    outer loop
      vertex 3.35 -15.7 2.6
      vertex 5.05 -15.7 2.6
      vertex 3.51233 -16.1996 2.6
    endloop
  endfacet
  facet normal 0 0 -1
    outer loop
      vertex 3.35 -15.7 2.6
      vertex 25.85 -13.85 2.6
      vertex 5.05 -15.7 2.6
    endloop
  endfacet
  facet normal 0 0 -1
    outer loop
      vertex 2.95 -15.7 2.6
      vertex 25.85 -13.85 2.6
      vertex 3.35 -15.7 2.6
    endloop
  endfacet
  facet normal 0 0 -1
    outer loop
      vertex 2.36391 -16.5075 2.6
      vertex 2.95 -15.7 2.6
      vertex 2.78766 -16.1996 2.6
    endloop
  endfacet
  facet normal 0 0 -1
    outer loop
      vertex 1.83609 -16.5075 2.6
      vertex 2.95 -15.7 2.6
      vertex 2.36391 -16.5075 2.6
    endloop
  endfacet
  facet normal 0 0 -1
    outer loop
      vertex 1.41234 -16.1996 2.6
      vertex 2.95 -15.7 2.6
      vertex 1.83609 -16.5075 2.6
    endloop
  endfacet
  facet normal 0 0 -1
    outer loop
      vertex 1.25 -15.7 2.6
      vertex 2.95 -15.7 2.6
      vertex 1.41234 -16.1996 2.6
    endloop
  endfacet
  facet normal 0 0 -1
    outer loop
      vertex 1.25 -15.7 2.6
      vertex 25.85 -13.85 2.6
      vertex 2.95 -15.7 2.6
    endloop
  endfacet
  facet normal 0 0 -1
    outer loop
      vertex 0.849998 -15.7 2.6
      vertex 25.85 -13.85 2.6
      vertex 1.25 -15.7 2.6
    endloop
  endfacet
  facet normal 0 0 -1
    outer loop
      vertex 0.26391 -16.5075 2.6
      vertex 0.849998 -15.7 2.6
      vertex 0.687664 -16.1996 2.6
    endloop
  endfacet
  facet normal 0 0 -1
    outer loop
      vertex -0.26391 -16.5075 2.6
      vertex 0.849998 -15.7 2.6
      vertex 0.26391 -16.5075 2.6
    endloop
  endfacet
  facet normal 0 0 -1
    outer loop
      vertex -0.687664 -16.1996 2.6
      vertex 0.849998 -15.7 2.6
      vertex -0.26391 -16.5075 2.6
    endloop
  endfacet
  facet normal 0 0 -1
    outer loop
      vertex -0.849998 -15.7 2.6
      vertex 0.849998 -15.7 2.6
      vertex -0.687664 -16.1996 2.6
    endloop
  endfacet
  facet normal 0 0 -1
    outer loop
      vertex -0.849998 -15.7 2.6
      vertex 25.85 -13.85 2.6
      vertex 0.849998 -15.7 2.6
    endloop
  endfacet
  facet normal 0 0 -1
    outer loop
      vertex -1.25 -15.7 2.6
      vertex 25.85 -13.85 2.6
      vertex -0.849998 -15.7 2.6
    endloop
  endfacet
  facet normal 0 0 -1
    outer loop
      vertex -1.83609 -16.5075 2.6
      vertex -1.25 -15.7 2.6
      vertex -1.41234 -16.1996 2.6
    endloop
  endfacet
  facet normal 0 0 -1
    outer loop
      vertex -2.36391 -16.5075 2.6
      vertex -1.25 -15.7 2.6
      vertex -1.83609 -16.5075 2.6
    endloop
  endfacet
  facet normal 0 0 -1
    outer loop
      vertex -2.78766 -16.1996 2.6
      vertex -1.25 -15.7 2.6
      vertex -2.36391 -16.5075 2.6
    endloop
  endfacet
  facet normal 0 0 -1
    outer loop
      vertex -2.95 -15.7 2.6
      vertex -1.25 -15.7 2.6
      vertex -2.78766 -16.1996 2.6
    endloop
  endfacet
  facet normal 0 0 -1
    outer loop
      vertex -25.85 -13.85 2.6
      vertex -1.25 -15.7 2.6
      vertex -2.95 -15.7 2.6
    endloop
  endfacet
  facet normal 0 0 -1
    outer loop
      vertex -25.85 -13.85 2.6
      vertex -2.95 -15.7 2.6
      vertex -3.35 -15.7 2.6
    endloop
  endfacet
  facet normal 0 0 -1
    outer loop
      vertex -3.93609 -16.5075 2.6
      vertex -3.35 -15.7 2.6
      vertex -3.51233 -16.1996 2.6
    endloop
  endfacet
  facet normal 0 0 -1
    outer loop
      vertex -4.46391 -16.5075 2.6
      vertex -3.35 -15.7 2.6
      vertex -3.93609 -16.5075 2.6
    endloop
  endfacet
  facet normal 0 0 -1
    outer loop
      vertex -4.88766 -16.1996 2.6
      vertex -3.35 -15.7 2.6
      vertex -4.46391 -16.5075 2.6
    endloop
  endfacet
  facet normal 0 0 -1
    outer loop
      vertex -5.05 -15.7 2.6
      vertex -3.35 -15.7 2.6
      vertex -4.88766 -16.1996 2.6
    endloop
  endfacet
  facet normal 0 0 -1
    outer loop
      vertex -25.85 -13.85 2.6
      vertex -3.35 -15.7 2.6
      vertex -5.05 -15.7 2.6
    endloop
  endfacet
  facet normal 0 0 -1
    outer loop
      vertex -25.85 -13.85 2.6
      vertex -5.05 -15.7 2.6
      vertex -5.45 -15.7 2.6
    endloop
  endfacet
  facet normal 0 0 -1
    outer loop
      vertex -6.03609 -16.5075 2.6
      vertex -5.45 -15.7 2.6
      vertex -5.61234 -16.1996 2.6
    endloop
  endfacet
  facet normal 0 0 -1
    outer loop
      vertex -6.56391 -16.5075 2.6
      vertex -5.45 -15.7 2.6
      vertex -6.03609 -16.5075 2.6
    endloop
  endfacet
  facet normal 0 0 -1
    outer loop
      vertex -6.98766 -16.1996 2.6
      vertex -5.45 -15.7 2.6
      vertex -6.56391 -16.5075 2.6
    endloop
  endfacet
  facet normal 0 0 -1
    outer loop
      vertex -7.15 -15.7 2.6
      vertex -5.45 -15.7 2.6
      vertex -6.98766 -16.1996 2.6
    endloop
  endfacet
  facet normal 0 0 -1
    outer loop
      vertex -25.85 -13.85 2.6
      vertex -5.45 -15.7 2.6
      vertex -7.15 -15.7 2.6
    endloop
  endfacet
  facet normal 0 0 -1
    outer loop
      vertex -25.85 -13.85 2.6
      vertex -7.15 -15.7 2.6
      vertex -7.55 -15.7 2.6
    endloop
  endfacet
  facet normal 0 0 -1
    outer loop
      vertex -8.13609 -16.5075 2.6
      vertex -7.55 -15.7 2.6
      vertex -7.71233 -16.1996 2.6
    endloop
  endfacet
  facet normal 0 0 -1
    outer loop
      vertex -8.66391 -16.5075 2.6
      vertex -7.55 -15.7 2.6
      vertex -8.13609 -16.5075 2.6
    endloop
  endfacet
  facet normal 0 0 -1
    outer loop
      vertex -9.08766 -16.1996 2.6
      vertex -7.55 -15.7 2.6
      vertex -8.66391 -16.5075 2.6
    endloop
  endfacet
  facet normal 0 0 -1
    outer loop
      vertex -9.25 -15.7 2.6
      vertex -7.55 -15.7 2.6
      vertex -9.08766 -16.1996 2.6
    endloop
  endfacet
  facet normal 0 0 -1
    outer loop
      vertex -25.85 -13.85 2.6
      vertex -7.55 -15.7 2.6
      vertex -9.25 -15.7 2.6
    endloop
  endfacet
  facet normal 0 0 -1
    outer loop
      vertex -25.85 -13.85 2.6
      vertex -9.25 -15.7 2.6
      vertex -9.65 -15.7 2.6
    endloop
  endfacet
  facet normal 0 0 -1
    outer loop
      vertex -10.2361 -16.5075 2.6
      vertex -9.65 -15.7 2.6
      vertex -9.81234 -16.1996 2.6
    endloop
  endfacet
  facet normal 0 0 -1
    outer loop
      vertex -10.7639 -16.5075 2.6
      vertex -9.65 -15.7 2.6
      vertex -10.2361 -16.5075 2.6
    endloop
  endfacet
  facet normal 0 0 -1
    outer loop
      vertex -11.1877 -16.1996 2.6
      vertex -9.65 -15.7 2.6
      vertex -10.7639 -16.5075 2.6
    endloop
  endfacet
  facet normal 0 0 -1
    outer loop
      vertex -11.35 -15.7 2.6
      vertex -9.65 -15.7 2.6
      vertex -11.1877 -16.1996 2.6
    endloop
  endfacet
  facet normal 0 0 -1
    outer loop
      vertex -25.85 -13.85 2.6
      vertex -9.65 -15.7 2.6
      vertex -11.35 -15.7 2.6
    endloop
  endfacet
  facet normal 0 0 -1
    outer loop
      vertex -25.85 -13.85 2.6
      vertex -11.35 -15.7 2.6
      vertex -11.75 -15.7 2.6
    endloop
  endfacet
  facet normal 0 0 -1
    outer loop
      vertex -12.3361 -16.5075 2.6
      vertex -11.75 -15.7 2.6
      vertex -11.9123 -16.1996 2.6
    endloop
  endfacet
  facet normal 0 0 -1
    outer loop
      vertex -12.8639 -16.5075 2.6
      vertex -11.75 -15.7 2.6
      vertex -12.3361 -16.5075 2.6
    endloop
  endfacet
  facet normal 0 0 -1
    outer loop
      vertex -13.2877 -16.1996 2.6
      vertex -11.75 -15.7 2.6
      vertex -12.8639 -16.5075 2.6
    endloop
  endfacet
  facet normal 0 0 -1
    outer loop
      vertex -13.45 -15.7 2.6
      vertex -11.75 -15.7 2.6
      vertex -13.2877 -16.1996 2.6
    endloop
  endfacet
  facet normal 0 0 -1
    outer loop
      vertex -25.85 -13.85 2.6
      vertex -11.75 -15.7 2.6
      vertex -13.45 -15.7 2.6
    endloop
  endfacet
  facet normal 0 0 -1
    outer loop
      vertex -25.85 -13.85 2.6
      vertex -13.45 -15.7 2.6
      vertex -13.85 -15.7 2.6
    endloop
  endfacet
  facet normal 0 0 -1
    outer loop
      vertex -14.4361 -16.5075 2.6
      vertex -13.85 -15.7 2.6
      vertex -14.0123 -16.1996 2.6
    endloop
  endfacet
  facet normal 0 0 -1
    outer loop
      vertex -14.9639 -16.5075 2.6
      vertex -13.85 -15.7 2.6
      vertex -14.4361 -16.5075 2.6
    endloop
  endfacet
  facet normal 0 0 -1
    outer loop
      vertex -15.3877 -16.1996 2.6
      vertex -13.85 -15.7 2.6
      vertex -14.9639 -16.5075 2.6
    endloop
  endfacet
  facet normal 0 0 -1
    outer loop
      vertex -15.55 -15.7 2.6
      vertex -13.85 -15.7 2.6
      vertex -15.3877 -16.1996 2.6
    endloop
  endfacet
  facet normal 0 0 -1
    outer loop
      vertex -25.85 -13.85 2.6
      vertex -13.85 -15.7 2.6
      vertex -15.55 -15.7 2.6
    endloop
  endfacet
  facet normal 0 0 -1
    outer loop
      vertex -25.85 -13.85 2.6
      vertex -15.55 -15.7 2.6
      vertex -15.95 -15.7 2.6
    endloop
  endfacet
  facet normal 0 0 -1
    outer loop
      vertex -16.5361 -16.5075 2.6
      vertex -15.95 -15.7 2.6
      vertex -16.1123 -16.1996 2.6
    endloop
  endfacet
  facet normal 0 0 -1
    outer loop
      vertex -17.0639 -16.5075 2.6
      vertex -15.95 -15.7 2.6
      vertex -16.5361 -16.5075 2.6
    endloop
  endfacet
  facet normal 0 0 -1
    outer loop
      vertex -17.4877 -16.1996 2.6
      vertex -15.95 -15.7 2.6
      vertex -17.0639 -16.5075 2.6
    endloop
  endfacet
  facet normal 0 0 -1
    outer loop
      vertex -17.65 -15.7 2.6
      vertex -15.95 -15.7 2.6
      vertex -17.4877 -16.1996 2.6
    endloop
  endfacet
  facet normal 0 0 -1
    outer loop
      vertex -25.85 -13.85 2.6
      vertex -15.95 -15.7 2.6
      vertex -17.65 -15.7 2.6
    endloop
  endfacet
  facet normal 0 0 -1
    outer loop
      vertex -25.85 -13.85 2.6
      vertex -17.65 -15.7 2.6
      vertex -18.05 -15.7 2.6
    endloop
  endfacet
  facet normal 0 0 -1
    outer loop
      vertex -18.6361 -16.5075 2.6
      vertex -18.05 -15.7 2.6
      vertex -18.2123 -16.1996 2.6
    endloop
  endfacet
  facet normal 0 0 -1
    outer loop
      vertex -19.1639 -16.5075 2.6
      vertex -18.05 -15.7 2.6
      vertex -18.6361 -16.5075 2.6
    endloop
  endfacet
  facet normal 0 0 -1
    outer loop
      vertex -19.5877 -16.1996 2.6
      vertex -18.05 -15.7 2.6
      vertex -19.1639 -16.5075 2.6
    endloop
  endfacet
  facet normal 0 0 -1
    outer loop
      vertex -19.75 -15.7 2.6
      vertex -18.05 -15.7 2.6
      vertex -19.5877 -16.1996 2.6
    endloop
  endfacet
  facet normal 0 0 -1
    outer loop
      vertex -25.85 -13.85 2.6
      vertex -18.05 -15.7 2.6
      vertex -19.75 -15.7 2.6
    endloop
  endfacet
  facet normal 0 0 -1
    outer loop
      vertex -25.85 -13.85 2.6
      vertex -19.75 -15.7 2.6
      vertex -20.15 -15.7 2.6
    endloop
  endfacet
  facet normal 0 0 -1
    outer loop
      vertex -20.7361 -16.5075 2.6
      vertex -20.15 -15.7 2.6
      vertex -20.3123 -16.1996 2.6
    endloop
  endfacet
  facet normal 0 0 -1
    outer loop
      vertex -21.2639 -16.5075 2.6
      vertex -20.15 -15.7 2.6
      vertex -20.7361 -16.5075 2.6
    endloop
  endfacet
  facet normal 0 0 -1
    outer loop
      vertex -21.6877 -16.1996 2.6
      vertex -20.15 -15.7 2.6
      vertex -21.2639 -16.5075 2.6
    endloop
  endfacet
  facet normal 0 0 -1
    outer loop
      vertex -21.85 -15.7 2.6
      vertex -20.15 -15.7 2.6
      vertex -21.6877 -16.1996 2.6
    endloop
  endfacet
  facet normal 0 0 -1
    outer loop
      vertex -25.85 -13.85 2.6
      vertex -20.15 -15.7 2.6
      vertex -21.85 -15.7 2.6
    endloop
  endfacet
  facet normal 0 0 -1
    outer loop
      vertex -25.85 -13.85 2.6
      vertex -21.85 -15.7 2.6
      vertex -22.25 -15.7 2.6
    endloop
  endfacet
  facet normal 0 0 -1
    outer loop
      vertex -22.8361 -16.5075 2.6
      vertex -22.25 -15.7 2.6
      vertex -22.4123 -16.1996 2.6
    endloop
  endfacet
  facet normal 0 0 -1
    outer loop
      vertex -23.3639 -16.5075 2.6
      vertex -22.25 -15.7 2.6
      vertex -22.8361 -16.5075 2.6
    endloop
  endfacet
  facet normal 0 0 -1
    outer loop
      vertex -23.7877 -16.1996 2.6
      vertex -22.25 -15.7 2.6
      vertex -23.3639 -16.5075 2.6
    endloop
  endfacet
  facet normal 0 0 -1
    outer loop
      vertex -23.95 -15.7 2.6
      vertex -22.25 -15.7 2.6
      vertex -23.7877 -16.1996 2.6
    endloop
  endfacet
  facet normal 0 0 -1
    outer loop
      vertex -25.85 -13.85 2.6
      vertex -22.25 -15.7 2.6
      vertex -23.95 -15.7 2.6
    endloop
  endfacet
  facet normal 0 0 -1
    outer loop
      vertex -25.85 -13.85 2.6
      vertex -23.95 -15.7 2.6
      vertex -24.35 -15.7 2.6
    endloop
  endfacet
  facet normal 0 0 -1
    outer loop
      vertex -25.525 -16.4631 2.6
      vertex -24.5123 -16.1996 2.6
      vertex -24.9361 -16.5075 2.6
    endloop
  endfacet
  facet normal 0 0 -1
    outer loop
      vertex -25.525 -16.4631 2.6
      vertex -24.9361 -16.5075 2.6
      vertex -25.4639 -16.5075 2.6
    endloop
  endfacet
  facet normal -0 0 -1
    outer loop
      vertex -24.5123 -16.1996 2.6
      vertex -25.525 -16.4631 2.6
      vertex -24.35 -15.7 2.6
    endloop
  endfacet
  facet normal 0 0 -1
    outer loop
      vertex -25.85 -16.5075 2.6
      vertex -25.525 -16.4631 2.6
      vertex -25.5861 -16.5075 2.6
    endloop
  endfacet
  facet normal 0 0 -1
    outer loop
      vertex -26.5543 -16.1485 2.6
      vertex -25.525 -16.4631 2.6
      vertex -25.85 -16.5075 2.6
    endloop
  endfacet
  facet normal 0 0 -1
    outer loop
      vertex -1.25 -15.7 2.6
      vertex -25.85 -13.85 2.6
      vertex 25.85 -13.85 2.6
    endloop
  endfacet
  facet normal 0 0 -1
    outer loop
      vertex -25.525 -16.4631 2.6
      vertex -25.85 -13.85 2.6
      vertex -24.35 -15.7 2.6
    endloop
  endfacet
  facet normal 0 0 -1
    outer loop
      vertex -26.5543 -16.1485 2.6
      vertex -25.85 -16.5075 2.6
      vertex -26.2681 -16.3955 2.6
    endloop
  endfacet
  facet normal 0 0 -1
    outer loop
      vertex -26.5543 -16.1485 2.6
      vertex -26.2681 -16.3955 2.6
      vertex -26.5377 -16.1996 2.6
    endloop
  endfacet
  facet normal 0 0 -1
    outer loop
      vertex -25.525 -16.4631 2.6
      vertex -26.5543 -16.1485 2.6
      vertex -25.85 -13.85 2.6
    endloop
  endfacet
  facet normal 0 0 -1
    outer loop
      vertex -27.589 -16.0415 2.6
      vertex -26.5543 -16.1485 2.6
      vertex -26.7255 -16.2729 2.6
    endloop
  endfacet
  facet normal 0 0 -1
    outer loop
      vertex -26.5543 -16.1485 2.6
      vertex -27.7967 -15.6297 2.6
      vertex -25.85 -13.85 2.6
    endloop
  endfacet
  facet normal -0 0 -1
    outer loop
      vertex -25.85 -13.85 2.6
      vertex -27.7967 -15.6297 2.6
      vertex -27 -12.7 2.6
    endloop
  endfacet
  facet normal 0 0 -1
    outer loop
      vertex -26.5543 -16.1485 2.6
      vertex -27.589 -16.0415 2.6
      vertex -27.7967 -15.6297 2.6
    endloop
  endfacet
  facet normal 0 -0 -1
    outer loop
      vertex 26.5543 16.1485 2.6
      vertex 27.7967 15.6297 2.6
      vertex 25.85 13.85 2.6
    endloop
  endfacet
  facet normal -0 -0 -1
    outer loop
      vertex 27.589 16.0415 2.6
      vertex 27.7967 15.6297 2.6
      vertex 26.5543 16.1485 2.6
    endloop
  endfacet
  facet normal 0 0 -1
    outer loop
      vertex 27.589 16.0415 2.6
      vertex 26.5543 16.1485 2.6
      vertex 26.7255 16.2729 2.6
    endloop
  endfacet
  facet normal 0 0 -1
    outer loop
      vertex 27.7967 15.6297 2.6
      vertex 27.589 16.0415 2.6
      vertex 27.6857 15.9713 2.6
    endloop
  endfacet
  facet normal 0 0 -1
    outer loop
      vertex 25.525 16.4631 2.6
      vertex 26.5543 16.1485 2.6
      vertex 25.85 13.85 2.6
    endloop
  endfacet
  facet normal 0 -0 -1
    outer loop
      vertex 25.85 16.5075 2.6
      vertex 26.5543 16.1485 2.6
      vertex 25.525 16.4631 2.6
    endloop
  endfacet
  facet normal 0 0 -1
    outer loop
      vertex 26.5543 16.1485 2.6
      vertex 26.2681 16.3955 2.6
      vertex 26.5377 16.1996 2.6
    endloop
  endfacet
  facet normal 0 0 -1
    outer loop
      vertex 26.5543 16.1485 2.6
      vertex 25.85 16.5075 2.6
      vertex 26.2681 16.3955 2.6
    endloop
  endfacet
  facet normal -0 0 -1
    outer loop
      vertex 25.85 16.5075 2.6
      vertex 25.525 16.4631 2.6
      vertex 25.5861 16.5075 2.6
    endloop
  endfacet
  facet normal 0 0 -1
    outer loop
      vertex 24.35 15.7 2.6
      vertex 25.525 16.4631 2.6
      vertex 25.85 13.85 2.6
    endloop
  endfacet
  facet normal 0 -0 -1
    outer loop
      vertex 24.5123 16.1996 2.6
      vertex 25.525 16.4631 2.6
      vertex 24.35 15.7 2.6
    endloop
  endfacet
  facet normal 0 0 -1
    outer loop
      vertex 25.525 16.4631 2.6
      vertex 24.9361 16.5075 2.6
      vertex 25.4639 16.5075 2.6
    endloop
  endfacet
  facet normal -0 0 -1
    outer loop
      vertex 25.525 16.4631 2.6
      vertex 24.5123 16.1996 2.6
      vertex 24.9361 16.5075 2.6
    endloop
  endfacet
  facet normal 0 0 -1
    outer loop
      vertex 25.85 13.85 2.6
      vertex 23.95 15.7 2.6
      vertex 24.35 15.7 2.6
    endloop
  endfacet
  facet normal 0 0 -1
    outer loop
      vertex 23.95 15.7 2.6
      vertex 23.3639 16.5075 2.6
      vertex 23.7877 16.1996 2.6
    endloop
  endfacet
  facet normal 0 0 -1
    outer loop
      vertex 23.95 15.7 2.6
      vertex 22.8361 16.5075 2.6
      vertex 23.3639 16.5075 2.6
    endloop
  endfacet
  facet normal 0 0 -1
    outer loop
      vertex 22.25 15.7 2.6
      vertex 23.95 15.7 2.6
      vertex 25.85 13.85 2.6
    endloop
  endfacet
  facet normal 0 0 -1
    outer loop
      vertex 23.95 15.7 2.6
      vertex 22.25 15.7 2.6
      vertex 22.8361 16.5075 2.6
    endloop
  endfacet
  facet normal 0 0 -1
    outer loop
      vertex 22.8361 16.5075 2.6
      vertex 22.25 15.7 2.6
      vertex 22.4123 16.1996 2.6
    endloop
  endfacet
  facet normal 0 0 -1
    outer loop
      vertex 25.85 13.85 2.6
      vertex 21.85 15.7 2.6
      vertex 22.25 15.7 2.6
    endloop
  endfacet
  facet normal 0 0 -1
    outer loop
      vertex 21.85 15.7 2.6
      vertex 21.2639 16.5075 2.6
      vertex 21.6877 16.1996 2.6
    endloop
  endfacet
  facet normal 0 0 -1
    outer loop
      vertex 21.85 15.7 2.6
      vertex 20.7361 16.5075 2.6
      vertex 21.2639 16.5075 2.6
    endloop
  endfacet
  facet normal 0 0 -1
    outer loop
      vertex 21.85 15.7 2.6
      vertex 20.3123 16.1996 2.6
      vertex 20.7361 16.5075 2.6
    endloop
  endfacet
  facet normal 0 0 -1
    outer loop
      vertex 20.15 15.7 2.6
      vertex 21.85 15.7 2.6
      vertex 25.85 13.85 2.6
    endloop
  endfacet
  facet normal 0 0 -1
    outer loop
      vertex 21.85 15.7 2.6
      vertex 20.15 15.7 2.6
      vertex 20.3123 16.1996 2.6
    endloop
  endfacet
  facet normal 0 0 -1
    outer loop
      vertex 25.85 13.85 2.6
      vertex 19.75 15.7 2.6
      vertex 20.15 15.7 2.6
    endloop
  endfacet
  facet normal 0 0 -1
    outer loop
      vertex 19.75 15.7 2.6
      vertex 19.1639 16.5075 2.6
      vertex 19.5877 16.1996 2.6
    endloop
  endfacet
  facet normal 0 0 -1
    outer loop
      vertex 19.75 15.7 2.6
      vertex 18.6361 16.5075 2.6
      vertex 19.1639 16.5075 2.6
    endloop
  endfacet
  facet normal 0 0 -1
    outer loop
      vertex 19.75 15.7 2.6
      vertex 18.2123 16.1996 2.6
      vertex 18.6361 16.5075 2.6
    endloop
  endfacet
  facet normal 0 0 -1
    outer loop
      vertex 19.75 15.7 2.6
      vertex 18.05 15.7 2.6
      vertex 18.2123 16.1996 2.6
    endloop
  endfacet
  facet normal 0 0 -1
    outer loop
      vertex 25.85 13.85 2.6
      vertex 18.05 15.7 2.6
      vertex 19.75 15.7 2.6
    endloop
  endfacet
  facet normal 0 0 -1
    outer loop
      vertex 25.85 13.85 2.6
      vertex 17.65 15.7 2.6
      vertex 18.05 15.7 2.6
    endloop
  endfacet
  facet normal 0 0 -1
    outer loop
      vertex 17.65 15.7 2.6
      vertex 17.0639 16.5075 2.6
      vertex 17.4877 16.1996 2.6
    endloop
  endfacet
  facet normal 0 0 -1
    outer loop
      vertex 17.65 15.7 2.6
      vertex 16.5361 16.5075 2.6
      vertex 17.0639 16.5075 2.6
    endloop
  endfacet
  facet normal 0 0 -1
    outer loop
      vertex 17.65 15.7 2.6
      vertex 16.1123 16.1996 2.6
      vertex 16.5361 16.5075 2.6
    endloop
  endfacet
  facet normal 0 0 -1
    outer loop
      vertex 17.65 15.7 2.6
      vertex 15.95 15.7 2.6
      vertex 16.1123 16.1996 2.6
    endloop
  endfacet
  facet normal 0 0 -1
    outer loop
      vertex 25.85 13.85 2.6
      vertex 15.95 15.7 2.6
      vertex 17.65 15.7 2.6
    endloop
  endfacet
  facet normal 0 0 -1
    outer loop
      vertex 25.85 13.85 2.6
      vertex 15.55 15.7 2.6
      vertex 15.95 15.7 2.6
    endloop
  endfacet
  facet normal 0 0 -1
    outer loop
      vertex 15.55 15.7 2.6
      vertex 14.9639 16.5075 2.6
      vertex 15.3877 16.1996 2.6
    endloop
  endfacet
  facet normal 0 0 -1
    outer loop
      vertex 15.55 15.7 2.6
      vertex 14.4361 16.5075 2.6
      vertex 14.9639 16.5075 2.6
    endloop
  endfacet
  facet normal 0 0 -1
    outer loop
      vertex 15.55 15.7 2.6
      vertex 14.0123 16.1996 2.6
      vertex 14.4361 16.5075 2.6
    endloop
  endfacet
  facet normal 0 0 -1
    outer loop
      vertex 15.55 15.7 2.6
      vertex 13.85 15.7 2.6
      vertex 14.0123 16.1996 2.6
    endloop
  endfacet
  facet normal 0 0 -1
    outer loop
      vertex 25.85 13.85 2.6
      vertex 13.85 15.7 2.6
      vertex 15.55 15.7 2.6
    endloop
  endfacet
  facet normal 0 0 -1
    outer loop
      vertex 25.85 13.85 2.6
      vertex 13.45 15.7 2.6
      vertex 13.85 15.7 2.6
    endloop
  endfacet
  facet normal 0 0 -1
    outer loop
      vertex 13.45 15.7 2.6
      vertex 12.8639 16.5075 2.6
      vertex 13.2877 16.1996 2.6
    endloop
  endfacet
  facet normal 0 0 -1
    outer loop
      vertex 13.45 15.7 2.6
      vertex 12.3361 16.5075 2.6
      vertex 12.8639 16.5075 2.6
    endloop
  endfacet
  facet normal 0 0 -1
    outer loop
      vertex 13.45 15.7 2.6
      vertex 11.9123 16.1996 2.6
      vertex 12.3361 16.5075 2.6
    endloop
  endfacet
  facet normal 0 0 -1
    outer loop
      vertex 13.45 15.7 2.6
      vertex 11.75 15.7 2.6
      vertex 11.9123 16.1996 2.6
    endloop
  endfacet
  facet normal 0 0 -1
    outer loop
      vertex 25.85 13.85 2.6
      vertex 11.75 15.7 2.6
      vertex 13.45 15.7 2.6
    endloop
  endfacet
  facet normal 0 0 -1
    outer loop
      vertex 25.85 13.85 2.6
      vertex 11.35 15.7 2.6
      vertex 11.75 15.7 2.6
    endloop
  endfacet
  facet normal 0 0 -1
    outer loop
      vertex 11.35 15.7 2.6
      vertex 10.7639 16.5075 2.6
      vertex 11.1877 16.1996 2.6
    endloop
  endfacet
  facet normal 0 0 -1
    outer loop
      vertex 11.35 15.7 2.6
      vertex 10.2361 16.5075 2.6
      vertex 10.7639 16.5075 2.6
    endloop
  endfacet
  facet normal 0 0 -1
    outer loop
      vertex 11.35 15.7 2.6
      vertex 9.81234 16.1996 2.6
      vertex 10.2361 16.5075 2.6
    endloop
  endfacet
  facet normal 0 0 -1
    outer loop
      vertex 11.35 15.7 2.6
      vertex 9.65 15.7 2.6
      vertex 9.81234 16.1996 2.6
    endloop
  endfacet
  facet normal 0 0 -1
    outer loop
      vertex 25.85 13.85 2.6
      vertex 9.65 15.7 2.6
      vertex 11.35 15.7 2.6
    endloop
  endfacet
  facet normal 0 0 -1
    outer loop
      vertex 25.85 13.85 2.6
      vertex 9.25 15.7 2.6
      vertex 9.65 15.7 2.6
    endloop
  endfacet
  facet normal 0 0 -1
    outer loop
      vertex 9.25 15.7 2.6
      vertex 8.66391 16.5075 2.6
      vertex 9.08766 16.1996 2.6
    endloop
  endfacet
  facet normal 0 0 -1
    outer loop
      vertex 9.25 15.7 2.6
      vertex 8.13609 16.5075 2.6
      vertex 8.66391 16.5075 2.6
    endloop
  endfacet
  facet normal 0 0 -1
    outer loop
      vertex 9.25 15.7 2.6
      vertex 7.71233 16.1996 2.6
      vertex 8.13609 16.5075 2.6
    endloop
  endfacet
  facet normal 0 0 -1
    outer loop
      vertex 9.25 15.7 2.6
      vertex 7.55 15.7 2.6
      vertex 7.71233 16.1996 2.6
    endloop
  endfacet
  facet normal 0 0 -1
    outer loop
      vertex 25.85 13.85 2.6
      vertex 7.55 15.7 2.6
      vertex 9.25 15.7 2.6
    endloop
  endfacet
  facet normal 0 0 -1
    outer loop
      vertex 25.85 13.85 2.6
      vertex 7.15 15.7 2.6
      vertex 7.55 15.7 2.6
    endloop
  endfacet
  facet normal 0 0 -1
    outer loop
      vertex 7.15 15.7 2.6
      vertex 6.56391 16.5075 2.6
      vertex 6.98766 16.1996 2.6
    endloop
  endfacet
  facet normal 0 0 -1
    outer loop
      vertex 7.15 15.7 2.6
      vertex 6.03609 16.5075 2.6
      vertex 6.56391 16.5075 2.6
    endloop
  endfacet
  facet normal 0 0 -1
    outer loop
      vertex 7.15 15.7 2.6
      vertex 5.61234 16.1996 2.6
      vertex 6.03609 16.5075 2.6
    endloop
  endfacet
  facet normal 0 0 -1
    outer loop
      vertex 7.15 15.7 2.6
      vertex 5.45 15.7 2.6
      vertex 5.61234 16.1996 2.6
    endloop
  endfacet
  facet normal 0 0 -1
    outer loop
      vertex 25.85 13.85 2.6
      vertex 5.45 15.7 2.6
      vertex 7.15 15.7 2.6
    endloop
  endfacet
  facet normal 0 0 -1
    outer loop
      vertex 25.85 13.85 2.6
      vertex 5.05 15.7 2.6
      vertex 5.45 15.7 2.6
    endloop
  endfacet
  facet normal 0 0 -1
    outer loop
      vertex 5.05 15.7 2.6
      vertex 4.46391 16.5075 2.6
      vertex 4.88766 16.1996 2.6
    endloop
  endfacet
  facet normal 0 0 -1
    outer loop
      vertex 5.05 15.7 2.6
      vertex 3.93609 16.5075 2.6
      vertex 4.46391 16.5075 2.6
    endloop
  endfacet
  facet normal 0 0 -1
    outer loop
      vertex 5.05 15.7 2.6
      vertex 3.51233 16.1996 2.6
      vertex 3.93609 16.5075 2.6
    endloop
  endfacet
  facet normal 0 0 -1
    outer loop
      vertex 5.05 15.7 2.6
      vertex 3.35 15.7 2.6
      vertex 3.51233 16.1996 2.6
    endloop
  endfacet
  facet normal 0 0 -1
    outer loop
      vertex 25.85 13.85 2.6
      vertex 3.35 15.7 2.6
      vertex 5.05 15.7 2.6
    endloop
  endfacet
  facet normal 0 0 -1
    outer loop
      vertex 25.85 13.85 2.6
      vertex 2.95 15.7 2.6
      vertex 3.35 15.7 2.6
    endloop
  endfacet
  facet normal 0 0 -1
    outer loop
      vertex 2.95 15.7 2.6
      vertex 2.36391 16.5075 2.6
      vertex 2.78766 16.1996 2.6
    endloop
  endfacet
  facet normal 0 0 -1
    outer loop
      vertex 2.95 15.7 2.6
      vertex 1.83609 16.5075 2.6
      vertex 2.36391 16.5075 2.6
    endloop
  endfacet
  facet normal 0 0 -1
    outer loop
      vertex 2.95 15.7 2.6
      vertex 1.41234 16.1996 2.6
      vertex 1.83609 16.5075 2.6
    endloop
  endfacet
  facet normal 0 0 -1
    outer loop
      vertex 2.95 15.7 2.6
      vertex 1.25 15.7 2.6
      vertex 1.41234 16.1996 2.6
    endloop
  endfacet
  facet normal 0 0 -1
    outer loop
      vertex 25.85 13.85 2.6
      vertex 1.25 15.7 2.6
      vertex 2.95 15.7 2.6
    endloop
  endfacet
  facet normal 0 0 -1
    outer loop
      vertex 25.85 13.85 2.6
      vertex 0.849998 15.7 2.6
      vertex 1.25 15.7 2.6
    endloop
  endfacet
  facet normal 0 0 -1
    outer loop
      vertex 0.849998 15.7 2.6
      vertex 0.26391 16.5075 2.6
      vertex 0.687664 16.1996 2.6
    endloop
  endfacet
  facet normal 0 0 -1
    outer loop
      vertex 0.849998 15.7 2.6
      vertex -0.26391 16.5075 2.6
      vertex 0.26391 16.5075 2.6
    endloop
  endfacet
  facet normal 0 0 -1
    outer loop
      vertex 0.849998 15.7 2.6
      vertex -0.687664 16.1996 2.6
      vertex -0.26391 16.5075 2.6
    endloop
  endfacet
  facet normal 0 0 -1
    outer loop
      vertex 0.849998 15.7 2.6
      vertex -0.849998 15.7 2.6
      vertex -0.687664 16.1996 2.6
    endloop
  endfacet
  facet normal 0 0 -1
    outer loop
      vertex 25.85 13.85 2.6
      vertex -0.849998 15.7 2.6
      vertex 0.849998 15.7 2.6
    endloop
  endfacet
  facet normal 0 0 -1
    outer loop
      vertex 25.85 13.85 2.6
      vertex -1.25 15.7 2.6
      vertex -0.849998 15.7 2.6
    endloop
  endfacet
  facet normal 0 0 -1
    outer loop
      vertex -1.25 15.7 2.6
      vertex -1.83609 16.5075 2.6
      vertex -1.41234 16.1996 2.6
    endloop
  endfacet
  facet normal 0 0 -1
    outer loop
      vertex -1.25 15.7 2.6
      vertex -2.36391 16.5075 2.6
      vertex -1.83609 16.5075 2.6
    endloop
  endfacet
  facet normal 0 0 -1
    outer loop
      vertex -1.25 15.7 2.6
      vertex -2.78766 16.1996 2.6
      vertex -2.36391 16.5075 2.6
    endloop
  endfacet
  facet normal 0 0 -1
    outer loop
      vertex -1.25 15.7 2.6
      vertex -2.95 15.7 2.6
      vertex -2.78766 16.1996 2.6
    endloop
  endfacet
  facet normal 0 0 -1
    outer loop
      vertex -25.85 13.85 2.6
      vertex -1.25 15.7 2.6
      vertex 25.85 13.85 2.6
    endloop
  endfacet
  facet normal -0 0 -1
    outer loop
      vertex -1.25 15.7 2.6
      vertex -25.85 13.85 2.6
      vertex -2.95 15.7 2.6
    endloop
  endfacet
  facet normal 0 0 -1
    outer loop
      vertex -3.35 15.7 2.6
      vertex -3.93609 16.5075 2.6
      vertex -3.51233 16.1996 2.6
    endloop
  endfacet
  facet normal 0 0 -1
    outer loop
      vertex -3.35 15.7 2.6
      vertex -4.46391 16.5075 2.6
      vertex -3.93609 16.5075 2.6
    endloop
  endfacet
  facet normal 0 0 -1
    outer loop
      vertex -3.35 15.7 2.6
      vertex -4.88766 16.1996 2.6
      vertex -4.46391 16.5075 2.6
    endloop
  endfacet
  facet normal 0 0 -1
    outer loop
      vertex -3.35 15.7 2.6
      vertex -5.05 15.7 2.6
      vertex -4.88766 16.1996 2.6
    endloop
  endfacet
  facet normal -0 0 -1
    outer loop
      vertex -2.95 15.7 2.6
      vertex -25.85 13.85 2.6
      vertex -3.35 15.7 2.6
    endloop
  endfacet
  facet normal -0 0 -1
    outer loop
      vertex -3.35 15.7 2.6
      vertex -25.85 13.85 2.6
      vertex -5.05 15.7 2.6
    endloop
  endfacet
  facet normal 0 0 -1
    outer loop
      vertex -5.45 15.7 2.6
      vertex -6.03609 16.5075 2.6
      vertex -5.61234 16.1996 2.6
    endloop
  endfacet
  facet normal 0 0 -1
    outer loop
      vertex -5.45 15.7 2.6
      vertex -6.56391 16.5075 2.6
      vertex -6.03609 16.5075 2.6
    endloop
  endfacet
  facet normal 0 0 -1
    outer loop
      vertex -5.45 15.7 2.6
      vertex -6.98766 16.1996 2.6
      vertex -6.56391 16.5075 2.6
    endloop
  endfacet
  facet normal 0 0 -1
    outer loop
      vertex -5.45 15.7 2.6
      vertex -7.15 15.7 2.6
      vertex -6.98766 16.1996 2.6
    endloop
  endfacet
  facet normal -0 0 -1
    outer loop
      vertex -5.05 15.7 2.6
      vertex -25.85 13.85 2.6
      vertex -5.45 15.7 2.6
    endloop
  endfacet
  facet normal -0 0 -1
    outer loop
      vertex -5.45 15.7 2.6
      vertex -25.85 13.85 2.6
      vertex -7.15 15.7 2.6
    endloop
  endfacet
  facet normal 0 0 -1
    outer loop
      vertex -7.55 15.7 2.6
      vertex -8.13609 16.5075 2.6
      vertex -7.71233 16.1996 2.6
    endloop
  endfacet
  facet normal 0 0 -1
    outer loop
      vertex -7.55 15.7 2.6
      vertex -8.66391 16.5075 2.6
      vertex -8.13609 16.5075 2.6
    endloop
  endfacet
  facet normal 0 0 -1
    outer loop
      vertex -7.55 15.7 2.6
      vertex -9.08766 16.1996 2.6
      vertex -8.66391 16.5075 2.6
    endloop
  endfacet
  facet normal 0 0 -1
    outer loop
      vertex -7.55 15.7 2.6
      vertex -9.25 15.7 2.6
      vertex -9.08766 16.1996 2.6
    endloop
  endfacet
  facet normal -0 0 -1
    outer loop
      vertex -7.15 15.7 2.6
      vertex -25.85 13.85 2.6
      vertex -7.55 15.7 2.6
    endloop
  endfacet
  facet normal -0 0 -1
    outer loop
      vertex -7.55 15.7 2.6
      vertex -25.85 13.85 2.6
      vertex -9.25 15.7 2.6
    endloop
  endfacet
  facet normal 0 0 -1
    outer loop
      vertex -9.65 15.7 2.6
      vertex -10.2361 16.5075 2.6
      vertex -9.81234 16.1996 2.6
    endloop
  endfacet
  facet normal 0 0 -1
    outer loop
      vertex -9.65 15.7 2.6
      vertex -10.7639 16.5075 2.6
      vertex -10.2361 16.5075 2.6
    endloop
  endfacet
  facet normal 0 0 -1
    outer loop
      vertex -9.65 15.7 2.6
      vertex -11.1877 16.1996 2.6
      vertex -10.7639 16.5075 2.6
    endloop
  endfacet
  facet normal 0 0 -1
    outer loop
      vertex -9.65 15.7 2.6
      vertex -11.35 15.7 2.6
      vertex -11.1877 16.1996 2.6
    endloop
  endfacet
  facet normal -0 0 -1
    outer loop
      vertex -9.25 15.7 2.6
      vertex -25.85 13.85 2.6
      vertex -9.65 15.7 2.6
    endloop
  endfacet
  facet normal -0 0 -1
    outer loop
      vertex -9.65 15.7 2.6
      vertex -25.85 13.85 2.6
      vertex -11.35 15.7 2.6
    endloop
  endfacet
  facet normal 0 0 -1
    outer loop
      vertex -11.75 15.7 2.6
      vertex -12.3361 16.5075 2.6
      vertex -11.9123 16.1996 2.6
    endloop
  endfacet
  facet normal 0 0 -1
    outer loop
      vertex -11.75 15.7 2.6
      vertex -12.8639 16.5075 2.6
      vertex -12.3361 16.5075 2.6
    endloop
  endfacet
  facet normal 0 0 -1
    outer loop
      vertex -11.75 15.7 2.6
      vertex -13.2877 16.1996 2.6
      vertex -12.8639 16.5075 2.6
    endloop
  endfacet
  facet normal 0 0 -1
    outer loop
      vertex -11.75 15.7 2.6
      vertex -13.45 15.7 2.6
      vertex -13.2877 16.1996 2.6
    endloop
  endfacet
  facet normal -0 0 -1
    outer loop
      vertex -11.35 15.7 2.6
      vertex -25.85 13.85 2.6
      vertex -11.75 15.7 2.6
    endloop
  endfacet
  facet normal -0 0 -1
    outer loop
      vertex -11.75 15.7 2.6
      vertex -25.85 13.85 2.6
      vertex -13.45 15.7 2.6
    endloop
  endfacet
  facet normal 0 0 -1
    outer loop
      vertex -13.85 15.7 2.6
      vertex -14.4361 16.5075 2.6
      vertex -14.0123 16.1996 2.6
    endloop
  endfacet
  facet normal 0 0 -1
    outer loop
      vertex -13.85 15.7 2.6
      vertex -14.9639 16.5075 2.6
      vertex -14.4361 16.5075 2.6
    endloop
  endfacet
  facet normal 0 0 -1
    outer loop
      vertex -13.85 15.7 2.6
      vertex -15.3877 16.1996 2.6
      vertex -14.9639 16.5075 2.6
    endloop
  endfacet
  facet normal 0 0 -1
    outer loop
      vertex -13.85 15.7 2.6
      vertex -15.55 15.7 2.6
      vertex -15.3877 16.1996 2.6
    endloop
  endfacet
  facet normal -0 0 -1
    outer loop
      vertex -13.45 15.7 2.6
      vertex -25.85 13.85 2.6
      vertex -13.85 15.7 2.6
    endloop
  endfacet
  facet normal -0 0 -1
    outer loop
      vertex -13.85 15.7 2.6
      vertex -25.85 13.85 2.6
      vertex -15.55 15.7 2.6
    endloop
  endfacet
  facet normal 0 0 -1
    outer loop
      vertex -15.95 15.7 2.6
      vertex -16.5361 16.5075 2.6
      vertex -16.1123 16.1996 2.6
    endloop
  endfacet
  facet normal 0 0 -1
    outer loop
      vertex -15.95 15.7 2.6
      vertex -17.0639 16.5075 2.6
      vertex -16.5361 16.5075 2.6
    endloop
  endfacet
  facet normal 0 0 -1
    outer loop
      vertex -15.95 15.7 2.6
      vertex -17.4877 16.1996 2.6
      vertex -17.0639 16.5075 2.6
    endloop
  endfacet
  facet normal 0 0 -1
    outer loop
      vertex -15.95 15.7 2.6
      vertex -17.65 15.7 2.6
      vertex -17.4877 16.1996 2.6
    endloop
  endfacet
  facet normal -0 0 -1
    outer loop
      vertex -15.55 15.7 2.6
      vertex -25.85 13.85 2.6
      vertex -15.95 15.7 2.6
    endloop
  endfacet
  facet normal -0 0 -1
    outer loop
      vertex -15.95 15.7 2.6
      vertex -25.85 13.85 2.6
      vertex -17.65 15.7 2.6
    endloop
  endfacet
  facet normal 0 0 -1
    outer loop
      vertex -18.05 15.7 2.6
      vertex -18.6361 16.5075 2.6
      vertex -18.2123 16.1996 2.6
    endloop
  endfacet
  facet normal 0 0 -1
    outer loop
      vertex -18.05 15.7 2.6
      vertex -19.1639 16.5075 2.6
      vertex -18.6361 16.5075 2.6
    endloop
  endfacet
  facet normal 0 0 -1
    outer loop
      vertex -18.05 15.7 2.6
      vertex -19.5877 16.1996 2.6
      vertex -19.1639 16.5075 2.6
    endloop
  endfacet
  facet normal 0 0 -1
    outer loop
      vertex -18.05 15.7 2.6
      vertex -19.75 15.7 2.6
      vertex -19.5877 16.1996 2.6
    endloop
  endfacet
  facet normal -0 0 -1
    outer loop
      vertex -17.65 15.7 2.6
      vertex -25.85 13.85 2.6
      vertex -18.05 15.7 2.6
    endloop
  endfacet
  facet normal -0 0 -1
    outer loop
      vertex -18.05 15.7 2.6
      vertex -25.85 13.85 2.6
      vertex -19.75 15.7 2.6
    endloop
  endfacet
  facet normal 0 0 -1
    outer loop
      vertex -20.15 15.7 2.6
      vertex -20.7361 16.5075 2.6
      vertex -20.3123 16.1996 2.6
    endloop
  endfacet
  facet normal 0 0 -1
    outer loop
      vertex -20.15 15.7 2.6
      vertex -21.2639 16.5075 2.6
      vertex -20.7361 16.5075 2.6
    endloop
  endfacet
  facet normal 0 0 -1
    outer loop
      vertex -20.15 15.7 2.6
      vertex -21.6877 16.1996 2.6
      vertex -21.2639 16.5075 2.6
    endloop
  endfacet
  facet normal 0 0 -1
    outer loop
      vertex -20.15 15.7 2.6
      vertex -21.85 15.7 2.6
      vertex -21.6877 16.1996 2.6
    endloop
  endfacet
  facet normal -0 0 -1
    outer loop
      vertex -19.75 15.7 2.6
      vertex -25.85 13.85 2.6
      vertex -20.15 15.7 2.6
    endloop
  endfacet
  facet normal -0 0 -1
    outer loop
      vertex -20.15 15.7 2.6
      vertex -25.85 13.85 2.6
      vertex -21.85 15.7 2.6
    endloop
  endfacet
  facet normal 0 0 -1
    outer loop
      vertex -22.25 15.7 2.6
      vertex -22.8361 16.5075 2.6
      vertex -22.4123 16.1996 2.6
    endloop
  endfacet
  facet normal 0 0 -1
    outer loop
      vertex -22.25 15.7 2.6
      vertex -23.3639 16.5075 2.6
      vertex -22.8361 16.5075 2.6
    endloop
  endfacet
  facet normal 0 0 -1
    outer loop
      vertex -22.25 15.7 2.6
      vertex -23.7877 16.1996 2.6
      vertex -23.3639 16.5075 2.6
    endloop
  endfacet
  facet normal 0 0 -1
    outer loop
      vertex -22.25 15.7 2.6
      vertex -23.95 15.7 2.6
      vertex -23.7877 16.1996 2.6
    endloop
  endfacet
  facet normal -0 0 -1
    outer loop
      vertex -21.85 15.7 2.6
      vertex -25.85 13.85 2.6
      vertex -22.25 15.7 2.6
    endloop
  endfacet
  facet normal -0 0 -1
    outer loop
      vertex -22.25 15.7 2.6
      vertex -25.85 13.85 2.6
      vertex -23.95 15.7 2.6
    endloop
  endfacet
  facet normal 0 0 -1
    outer loop
      vertex -25.525 16.4631 2.6
      vertex -24.5123 16.1996 2.6
      vertex -24.35 15.7 2.6
    endloop
  endfacet
  facet normal 0 0 -1
    outer loop
      vertex -24.5123 16.1996 2.6
      vertex -25.525 16.4631 2.6
      vertex -24.9361 16.5075 2.6
    endloop
  endfacet
  facet normal -0 0 -1
    outer loop
      vertex -24.9361 16.5075 2.6
      vertex -25.525 16.4631 2.6
      vertex -25.4639 16.5075 2.6
    endloop
  endfacet
  facet normal -0 0 -1
    outer loop
      vertex -23.95 15.7 2.6
      vertex -25.85 13.85 2.6
      vertex -24.35 15.7 2.6
    endloop
  endfacet
  facet normal 0 0 -1
    outer loop
      vertex -25.85 13.85 2.6
      vertex -25.525 16.4631 2.6
      vertex -24.35 15.7 2.6
    endloop
  endfacet
  facet normal 0 0 -1
    outer loop
      vertex -26.5543 16.1485 2.6
      vertex -25.525 16.4631 2.6
      vertex -25.85 13.85 2.6
    endloop
  endfacet
  facet normal 0 -0 -1
    outer loop
      vertex -25.85 16.5075 2.6
      vertex -25.525 16.4631 2.6
      vertex -26.5543 16.1485 2.6
    endloop
  endfacet
  facet normal 0 0 -1
    outer loop
      vertex -25.525 16.4631 2.6
      vertex -25.85 16.5075 2.6
      vertex -25.5861 16.5075 2.6
    endloop
  endfacet
  facet normal 0 0 -1
    outer loop
      vertex -25.85 16.5075 2.6
      vertex -26.5543 16.1485 2.6
      vertex -26.2681 16.3955 2.6
    endloop
  endfacet
  facet normal 0 0 -1
    outer loop
      vertex -26.2681 16.3955 2.6
      vertex -26.5543 16.1485 2.6
      vertex -26.5377 16.1996 2.6
    endloop
  endfacet
  facet normal 0 0 -1
    outer loop
      vertex -27.7967 15.6297 2.6
      vertex -26.5543 16.1485 2.6
      vertex -25.85 13.85 2.6
    endloop
  endfacet
  facet normal 0 0 -1
    outer loop
      vertex -26.5543 16.1485 2.6
      vertex -26.8234 16.2467 2.6
      vertex -26.7255 16.2729 2.6
    endloop
  endfacet
  facet normal 0 0 -1
    outer loop
      vertex -27.7967 15.6297 2.6
      vertex -25.85 13.85 2.6
      vertex -27 12.7 2.6
    endloop
  endfacet
  facet normal -0 0 -1
    outer loop
      vertex -26.5543 16.1485 2.6
      vertex -27.7967 15.6297 2.6
      vertex -26.8234 16.2467 2.6
    endloop
  endfacet
  facet normal 0 0 -1
    outer loop
      vertex -28.85 -1.2916 2.6
      vertex -27 -12.7 2.6
      vertex -28.85 -2.9084 2.6
    endloop
  endfacet
  facet normal 0 0 -1
    outer loop
      vertex -27.7967 -15.6297 2.6
      vertex -27.589 -16.0415 2.6
      vertex -27.6857 -15.9713 2.6
    endloop
  endfacet
  facet normal 0 0 -1
    outer loop
      vertex -27 -12.7 2.6
      vertex -28.85 -0.808397 2.6
      vertex -27 12.7 2.6
    endloop
  endfacet
  facet normal 0 0 -1
    outer loop
      vertex -28.7677 -14.6564 2.6
      vertex -27 -12.7 2.6
      vertex -27.7967 -15.6297 2.6
    endloop
  endfacet
  facet normal 0 0 -1
    outer loop
      vertex -28.85 0.808397 2.6
      vertex -27 12.7 2.6
      vertex -28.85 -0.808397 2.6
    endloop
  endfacet
  facet normal 0 0 -1
    outer loop
      vertex -28.7677 -14.6564 2.6
      vertex -27.7967 -15.6297 2.6
      vertex -28.1214 -15.6297 2.6
    endloop
  endfacet
  facet normal 0 0 -1
    outer loop
      vertex -28.85 1.2916 2.6
      vertex -27 12.7 2.6
      vertex -28.85 0.808397 2.6
    endloop
  endfacet
  facet normal 0 0 -1
    outer loop
      vertex -29.3138 -13.3623 2.6
      vertex -27 -12.7 2.6
      vertex -28.7677 -14.6564 2.6
    endloop
  endfacet
  facet normal 0 0 -1
    outer loop
      vertex -28.7691 -14.982 2.6
      vertex -28.7677 -14.6564 2.6
      vertex -28.1214 -15.6297 2.6
    endloop
  endfacet
  facet normal 0 0 -1
    outer loop
      vertex -28.7677 -14.6564 2.6
      vertex -28.7691 -14.982 2.6
      vertex -28.8213 -14.8213 2.6
    endloop
  endfacet
  facet normal 0 0 -1
    outer loop
      vertex -0.687664 -16.1996 2.6
      vertex -0.849999 -15.7 2.6
      vertex -0.849998 -15.7 2.6
    endloop
  endfacet
  facet normal 0 0 -1
    outer loop
      vertex 0.849999 15.7 2.6
      vertex 0.849998 15.7 2.6
      vertex 0.687664 16.1996 2.6
    endloop
  endfacet
  facet normal 0 0 -1
    outer loop
      vertex -0.687664 16.1996 2.6
      vertex -0.849998 15.7 2.6
      vertex -0.849999 15.7 2.6
    endloop
  endfacet
  facet normal 0 0 -1
    outer loop
      vertex -28.7677 -14.6564 2.6
      vertex -29.3967 -13.6734 2.6
      vertex -29.3138 -13.3623 2.6
    endloop
  endfacet
  facet normal 0 0 -1
    outer loop
      vertex -29.3138 -13.3623 2.6
      vertex -29.3967 -13.6734 2.6
      vertex -29.4049 -13.6427 2.6
    endloop
  endfacet
  facet normal 0 0 -1
    outer loop
      vertex -29.5377 10.0004 2.6
      vertex -28.85 9.6916 2.6
      vertex -29.1127 9.6916 2.6
    endloop
  endfacet
  facet normal 0 0 -1
    outer loop
      vertex -28.85 9.6916 2.6
      vertex -29.6575 10.3692 2.6
      vertex -28.85 11.3084 2.6
    endloop
  endfacet
  facet normal 0 0 -1
    outer loop
      vertex -28.85 9.6916 2.6
      vertex -29.5377 10.0004 2.6
      vertex -29.6575 10.3692 2.6
    endloop
  endfacet
  facet normal 0 0 -1
    outer loop
      vertex -29.6575 10.6308 2.6
      vertex -28.85 11.3084 2.6
      vertex -29.6575 10.3692 2.6
    endloop
  endfacet
  facet normal 0 -0 -1
    outer loop
      vertex -29.5377 10.9996 2.6
      vertex -28.85 11.3084 2.6
      vertex -29.6575 10.6308 2.6
    endloop
  endfacet
  facet normal -0 0 -1
    outer loop
      vertex -28.85 11.3084 2.6
      vertex -29.5377 10.9996 2.6
      vertex -29.1127 11.3084 2.6
    endloop
  endfacet
  facet normal 0 0 -1
    outer loop
      vertex -29.5377 7.90038 2.6
      vertex -28.85 7.5916 2.6
      vertex -29.1127 7.5916 2.6
    endloop
  endfacet
  facet normal 0 0 -1
    outer loop
      vertex -28.85 7.5916 2.6
      vertex -29.6575 8.26916 2.6
      vertex -28.85 9.2084 2.6
    endloop
  endfacet
  facet normal 0 0 -1
    outer loop
      vertex -28.85 7.5916 2.6
      vertex -29.5377 7.90038 2.6
      vertex -29.6575 8.26916 2.6
    endloop
  endfacet
  facet normal 0 0 -1
    outer loop
      vertex -29.6575 8.53084 2.6
      vertex -28.85 9.2084 2.6
      vertex -29.6575 8.26916 2.6
    endloop
  endfacet
  facet normal 0 -0 -1
    outer loop
      vertex -29.5377 8.89962 2.6
      vertex -28.85 9.2084 2.6
      vertex -29.6575 8.53084 2.6
    endloop
  endfacet
  facet normal -0 0 -1
    outer loop
      vertex -28.85 9.2084 2.6
      vertex -29.5377 8.89962 2.6
      vertex -29.1127 9.2084 2.6
    endloop
  endfacet
  facet normal 0 0 -1
    outer loop
      vertex -29.5377 5.80038 2.6
      vertex -28.85 5.4916 2.6
      vertex -29.1127 5.4916 2.6
    endloop
  endfacet
  facet normal 0 0 -1
    outer loop
      vertex -28.85 5.4916 2.6
      vertex -29.6575 6.16916 2.6
      vertex -28.85 7.1084 2.6
    endloop
  endfacet
  facet normal 0 0 -1
    outer loop
      vertex -28.85 5.4916 2.6
      vertex -29.5377 5.80038 2.6
      vertex -29.6575 6.16916 2.6
    endloop
  endfacet
  facet normal 0 0 -1
    outer loop
      vertex -29.6575 6.43084 2.6
      vertex -28.85 7.1084 2.6
      vertex -29.6575 6.16916 2.6
    endloop
  endfacet
  facet normal 0 -0 -1
    outer loop
      vertex -29.5377 6.79962 2.6
      vertex -28.85 7.1084 2.6
      vertex -29.6575 6.43084 2.6
    endloop
  endfacet
  facet normal -0 0 -1
    outer loop
      vertex -28.85 7.1084 2.6
      vertex -29.5377 6.79962 2.6
      vertex -29.1127 7.1084 2.6
    endloop
  endfacet
  facet normal 0 0 -1
    outer loop
      vertex -29.5377 3.70038 2.6
      vertex -28.85 3.3916 2.6
      vertex -29.1127 3.3916 2.6
    endloop
  endfacet
  facet normal 0 0 -1
    outer loop
      vertex -28.85 3.3916 2.6
      vertex -29.6575 4.06916 2.6
      vertex -28.85 5.0084 2.6
    endloop
  endfacet
  facet normal 0 0 -1
    outer loop
      vertex -28.85 3.3916 2.6
      vertex -29.5377 3.70038 2.6
      vertex -29.6575 4.06916 2.6
    endloop
  endfacet
  facet normal 0 0 -1
    outer loop
      vertex -29.6575 4.33084 2.6
      vertex -28.85 5.0084 2.6
      vertex -29.6575 4.06916 2.6
    endloop
  endfacet
  facet normal 0 -0 -1
    outer loop
      vertex -29.5377 4.69962 2.6
      vertex -28.85 5.0084 2.6
      vertex -29.6575 4.33084 2.6
    endloop
  endfacet
  facet normal -0 0 -1
    outer loop
      vertex -28.85 5.0084 2.6
      vertex -29.5377 4.69962 2.6
      vertex -29.1127 5.0084 2.6
    endloop
  endfacet
  facet normal 0 0 -1
    outer loop
      vertex -29.5377 1.60038 2.6
      vertex -28.85 1.2916 2.6
      vertex -29.1127 1.2916 2.6
    endloop
  endfacet
  facet normal 0 0 -1
    outer loop
      vertex -28.85 1.2916 2.6
      vertex -29.6575 1.96916 2.6
      vertex -28.85 2.9084 2.6
    endloop
  endfacet
  facet normal 0 0 -1
    outer loop
      vertex -28.85 1.2916 2.6
      vertex -29.5377 1.60038 2.6
      vertex -29.6575 1.96916 2.6
    endloop
  endfacet
  facet normal 0 0 -1
    outer loop
      vertex -29.6575 2.23084 2.6
      vertex -28.85 2.9084 2.6
      vertex -29.6575 1.96916 2.6
    endloop
  endfacet
  facet normal 0 -0 -1
    outer loop
      vertex -29.5377 2.59962 2.6
      vertex -28.85 2.9084 2.6
      vertex -29.6575 2.23084 2.6
    endloop
  endfacet
  facet normal -0 0 -1
    outer loop
      vertex -28.85 2.9084 2.6
      vertex -29.5377 2.59962 2.6
      vertex -29.1127 2.9084 2.6
    endloop
  endfacet
  facet normal 0 0 -1
    outer loop
      vertex -29.5377 -0.499617 2.6
      vertex -28.85 -0.808397 2.6
      vertex -29.1127 -0.808397 2.6
    endloop
  endfacet
  facet normal 0 0 -1
    outer loop
      vertex -28.85 -0.808397 2.6
      vertex -29.6575 -0.130844 2.6
      vertex -28.85 0.808397 2.6
    endloop
  endfacet
  facet normal 0 0 -1
    outer loop
      vertex -28.85 -0.808397 2.6
      vertex -29.5377 -0.499617 2.6
      vertex -29.6575 -0.130844 2.6
    endloop
  endfacet
  facet normal 0 0 -1
    outer loop
      vertex -29.6575 0.130844 2.6
      vertex -28.85 0.808397 2.6
      vertex -29.6575 -0.130844 2.6
    endloop
  endfacet
  facet normal 0 -0 -1
    outer loop
      vertex -29.5377 0.499617 2.6
      vertex -28.85 0.808397 2.6
      vertex -29.6575 0.130844 2.6
    endloop
  endfacet
  facet normal -0 0 -1
    outer loop
      vertex -28.85 0.808397 2.6
      vertex -29.5377 0.499617 2.6
      vertex -29.1127 0.808397 2.6
    endloop
  endfacet
  facet normal 0 0 -1
    outer loop
      vertex -29.5377 -2.59962 2.6
      vertex -28.85 -2.9084 2.6
      vertex -29.1127 -2.9084 2.6
    endloop
  endfacet
  facet normal 0 0 -1
    outer loop
      vertex -28.85 -2.9084 2.6
      vertex -29.6575 -2.23084 2.6
      vertex -28.85 -1.2916 2.6
    endloop
  endfacet
  facet normal 0 0 -1
    outer loop
      vertex -28.85 -2.9084 2.6
      vertex -29.5377 -2.59962 2.6
      vertex -29.6575 -2.23084 2.6
    endloop
  endfacet
  facet normal 0 0 -1
    outer loop
      vertex -29.6575 -1.96916 2.6
      vertex -28.85 -1.2916 2.6
      vertex -29.6575 -2.23084 2.6
    endloop
  endfacet
  facet normal 0 -0 -1
    outer loop
      vertex -29.5377 -1.60038 2.6
      vertex -28.85 -1.2916 2.6
      vertex -29.6575 -1.96916 2.6
    endloop
  endfacet
  facet normal -0 0 -1
    outer loop
      vertex -28.85 -1.2916 2.6
      vertex -29.5377 -1.60038 2.6
      vertex -29.1127 -1.2916 2.6
    endloop
  endfacet
  facet normal 0 0 -1
    outer loop
      vertex -29.5377 -4.69962 2.6
      vertex -28.85 -5.0084 2.6
      vertex -29.1127 -5.0084 2.6
    endloop
  endfacet
  facet normal 0 0 -1
    outer loop
      vertex -28.85 -5.0084 2.6
      vertex -29.6575 -4.33084 2.6
      vertex -28.85 -3.3916 2.6
    endloop
  endfacet
  facet normal 0 0 -1
    outer loop
      vertex -28.85 -5.0084 2.6
      vertex -29.5377 -4.69962 2.6
      vertex -29.6575 -4.33084 2.6
    endloop
  endfacet
  facet normal 0 0 -1
    outer loop
      vertex -29.6575 -4.06916 2.6
      vertex -28.85 -3.3916 2.6
      vertex -29.6575 -4.33084 2.6
    endloop
  endfacet
  facet normal 0 -0 -1
    outer loop
      vertex -29.5377 -3.70038 2.6
      vertex -28.85 -3.3916 2.6
      vertex -29.6575 -4.06916 2.6
    endloop
  endfacet
  facet normal -0 0 -1
    outer loop
      vertex -28.85 -3.3916 2.6
      vertex -29.5377 -3.70038 2.6
      vertex -29.1127 -3.3916 2.6
    endloop
  endfacet
  facet normal 0 0 -1
    outer loop
      vertex -29.5377 -6.79962 2.6
      vertex -28.85 -7.1084 2.6
      vertex -29.1127 -7.1084 2.6
    endloop
  endfacet
  facet normal 0 0 -1
    outer loop
      vertex -28.85 -7.1084 2.6
      vertex -29.6575 -6.43084 2.6
      vertex -28.85 -5.4916 2.6
    endloop
  endfacet
  facet normal 0 0 -1
    outer loop
      vertex -28.85 -7.1084 2.6
      vertex -29.5377 -6.79962 2.6
      vertex -29.6575 -6.43084 2.6
    endloop
  endfacet
  facet normal 0 0 -1
    outer loop
      vertex -29.6575 -6.16916 2.6
      vertex -28.85 -5.4916 2.6
      vertex -29.6575 -6.43084 2.6
    endloop
  endfacet
  facet normal 0 -0 -1
    outer loop
      vertex -29.5377 -5.80038 2.6
      vertex -28.85 -5.4916 2.6
      vertex -29.6575 -6.16916 2.6
    endloop
  endfacet
  facet normal -0 0 -1
    outer loop
      vertex -28.85 -5.4916 2.6
      vertex -29.5377 -5.80038 2.6
      vertex -29.1127 -5.4916 2.6
    endloop
  endfacet
  facet normal 0 0 -1
    outer loop
      vertex -29.5377 -8.89962 2.6
      vertex -28.85 -9.2084 2.6
      vertex -29.1127 -9.2084 2.6
    endloop
  endfacet
  facet normal 0 0 -1
    outer loop
      vertex -28.85 -9.2084 2.6
      vertex -29.6575 -8.53084 2.6
      vertex -28.85 -7.5916 2.6
    endloop
  endfacet
  facet normal 0 0 -1
    outer loop
      vertex -28.85 -9.2084 2.6
      vertex -29.5377 -8.89962 2.6
      vertex -29.6575 -8.53084 2.6
    endloop
  endfacet
  facet normal 0 0 -1
    outer loop
      vertex -29.6575 -8.26916 2.6
      vertex -28.85 -7.5916 2.6
      vertex -29.6575 -8.53084 2.6
    endloop
  endfacet
  facet normal 0 -0 -1
    outer loop
      vertex -29.5377 -7.90038 2.6
      vertex -28.85 -7.5916 2.6
      vertex -29.6575 -8.26916 2.6
    endloop
  endfacet
  facet normal -0 0 -1
    outer loop
      vertex -28.85 -7.5916 2.6
      vertex -29.5377 -7.90038 2.6
      vertex -29.1127 -7.5916 2.6
    endloop
  endfacet
  facet normal 0 0 -1
    outer loop
      vertex -29.5377 -10.9996 2.6
      vertex -28.85 -11.3084 2.6
      vertex -29.1127 -11.3084 2.6
    endloop
  endfacet
  facet normal 0 0 -1
    outer loop
      vertex -28.85 -11.3084 2.6
      vertex -29.6575 -10.6308 2.6
      vertex -28.85 -9.6916 2.6
    endloop
  endfacet
  facet normal 0 0 -1
    outer loop
      vertex -28.85 -11.3084 2.6
      vertex -29.5377 -10.9996 2.6
      vertex -29.6575 -10.6308 2.6
    endloop
  endfacet
  facet normal 0 0 -1
    outer loop
      vertex -29.6575 -10.3692 2.6
      vertex -28.85 -9.6916 2.6
      vertex -29.6575 -10.6308 2.6
    endloop
  endfacet
  facet normal 0 -0 -1
    outer loop
      vertex -29.5377 -10.0004 2.6
      vertex -28.85 -9.6916 2.6
      vertex -29.6575 -10.3692 2.6
    endloop
  endfacet
  facet normal -0 0 -1
    outer loop
      vertex -28.85 -9.6916 2.6
      vertex -29.5377 -10.0004 2.6
      vertex -29.1127 -9.6916 2.6
    endloop
  endfacet
  facet normal 0 0 -1
    outer loop
      vertex -27 -12.7 2.6
      vertex -28.85 -11.3084 2.6
      vertex -28.85 -9.6916 2.6
    endloop
  endfacet
  facet normal 0 0 -1
    outer loop
      vertex -29.1506 -14.4629 2.6
      vertex -28.7677 -14.6564 2.6
      vertex -28.8843 -14.6564 2.6
    endloop
  endfacet
  facet normal -0 0 -1
    outer loop
      vertex -27 -12.7 2.6
      vertex -29.3138 -13.3623 2.6
      vertex -28.85 -11.7916 2.6
    endloop
  endfacet
  facet normal 0 0 -1
    outer loop
      vertex -29.3967 -13.6734 2.6
      vertex -28.7677 -14.6564 2.6
      vertex -29.1506 -14.4629 2.6
    endloop
  endfacet
  facet normal 0 0 -1
    outer loop
      vertex -29.6575 -12.7 2.6
      vertex -28.85 -11.7916 2.6
      vertex -29.3138 -13.3623 2.6
    endloop
  endfacet
  facet normal 0 0 -1
    outer loop
      vertex -29.6575 -12.7 2.6
      vertex -29.3138 -13.3623 2.6
      vertex -29.5202 -13.2123 2.6
    endloop
  endfacet
  facet normal 0 0 -1
    outer loop
      vertex -29.6575 -12.4692 2.6
      vertex -28.85 -11.7916 2.6
      vertex -29.6575 -12.7 2.6
    endloop
  endfacet
  facet normal 0 -0 -1
    outer loop
      vertex -29.5377 -12.1004 2.6
      vertex -28.85 -11.7916 2.6
      vertex -29.6575 -12.4692 2.6
    endloop
  endfacet
  facet normal -0 0 -1
    outer loop
      vertex -28.85 -11.7916 2.6
      vertex -29.5377 -12.1004 2.6
      vertex -29.1127 -11.7916 2.6
    endloop
  endfacet
  facet normal 0 0 -1
    outer loop
      vertex -27 -12.7 2.6
      vertex -28.85 -11.7916 2.6
      vertex -28.85 -11.3084 2.6
    endloop
  endfacet
  facet normal 0 0 -1
    outer loop
      vertex -28.7677 14.6564 2.6
      vertex -28.7691 14.982 2.6
      vertex -28.1214 15.6297 2.6
    endloop
  endfacet
  facet normal 0 -0 -1
    outer loop
      vertex -28.7691 14.982 2.6
      vertex -28.7677 14.6564 2.6
      vertex -28.8213 14.8213 2.6
    endloop
  endfacet
  facet normal 0 0 -1
    outer loop
      vertex -27 -12.7 2.6
      vertex -28.85 -9.6916 2.6
      vertex -28.85 -9.2084 2.6
    endloop
  endfacet
  facet normal 0 0 -1
    outer loop
      vertex -27 -12.7 2.6
      vertex -28.85 -9.2084 2.6
      vertex -28.85 -7.5916 2.6
    endloop
  endfacet
  facet normal 0 0 -1
    outer loop
      vertex -27 -12.7 2.6
      vertex -28.85 -7.5916 2.6
      vertex -28.85 -7.1084 2.6
    endloop
  endfacet
  facet normal 0 0 -1
    outer loop
      vertex -27 -12.7 2.6
      vertex -28.85 -7.1084 2.6
      vertex -28.85 -5.4916 2.6
    endloop
  endfacet
  facet normal 0 0 -1
    outer loop
      vertex -27 -12.7 2.6
      vertex -28.85 -5.4916 2.6
      vertex -28.85 -5.0084 2.6
    endloop
  endfacet
  facet normal 0 0 -1
    outer loop
      vertex -27 -12.7 2.6
      vertex -28.85 -5.0084 2.6
      vertex -28.85 -3.3916 2.6
    endloop
  endfacet
  facet normal 0 0 -1
    outer loop
      vertex -27 -12.7 2.6
      vertex -28.85 -3.3916 2.6
      vertex -28.85 -2.9084 2.6
    endloop
  endfacet
  facet normal 0 0 -1
    outer loop
      vertex -28.85 -0.808397 2.6
      vertex -27 -12.7 2.6
      vertex -28.85 -1.2916 2.6
    endloop
  endfacet
  facet normal 0 0 -1
    outer loop
      vertex -28.85 2.9084 2.6
      vertex -27 12.7 2.6
      vertex -28.85 1.2916 2.6
    endloop
  endfacet
  facet normal 0 0 -1
    outer loop
      vertex -28.85 3.3916 2.6
      vertex -27 12.7 2.6
      vertex -28.85 2.9084 2.6
    endloop
  endfacet
  facet normal 0 0 -1
    outer loop
      vertex -28.85 5.0084 2.6
      vertex -27 12.7 2.6
      vertex -28.85 3.3916 2.6
    endloop
  endfacet
  facet normal 0 0 -1
    outer loop
      vertex -28.85 5.4916 2.6
      vertex -27 12.7 2.6
      vertex -28.85 5.0084 2.6
    endloop
  endfacet
  facet normal 0 0 -1
    outer loop
      vertex -28.85 7.1084 2.6
      vertex -27 12.7 2.6
      vertex -28.85 5.4916 2.6
    endloop
  endfacet
  facet normal 0 0 -1
    outer loop
      vertex -28.85 7.5916 2.6
      vertex -27 12.7 2.6
      vertex -28.85 7.1084 2.6
    endloop
  endfacet
  facet normal 0 0 -1
    outer loop
      vertex -28.85 9.2084 2.6
      vertex -27 12.7 2.6
      vertex -28.85 7.5916 2.6
    endloop
  endfacet
  facet normal 0 0 -1
    outer loop
      vertex -28.85 9.6916 2.6
      vertex -27 12.7 2.6
      vertex -28.85 9.2084 2.6
    endloop
  endfacet
  facet normal 0 0 -1
    outer loop
      vertex -26.8234 16.2467 2.6
      vertex -27.7967 15.6297 2.6
      vertex -27.6696 15.983 2.6
    endloop
  endfacet
  facet normal 0 0 -1
    outer loop
      vertex -27.6696 15.983 2.6
      vertex -27.7967 15.6297 2.6
      vertex -27.6857 15.9713 2.6
    endloop
  endfacet
  facet normal 0 0 -1
    outer loop
      vertex -28.85 11.3084 2.6
      vertex -27 12.7 2.6
      vertex -28.85 9.6916 2.6
    endloop
  endfacet
  facet normal 0 0 -1
    outer loop
      vertex -28.85 11.7916 2.6
      vertex -27 12.7 2.6
      vertex -28.85 11.3084 2.6
    endloop
  endfacet
  facet normal 0 0 -1
    outer loop
      vertex -29.3138 13.3623 2.6
      vertex -27 12.7 2.6
      vertex -28.85 11.7916 2.6
    endloop
  endfacet
  facet normal 0 0 -1
    outer loop
      vertex -27 12.7 2.6
      vertex -28.7677 14.6564 2.6
      vertex -27.7967 15.6297 2.6
    endloop
  endfacet
  facet normal -0 0 -1
    outer loop
      vertex -27.7967 15.6297 2.6
      vertex -28.7677 14.6564 2.6
      vertex -28.1214 15.6297 2.6
    endloop
  endfacet
  facet normal 0 0 -1
    outer loop
      vertex -27 12.7 2.6
      vertex -29.3138 13.3623 2.6
      vertex -28.7677 14.6564 2.6
    endloop
  endfacet
  facet normal 0 0 -1
    outer loop
      vertex -29.5377 12.1004 2.6
      vertex -28.85 11.7916 2.6
      vertex -29.1127 11.7916 2.6
    endloop
  endfacet
  facet normal 0 0 -1
    outer loop
      vertex -29.4049 13.6427 2.6
      vertex -28.7677 14.6564 2.6
      vertex -29.3138 13.3623 2.6
    endloop
  endfacet
  facet normal 0 -0 -1
    outer loop
      vertex -29.1934 14.4318 2.6
      vertex -28.7677 14.6564 2.6
      vertex -29.4049 13.6427 2.6
    endloop
  endfacet
  facet normal 0 0 -1
    outer loop
      vertex -28.85 11.7916 2.6
      vertex -29.6575 12.7 2.6
      vertex -29.3138 13.3623 2.6
    endloop
  endfacet
  facet normal 0 0 -1
    outer loop
      vertex -28.85 11.7916 2.6
      vertex -29.5377 12.1004 2.6
      vertex -29.6575 12.4692 2.6
    endloop
  endfacet
  facet normal 0 0 -1
    outer loop
      vertex -28.85 11.7916 2.6
      vertex -29.6575 12.4692 2.6
      vertex -29.6575 12.7 2.6
    endloop
  endfacet
  facet normal 0 0 -1
    outer loop
      vertex -29.3138 13.3623 2.6
      vertex -29.6575 12.7 2.6
      vertex -29.5202 13.2123 2.6
    endloop
  endfacet
  facet normal -0 0 -1
    outer loop
      vertex -28.7677 14.6564 2.6
      vertex -29.1934 14.4318 2.6
      vertex -28.8843 14.6564 2.6
    endloop
  endfacet
  facet normal 0.297517 -0.954717 0
    outer loop
      vertex 26.8234 -16.2467 2.6
      vertex 27.6696 -15.983 4.2
      vertex 26.8234 -16.2467 4.2
    endloop
  endfacet
  facet normal 0.297517 -0.954717 0
    outer loop
      vertex 27.6696 -15.983 4.2
      vertex 26.8234 -16.2467 2.6
      vertex 27.6696 -15.983 2.6
    endloop
  endfacet
  facet normal -0.297517 0.954717 0
    outer loop
      vertex -26.8234 16.2467 2.6
      vertex -27.6696 15.983 4.2
      vertex -26.8234 16.2467 4.2
    endloop
  endfacet
  facet normal -0.297517 0.954717 0
    outer loop
      vertex -27.6696 15.983 4.2
      vertex -26.8234 16.2467 2.6
      vertex -27.6696 15.983 2.6
    endloop
  endfacet
  facet normal -0.954693 -0.297593 0
    outer loop
      vertex -29.1506 -14.4629 2.6
      vertex -29.3967 -13.6734 4.2
      vertex -29.3967 -13.6734 2.6
    endloop
  endfacet
  facet normal -0.954693 -0.297593 0
    outer loop
      vertex -29.3967 -13.6734 4.2
      vertex -29.1506 -14.4629 2.6
      vertex -29.1506 -14.4629 4.2
    endloop
  endfacet
  facet normal 0.954693 0.297593 0
    outer loop
      vertex 29.3967 13.6734 4.2
      vertex 29.1506 14.4629 2.6
      vertex 29.1506 14.4629 4.2
    endloop
  endfacet
  facet normal 0.954693 0.297593 0
    outer loop
      vertex 29.1506 14.4629 2.6
      vertex 29.3967 13.6734 4.2
      vertex 29.3967 13.6734 2.6
    endloop
  endfacet
  facet normal 0 1 -0
    outer loop
      vertex -23.95 15.7 2.6
      vertex -24.35 15.7 4.2
      vertex -23.95 15.7 4.2
    endloop
  endfacet
  facet normal 0 1 0
    outer loop
      vertex -24.35 15.7 4.2
      vertex -23.95 15.7 2.6
      vertex -24.35 15.7 2.6
    endloop
  endfacet
  facet normal 0 1 -0
    outer loop
      vertex -21.85 15.7 2.6
      vertex -22.25 15.7 4.2
      vertex -21.85 15.7 4.2
    endloop
  endfacet
  facet normal 0 1 0
    outer loop
      vertex -22.25 15.7 4.2
      vertex -21.85 15.7 2.6
      vertex -22.25 15.7 2.6
    endloop
  endfacet
  facet normal 0 1 -0
    outer loop
      vertex -19.75 15.7 2.6
      vertex -20.15 15.7 4.2
      vertex -19.75 15.7 4.2
    endloop
  endfacet
  facet normal 0 1 0
    outer loop
      vertex -20.15 15.7 4.2
      vertex -19.75 15.7 2.6
      vertex -20.15 15.7 2.6
    endloop
  endfacet
  facet normal 0 1 -0
    outer loop
      vertex -17.65 15.7 2.6
      vertex -18.05 15.7 4.2
      vertex -17.65 15.7 4.2
    endloop
  endfacet
  facet normal 0 1 0
    outer loop
      vertex -18.05 15.7 4.2
      vertex -17.65 15.7 2.6
      vertex -18.05 15.7 2.6
    endloop
  endfacet
  facet normal 0 1 -0
    outer loop
      vertex -15.55 15.7 2.6
      vertex -15.95 15.7 4.2
      vertex -15.55 15.7 4.2
    endloop
  endfacet
  facet normal 0 1 0
    outer loop
      vertex -15.95 15.7 4.2
      vertex -15.55 15.7 2.6
      vertex -15.95 15.7 2.6
    endloop
  endfacet
  facet normal 0 1 -0
    outer loop
      vertex -13.45 15.7 2.6
      vertex -13.85 15.7 4.2
      vertex -13.45 15.7 4.2
    endloop
  endfacet
  facet normal 0 1 0
    outer loop
      vertex -13.85 15.7 4.2
      vertex -13.45 15.7 2.6
      vertex -13.85 15.7 2.6
    endloop
  endfacet
  facet normal 0 1 -0
    outer loop
      vertex -11.35 15.7 2.6
      vertex -11.75 15.7 4.2
      vertex -11.35 15.7 4.2
    endloop
  endfacet
  facet normal 0 1 0
    outer loop
      vertex -11.75 15.7 4.2
      vertex -11.35 15.7 2.6
      vertex -11.75 15.7 2.6
    endloop
  endfacet
  facet normal 0 1 -0
    outer loop
      vertex -9.25 15.7 2.6
      vertex -9.65 15.7 4.2
      vertex -9.25 15.7 4.2
    endloop
  endfacet
  facet normal 0 1 0
    outer loop
      vertex -9.65 15.7 4.2
      vertex -9.25 15.7 2.6
      vertex -9.65 15.7 2.6
    endloop
  endfacet
  facet normal 0 1 -0
    outer loop
      vertex -7.15 15.7 2.6
      vertex -7.55 15.7 4.2
      vertex -7.15 15.7 4.2
    endloop
  endfacet
  facet normal 0 1 0
    outer loop
      vertex -7.55 15.7 4.2
      vertex -7.15 15.7 2.6
      vertex -7.55 15.7 2.6
    endloop
  endfacet
  facet normal 0 1 -0
    outer loop
      vertex -5.05 15.7 2.6
      vertex -5.45 15.7 4.2
      vertex -5.05 15.7 4.2
    endloop
  endfacet
  facet normal 0 1 0
    outer loop
      vertex -5.45 15.7 4.2
      vertex -5.05 15.7 2.6
      vertex -5.45 15.7 2.6
    endloop
  endfacet
  facet normal 0 1 -0
    outer loop
      vertex -2.95 15.7 2.6
      vertex -3.35 15.7 4.2
      vertex -2.95 15.7 4.2
    endloop
  endfacet
  facet normal 0 1 0
    outer loop
      vertex -3.35 15.7 4.2
      vertex -2.95 15.7 2.6
      vertex -3.35 15.7 2.6
    endloop
  endfacet
  facet normal 0 1 -0
    outer loop
      vertex -0.849998 15.7 2.6
      vertex -1.25 15.7 4.2
      vertex -0.849998 15.7 4.2
    endloop
  endfacet
  facet normal 0 1 0
    outer loop
      vertex -1.25 15.7 4.2
      vertex -0.849998 15.7 2.6
      vertex -1.25 15.7 2.6
    endloop
  endfacet
  facet normal 0 1 -0
    outer loop
      vertex 1.25 15.7 2.6
      vertex 0.849998 15.7 4.2
      vertex 1.25 15.7 4.2
    endloop
  endfacet
  facet normal 0 1 0
    outer loop
      vertex 0.849998 15.7 4.2
      vertex 1.25 15.7 2.6
      vertex 0.849998 15.7 2.6
    endloop
  endfacet
  facet normal 0 1 -0
    outer loop
      vertex 3.35 15.7 2.6
      vertex 2.95 15.7 4.2
      vertex 3.35 15.7 4.2
    endloop
  endfacet
  facet normal 0 1 0
    outer loop
      vertex 2.95 15.7 4.2
      vertex 3.35 15.7 2.6
      vertex 2.95 15.7 2.6
    endloop
  endfacet
  facet normal 0 1 -0
    outer loop
      vertex 5.45 15.7 2.6
      vertex 5.05 15.7 4.2
      vertex 5.45 15.7 4.2
    endloop
  endfacet
  facet normal 0 1 0
    outer loop
      vertex 5.05 15.7 4.2
      vertex 5.45 15.7 2.6
      vertex 5.05 15.7 2.6
    endloop
  endfacet
  facet normal 0 1 -0
    outer loop
      vertex 7.55 15.7 2.6
      vertex 7.15 15.7 4.2
      vertex 7.55 15.7 4.2
    endloop
  endfacet
  facet normal 0 1 0
    outer loop
      vertex 7.15 15.7 4.2
      vertex 7.55 15.7 2.6
      vertex 7.15 15.7 2.6
    endloop
  endfacet
  facet normal 0 1 -0
    outer loop
      vertex 9.65 15.7 2.6
      vertex 9.25 15.7 4.2
      vertex 9.65 15.7 4.2
    endloop
  endfacet
  facet normal 0 1 0
    outer loop
      vertex 9.25 15.7 4.2
      vertex 9.65 15.7 2.6
      vertex 9.25 15.7 2.6
    endloop
  endfacet
  facet normal 0 1 -0
    outer loop
      vertex 11.75 15.7 2.6
      vertex 11.35 15.7 4.2
      vertex 11.75 15.7 4.2
    endloop
  endfacet
  facet normal 0 1 0
    outer loop
      vertex 11.35 15.7 4.2
      vertex 11.75 15.7 2.6
      vertex 11.35 15.7 2.6
    endloop
  endfacet
  facet normal 0 1 -0
    outer loop
      vertex 13.85 15.7 2.6
      vertex 13.45 15.7 4.2
      vertex 13.85 15.7 4.2
    endloop
  endfacet
  facet normal 0 1 0
    outer loop
      vertex 13.45 15.7 4.2
      vertex 13.85 15.7 2.6
      vertex 13.45 15.7 2.6
    endloop
  endfacet
  facet normal 0 1 -0
    outer loop
      vertex 15.95 15.7 2.6
      vertex 15.55 15.7 4.2
      vertex 15.95 15.7 4.2
    endloop
  endfacet
  facet normal 0 1 0
    outer loop
      vertex 15.55 15.7 4.2
      vertex 15.95 15.7 2.6
      vertex 15.55 15.7 2.6
    endloop
  endfacet
  facet normal 0 1 -0
    outer loop
      vertex 18.05 15.7 2.6
      vertex 17.65 15.7 4.2
      vertex 18.05 15.7 4.2
    endloop
  endfacet
  facet normal 0 1 0
    outer loop
      vertex 17.65 15.7 4.2
      vertex 18.05 15.7 2.6
      vertex 17.65 15.7 2.6
    endloop
  endfacet
  facet normal 0 1 -0
    outer loop
      vertex 20.15 15.7 2.6
      vertex 19.75 15.7 4.2
      vertex 20.15 15.7 4.2
    endloop
  endfacet
  facet normal 0 1 0
    outer loop
      vertex 19.75 15.7 4.2
      vertex 20.15 15.7 2.6
      vertex 19.75 15.7 2.6
    endloop
  endfacet
  facet normal 0 1 -0
    outer loop
      vertex 22.25 15.7 2.6
      vertex 21.85 15.7 4.2
      vertex 22.25 15.7 4.2
    endloop
  endfacet
  facet normal 0 1 0
    outer loop
      vertex 21.85 15.7 4.2
      vertex 22.25 15.7 2.6
      vertex 21.85 15.7 2.6
    endloop
  endfacet
  facet normal 0 1 -0
    outer loop
      vertex 24.35 15.7 2.6
      vertex 23.95 15.7 4.2
      vertex 24.35 15.7 4.2
    endloop
  endfacet
  facet normal 0 1 0
    outer loop
      vertex 23.95 15.7 4.2
      vertex 24.35 15.7 2.6
      vertex 23.95 15.7 2.6
    endloop
  endfacet
  facet normal 0 -1 0
    outer loop
      vertex -24.35 -15.7 2.6
      vertex -23.95 -15.7 4.2
      vertex -24.35 -15.7 4.2
    endloop
  endfacet
  facet normal 0 -1 -0
    outer loop
      vertex -23.95 -15.7 4.2
      vertex -24.35 -15.7 2.6
      vertex -23.95 -15.7 2.6
    endloop
  endfacet
  facet normal 0 -1 0
    outer loop
      vertex -22.25 -15.7 2.6
      vertex -21.85 -15.7 4.2
      vertex -22.25 -15.7 4.2
    endloop
  endfacet
  facet normal 0 -1 -0
    outer loop
      vertex -21.85 -15.7 4.2
      vertex -22.25 -15.7 2.6
      vertex -21.85 -15.7 2.6
    endloop
  endfacet
  facet normal 0 -1 0
    outer loop
      vertex -20.15 -15.7 2.6
      vertex -19.75 -15.7 4.2
      vertex -20.15 -15.7 4.2
    endloop
  endfacet
  facet normal 0 -1 -0
    outer loop
      vertex -19.75 -15.7 4.2
      vertex -20.15 -15.7 2.6
      vertex -19.75 -15.7 2.6
    endloop
  endfacet
  facet normal 0 -1 0
    outer loop
      vertex -18.05 -15.7 2.6
      vertex -17.65 -15.7 4.2
      vertex -18.05 -15.7 4.2
    endloop
  endfacet
  facet normal 0 -1 -0
    outer loop
      vertex -17.65 -15.7 4.2
      vertex -18.05 -15.7 2.6
      vertex -17.65 -15.7 2.6
    endloop
  endfacet
  facet normal 0 -1 0
    outer loop
      vertex -15.95 -15.7 2.6
      vertex -15.55 -15.7 4.2
      vertex -15.95 -15.7 4.2
    endloop
  endfacet
  facet normal 0 -1 -0
    outer loop
      vertex -15.55 -15.7 4.2
      vertex -15.95 -15.7 2.6
      vertex -15.55 -15.7 2.6
    endloop
  endfacet
  facet normal 0 -1 0
    outer loop
      vertex -13.85 -15.7 2.6
      vertex -13.45 -15.7 4.2
      vertex -13.85 -15.7 4.2
    endloop
  endfacet
  facet normal 0 -1 -0
    outer loop
      vertex -13.45 -15.7 4.2
      vertex -13.85 -15.7 2.6
      vertex -13.45 -15.7 2.6
    endloop
  endfacet
  facet normal 0 -1 0
    outer loop
      vertex -11.75 -15.7 2.6
      vertex -11.35 -15.7 4.2
      vertex -11.75 -15.7 4.2
    endloop
  endfacet
  facet normal 0 -1 -0
    outer loop
      vertex -11.35 -15.7 4.2
      vertex -11.75 -15.7 2.6
      vertex -11.35 -15.7 2.6
    endloop
  endfacet
  facet normal 0 -1 0
    outer loop
      vertex -9.65 -15.7 2.6
      vertex -9.25 -15.7 4.2
      vertex -9.65 -15.7 4.2
    endloop
  endfacet
  facet normal 0 -1 -0
    outer loop
      vertex -9.25 -15.7 4.2
      vertex -9.65 -15.7 2.6
      vertex -9.25 -15.7 2.6
    endloop
  endfacet
  facet normal 0 -1 0
    outer loop
      vertex -7.55 -15.7 2.6
      vertex -7.15 -15.7 4.2
      vertex -7.55 -15.7 4.2
    endloop
  endfacet
  facet normal 0 -1 -0
    outer loop
      vertex -7.15 -15.7 4.2
      vertex -7.55 -15.7 2.6
      vertex -7.15 -15.7 2.6
    endloop
  endfacet
  facet normal 0 -1 0
    outer loop
      vertex -5.45 -15.7 2.6
      vertex -5.05 -15.7 4.2
      vertex -5.45 -15.7 4.2
    endloop
  endfacet
  facet normal 0 -1 -0
    outer loop
      vertex -5.05 -15.7 4.2
      vertex -5.45 -15.7 2.6
      vertex -5.05 -15.7 2.6
    endloop
  endfacet
  facet normal 0 -1 0
    outer loop
      vertex -3.35 -15.7 2.6
      vertex -2.95 -15.7 4.2
      vertex -3.35 -15.7 4.2
    endloop
  endfacet
  facet normal 0 -1 -0
    outer loop
      vertex -2.95 -15.7 4.2
      vertex -3.35 -15.7 2.6
      vertex -2.95 -15.7 2.6
    endloop
  endfacet
  facet normal 0 -1 0
    outer loop
      vertex -1.25 -15.7 2.6
      vertex -0.849998 -15.7 4.2
      vertex -1.25 -15.7 4.2
    endloop
  endfacet
  facet normal 0 -1 -0
    outer loop
      vertex -0.849998 -15.7 4.2
      vertex -1.25 -15.7 2.6
      vertex -0.849998 -15.7 2.6
    endloop
  endfacet
  facet normal 0 -1 0
    outer loop
      vertex 0.849998 -15.7 2.6
      vertex 1.25 -15.7 4.2
      vertex 0.849998 -15.7 4.2
    endloop
  endfacet
  facet normal 0 -1 -0
    outer loop
      vertex 1.25 -15.7 4.2
      vertex 0.849998 -15.7 2.6
      vertex 1.25 -15.7 2.6
    endloop
  endfacet
  facet normal 0 -1 0
    outer loop
      vertex 2.95 -15.7 2.6
      vertex 3.35 -15.7 4.2
      vertex 2.95 -15.7 4.2
    endloop
  endfacet
  facet normal 0 -1 -0
    outer loop
      vertex 3.35 -15.7 4.2
      vertex 2.95 -15.7 2.6
      vertex 3.35 -15.7 2.6
    endloop
  endfacet
  facet normal 0 -1 0
    outer loop
      vertex 5.05 -15.7 2.6
      vertex 5.45 -15.7 4.2
      vertex 5.05 -15.7 4.2
    endloop
  endfacet
  facet normal 0 -1 -0
    outer loop
      vertex 5.45 -15.7 4.2
      vertex 5.05 -15.7 2.6
      vertex 5.45 -15.7 2.6
    endloop
  endfacet
  facet normal 0 -1 0
    outer loop
      vertex 7.15 -15.7 2.6
      vertex 7.55 -15.7 4.2
      vertex 7.15 -15.7 4.2
    endloop
  endfacet
  facet normal 0 -1 -0
    outer loop
      vertex 7.55 -15.7 4.2
      vertex 7.15 -15.7 2.6
      vertex 7.55 -15.7 2.6
    endloop
  endfacet
  facet normal 0 -1 0
    outer loop
      vertex 9.25 -15.7 2.6
      vertex 9.65 -15.7 4.2
      vertex 9.25 -15.7 4.2
    endloop
  endfacet
  facet normal 0 -1 -0
    outer loop
      vertex 9.65 -15.7 4.2
      vertex 9.25 -15.7 2.6
      vertex 9.65 -15.7 2.6
    endloop
  endfacet
  facet normal 0 -1 0
    outer loop
      vertex 11.35 -15.7 2.6
      vertex 11.75 -15.7 4.2
      vertex 11.35 -15.7 4.2
    endloop
  endfacet
  facet normal 0 -1 -0
    outer loop
      vertex 11.75 -15.7 4.2
      vertex 11.35 -15.7 2.6
      vertex 11.75 -15.7 2.6
    endloop
  endfacet
  facet normal 0 -1 0
    outer loop
      vertex 13.45 -15.7 2.6
      vertex 13.85 -15.7 4.2
      vertex 13.45 -15.7 4.2
    endloop
  endfacet
  facet normal 0 -1 -0
    outer loop
      vertex 13.85 -15.7 4.2
      vertex 13.45 -15.7 2.6
      vertex 13.85 -15.7 2.6
    endloop
  endfacet
  facet normal 0 -1 0
    outer loop
      vertex 15.55 -15.7 2.6
      vertex 15.95 -15.7 4.2
      vertex 15.55 -15.7 4.2
    endloop
  endfacet
  facet normal 0 -1 -0
    outer loop
      vertex 15.95 -15.7 4.2
      vertex 15.55 -15.7 2.6
      vertex 15.95 -15.7 2.6
    endloop
  endfacet
  facet normal 0 -1 0
    outer loop
      vertex 17.65 -15.7 2.6
      vertex 18.05 -15.7 4.2
      vertex 17.65 -15.7 4.2
    endloop
  endfacet
  facet normal 0 -1 -0
    outer loop
      vertex 18.05 -15.7 4.2
      vertex 17.65 -15.7 2.6
      vertex 18.05 -15.7 2.6
    endloop
  endfacet
  facet normal 0 -1 0
    outer loop
      vertex 19.75 -15.7 2.6
      vertex 20.15 -15.7 4.2
      vertex 19.75 -15.7 4.2
    endloop
  endfacet
  facet normal 0 -1 -0
    outer loop
      vertex 20.15 -15.7 4.2
      vertex 19.75 -15.7 2.6
      vertex 20.15 -15.7 2.6
    endloop
  endfacet
  facet normal 0 -1 0
    outer loop
      vertex 21.85 -15.7 2.6
      vertex 22.25 -15.7 4.2
      vertex 21.85 -15.7 4.2
    endloop
  endfacet
  facet normal 0 -1 -0
    outer loop
      vertex 22.25 -15.7 4.2
      vertex 21.85 -15.7 2.6
      vertex 22.25 -15.7 2.6
    endloop
  endfacet
  facet normal 0 -1 0
    outer loop
      vertex 23.95 -15.7 2.6
      vertex 24.35 -15.7 4.2
      vertex 23.95 -15.7 4.2
    endloop
  endfacet
  facet normal 0 -1 -0
    outer loop
      vertex 24.35 -15.7 4.2
      vertex 23.95 -15.7 2.6
      vertex 24.35 -15.7 2.6
    endloop
  endfacet
  facet normal 1 -0 0
    outer loop
      vertex 28.85 -7.5916 4.2
      vertex 28.85 -7.1084 2.6
      vertex 28.85 -7.1084 4.2
    endloop
  endfacet
  facet normal 1 0 0
    outer loop
      vertex 28.85 -7.1084 2.6
      vertex 28.85 -7.5916 4.2
      vertex 28.85 -7.5916 2.6
    endloop
  endfacet
  facet normal 1 -0 0
    outer loop
      vertex 28.85 -5.4916 4.2
      vertex 28.85 -5.0084 2.6
      vertex 28.85 -5.0084 4.2
    endloop
  endfacet
  facet normal 1 0 0
    outer loop
      vertex 28.85 -5.0084 2.6
      vertex 28.85 -5.4916 4.2
      vertex 28.85 -5.4916 2.6
    endloop
  endfacet
  facet normal 1 -0 0
    outer loop
      vertex 28.85 11.3084 4.2
      vertex 28.85 11.7916 2.6
      vertex 28.85 11.7916 4.2
    endloop
  endfacet
  facet normal 1 0 0
    outer loop
      vertex 28.85 11.7916 2.6
      vertex 28.85 11.3084 4.2
      vertex 28.85 11.3084 2.6
    endloop
  endfacet
  facet normal 1 -0 0
    outer loop
      vertex 28.85 -9.6916 4.2
      vertex 28.85 -9.2084 2.6
      vertex 28.85 -9.2084 4.2
    endloop
  endfacet
  facet normal 1 0 0
    outer loop
      vertex 28.85 -9.2084 2.6
      vertex 28.85 -9.6916 4.2
      vertex 28.85 -9.6916 2.6
    endloop
  endfacet
  facet normal 1 -0 0
    outer loop
      vertex 28.85 5.0084 4.2
      vertex 28.85 5.4916 2.6
      vertex 28.85 5.4916 4.2
    endloop
  endfacet
  facet normal 1 0 0
    outer loop
      vertex 28.85 5.4916 2.6
      vertex 28.85 5.0084 4.2
      vertex 28.85 5.0084 2.6
    endloop
  endfacet
  facet normal 1 -0 0
    outer loop
      vertex 28.85 7.1084 4.2
      vertex 28.85 7.5916 2.6
      vertex 28.85 7.5916 4.2
    endloop
  endfacet
  facet normal 1 0 0
    outer loop
      vertex 28.85 7.5916 2.6
      vertex 28.85 7.1084 4.2
      vertex 28.85 7.1084 2.6
    endloop
  endfacet
  facet normal 1 -0 0
    outer loop
      vertex 28.85 -11.7916 4.2
      vertex 28.85 -11.3084 2.6
      vertex 28.85 -11.3084 4.2
    endloop
  endfacet
  facet normal 1 0 0
    outer loop
      vertex 28.85 -11.3084 2.6
      vertex 28.85 -11.7916 4.2
      vertex 28.85 -11.7916 2.6
    endloop
  endfacet
  facet normal 1 -0 0
    outer loop
      vertex 28.85 -3.3916 4.2
      vertex 28.85 -2.9084 2.6
      vertex 28.85 -2.9084 4.2
    endloop
  endfacet
  facet normal 1 0 0
    outer loop
      vertex 28.85 -2.9084 2.6
      vertex 28.85 -3.3916 4.2
      vertex 28.85 -3.3916 2.6
    endloop
  endfacet
  facet normal 1 -0 0
    outer loop
      vertex 28.85 9.2084 4.2
      vertex 28.85 9.6916 2.6
      vertex 28.85 9.6916 4.2
    endloop
  endfacet
  facet normal 1 0 0
    outer loop
      vertex 28.85 9.6916 2.6
      vertex 28.85 9.2084 4.2
      vertex 28.85 9.2084 2.6
    endloop
  endfacet
  facet normal 1 -0 0
    outer loop
      vertex 28.85 -1.2916 4.2
      vertex 28.85 -0.808397 2.6
      vertex 28.85 -0.808397 4.2
    endloop
  endfacet
  facet normal 1 0 0
    outer loop
      vertex 28.85 -0.808397 2.6
      vertex 28.85 -1.2916 4.2
      vertex 28.85 -1.2916 2.6
    endloop
  endfacet
  facet normal 1 -0 0
    outer loop
      vertex 28.85 0.808397 4.2
      vertex 28.85 1.2916 2.6
      vertex 28.85 1.2916 4.2
    endloop
  endfacet
  facet normal 1 0 0
    outer loop
      vertex 28.85 1.2916 2.6
      vertex 28.85 0.808397 4.2
      vertex 28.85 0.808397 2.6
    endloop
  endfacet
  facet normal 1 -0 0
    outer loop
      vertex 28.85 2.9084 4.2
      vertex 28.85 3.3916 2.6
      vertex 28.85 3.3916 4.2
    endloop
  endfacet
  facet normal 1 0 0
    outer loop
      vertex 28.85 3.3916 2.6
      vertex 28.85 2.9084 4.2
      vertex 28.85 2.9084 2.6
    endloop
  endfacet
  facet normal -1 0 0
    outer loop
      vertex -28.85 0.808397 2.6
      vertex -28.85 1.2916 4.2
      vertex -28.85 1.2916 2.6
    endloop
  endfacet
  facet normal -1 -0 0
    outer loop
      vertex -28.85 1.2916 4.2
      vertex -28.85 0.808397 2.6
      vertex -28.85 0.808397 4.2
    endloop
  endfacet
  facet normal -1 0 0
    outer loop
      vertex -28.85 2.9084 2.6
      vertex -28.85 3.3916 4.2
      vertex -28.85 3.3916 2.6
    endloop
  endfacet
  facet normal -1 -0 0
    outer loop
      vertex -28.85 3.3916 4.2
      vertex -28.85 2.9084 2.6
      vertex -28.85 2.9084 4.2
    endloop
  endfacet
  facet normal -1 0 0
    outer loop
      vertex -28.85 -7.5916 2.6
      vertex -28.85 -7.1084 4.2
      vertex -28.85 -7.1084 2.6
    endloop
  endfacet
  facet normal -1 -0 0
    outer loop
      vertex -28.85 -7.1084 4.2
      vertex -28.85 -7.5916 2.6
      vertex -28.85 -7.5916 4.2
    endloop
  endfacet
  facet normal -1 0 0
    outer loop
      vertex -28.85 -5.4916 2.6
      vertex -28.85 -5.0084 4.2
      vertex -28.85 -5.0084 2.6
    endloop
  endfacet
  facet normal -1 -0 0
    outer loop
      vertex -28.85 -5.0084 4.2
      vertex -28.85 -5.4916 2.6
      vertex -28.85 -5.4916 4.2
    endloop
  endfacet
  facet normal -1 0 0
    outer loop
      vertex -28.85 11.3084 2.6
      vertex -28.85 11.7916 4.2
      vertex -28.85 11.7916 2.6
    endloop
  endfacet
  facet normal -1 -0 0
    outer loop
      vertex -28.85 11.7916 4.2
      vertex -28.85 11.3084 2.6
      vertex -28.85 11.3084 4.2
    endloop
  endfacet
  facet normal -1 0 0
    outer loop
      vertex -28.85 7.1084 2.6
      vertex -28.85 7.5916 4.2
      vertex -28.85 7.5916 2.6
    endloop
  endfacet
  facet normal -1 -0 0
    outer loop
      vertex -28.85 7.5916 4.2
      vertex -28.85 7.1084 2.6
      vertex -28.85 7.1084 4.2
    endloop
  endfacet
  facet normal -1 0 0
    outer loop
      vertex -28.85 9.2084 2.6
      vertex -28.85 9.6916 4.2
      vertex -28.85 9.6916 2.6
    endloop
  endfacet
  facet normal -1 -0 0
    outer loop
      vertex -28.85 9.6916 4.2
      vertex -28.85 9.2084 2.6
      vertex -28.85 9.2084 4.2
    endloop
  endfacet
  facet normal -1 0 0
    outer loop
      vertex -28.85 -11.7916 2.6
      vertex -28.85 -11.3084 4.2
      vertex -28.85 -11.3084 2.6
    endloop
  endfacet
  facet normal -1 -0 0
    outer loop
      vertex -28.85 -11.3084 4.2
      vertex -28.85 -11.7916 2.6
      vertex -28.85 -11.7916 4.2
    endloop
  endfacet
  facet normal -1 0 0
    outer loop
      vertex -28.85 -3.3916 2.6
      vertex -28.85 -2.9084 4.2
      vertex -28.85 -2.9084 2.6
    endloop
  endfacet
  facet normal -1 -0 0
    outer loop
      vertex -28.85 -2.9084 4.2
      vertex -28.85 -3.3916 2.6
      vertex -28.85 -3.3916 4.2
    endloop
  endfacet
  facet normal -1 0 0
    outer loop
      vertex -28.85 -1.2916 2.6
      vertex -28.85 -0.808397 4.2
      vertex -28.85 -0.808397 2.6
    endloop
  endfacet
  facet normal -1 -0 0
    outer loop
      vertex -28.85 -0.808397 4.2
      vertex -28.85 -1.2916 2.6
      vertex -28.85 -1.2916 4.2
    endloop
  endfacet
  facet normal -1 0 0
    outer loop
      vertex -28.85 -9.6916 2.6
      vertex -28.85 -9.2084 4.2
      vertex -28.85 -9.2084 2.6
    endloop
  endfacet
  facet normal -1 -0 0
    outer loop
      vertex -28.85 -9.2084 4.2
      vertex -28.85 -9.6916 2.6
      vertex -28.85 -9.6916 4.2
    endloop
  endfacet
  facet normal -1 0 0
    outer loop
      vertex -28.85 5.0084 2.6
      vertex -28.85 5.4916 4.2
      vertex -28.85 5.4916 2.6
    endloop
  endfacet
  facet normal -1 -0 0
    outer loop
      vertex -28.85 5.4916 4.2
      vertex -28.85 5.0084 2.6
      vertex -28.85 5.0084 4.2
    endloop
  endfacet
  facet normal -0.793346 0.60877 0
    outer loop
      vertex 22.2981 6.2019 2.6
      vertex 22.8146 6.875 4.2
      vertex 22.8146 6.875 2.6
    endloop
  endfacet
  facet normal -0.793346 0.60877 0
    outer loop
      vertex 22.8146 6.875 4.2
      vertex 22.2981 6.2019 2.6
      vertex 22.2981 6.2019 4.2
    endloop
  endfacet
  facet normal -0.991451 0.130479 0
    outer loop
      vertex 23.1393 7.65884 2.6
      vertex 23.25 8.5 4.2
      vertex 23.25 8.5 2.6
    endloop
  endfacet
  facet normal -0.991451 0.130479 0
    outer loop
      vertex 23.25 8.5 4.2
      vertex 23.1393 7.65884 2.6
      vertex 23.1393 7.65884 4.2
    endloop
  endfacet
  facet normal -0.608756 0.793358 0
    outer loop
      vertex 22.2981 6.2019 2.6
      vertex 21.625 5.68542 4.2
      vertex 22.2981 6.2019 4.2
    endloop
  endfacet
  facet normal -0.608756 0.793358 0
    outer loop
      vertex 21.625 5.68542 4.2
      vertex 22.2981 6.2019 2.6
      vertex 21.625 5.68542 2.6
    endloop
  endfacet
  facet normal 0.608756 0.793358 -0
    outer loop
      vertex 18.375 5.68542 2.6
      vertex 17.7019 6.2019 4.2
      vertex 18.375 5.68542 4.2
    endloop
  endfacet
  facet normal 0.608756 0.793358 0
    outer loop
      vertex 17.7019 6.2019 4.2
      vertex 18.375 5.68542 2.6
      vertex 17.7019 6.2019 2.6
    endloop
  endfacet
  facet normal 0.793346 0.60877 0
    outer loop
      vertex 17.7019 6.2019 4.2
      vertex 17.1854 6.875 2.6
      vertex 17.1854 6.875 4.2
    endloop
  endfacet
  facet normal 0.793346 0.60877 0
    outer loop
      vertex 17.1854 6.875 2.6
      vertex 17.7019 6.2019 4.2
      vertex 17.7019 6.2019 2.6
    endloop
  endfacet
  facet normal 0.130519 0.991446 -0
    outer loop
      vertex 20 5.25 2.6
      vertex 19.1588 5.36074 4.2
      vertex 20 5.25 4.2
    endloop
  endfacet
  facet normal 0.130519 0.991446 0
    outer loop
      vertex 19.1588 5.36074 4.2
      vertex 20 5.25 2.6
      vertex 19.1588 5.36074 2.6
    endloop
  endfacet
  facet normal -0.382703 0.923871 0
    outer loop
      vertex 21.625 5.68542 2.6
      vertex 20.8412 5.36074 4.2
      vertex 21.625 5.68542 4.2
    endloop
  endfacet
  facet normal -0.382703 0.923871 0
    outer loop
      vertex 20.8412 5.36074 4.2
      vertex 21.625 5.68542 2.6
      vertex 20.8412 5.36074 2.6
    endloop
  endfacet
  facet normal 0.991451 -0.130479 0
    outer loop
      vertex 16.75 8.5 4.2
      vertex 16.8607 9.34116 2.6
      vertex 16.8607 9.34116 4.2
    endloop
  endfacet
  facet normal 0.991451 -0.130479 0
    outer loop
      vertex 16.8607 9.34116 2.6
      vertex 16.75 8.5 4.2
      vertex 16.75 8.5 2.6
    endloop
  endfacet
  facet normal 0.92387 0.382706 0
    outer loop
      vertex 17.1854 6.875 4.2
      vertex 16.8607 7.65884 2.6
      vertex 16.8607 7.65884 4.2
    endloop
  endfacet
  facet normal 0.92387 0.382706 0
    outer loop
      vertex 16.8607 7.65884 2.6
      vertex 17.1854 6.875 4.2
      vertex 17.1854 6.875 2.6
    endloop
  endfacet
  facet normal 0.382703 0.923871 -0
    outer loop
      vertex 19.1588 5.36074 2.6
      vertex 18.375 5.68542 4.2
      vertex 19.1588 5.36074 4.2
    endloop
  endfacet
  facet normal 0.382703 0.923871 0
    outer loop
      vertex 18.375 5.68542 4.2
      vertex 19.1588 5.36074 2.6
      vertex 18.375 5.68542 2.6
    endloop
  endfacet
  facet normal -0.92387 -0.382706 0
    outer loop
      vertex 23.1393 9.34116 2.6
      vertex 22.8146 10.125 4.2
      vertex 22.8146 10.125 2.6
    endloop
  endfacet
  facet normal -0.92387 -0.382706 0
    outer loop
      vertex 22.8146 10.125 4.2
      vertex 23.1393 9.34116 2.6
      vertex 23.1393 9.34116 4.2
    endloop
  endfacet
  facet normal 0.92387 -0.382706 0
    outer loop
      vertex 16.8607 9.34116 4.2
      vertex 17.1854 10.125 2.6
      vertex 17.1854 10.125 4.2
    endloop
  endfacet
  facet normal 0.92387 -0.382706 0
    outer loop
      vertex 17.1854 10.125 2.6
      vertex 16.8607 9.34116 4.2
      vertex 16.8607 9.34116 2.6
    endloop
  endfacet
  facet normal -0.382723 -0.923863 0
    outer loop
      vertex 20.8412 11.6393 2.6
      vertex 21.625 11.3146 4.2
      vertex 20.8412 11.6393 4.2
    endloop
  endfacet
  facet normal -0.382723 -0.923863 -0
    outer loop
      vertex 21.625 11.3146 4.2
      vertex 20.8412 11.6393 2.6
      vertex 21.625 11.3146 2.6
    endloop
  endfacet
  facet normal -0.60877 -0.793346 0
    outer loop
      vertex 21.625 11.3146 2.6
      vertex 22.2981 10.7981 4.2
      vertex 21.625 11.3146 4.2
    endloop
  endfacet
  facet normal -0.60877 -0.793346 -0
    outer loop
      vertex 22.2981 10.7981 4.2
      vertex 21.625 11.3146 2.6
      vertex 22.2981 10.7981 2.6
    endloop
  endfacet
  facet normal -0.991451 -0.130479 0
    outer loop
      vertex 23.25 8.5 2.6
      vertex 23.1393 9.34116 4.2
      vertex 23.1393 9.34116 2.6
    endloop
  endfacet
  facet normal -0.991451 -0.130479 0
    outer loop
      vertex 23.1393 9.34116 4.2
      vertex 23.25 8.5 2.6
      vertex 23.25 8.5 4.2
    endloop
  endfacet
  facet normal -0.92387 0.382706 0
    outer loop
      vertex 22.8146 6.875 2.6
      vertex 23.1393 7.65884 4.2
      vertex 23.1393 7.65884 2.6
    endloop
  endfacet
  facet normal -0.92387 0.382706 0
    outer loop
      vertex 23.1393 7.65884 4.2
      vertex 22.8146 6.875 2.6
      vertex 22.8146 6.875 4.2
    endloop
  endfacet
  facet normal -0.130519 0.991446 0
    outer loop
      vertex 20.8412 5.36074 2.6
      vertex 20 5.25 4.2
      vertex 20.8412 5.36074 4.2
    endloop
  endfacet
  facet normal -0.130519 0.991446 0
    outer loop
      vertex 20 5.25 4.2
      vertex 20.8412 5.36074 2.6
      vertex 20 5.25 2.6
    endloop
  endfacet
  facet normal 0.991451 0.130479 0
    outer loop
      vertex 16.8607 7.65884 4.2
      vertex 16.75 8.5 2.6
      vertex 16.75 8.5 4.2
    endloop
  endfacet
  facet normal 0.991451 0.130479 0
    outer loop
      vertex 16.75 8.5 2.6
      vertex 16.8607 7.65884 4.2
      vertex 16.8607 7.65884 2.6
    endloop
  endfacet
  facet normal 0.60877 -0.793346 0
    outer loop
      vertex 17.7019 10.7981 2.6
      vertex 18.375 11.3146 4.2
      vertex 17.7019 10.7981 4.2
    endloop
  endfacet
  facet normal 0.60877 -0.793346 0
    outer loop
      vertex 18.375 11.3146 4.2
      vertex 17.7019 10.7981 2.6
      vertex 18.375 11.3146 2.6
    endloop
  endfacet
  facet normal -0.130473 -0.991452 0
    outer loop
      vertex 20 11.75 2.6
      vertex 20.8412 11.6393 4.2
      vertex 20 11.75 4.2
    endloop
  endfacet
  facet normal -0.130473 -0.991452 -0
    outer loop
      vertex 20.8412 11.6393 4.2
      vertex 20 11.75 2.6
      vertex 20.8412 11.6393 2.6
    endloop
  endfacet
  facet normal 0.793346 -0.60877 0
    outer loop
      vertex 17.1854 10.125 4.2
      vertex 17.7019 10.7981 2.6
      vertex 17.7019 10.7981 4.2
    endloop
  endfacet
  facet normal 0.793346 -0.60877 0
    outer loop
      vertex 17.7019 10.7981 2.6
      vertex 17.1854 10.125 4.2
      vertex 17.1854 10.125 2.6
    endloop
  endfacet
  facet normal 0.130473 -0.991452 0
    outer loop
      vertex 19.1588 11.6393 2.6
      vertex 20 11.75 4.2
      vertex 19.1588 11.6393 4.2
    endloop
  endfacet
  facet normal 0.130473 -0.991452 0
    outer loop
      vertex 20 11.75 4.2
      vertex 19.1588 11.6393 2.6
      vertex 20 11.75 2.6
    endloop
  endfacet
  facet normal 0.382723 -0.923863 0
    outer loop
      vertex 18.375 11.3146 2.6
      vertex 19.1588 11.6393 4.2
      vertex 18.375 11.3146 4.2
    endloop
  endfacet
  facet normal 0.382723 -0.923863 0
    outer loop
      vertex 19.1588 11.6393 4.2
      vertex 18.375 11.3146 2.6
      vertex 19.1588 11.6393 2.6
    endloop
  endfacet
  facet normal -0.793346 -0.60877 0
    outer loop
      vertex 22.8146 10.125 2.6
      vertex 22.2981 10.7981 4.2
      vertex 22.2981 10.7981 2.6
    endloop
  endfacet
  facet normal -0.793346 -0.60877 0
    outer loop
      vertex 22.2981 10.7981 4.2
      vertex 22.8146 10.125 2.6
      vertex 22.8146 10.125 4.2
    endloop
  endfacet
  facet normal -0.987693 0.156405 0
    outer loop
      vertex -18.5734 -7.46352 2.6
      vertex -18.5 -7 4.2
      vertex -18.5 -7 2.6
    endloop
  endfacet
  facet normal -0.987693 0.156405 0
    outer loop
      vertex -18.5 -7 4.2
      vertex -18.5734 -7.46352 2.6
      vertex -18.5734 -7.46352 4.2
    endloop
  endfacet
  facet normal 0.987693 0.156405 0
    outer loop
      vertex -21.4266 -7.46352 4.2
      vertex -21.5 -7 2.6
      vertex -21.5 -7 4.2
    endloop
  endfacet
  facet normal 0.987693 0.156405 0
    outer loop
      vertex -21.5 -7 2.6
      vertex -21.4266 -7.46352 4.2
      vertex -21.4266 -7.46352 2.6
    endloop
  endfacet
  facet normal -0.156453 0.987685 0
    outer loop
      vertex -19.5365 -8.42658 2.6
      vertex -20 -8.5 4.2
      vertex -19.5365 -8.42658 4.2
    endloop
  endfacet
  facet normal -0.156453 0.987685 0
    outer loop
      vertex -20 -8.5 4.2
      vertex -19.5365 -8.42658 2.6
      vertex -20 -8.5 2.6
    endloop
  endfacet
  facet normal -0.707149 0.707064 0
    outer loop
      vertex -19.1183 -8.21352 2.6
      vertex -18.7865 -7.88168 4.2
      vertex -18.7865 -7.88168 2.6
    endloop
  endfacet
  facet normal -0.707149 0.707064 0
    outer loop
      vertex -18.7865 -7.88168 4.2
      vertex -19.1183 -8.21352 2.6
      vertex -19.1183 -8.21352 4.2
    endloop
  endfacet
  facet normal -0.890975 0.454053 0
    outer loop
      vertex -18.7865 -7.88168 2.6
      vertex -18.5734 -7.46352 4.2
      vertex -18.5734 -7.46352 2.6
    endloop
  endfacet
  facet normal -0.890975 0.454053 0
    outer loop
      vertex -18.5734 -7.46352 4.2
      vertex -18.7865 -7.88168 2.6
      vertex -18.7865 -7.88168 4.2
    endloop
  endfacet
  facet normal -0.453951 0.891027 0
    outer loop
      vertex -19.1183 -8.21352 2.6
      vertex -19.5365 -8.42658 4.2
      vertex -19.1183 -8.21352 4.2
    endloop
  endfacet
  facet normal -0.453951 0.891027 0
    outer loop
      vertex -19.5365 -8.42658 4.2
      vertex -19.1183 -8.21352 2.6
      vertex -19.5365 -8.42658 2.6
    endloop
  endfacet
  facet normal 0.453951 0.891027 -0
    outer loop
      vertex -20.4635 -8.42658 2.6
      vertex -20.8817 -8.21352 4.2
      vertex -20.4635 -8.42658 4.2
    endloop
  endfacet
  facet normal 0.453951 0.891027 0
    outer loop
      vertex -20.8817 -8.21352 4.2
      vertex -20.4635 -8.42658 2.6
      vertex -20.8817 -8.21352 2.6
    endloop
  endfacet
  facet normal 0.707149 0.707064 0
    outer loop
      vertex -20.8817 -8.21352 4.2
      vertex -21.2135 -7.88168 2.6
      vertex -21.2135 -7.88168 4.2
    endloop
  endfacet
  facet normal 0.707149 0.707064 0
    outer loop
      vertex -21.2135 -7.88168 2.6
      vertex -20.8817 -8.21352 4.2
      vertex -20.8817 -8.21352 2.6
    endloop
  endfacet
  facet normal 0.156453 0.987685 -0
    outer loop
      vertex -20 -8.5 2.6
      vertex -20.4635 -8.42658 4.2
      vertex -20 -8.5 4.2
    endloop
  endfacet
  facet normal 0.156453 0.987685 0
    outer loop
      vertex -20.4635 -8.42658 4.2
      vertex -20 -8.5 2.6
      vertex -20.4635 -8.42658 2.6
    endloop
  endfacet
  facet normal 0.70716 -0.707054 0
    outer loop
      vertex -21.2135 -6.11832 4.2
      vertex -20.8817 -5.78647 2.6
      vertex -20.8817 -5.78647 4.2
    endloop
  endfacet
  facet normal 0.70716 -0.707054 0
    outer loop
      vertex -20.8817 -5.78647 2.6
      vertex -21.2135 -6.11832 4.2
      vertex -21.2135 -6.11832 2.6
    endloop
  endfacet
  facet normal 0.890975 0.454053 0
    outer loop
      vertex -21.2135 -7.88168 4.2
      vertex -21.4266 -7.46352 2.6
      vertex -21.4266 -7.46352 4.2
    endloop
  endfacet
  facet normal 0.890975 0.454053 0
    outer loop
      vertex -21.4266 -7.46352 2.6
      vertex -21.2135 -7.88168 4.2
      vertex -21.2135 -7.88168 2.6
    endloop
  endfacet
  facet normal -0.707167 -0.707047 0
    outer loop
      vertex -18.9048 -6 2.6
      vertex -18.7865 -6.11832 4.2
      vertex -18.9048 -6 4.2
    endloop
  endfacet
  facet normal -0.707167 -0.707047 -0
    outer loop
      vertex -18.7865 -6.11832 4.2
      vertex -18.9048 -6 2.6
      vertex -18.7865 -6.11832 2.6
    endloop
  endfacet
  facet normal -0.89097 -0.454061 0
    outer loop
      vertex -18.5734 -6.53647 2.6
      vertex -18.7865 -6.11832 4.2
      vertex -18.7865 -6.11832 2.6
    endloop
  endfacet
  facet normal -0.89097 -0.454061 0
    outer loop
      vertex -18.7865 -6.11832 4.2
      vertex -18.5734 -6.53647 2.6
      vertex -18.5734 -6.53647 4.2
    endloop
  endfacet
  facet normal -0.987694 -0.156401 0
    outer loop
      vertex -18.5 -7 2.6
      vertex -18.5734 -6.53647 4.2
      vertex -18.5734 -6.53647 2.6
    endloop
  endfacet
  facet normal -0.987694 -0.156401 0
    outer loop
      vertex -18.5734 -6.53647 4.2
      vertex -18.5 -7 2.6
      vertex -18.5 -7 4.2
    endloop
  endfacet
  facet normal 0.89097 -0.454061 0
    outer loop
      vertex -21.4266 -6.53647 4.2
      vertex -21.2135 -6.11832 2.6
      vertex -21.2135 -6.11832 4.2
    endloop
  endfacet
  facet normal 0.89097 -0.454061 0
    outer loop
      vertex -21.2135 -6.11832 2.6
      vertex -21.4266 -6.53647 4.2
      vertex -21.4266 -6.53647 2.6
    endloop
  endfacet
  facet normal 0.987694 -0.156401 0
    outer loop
      vertex -21.5 -7 4.2
      vertex -21.4266 -6.53647 2.6
      vertex -21.4266 -6.53647 4.2
    endloop
  endfacet
  facet normal 0.987694 -0.156401 0
    outer loop
      vertex -21.4266 -6.53647 2.6
      vertex -21.5 -7 4.2
      vertex -21.5 -7 2.6
    endloop
  endfacet
  facet normal 0.453906 -0.89105 0
    outer loop
      vertex -20.8817 -5.78647 2.6
      vertex -20.584 -5.63482 4.2
      vertex -20.8817 -5.78647 4.2
    endloop
  endfacet
  facet normal 0.453906 -0.89105 0
    outer loop
      vertex -20.584 -5.63482 4.2
      vertex -20.8817 -5.78647 2.6
      vertex -20.584 -5.63482 2.6
    endloop
  endfacet
  facet normal 0.831435 0.555622 0
    outer loop
      vertex -20.9142 -5.41421 4.2
      vertex -21.3478 -4.76537 2.6
      vertex -21.3478 -4.76537 4.2
    endloop
  endfacet
  facet normal 0.831435 0.555622 0
    outer loop
      vertex -21.3478 -4.76537 2.6
      vertex -20.9142 -5.41421 4.2
      vertex -20.9142 -5.41421 2.6
    endloop
  endfacet
  facet normal 0 1 -0
    outer loop
      vertex -8.5 -6 2.6
      vertex -18.9048 -6 4.2
      vertex -8.5 -6 4.2
    endloop
  endfacet
  facet normal 0 1 0
    outer loop
      vertex -18.9048 -6 4.2
      vertex -8.5 -6 2.6
      vertex -18.9048 -6 2.6
    endloop
  endfacet
  facet normal -0.195088 -0.980786 0
    outer loop
      vertex -8.5 6 2.6
      vertex -7.73463 5.84776 4.2
      vertex -8.5 6 4.2
    endloop
  endfacet
  facet normal -0.195088 -0.980786 -0
    outer loop
      vertex -7.73463 5.84776 4.2
      vertex -8.5 6 2.6
      vertex -7.73463 5.84776 2.6
    endloop
  endfacet
  facet normal -0.195088 0.980786 0
    outer loop
      vertex -7.73463 -5.84776 2.6
      vertex -8.5 -6 4.2
      vertex -7.73463 -5.84776 4.2
    endloop
  endfacet
  facet normal -0.195088 0.980786 0
    outer loop
      vertex -8.5 -6 4.2
      vertex -7.73463 -5.84776 2.6
      vertex -8.5 -6 2.6
    endloop
  endfacet
  facet normal 0.980795 0.195039 0
    outer loop
      vertex -21.3478 -4.76537 4.2
      vertex -21.5 -4 2.6
      vertex -21.5 -4 4.2
    endloop
  endfacet
  facet normal 0.980795 0.195039 0
    outer loop
      vertex -21.5 -4 2.6
      vertex -21.3478 -4.76537 4.2
      vertex -21.3478 -4.76537 2.6
    endloop
  endfacet
  facet normal 1 -0 0
    outer loop
      vertex -21.5 -4 4.2
      vertex -21.5 4 2.6
      vertex -21.5 4 4.2
    endloop
  endfacet
  facet normal 1 0 0
    outer loop
      vertex -21.5 4 2.6
      vertex -21.5 -4 4.2
      vertex -21.5 -4 2.6
    endloop
  endfacet
  facet normal 0.555531 0.831496 -0
    outer loop
      vertex -20.584 -5.63482 2.6
      vertex -20.9142 -5.41421 4.2
      vertex -20.584 -5.63482 4.2
    endloop
  endfacet
  facet normal 0.555531 0.831496 0
    outer loop
      vertex -20.9142 -5.41421 4.2
      vertex -20.584 -5.63482 2.6
      vertex -20.9142 -5.41421 2.6
    endloop
  endfacet
  facet normal -0.980786 0.195088 0
    outer loop
      vertex -6.65224 -4.76537 2.6
      vertex -6.5 -4 4.2
      vertex -6.5 -4 2.6
    endloop
  endfacet
  facet normal -0.980786 0.195088 0
    outer loop
      vertex -6.5 -4 4.2
      vertex -6.65224 -4.76537 2.6
      vertex -6.65224 -4.76537 4.2
    endloop
  endfacet
  facet normal 0.555602 -0.831448 0
    outer loop
      vertex -20.9142 5.41421 2.6
      vertex -20.2654 5.84776 4.2
      vertex -20.9142 5.41421 4.2
    endloop
  endfacet
  facet normal 0.555602 -0.831448 0
    outer loop
      vertex -20.2654 5.84776 4.2
      vertex -20.9142 5.41421 2.6
      vertex -20.2654 5.84776 2.6
    endloop
  endfacet
  facet normal 0 -1 0
    outer loop
      vertex -19.5 6 2.6
      vertex -8.5 6 4.2
      vertex -19.5 6 4.2
    endloop
  endfacet
  facet normal 0 -1 -0
    outer loop
      vertex -8.5 6 4.2
      vertex -19.5 6 2.6
      vertex -8.5 6 2.6
    endloop
  endfacet
  facet normal 0.195081 -0.980787 0
    outer loop
      vertex -20.2654 5.84776 2.6
      vertex -19.5 6 4.2
      vertex -20.2654 5.84776 4.2
    endloop
  endfacet
  facet normal 0.195081 -0.980787 0
    outer loop
      vertex -19.5 6 4.2
      vertex -20.2654 5.84776 2.6
      vertex -19.5 6 2.6
    endloop
  endfacet
  facet normal 0.980795 -0.195039 0
    outer loop
      vertex -21.5 4 4.2
      vertex -21.3478 4.76537 2.6
      vertex -21.3478 4.76537 4.2
    endloop
  endfacet
  facet normal 0.980795 -0.195039 0
    outer loop
      vertex -21.3478 4.76537 2.6
      vertex -21.5 4 4.2
      vertex -21.5 4 2.6
    endloop
  endfacet
  facet normal -0.555578 0.831464 0
    outer loop
      vertex -7.08579 -5.41421 2.6
      vertex -7.73463 -5.84776 4.2
      vertex -7.08579 -5.41421 4.2
    endloop
  endfacet
  facet normal -0.555578 0.831464 0
    outer loop
      vertex -7.73463 -5.84776 4.2
      vertex -7.08579 -5.41421 2.6
      vertex -7.73463 -5.84776 2.6
    endloop
  endfacet
  facet normal -0.831464 0.555578 0
    outer loop
      vertex -7.08579 -5.41421 2.6
      vertex -6.65224 -4.76537 4.2
      vertex -6.65224 -4.76537 2.6
    endloop
  endfacet
  facet normal -0.831464 0.555578 0
    outer loop
      vertex -6.65224 -4.76537 4.2
      vertex -7.08579 -5.41421 2.6
      vertex -7.08579 -5.41421 4.2
    endloop
  endfacet
  facet normal -0.980786 -0.195088 0
    outer loop
      vertex -6.5 4 2.6
      vertex -6.65224 4.76537 4.2
      vertex -6.65224 4.76537 2.6
    endloop
  endfacet
  facet normal -0.980786 -0.195088 0
    outer loop
      vertex -6.65224 4.76537 4.2
      vertex -6.5 4 2.6
      vertex -6.5 4 4.2
    endloop
  endfacet
  facet normal -1 0 0
    outer loop
      vertex -6.5 -4 2.6
      vertex -6.5 4 4.2
      vertex -6.5 4 2.6
    endloop
  endfacet
  facet normal -1 -0 0
    outer loop
      vertex -6.5 4 4.2
      vertex -6.5 -4 2.6
      vertex -6.5 -4 4.2
    endloop
  endfacet
  facet normal 0.831435 -0.555622 0
    outer loop
      vertex -21.3478 4.76537 4.2
      vertex -20.9142 5.41421 2.6
      vertex -20.9142 5.41421 4.2
    endloop
  endfacet
  facet normal 0.831435 -0.555622 0
    outer loop
      vertex -20.9142 5.41421 2.6
      vertex -21.3478 4.76537 4.2
      vertex -21.3478 4.76537 2.6
    endloop
  endfacet
  facet normal -0.831464 -0.555578 0
    outer loop
      vertex -6.65224 4.76537 2.6
      vertex -7.08579 5.41421 4.2
      vertex -7.08579 5.41421 2.6
    endloop
  endfacet
  facet normal -0.831464 -0.555578 0
    outer loop
      vertex -7.08579 5.41421 4.2
      vertex -6.65224 4.76537 2.6
      vertex -6.65224 4.76537 4.2
    endloop
  endfacet
  facet normal -0.555578 -0.831464 0
    outer loop
      vertex -7.73463 5.84776 2.6
      vertex -7.08579 5.41421 4.2
      vertex -7.73463 5.84776 4.2
    endloop
  endfacet
  facet normal -0.555578 -0.831464 -0
    outer loop
      vertex -7.08579 5.41421 4.2
      vertex -7.73463 5.84776 2.6
      vertex -7.08579 5.41421 2.6
    endloop
  endfacet
endsolid OpenSCAD_Model
