solid OpenSCAD_Model
  facet normal -1 0 0
    outer loop
      vertex -35 -38 0
      vertex -35 38 3
      vertex -35 38 0
    endloop
  endfacet
  facet normal -1 -0 0
    outer loop
      vertex -35 38 3
      vertex -35 -38 0
      vertex -35 -38 3
    endloop
  endfacet
  facet normal 0 0 1
    outer loop
      vertex -24.9213 29.139 3
      vertex -13 30 3
      vertex -24.8267 29.4177 3
    endloop
  endfacet
  facet normal 0 0 1
    outer loop
      vertex -13 -30 3
      vertex -24.7692 -29.7063 3
      vertex -24.75 -30 3
    endloop
  endfacet
  facet normal 0 0 1
    outer loop
      vertex -25.0514 28.875 3
      vertex -13 30 3
      vertex -24.9213 29.139 3
    endloop
  endfacet
  facet normal 0 0 1
    outer loop
      vertex -13 -30 3
      vertex -24.8267 -29.4177 3
      vertex -24.7692 -29.7063 3
    endloop
  endfacet
  facet normal 0 0 1
    outer loop
      vertex -25.215 28.6303 3
      vertex -13 30 3
      vertex -25.0514 28.875 3
    endloop
  endfacet
  facet normal 0 0 1
    outer loop
      vertex -13 -30 3
      vertex -24.9213 -29.139 3
      vertex -24.8267 -29.4177 3
    endloop
  endfacet
  facet normal 0 0 1
    outer loop
      vertex -25.409 28.409 3
      vertex -13 30 3
      vertex -25.215 28.6303 3
    endloop
  endfacet
  facet normal 0 0 1
    outer loop
      vertex -13 -30 3
      vertex -25.0514 -28.875 3
      vertex -24.9213 -29.139 3
    endloop
  endfacet
  facet normal 0 0 1
    outer loop
      vertex -25.6303 28.215 3
      vertex -13 30 3
      vertex -25.409 28.409 3
    endloop
  endfacet
  facet normal 0 0 1
    outer loop
      vertex -13 -30 3
      vertex -25.215 -28.6303 3
      vertex -25.0514 -28.875 3
    endloop
  endfacet
  facet normal 0 0 1
    outer loop
      vertex -25.875 28.0514 3
      vertex -13 30 3
      vertex -25.6303 28.215 3
    endloop
  endfacet
  facet normal 0 0 1
    outer loop
      vertex -13 -30 3
      vertex -25.409 -28.409 3
      vertex -25.215 -28.6303 3
    endloop
  endfacet
  facet normal 0 0 1
    outer loop
      vertex -26.139 27.9213 3
      vertex -13 30 3
      vertex -25.875 28.0514 3
    endloop
  endfacet
  facet normal 0 0 1
    outer loop
      vertex -13 -30 3
      vertex -25.6303 -28.215 3
      vertex -25.409 -28.409 3
    endloop
  endfacet
  facet normal 0 0 1
    outer loop
      vertex -13 30 3
      vertex -26.139 27.9213 3
      vertex -13 -30 3
    endloop
  endfacet
  facet normal 0 0 1
    outer loop
      vertex -13 -30 3
      vertex -25.875 -28.0514 3
      vertex -25.6303 -28.215 3
    endloop
  endfacet
  facet normal -0 0 1
    outer loop
      vertex -26.139 -27.9213 3
      vertex -13 -30 3
      vertex -26.139 27.9213 3
    endloop
  endfacet
  facet normal 0 0 1
    outer loop
      vertex -13 -30 3
      vertex -26.139 -27.9213 3
      vertex -25.875 -28.0514 3
    endloop
  endfacet
  facet normal -0 0 1
    outer loop
      vertex -26.4177 27.8267 3
      vertex -26.139 -27.9213 3
      vertex -26.139 27.9213 3
    endloop
  endfacet
  facet normal 0 0 1
    outer loop
      vertex -26.4177 27.8267 3
      vertex -26.4177 -27.8267 3
      vertex -26.139 -27.9213 3
    endloop
  endfacet
  facet normal -0 0 1
    outer loop
      vertex -26.7063 27.7692 3
      vertex -26.4177 -27.8267 3
      vertex -26.4177 27.8267 3
    endloop
  endfacet
  facet normal 0 0 1
    outer loop
      vertex -26.7063 27.7692 3
      vertex -26.7063 -27.7692 3
      vertex -26.4177 -27.8267 3
    endloop
  endfacet
  facet normal -0 0 1
    outer loop
      vertex -27 27.75 3
      vertex -26.7063 -27.7692 3
      vertex -26.7063 27.7692 3
    endloop
  endfacet
  facet normal 0 0 1
    outer loop
      vertex -27 27.75 3
      vertex -27 -27.75 3
      vertex -26.7063 -27.7692 3
    endloop
  endfacet
  facet normal 0 0 1
    outer loop
      vertex -27.2937 27.7692 3
      vertex -27 -27.75 3
      vertex -27 27.75 3
    endloop
  endfacet
  facet normal 0 0 1
    outer loop
      vertex -27.2937 27.7692 3
      vertex -27.2937 -27.7692 3
      vertex -27 -27.75 3
    endloop
  endfacet
  facet normal 0 0 1
    outer loop
      vertex -27.5823 27.8267 3
      vertex -27.2937 -27.7692 3
      vertex -27.2937 27.7692 3
    endloop
  endfacet
  facet normal 0 0 1
    outer loop
      vertex -27.5823 27.8267 3
      vertex -27.5823 -27.8267 3
      vertex -27.2937 -27.7692 3
    endloop
  endfacet
  facet normal 0 0 1
    outer loop
      vertex -27.861 27.9213 3
      vertex -27.5823 -27.8267 3
      vertex -27.5823 27.8267 3
    endloop
  endfacet
  facet normal 0 0 1
    outer loop
      vertex -27.861 27.9213 3
      vertex -27.861 -27.9213 3
      vertex -27.5823 -27.8267 3
    endloop
  endfacet
  facet normal 0 0 1
    outer loop
      vertex -28.125 28.0514 3
      vertex -27.861 -27.9213 3
      vertex -27.861 27.9213 3
    endloop
  endfacet
  facet normal 0 0 1
    outer loop
      vertex -28.125 28.0514 3
      vertex -28.125 -28.0514 3
      vertex -27.861 -27.9213 3
    endloop
  endfacet
  facet normal 0 0 1
    outer loop
      vertex -28.3697 28.215 3
      vertex -28.125 -28.0514 3
      vertex -28.125 28.0514 3
    endloop
  endfacet
  facet normal 0 0 1
    outer loop
      vertex -28.3697 28.215 3
      vertex -28.3697 -28.215 3
      vertex -28.125 -28.0514 3
    endloop
  endfacet
  facet normal 0 0 1
    outer loop
      vertex -28.591 28.409 3
      vertex -28.3697 -28.215 3
      vertex -28.3697 28.215 3
    endloop
  endfacet
  facet normal 0 0 1
    outer loop
      vertex -28.591 28.409 3
      vertex -28.591 -28.409 3
      vertex -28.3697 -28.215 3
    endloop
  endfacet
  facet normal 0 0 1
    outer loop
      vertex -28.785 28.6303 3
      vertex -28.591 -28.409 3
      vertex -28.591 28.409 3
    endloop
  endfacet
  facet normal 0 0 1
    outer loop
      vertex -28.785 28.6303 3
      vertex -28.785 -28.6303 3
      vertex -28.591 -28.409 3
    endloop
  endfacet
  facet normal 0 0 1
    outer loop
      vertex -28.9486 28.875 3
      vertex -28.785 -28.6303 3
      vertex -28.785 28.6303 3
    endloop
  endfacet
  facet normal 0 0 1
    outer loop
      vertex -28.9486 28.875 3
      vertex -28.9486 -28.875 3
      vertex -28.785 -28.6303 3
    endloop
  endfacet
  facet normal 0 0 1
    outer loop
      vertex -35 38 3
      vertex -28.9486 28.875 3
      vertex -29.0787 29.139 3
    endloop
  endfacet
  facet normal 0 0 1
    outer loop
      vertex -28.9486 28.875 3
      vertex -35 38 3
      vertex -28.9486 -28.875 3
    endloop
  endfacet
  facet normal 0 0 1
    outer loop
      vertex -35 38 3
      vertex -29.0787 29.139 3
      vertex -29.1733 29.4177 3
    endloop
  endfacet
  facet normal 0 0 1
    outer loop
      vertex -35 -38 3
      vertex -28.9486 -28.875 3
      vertex -35 38 3
    endloop
  endfacet
  facet normal 0 0 1
    outer loop
      vertex -35 38 3
      vertex -29.1733 29.4177 3
      vertex -29.2308 29.7063 3
    endloop
  endfacet
  facet normal 0 0 1
    outer loop
      vertex -28.9486 -28.875 3
      vertex -35 -38 3
      vertex -29.0787 -29.139 3
    endloop
  endfacet
  facet normal 0 0 1
    outer loop
      vertex -35 38 3
      vertex -29.2308 29.7063 3
      vertex -29.25 30 3
    endloop
  endfacet
  facet normal 0 0 1
    outer loop
      vertex -29.0787 -29.139 3
      vertex -35 -38 3
      vertex -29.1733 -29.4177 3
    endloop
  endfacet
  facet normal 0 0 1
    outer loop
      vertex -8.5 -30 3
      vertex -13 -30 3
      vertex -8.5 -34 3
    endloop
  endfacet
  facet normal 0 0 1
    outer loop
      vertex 29.0787 29.139 3
      vertex 35 38 3
      vertex 29.1733 29.4177 3
    endloop
  endfacet
  facet normal 0 0 1
    outer loop
      vertex 35 -38 3
      vertex 29.2308 -29.7063 3
      vertex 29.25 -30 3
    endloop
  endfacet
  facet normal 0 0 1
    outer loop
      vertex 28.9486 28.875 3
      vertex 35 38 3
      vertex 29.0787 29.139 3
    endloop
  endfacet
  facet normal 0 0 1
    outer loop
      vertex 35 -38 3
      vertex 29.1733 -29.4177 3
      vertex 29.2308 -29.7063 3
    endloop
  endfacet
  facet normal 0 0 1
    outer loop
      vertex 35 38 3
      vertex 28.9486 28.875 3
      vertex 35 -38 3
    endloop
  endfacet
  facet normal 0 0 1
    outer loop
      vertex 35 -38 3
      vertex 29.0787 -29.139 3
      vertex 29.1733 -29.4177 3
    endloop
  endfacet
  facet normal -0 0 1
    outer loop
      vertex 28.9486 -28.875 3
      vertex 35 -38 3
      vertex 28.9486 28.875 3
    endloop
  endfacet
  facet normal 0 0 1
    outer loop
      vertex 35 -38 3
      vertex 28.9486 -28.875 3
      vertex 29.0787 -29.139 3
    endloop
  endfacet
  facet normal -0 0 1
    outer loop
      vertex 28.785 28.6303 3
      vertex 28.9486 -28.875 3
      vertex 28.9486 28.875 3
    endloop
  endfacet
  facet normal 0 0 1
    outer loop
      vertex 28.785 28.6303 3
      vertex 28.785 -28.6303 3
      vertex 28.9486 -28.875 3
    endloop
  endfacet
  facet normal -0 0 1
    outer loop
      vertex 28.591 28.409 3
      vertex 28.785 -28.6303 3
      vertex 28.785 28.6303 3
    endloop
  endfacet
  facet normal 0 0 1
    outer loop
      vertex 28.591 28.409 3
      vertex 28.591 -28.409 3
      vertex 28.785 -28.6303 3
    endloop
  endfacet
  facet normal -0 0 1
    outer loop
      vertex 28.3697 28.215 3
      vertex 28.591 -28.409 3
      vertex 28.591 28.409 3
    endloop
  endfacet
  facet normal 0 0 1
    outer loop
      vertex 28.3697 28.215 3
      vertex 28.3697 -28.215 3
      vertex 28.591 -28.409 3
    endloop
  endfacet
  facet normal -0 0 1
    outer loop
      vertex 28.125 28.0514 3
      vertex 28.3697 -28.215 3
      vertex 28.3697 28.215 3
    endloop
  endfacet
  facet normal 0 0 1
    outer loop
      vertex 28.125 28.0514 3
      vertex 28.125 -28.0514 3
      vertex 28.3697 -28.215 3
    endloop
  endfacet
  facet normal -0 0 1
    outer loop
      vertex 27.861 27.9213 3
      vertex 28.125 -28.0514 3
      vertex 28.125 28.0514 3
    endloop
  endfacet
  facet normal 0 0 1
    outer loop
      vertex 27.861 27.9213 3
      vertex 27.861 -27.9213 3
      vertex 28.125 -28.0514 3
    endloop
  endfacet
  facet normal -0 0 1
    outer loop
      vertex 27.5823 27.8267 3
      vertex 27.861 -27.9213 3
      vertex 27.861 27.9213 3
    endloop
  endfacet
  facet normal 0 0 1
    outer loop
      vertex 27.5823 27.8267 3
      vertex 27.5823 -27.8267 3
      vertex 27.861 -27.9213 3
    endloop
  endfacet
  facet normal -0 0 1
    outer loop
      vertex 27.2937 27.7692 3
      vertex 27.5823 -27.8267 3
      vertex 27.5823 27.8267 3
    endloop
  endfacet
  facet normal 0 0 1
    outer loop
      vertex 27.2937 27.7692 3
      vertex 27.2937 -27.7692 3
      vertex 27.5823 -27.8267 3
    endloop
  endfacet
  facet normal -0 0 1
    outer loop
      vertex 27 27.75 3
      vertex 27.2937 -27.7692 3
      vertex 27.2937 27.7692 3
    endloop
  endfacet
  facet normal 0 0 1
    outer loop
      vertex 27 27.75 3
      vertex 27 -27.75 3
      vertex 27.2937 -27.7692 3
    endloop
  endfacet
  facet normal 0 0 1
    outer loop
      vertex 26.7063 27.7692 3
      vertex 27 -27.75 3
      vertex 27 27.75 3
    endloop
  endfacet
  facet normal 0 0 1
    outer loop
      vertex 26.7063 27.7692 3
      vertex 26.7063 -27.7692 3
      vertex 27 -27.75 3
    endloop
  endfacet
  facet normal 0 0 1
    outer loop
      vertex 26.4177 27.8267 3
      vertex 26.7063 -27.7692 3
      vertex 26.7063 27.7692 3
    endloop
  endfacet
  facet normal 0 0 1
    outer loop
      vertex 26.4177 27.8267 3
      vertex 26.4177 -27.8267 3
      vertex 26.7063 -27.7692 3
    endloop
  endfacet
  facet normal 0 0 1
    outer loop
      vertex 26.139 27.9213 3
      vertex 26.4177 -27.8267 3
      vertex 26.4177 27.8267 3
    endloop
  endfacet
  facet normal 0 0 1
    outer loop
      vertex 26.139 27.9213 3
      vertex 26.139 -27.9213 3
      vertex 26.4177 -27.8267 3
    endloop
  endfacet
  facet normal 0 0 1
    outer loop
      vertex 13 30 3
      vertex 26.139 27.9213 3
      vertex 25.875 28.0514 3
    endloop
  endfacet
  facet normal 0 0 1
    outer loop
      vertex 26.139 27.9213 3
      vertex 13 30 3
      vertex 26.139 -27.9213 3
    endloop
  endfacet
  facet normal 0 0 1
    outer loop
      vertex 13 30 3
      vertex 25.875 28.0514 3
      vertex 25.6303 28.215 3
    endloop
  endfacet
  facet normal 0 0 1
    outer loop
      vertex 13 -30 3
      vertex 26.139 -27.9213 3
      vertex 13 30 3
    endloop
  endfacet
  facet normal 0 0 1
    outer loop
      vertex 13 30 3
      vertex 25.6303 28.215 3
      vertex 25.409 28.409 3
    endloop
  endfacet
  facet normal 0 0 1
    outer loop
      vertex 26.139 -27.9213 3
      vertex 13 -30 3
      vertex 25.875 -28.0514 3
    endloop
  endfacet
  facet normal 0 0 1
    outer loop
      vertex 13 30 3
      vertex 25.409 28.409 3
      vertex 25.215 28.6303 3
    endloop
  endfacet
  facet normal 0 0 1
    outer loop
      vertex 25.875 -28.0514 3
      vertex 13 -30 3
      vertex 25.6303 -28.215 3
    endloop
  endfacet
  facet normal 0 0 1
    outer loop
      vertex 13 30 3
      vertex 25.215 28.6303 3
      vertex 25.0514 28.875 3
    endloop
  endfacet
  facet normal 0 0 1
    outer loop
      vertex 25.6303 -28.215 3
      vertex 13 -30 3
      vertex 25.409 -28.409 3
    endloop
  endfacet
  facet normal 0 0 1
    outer loop
      vertex 13 30 3
      vertex 25.0514 28.875 3
      vertex 24.9213 29.139 3
    endloop
  endfacet
  facet normal 0 0 1
    outer loop
      vertex 25.409 -28.409 3
      vertex 13 -30 3
      vertex 25.215 -28.6303 3
    endloop
  endfacet
  facet normal 0 0 1
    outer loop
      vertex 13 30 3
      vertex 24.9213 29.139 3
      vertex 24.8267 29.4177 3
    endloop
  endfacet
  facet normal 0 0 1
    outer loop
      vertex 25.215 -28.6303 3
      vertex 13 -30 3
      vertex 25.0514 -28.875 3
    endloop
  endfacet
  facet normal 0 0 1
    outer loop
      vertex 13 30 3
      vertex 24.8267 29.4177 3
      vertex 24.7692 29.7063 3
    endloop
  endfacet
  facet normal 0 0 1
    outer loop
      vertex 25.0514 -28.875 3
      vertex 13 -30 3
      vertex 24.9213 -29.139 3
    endloop
  endfacet
  facet normal -0 0 1
    outer loop
      vertex 13 30 3
      vertex 24.7692 29.7063 3
      vertex 24.75 30 3
    endloop
  endfacet
  facet normal 0 0 1
    outer loop
      vertex 24.9213 -29.139 3
      vertex 13 -30 3
      vertex 24.8267 -29.4177 3
    endloop
  endfacet
  facet normal 0 0 1
    outer loop
      vertex 29.2308 29.7063 3
      vertex 35 38 3
      vertex 29.25 30 3
    endloop
  endfacet
  facet normal 0 0 1
    outer loop
      vertex 35 38 3
      vertex 29.2308 30.2937 3
      vertex 29.25 30 3
    endloop
  endfacet
  facet normal 0 0 1
    outer loop
      vertex 35 38 3
      vertex 29.1733 30.5823 3
      vertex 29.2308 30.2937 3
    endloop
  endfacet
  facet normal 0 0 1
    outer loop
      vertex 35 38 3
      vertex 29.0787 30.861 3
      vertex 29.1733 30.5823 3
    endloop
  endfacet
  facet normal 0 0 1
    outer loop
      vertex 35 38 3
      vertex 28.9486 31.125 3
      vertex 29.0787 30.861 3
    endloop
  endfacet
  facet normal 0 0 1
    outer loop
      vertex 35 38 3
      vertex 28.785 31.3697 3
      vertex 28.9486 31.125 3
    endloop
  endfacet
  facet normal 0 0 1
    outer loop
      vertex 35 38 3
      vertex 28.591 31.591 3
      vertex 28.785 31.3697 3
    endloop
  endfacet
  facet normal 0 0 1
    outer loop
      vertex 35 38 3
      vertex 28.3697 31.785 3
      vertex 28.591 31.591 3
    endloop
  endfacet
  facet normal 0 0 1
    outer loop
      vertex 35 38 3
      vertex 28.125 31.9486 3
      vertex 28.3697 31.785 3
    endloop
  endfacet
  facet normal 0 0 1
    outer loop
      vertex 35 38 3
      vertex 27.861 32.0787 3
      vertex 28.125 31.9486 3
    endloop
  endfacet
  facet normal 0 0 1
    outer loop
      vertex 35 38 3
      vertex 27.5823 32.1733 3
      vertex 27.861 32.0787 3
    endloop
  endfacet
  facet normal 0 0 1
    outer loop
      vertex 35 38 3
      vertex 27.2937 32.2308 3
      vertex 27.5823 32.1733 3
    endloop
  endfacet
  facet normal 0 0 1
    outer loop
      vertex 35 38 3
      vertex 27 32.25 3
      vertex 27.2937 32.2308 3
    endloop
  endfacet
  facet normal 0 0 1
    outer loop
      vertex 35 38 3
      vertex 26.7063 32.2308 3
      vertex 27 32.25 3
    endloop
  endfacet
  facet normal 0 0 1
    outer loop
      vertex 35 38 3
      vertex 26.4177 32.1733 3
      vertex 26.7063 32.2308 3
    endloop
  endfacet
  facet normal 0 0 1
    outer loop
      vertex 35 38 3
      vertex 26.139 32.0787 3
      vertex 26.4177 32.1733 3
    endloop
  endfacet
  facet normal 0 0 1
    outer loop
      vertex 13 30 3
      vertex 26.139 32.0787 3
      vertex 35 38 3
    endloop
  endfacet
  facet normal 0 0 1
    outer loop
      vertex 24.8267 -29.4177 3
      vertex 13 -30 3
      vertex 24.7692 -29.7063 3
    endloop
  endfacet
  facet normal 0 0 1
    outer loop
      vertex 24.7692 30.2937 3
      vertex 13 30 3
      vertex 24.75 30 3
    endloop
  endfacet
  facet normal 0 0 1
    outer loop
      vertex 24.8267 30.5823 3
      vertex 13 30 3
      vertex 24.7692 30.2937 3
    endloop
  endfacet
  facet normal 0 0 1
    outer loop
      vertex 24.9213 30.861 3
      vertex 13 30 3
      vertex 24.8267 30.5823 3
    endloop
  endfacet
  facet normal 0 0 1
    outer loop
      vertex 25.0514 31.125 3
      vertex 13 30 3
      vertex 24.9213 30.861 3
    endloop
  endfacet
  facet normal 0 0 1
    outer loop
      vertex 25.215 31.3697 3
      vertex 13 30 3
      vertex 25.0514 31.125 3
    endloop
  endfacet
  facet normal 0 0 1
    outer loop
      vertex 25.409 31.591 3
      vertex 13 30 3
      vertex 25.215 31.3697 3
    endloop
  endfacet
  facet normal 0 0 1
    outer loop
      vertex 25.6303 31.785 3
      vertex 13 30 3
      vertex 25.409 31.591 3
    endloop
  endfacet
  facet normal 0 0 1
    outer loop
      vertex 25.875 31.9486 3
      vertex 13 30 3
      vertex 25.6303 31.785 3
    endloop
  endfacet
  facet normal 0 0 1
    outer loop
      vertex 26.139 32.0787 3
      vertex 13 30 3
      vertex 25.875 31.9486 3
    endloop
  endfacet
  facet normal 0 0 1
    outer loop
      vertex 35 38 3
      vertex -13 30 3
      vertex 13 30 3
    endloop
  endfacet
  facet normal 0 0 1
    outer loop
      vertex -24.7692 29.7063 3
      vertex -13 30 3
      vertex -24.75 30 3
    endloop
  endfacet
  facet normal -0 0 1
    outer loop
      vertex -35 38 3
      vertex -13 30 3
      vertex 35 38 3
    endloop
  endfacet
  facet normal 0 0 1
    outer loop
      vertex -13 30 3
      vertex -24.7692 30.2937 3
      vertex -24.75 30 3
    endloop
  endfacet
  facet normal 0 0 1
    outer loop
      vertex -13 30 3
      vertex -24.8267 30.5823 3
      vertex -24.7692 30.2937 3
    endloop
  endfacet
  facet normal 0 0 1
    outer loop
      vertex -13 30 3
      vertex -24.9213 30.861 3
      vertex -24.8267 30.5823 3
    endloop
  endfacet
  facet normal 0 0 1
    outer loop
      vertex -13 30 3
      vertex -25.0514 31.125 3
      vertex -24.9213 30.861 3
    endloop
  endfacet
  facet normal 0 0 1
    outer loop
      vertex -13 30 3
      vertex -25.215 31.3697 3
      vertex -25.0514 31.125 3
    endloop
  endfacet
  facet normal 0 0 1
    outer loop
      vertex -13 30 3
      vertex -25.409 31.591 3
      vertex -25.215 31.3697 3
    endloop
  endfacet
  facet normal 0 0 1
    outer loop
      vertex -13 30 3
      vertex -25.6303 31.785 3
      vertex -25.409 31.591 3
    endloop
  endfacet
  facet normal 0 0 1
    outer loop
      vertex -13 30 3
      vertex -25.875 31.9486 3
      vertex -25.6303 31.785 3
    endloop
  endfacet
  facet normal -0 -0 1
    outer loop
      vertex -26.139 32.0787 3
      vertex -13 30 3
      vertex -35 38 3
    endloop
  endfacet
  facet normal 0 0 1
    outer loop
      vertex -13 30 3
      vertex -26.139 32.0787 3
      vertex -25.875 31.9486 3
    endloop
  endfacet
  facet normal 0 0 1
    outer loop
      vertex -26.139 32.0787 3
      vertex -35 38 3
      vertex -26.4177 32.1733 3
    endloop
  endfacet
  facet normal 0 0 1
    outer loop
      vertex -26.4177 32.1733 3
      vertex -35 38 3
      vertex -26.7063 32.2308 3
    endloop
  endfacet
  facet normal 0 0 1
    outer loop
      vertex -26.7063 32.2308 3
      vertex -35 38 3
      vertex -27 32.25 3
    endloop
  endfacet
  facet normal 0 0 1
    outer loop
      vertex -29.1733 -29.4177 3
      vertex -35 -38 3
      vertex -29.2308 -29.7063 3
    endloop
  endfacet
  facet normal 0 0 1
    outer loop
      vertex -29.2308 30.2937 3
      vertex -35 38 3
      vertex -29.25 30 3
    endloop
  endfacet
  facet normal 0 0 1
    outer loop
      vertex -29.1733 30.5823 3
      vertex -35 38 3
      vertex -29.2308 30.2937 3
    endloop
  endfacet
  facet normal 0 0 1
    outer loop
      vertex -29.0787 30.861 3
      vertex -35 38 3
      vertex -29.1733 30.5823 3
    endloop
  endfacet
  facet normal 0 0 1
    outer loop
      vertex -28.9486 31.125 3
      vertex -35 38 3
      vertex -29.0787 30.861 3
    endloop
  endfacet
  facet normal 0 0 1
    outer loop
      vertex -28.785 31.3697 3
      vertex -35 38 3
      vertex -28.9486 31.125 3
    endloop
  endfacet
  facet normal 0 0 1
    outer loop
      vertex -28.591 31.591 3
      vertex -35 38 3
      vertex -28.785 31.3697 3
    endloop
  endfacet
  facet normal 0 0 1
    outer loop
      vertex -28.3697 31.785 3
      vertex -35 38 3
      vertex -28.591 31.591 3
    endloop
  endfacet
  facet normal 0 0 1
    outer loop
      vertex -28.125 31.9486 3
      vertex -35 38 3
      vertex -28.3697 31.785 3
    endloop
  endfacet
  facet normal 0 0 1
    outer loop
      vertex -27.861 32.0787 3
      vertex -35 38 3
      vertex -28.125 31.9486 3
    endloop
  endfacet
  facet normal 0 0 1
    outer loop
      vertex -27.5823 32.1733 3
      vertex -35 38 3
      vertex -27.861 32.0787 3
    endloop
  endfacet
  facet normal 0 0 1
    outer loop
      vertex -27.2937 32.2308 3
      vertex -35 38 3
      vertex -27.5823 32.1733 3
    endloop
  endfacet
  facet normal 0 0 1
    outer loop
      vertex -27 32.25 3
      vertex -35 38 3
      vertex -27.2937 32.2308 3
    endloop
  endfacet
  facet normal 0 0 1
    outer loop
      vertex 29.1733 29.4177 3
      vertex 35 38 3
      vertex 29.2308 29.7063 3
    endloop
  endfacet
  facet normal -0 0 1
    outer loop
      vertex 29.2308 -30.2937 3
      vertex 35 -38 3
      vertex 29.25 -30 3
    endloop
  endfacet
  facet normal -0 0 1
    outer loop
      vertex 29.1733 -30.5823 3
      vertex 35 -38 3
      vertex 29.2308 -30.2937 3
    endloop
  endfacet
  facet normal -0 0 1
    outer loop
      vertex 29.0787 -30.861 3
      vertex 35 -38 3
      vertex 29.1733 -30.5823 3
    endloop
  endfacet
  facet normal -0 0 1
    outer loop
      vertex 28.9486 -31.125 3
      vertex 35 -38 3
      vertex 29.0787 -30.861 3
    endloop
  endfacet
  facet normal -0 0 1
    outer loop
      vertex 28.785 -31.3697 3
      vertex 35 -38 3
      vertex 28.9486 -31.125 3
    endloop
  endfacet
  facet normal -0 0 1
    outer loop
      vertex 28.591 -31.591 3
      vertex 35 -38 3
      vertex 28.785 -31.3697 3
    endloop
  endfacet
  facet normal -0 0 1
    outer loop
      vertex 28.3697 -31.785 3
      vertex 35 -38 3
      vertex 28.591 -31.591 3
    endloop
  endfacet
  facet normal -0 0 1
    outer loop
      vertex 28.125 -31.9486 3
      vertex 35 -38 3
      vertex 28.3697 -31.785 3
    endloop
  endfacet
  facet normal -0 0 1
    outer loop
      vertex 27.861 -32.0787 3
      vertex 35 -38 3
      vertex 28.125 -31.9486 3
    endloop
  endfacet
  facet normal -0 0 1
    outer loop
      vertex 27.5823 -32.1733 3
      vertex 35 -38 3
      vertex 27.861 -32.0787 3
    endloop
  endfacet
  facet normal -0 0 1
    outer loop
      vertex 27.2937 -32.2308 3
      vertex 35 -38 3
      vertex 27.5823 -32.1733 3
    endloop
  endfacet
  facet normal -0 0 1
    outer loop
      vertex 27 -32.25 3
      vertex 35 -38 3
      vertex 27.2937 -32.2308 3
    endloop
  endfacet
  facet normal 0 0 1
    outer loop
      vertex 26.7063 -32.2308 3
      vertex 35 -38 3
      vertex 27 -32.25 3
    endloop
  endfacet
  facet normal 0 0 1
    outer loop
      vertex 26.4177 -32.1733 3
      vertex 35 -38 3
      vertex 26.7063 -32.2308 3
    endloop
  endfacet
  facet normal 0 0 1
    outer loop
      vertex 26.139 -32.0787 3
      vertex 35 -38 3
      vertex 26.4177 -32.1733 3
    endloop
  endfacet
  facet normal 0 0 1
    outer loop
      vertex 8.5 -34 3
      vertex 26.139 -32.0787 3
      vertex 25.875 -31.9486 3
    endloop
  endfacet
  facet normal 0 0 1
    outer loop
      vertex 24.7692 -29.7063 3
      vertex 13 -30 3
      vertex 24.75 -30 3
    endloop
  endfacet
  facet normal 0 0 1
    outer loop
      vertex 24.75 -30 3
      vertex 13 -30 3
      vertex 24.7692 -30.2937 3
    endloop
  endfacet
  facet normal 0 0 1
    outer loop
      vertex 13 -30 3
      vertex 24.8267 -30.5823 3
      vertex 24.7692 -30.2937 3
    endloop
  endfacet
  facet normal 0 0 1
    outer loop
      vertex 13 -30 3
      vertex 24.9213 -30.861 3
      vertex 24.8267 -30.5823 3
    endloop
  endfacet
  facet normal 0 0 1
    outer loop
      vertex 13 -30 3
      vertex 25.0514 -31.125 3
      vertex 24.9213 -30.861 3
    endloop
  endfacet
  facet normal 0 0 1
    outer loop
      vertex 13 -30 3
      vertex 25.215 -31.3697 3
      vertex 25.0514 -31.125 3
    endloop
  endfacet
  facet normal 0 0 1
    outer loop
      vertex 13 -30 3
      vertex 25.409 -31.591 3
      vertex 25.215 -31.3697 3
    endloop
  endfacet
  facet normal 0 0 1
    outer loop
      vertex 13 -30 3
      vertex 25.6303 -31.785 3
      vertex 25.409 -31.591 3
    endloop
  endfacet
  facet normal 0 0 1
    outer loop
      vertex 8.5 -34 3
      vertex 25.6303 -31.785 3
      vertex 13 -30 3
    endloop
  endfacet
  facet normal 0 0 1
    outer loop
      vertex 25.6303 -31.785 3
      vertex 8.5 -34 3
      vertex 25.875 -31.9486 3
    endloop
  endfacet
  facet normal 0 0 1
    outer loop
      vertex 8.5 -34 3
      vertex 13 -30 3
      vertex 8.5 -30 3
    endloop
  endfacet
  facet normal 0 0 1
    outer loop
      vertex 26.139 -32.0787 3
      vertex 8.5 -34 3
      vertex 35 -38 3
    endloop
  endfacet
  facet normal -0 0 1
    outer loop
      vertex -8.5 -34 3
      vertex 35 -38 3
      vertex 8.5 -34 3
    endloop
  endfacet
  facet normal 0 0 1
    outer loop
      vertex -24.8267 29.4177 3
      vertex -13 30 3
      vertex -24.7692 29.7063 3
    endloop
  endfacet
  facet normal 0 0 1
    outer loop
      vertex -24.7692 -30.2937 3
      vertex -13 -30 3
      vertex -24.75 -30 3
    endloop
  endfacet
  facet normal 0 0 1
    outer loop
      vertex -24.8267 -30.5823 3
      vertex -13 -30 3
      vertex -24.7692 -30.2937 3
    endloop
  endfacet
  facet normal 0 0 1
    outer loop
      vertex -24.9213 -30.861 3
      vertex -13 -30 3
      vertex -24.8267 -30.5823 3
    endloop
  endfacet
  facet normal 0 0 1
    outer loop
      vertex -25.0514 -31.125 3
      vertex -13 -30 3
      vertex -24.9213 -30.861 3
    endloop
  endfacet
  facet normal 0 0 1
    outer loop
      vertex -25.215 -31.3697 3
      vertex -13 -30 3
      vertex -25.0514 -31.125 3
    endloop
  endfacet
  facet normal 0 0 1
    outer loop
      vertex -25.409 -31.591 3
      vertex -13 -30 3
      vertex -25.215 -31.3697 3
    endloop
  endfacet
  facet normal 0 0 1
    outer loop
      vertex -13 -30 3
      vertex -25.409 -31.591 3
      vertex -8.5 -34 3
    endloop
  endfacet
  facet normal -0 0 1
    outer loop
      vertex -25.6303 -31.785 3
      vertex -8.5 -34 3
      vertex -25.409 -31.591 3
    endloop
  endfacet
  facet normal -0 0 1
    outer loop
      vertex -25.875 -31.9486 3
      vertex -8.5 -34 3
      vertex -25.6303 -31.785 3
    endloop
  endfacet
  facet normal -0 0 1
    outer loop
      vertex -26.139 -32.0787 3
      vertex -8.5 -34 3
      vertex -25.875 -31.9486 3
    endloop
  endfacet
  facet normal 0 0 1
    outer loop
      vertex -35 -38 3
      vertex -26.139 -32.0787 3
      vertex -26.4177 -32.1733 3
    endloop
  endfacet
  facet normal 0 0 1
    outer loop
      vertex -35 -38 3
      vertex -26.4177 -32.1733 3
      vertex -26.7063 -32.2308 3
    endloop
  endfacet
  facet normal 0 0 1
    outer loop
      vertex -35 -38 3
      vertex -26.7063 -32.2308 3
      vertex -27 -32.25 3
    endloop
  endfacet
  facet normal 0 0 1
    outer loop
      vertex -35 -38 3
      vertex -27 -32.25 3
      vertex -27.2937 -32.2308 3
    endloop
  endfacet
  facet normal 0 0 1
    outer loop
      vertex -29.2308 -29.7063 3
      vertex -35 -38 3
      vertex -29.25 -30 3
    endloop
  endfacet
  facet normal 0 0 1
    outer loop
      vertex -8.5 -34 3
      vertex -35 -38 3
      vertex 35 -38 3
    endloop
  endfacet
  facet normal 0 0 1
    outer loop
      vertex -26.139 -32.0787 3
      vertex -35 -38 3
      vertex -8.5 -34 3
    endloop
  endfacet
  facet normal 0 0 1
    outer loop
      vertex -27.5823 -32.1733 3
      vertex -35 -38 3
      vertex -27.2937 -32.2308 3
    endloop
  endfacet
  facet normal 0 0 1
    outer loop
      vertex -27.861 -32.0787 3
      vertex -35 -38 3
      vertex -27.5823 -32.1733 3
    endloop
  endfacet
  facet normal 0 0 1
    outer loop
      vertex -28.125 -31.9486 3
      vertex -35 -38 3
      vertex -27.861 -32.0787 3
    endloop
  endfacet
  facet normal 0 0 1
    outer loop
      vertex -28.3697 -31.785 3
      vertex -35 -38 3
      vertex -28.125 -31.9486 3
    endloop
  endfacet
  facet normal 0 0 1
    outer loop
      vertex -28.591 -31.591 3
      vertex -35 -38 3
      vertex -28.3697 -31.785 3
    endloop
  endfacet
  facet normal 0 0 1
    outer loop
      vertex -28.785 -31.3697 3
      vertex -35 -38 3
      vertex -28.591 -31.591 3
    endloop
  endfacet
  facet normal 0 0 1
    outer loop
      vertex -28.9486 -31.125 3
      vertex -35 -38 3
      vertex -28.785 -31.3697 3
    endloop
  endfacet
  facet normal 0 0 1
    outer loop
      vertex -29.0787 -30.861 3
      vertex -35 -38 3
      vertex -28.9486 -31.125 3
    endloop
  endfacet
  facet normal 0 0 1
    outer loop
      vertex -29.1733 -30.5823 3
      vertex -35 -38 3
      vertex -29.0787 -30.861 3
    endloop
  endfacet
  facet normal 0 0 1
    outer loop
      vertex -29.2308 -30.2937 3
      vertex -35 -38 3
      vertex -29.1733 -30.5823 3
    endloop
  endfacet
  facet normal 0 0 1
    outer loop
      vertex -29.25 -30 3
      vertex -35 -38 3
      vertex -29.2308 -30.2937 3
    endloop
  endfacet
  facet normal 1 -0 0
    outer loop
      vertex 35 -38 3
      vertex 35 38 0
      vertex 35 38 3
    endloop
  endfacet
  facet normal 1 0 0
    outer loop
      vertex 35 38 0
      vertex 35 -38 3
      vertex 35 -38 0
    endloop
  endfacet
  facet normal 0 0 -1
    outer loop
      vertex 25.0514 -28.875 0
      vertex -25.0514 -28.875 0
      vertex 25.215 -28.6303 0
    endloop
  endfacet
  facet normal 0 0 -1
    outer loop
      vertex 25.409 28.409 0
      vertex -24.7692 29.7063 0
      vertex -24.75 30 0
    endloop
  endfacet
  facet normal 0 0 -1
    outer loop
      vertex -25.215 -28.6303 0
      vertex 25.215 -28.6303 0
      vertex -25.0514 -28.875 0
    endloop
  endfacet
  facet normal 0 0 -1
    outer loop
      vertex 25.409 28.409 0
      vertex -24.8267 29.4177 0
      vertex -24.7692 29.7063 0
    endloop
  endfacet
  facet normal 0 0 -1
    outer loop
      vertex 25.215 -28.6303 0
      vertex -25.215 -28.6303 0
      vertex 25.409 -28.409 0
    endloop
  endfacet
  facet normal 0 0 -1
    outer loop
      vertex 25.409 28.409 0
      vertex -24.9213 29.139 0
      vertex -24.8267 29.4177 0
    endloop
  endfacet
  facet normal 0 0 -1
    outer loop
      vertex -25.409 -28.409 0
      vertex 25.409 -28.409 0
      vertex -25.215 -28.6303 0
    endloop
  endfacet
  facet normal 0 0 -1
    outer loop
      vertex 25.409 28.409 0
      vertex -25.0514 28.875 0
      vertex -24.9213 29.139 0
    endloop
  endfacet
  facet normal 0 0 -1
    outer loop
      vertex 25.409 -28.409 0
      vertex -25.409 -28.409 0
      vertex 25.409 28.409 0
    endloop
  endfacet
  facet normal 0 0 -1
    outer loop
      vertex 25.409 28.409 0
      vertex -25.215 28.6303 0
      vertex -25.0514 28.875 0
    endloop
  endfacet
  facet normal 0 0 -1
    outer loop
      vertex -25.409 28.409 0
      vertex 25.409 28.409 0
      vertex -25.409 -28.409 0
    endloop
  endfacet
  facet normal 0 0 -1
    outer loop
      vertex 25.409 28.409 0
      vertex -25.409 28.409 0
      vertex -25.215 28.6303 0
    endloop
  endfacet
  facet normal 0 0 -1
    outer loop
      vertex -25.6303 -28.215 0
      vertex -25.409 28.409 0
      vertex -25.409 -28.409 0
    endloop
  endfacet
  facet normal 0 0 -1
    outer loop
      vertex -25.6303 -28.215 0
      vertex -25.6303 28.215 0
      vertex -25.409 28.409 0
    endloop
  endfacet
  facet normal 0 0 -1
    outer loop
      vertex -25.875 -28.0514 0
      vertex -25.6303 28.215 0
      vertex -25.6303 -28.215 0
    endloop
  endfacet
  facet normal 0 0 -1
    outer loop
      vertex -25.875 -28.0514 0
      vertex -25.875 28.0514 0
      vertex -25.6303 28.215 0
    endloop
  endfacet
  facet normal 0 0 -1
    outer loop
      vertex -26.139 -27.9213 0
      vertex -25.875 28.0514 0
      vertex -25.875 -28.0514 0
    endloop
  endfacet
  facet normal 0 0 -1
    outer loop
      vertex -26.139 -27.9213 0
      vertex -26.139 27.9213 0
      vertex -25.875 28.0514 0
    endloop
  endfacet
  facet normal 0 0 -1
    outer loop
      vertex -26.4177 -27.8267 0
      vertex -26.139 27.9213 0
      vertex -26.139 -27.9213 0
    endloop
  endfacet
  facet normal 0 0 -1
    outer loop
      vertex -26.4177 -27.8267 0
      vertex -26.4177 27.8267 0
      vertex -26.139 27.9213 0
    endloop
  endfacet
  facet normal 0 0 -1
    outer loop
      vertex -26.7063 -27.7692 0
      vertex -26.4177 27.8267 0
      vertex -26.4177 -27.8267 0
    endloop
  endfacet
  facet normal 0 0 -1
    outer loop
      vertex -26.7063 -27.7692 0
      vertex -26.7063 27.7692 0
      vertex -26.4177 27.8267 0
    endloop
  endfacet
  facet normal 0 0 -1
    outer loop
      vertex -27 -27.75 0
      vertex -26.7063 27.7692 0
      vertex -26.7063 -27.7692 0
    endloop
  endfacet
  facet normal 0 0 -1
    outer loop
      vertex -27 -27.75 0
      vertex -27 27.75 0
      vertex -26.7063 27.7692 0
    endloop
  endfacet
  facet normal 0 0 -1
    outer loop
      vertex -27.2937 -27.7692 0
      vertex -27 27.75 0
      vertex -27 -27.75 0
    endloop
  endfacet
  facet normal 0 0 -1
    outer loop
      vertex -27.2937 -27.7692 0
      vertex -27.2937 27.7692 0
      vertex -27 27.75 0
    endloop
  endfacet
  facet normal 0 0 -1
    outer loop
      vertex -27.5823 -27.8267 0
      vertex -27.2937 27.7692 0
      vertex -27.2937 -27.7692 0
    endloop
  endfacet
  facet normal 0 0 -1
    outer loop
      vertex -27.5823 -27.8267 0
      vertex -27.5823 27.8267 0
      vertex -27.2937 27.7692 0
    endloop
  endfacet
  facet normal 0 0 -1
    outer loop
      vertex -27.861 -27.9213 0
      vertex -27.5823 27.8267 0
      vertex -27.5823 -27.8267 0
    endloop
  endfacet
  facet normal 0 0 -1
    outer loop
      vertex -27.861 -27.9213 0
      vertex -27.861 27.9213 0
      vertex -27.5823 27.8267 0
    endloop
  endfacet
  facet normal 0 0 -1
    outer loop
      vertex -28.125 -28.0514 0
      vertex -27.861 27.9213 0
      vertex -27.861 -27.9213 0
    endloop
  endfacet
  facet normal 0 0 -1
    outer loop
      vertex -28.125 -28.0514 0
      vertex -28.125 28.0514 0
      vertex -27.861 27.9213 0
    endloop
  endfacet
  facet normal 0 0 -1
    outer loop
      vertex -28.3697 -28.215 0
      vertex -28.125 28.0514 0
      vertex -28.125 -28.0514 0
    endloop
  endfacet
  facet normal 0 0 -1
    outer loop
      vertex -28.3697 -28.215 0
      vertex -28.3697 28.215 0
      vertex -28.125 28.0514 0
    endloop
  endfacet
  facet normal 0 0 -1
    outer loop
      vertex -28.591 -28.409 0
      vertex -28.3697 28.215 0
      vertex -28.3697 -28.215 0
    endloop
  endfacet
  facet normal 0 0 -1
    outer loop
      vertex -28.591 -28.409 0
      vertex -28.591 28.409 0
      vertex -28.3697 28.215 0
    endloop
  endfacet
  facet normal 0 0 -1
    outer loop
      vertex -28.785 -28.6303 0
      vertex -28.591 28.409 0
      vertex -28.591 -28.409 0
    endloop
  endfacet
  facet normal 0 0 -1
    outer loop
      vertex -28.785 -28.6303 0
      vertex -28.785 28.6303 0
      vertex -28.591 28.409 0
    endloop
  endfacet
  facet normal 0 0 -1
    outer loop
      vertex -28.9486 -28.875 0
      vertex -28.785 28.6303 0
      vertex -28.785 -28.6303 0
    endloop
  endfacet
  facet normal 0 0 -1
    outer loop
      vertex -28.9486 -28.875 0
      vertex -28.9486 28.875 0
      vertex -28.785 28.6303 0
    endloop
  endfacet
  facet normal 0 0 -1
    outer loop
      vertex -35 -38 0
      vertex -28.9486 -28.875 0
      vertex -29.0787 -29.139 0
    endloop
  endfacet
  facet normal -0 0 -1
    outer loop
      vertex -28.9486 -28.875 0
      vertex -35 -38 0
      vertex -28.9486 28.875 0
    endloop
  endfacet
  facet normal 0 0 -1
    outer loop
      vertex -35 -38 0
      vertex -29.0787 -29.139 0
      vertex -29.1733 -29.4177 0
    endloop
  endfacet
  facet normal 0 0 -1
    outer loop
      vertex -35 38 0
      vertex -28.9486 28.875 0
      vertex -35 -38 0
    endloop
  endfacet
  facet normal 0 0 -1
    outer loop
      vertex -35 -38 0
      vertex -29.1733 -29.4177 0
      vertex -29.2308 -29.7063 0
    endloop
  endfacet
  facet normal 0 0 -1
    outer loop
      vertex -28.9486 28.875 0
      vertex -35 38 0
      vertex -29.0787 29.139 0
    endloop
  endfacet
  facet normal 0 0 -1
    outer loop
      vertex -35 -38 0
      vertex -29.2308 -29.7063 0
      vertex -29.25 -30 0
    endloop
  endfacet
  facet normal 0 0 -1
    outer loop
      vertex -29.0787 29.139 0
      vertex -35 38 0
      vertex -29.1733 29.4177 0
    endloop
  endfacet
  facet normal 0 0 -1
    outer loop
      vertex 29.0787 -29.139 0
      vertex 35 -38 0
      vertex 29.1733 -29.4177 0
    endloop
  endfacet
  facet normal 0 0 -1
    outer loop
      vertex 35 38 0
      vertex 29.2308 29.7063 0
      vertex 29.25 30 0
    endloop
  endfacet
  facet normal 0 0 -1
    outer loop
      vertex 28.9486 -28.875 0
      vertex 35 -38 0
      vertex 29.0787 -29.139 0
    endloop
  endfacet
  facet normal 0 0 -1
    outer loop
      vertex 35 38 0
      vertex 29.1733 29.4177 0
      vertex 29.2308 29.7063 0
    endloop
  endfacet
  facet normal 0 0 -1
    outer loop
      vertex 35 -38 0
      vertex 28.9486 -28.875 0
      vertex 35 38 0
    endloop
  endfacet
  facet normal 0 0 -1
    outer loop
      vertex 35 38 0
      vertex 29.0787 29.139 0
      vertex 29.1733 29.4177 0
    endloop
  endfacet
  facet normal 0 0 -1
    outer loop
      vertex 28.9486 28.875 0
      vertex 35 38 0
      vertex 28.9486 -28.875 0
    endloop
  endfacet
  facet normal 0 0 -1
    outer loop
      vertex 35 38 0
      vertex 28.9486 28.875 0
      vertex 29.0787 29.139 0
    endloop
  endfacet
  facet normal 0 0 -1
    outer loop
      vertex 28.785 -28.6303 0
      vertex 28.9486 28.875 0
      vertex 28.9486 -28.875 0
    endloop
  endfacet
  facet normal 0 0 -1
    outer loop
      vertex 28.785 -28.6303 0
      vertex 28.785 28.6303 0
      vertex 28.9486 28.875 0
    endloop
  endfacet
  facet normal 0 0 -1
    outer loop
      vertex 28.591 -28.409 0
      vertex 28.785 28.6303 0
      vertex 28.785 -28.6303 0
    endloop
  endfacet
  facet normal 0 0 -1
    outer loop
      vertex 28.591 -28.409 0
      vertex 28.591 28.409 0
      vertex 28.785 28.6303 0
    endloop
  endfacet
  facet normal 0 0 -1
    outer loop
      vertex 28.3697 -28.215 0
      vertex 28.591 28.409 0
      vertex 28.591 -28.409 0
    endloop
  endfacet
  facet normal 0 0 -1
    outer loop
      vertex 28.3697 -28.215 0
      vertex 28.3697 28.215 0
      vertex 28.591 28.409 0
    endloop
  endfacet
  facet normal 0 0 -1
    outer loop
      vertex 28.125 -28.0514 0
      vertex 28.3697 28.215 0
      vertex 28.3697 -28.215 0
    endloop
  endfacet
  facet normal 0 0 -1
    outer loop
      vertex 28.125 -28.0514 0
      vertex 28.125 28.0514 0
      vertex 28.3697 28.215 0
    endloop
  endfacet
  facet normal 0 0 -1
    outer loop
      vertex 27.861 -27.9213 0
      vertex 28.125 28.0514 0
      vertex 28.125 -28.0514 0
    endloop
  endfacet
  facet normal 0 0 -1
    outer loop
      vertex 27.861 -27.9213 0
      vertex 27.861 27.9213 0
      vertex 28.125 28.0514 0
    endloop
  endfacet
  facet normal 0 0 -1
    outer loop
      vertex 27.5823 -27.8267 0
      vertex 27.861 27.9213 0
      vertex 27.861 -27.9213 0
    endloop
  endfacet
  facet normal 0 0 -1
    outer loop
      vertex 27.5823 -27.8267 0
      vertex 27.5823 27.8267 0
      vertex 27.861 27.9213 0
    endloop
  endfacet
  facet normal 0 0 -1
    outer loop
      vertex 27.2937 -27.7692 0
      vertex 27.5823 27.8267 0
      vertex 27.5823 -27.8267 0
    endloop
  endfacet
  facet normal 0 0 -1
    outer loop
      vertex 27.2937 -27.7692 0
      vertex 27.2937 27.7692 0
      vertex 27.5823 27.8267 0
    endloop
  endfacet
  facet normal 0 0 -1
    outer loop
      vertex 27 -27.75 0
      vertex 27.2937 27.7692 0
      vertex 27.2937 -27.7692 0
    endloop
  endfacet
  facet normal 0 0 -1
    outer loop
      vertex 27 -27.75 0
      vertex 27 27.75 0
      vertex 27.2937 27.7692 0
    endloop
  endfacet
  facet normal 0 0 -1
    outer loop
      vertex 26.7063 -27.7692 0
      vertex 27 27.75 0
      vertex 27 -27.75 0
    endloop
  endfacet
  facet normal 0 0 -1
    outer loop
      vertex 26.7063 -27.7692 0
      vertex 26.7063 27.7692 0
      vertex 27 27.75 0
    endloop
  endfacet
  facet normal 0 0 -1
    outer loop
      vertex 26.4177 -27.8267 0
      vertex 26.7063 27.7692 0
      vertex 26.7063 -27.7692 0
    endloop
  endfacet
  facet normal 0 0 -1
    outer loop
      vertex 26.4177 -27.8267 0
      vertex 26.4177 27.8267 0
      vertex 26.7063 27.7692 0
    endloop
  endfacet
  facet normal 0 0 -1
    outer loop
      vertex 26.139 -27.9213 0
      vertex 26.4177 27.8267 0
      vertex 26.4177 -27.8267 0
    endloop
  endfacet
  facet normal 0 0 -1
    outer loop
      vertex 26.139 -27.9213 0
      vertex 26.139 27.9213 0
      vertex 26.4177 27.8267 0
    endloop
  endfacet
  facet normal 0 0 -1
    outer loop
      vertex 25.875 -28.0514 0
      vertex 26.139 27.9213 0
      vertex 26.139 -27.9213 0
    endloop
  endfacet
  facet normal 0 0 -1
    outer loop
      vertex 25.875 -28.0514 0
      vertex 25.875 28.0514 0
      vertex 26.139 27.9213 0
    endloop
  endfacet
  facet normal 0 0 -1
    outer loop
      vertex 25.6303 -28.215 0
      vertex 25.875 28.0514 0
      vertex 25.875 -28.0514 0
    endloop
  endfacet
  facet normal 0 0 -1
    outer loop
      vertex 25.6303 -28.215 0
      vertex 25.6303 28.215 0
      vertex 25.875 28.0514 0
    endloop
  endfacet
  facet normal 0 0 -1
    outer loop
      vertex 25.409 -28.409 0
      vertex 25.6303 28.215 0
      vertex 25.6303 -28.215 0
    endloop
  endfacet
  facet normal 0 0 -1
    outer loop
      vertex 25.409 -28.409 0
      vertex 25.409 28.409 0
      vertex 25.6303 28.215 0
    endloop
  endfacet
  facet normal 0 0 -1
    outer loop
      vertex -24.9213 -29.139 0
      vertex 24.9213 -29.139 0
      vertex -24.8267 -29.4177 0
    endloop
  endfacet
  facet normal 0 0 -1
    outer loop
      vertex 24.9213 -29.139 0
      vertex -24.9213 -29.139 0
      vertex 25.0514 -28.875 0
    endloop
  endfacet
  facet normal 0 0 -1
    outer loop
      vertex 24.8267 -29.4177 0
      vertex -24.8267 -29.4177 0
      vertex 24.9213 -29.139 0
    endloop
  endfacet
  facet normal 0 0 -1
    outer loop
      vertex -25.0514 -28.875 0
      vertex 25.0514 -28.875 0
      vertex -24.9213 -29.139 0
    endloop
  endfacet
  facet normal 0 0 -1
    outer loop
      vertex -24.8267 -29.4177 0
      vertex 24.8267 -29.4177 0
      vertex -24.7692 -29.7063 0
    endloop
  endfacet
  facet normal 0 0 -1
    outer loop
      vertex 25.409 28.409 0
      vertex -24.75 30 0
      vertex 25.215 28.6303 0
    endloop
  endfacet
  facet normal 0 0 -1
    outer loop
      vertex 24.7692 -29.7063 0
      vertex -24.7692 -29.7063 0
      vertex 24.8267 -29.4177 0
    endloop
  endfacet
  facet normal 0 0 -1
    outer loop
      vertex 25.215 28.6303 0
      vertex -24.75 30 0
      vertex 25.0514 28.875 0
    endloop
  endfacet
  facet normal 0 0 -1
    outer loop
      vertex -24.7692 -29.7063 0
      vertex 24.7692 -29.7063 0
      vertex -24.75 -30 0
    endloop
  endfacet
  facet normal 0 0 -1
    outer loop
      vertex 25.0514 28.875 0
      vertex -24.75 30 0
      vertex 24.9213 29.139 0
    endloop
  endfacet
  facet normal 0 0 -1
    outer loop
      vertex -24.75 -30 0
      vertex 24.7692 -29.7063 0
      vertex 24.75 -30 0
    endloop
  endfacet
  facet normal 0 0 -1
    outer loop
      vertex 24.9213 29.139 0
      vertex -24.75 30 0
      vertex 24.8267 29.4177 0
    endloop
  endfacet
  facet normal 0 0 -1
    outer loop
      vertex 29.2308 -29.7063 0
      vertex 35 -38 0
      vertex 29.25 -30 0
    endloop
  endfacet
  facet normal 0 0 -1
    outer loop
      vertex 35 -38 0
      vertex 29.2308 -30.2937 0
      vertex 29.25 -30 0
    endloop
  endfacet
  facet normal 0 0 -1
    outer loop
      vertex 35 -38 0
      vertex 29.1733 -30.5823 0
      vertex 29.2308 -30.2937 0
    endloop
  endfacet
  facet normal 0 0 -1
    outer loop
      vertex 35 -38 0
      vertex 29.0787 -30.861 0
      vertex 29.1733 -30.5823 0
    endloop
  endfacet
  facet normal 0 0 -1
    outer loop
      vertex 35 -38 0
      vertex 28.9486 -31.125 0
      vertex 29.0787 -30.861 0
    endloop
  endfacet
  facet normal 0 0 -1
    outer loop
      vertex 35 -38 0
      vertex 28.785 -31.3697 0
      vertex 28.9486 -31.125 0
    endloop
  endfacet
  facet normal 0 0 -1
    outer loop
      vertex 35 -38 0
      vertex 28.591 -31.591 0
      vertex 28.785 -31.3697 0
    endloop
  endfacet
  facet normal 0 0 -1
    outer loop
      vertex 35 -38 0
      vertex 28.3697 -31.785 0
      vertex 28.591 -31.591 0
    endloop
  endfacet
  facet normal 0 0 -1
    outer loop
      vertex 35 -38 0
      vertex 28.125 -31.9486 0
      vertex 28.3697 -31.785 0
    endloop
  endfacet
  facet normal 0 0 -1
    outer loop
      vertex 35 -38 0
      vertex 27.861 -32.0787 0
      vertex 28.125 -31.9486 0
    endloop
  endfacet
  facet normal 0 0 -1
    outer loop
      vertex 35 -38 0
      vertex 27.5823 -32.1733 0
      vertex 27.861 -32.0787 0
    endloop
  endfacet
  facet normal 0 0 -1
    outer loop
      vertex 35 -38 0
      vertex 27.2937 -32.2308 0
      vertex 27.5823 -32.1733 0
    endloop
  endfacet
  facet normal 0 0 -1
    outer loop
      vertex 35 -38 0
      vertex 27 -32.25 0
      vertex 27.2937 -32.2308 0
    endloop
  endfacet
  facet normal 0 0 -1
    outer loop
      vertex 35 -38 0
      vertex 26.7063 -32.2308 0
      vertex 27 -32.25 0
    endloop
  endfacet
  facet normal 0 0 -1
    outer loop
      vertex 35 -38 0
      vertex 26.4177 -32.1733 0
      vertex 26.7063 -32.2308 0
    endloop
  endfacet
  facet normal 0 0 -1
    outer loop
      vertex 35 -38 0
      vertex 26.139 -32.0787 0
      vertex 26.4177 -32.1733 0
    endloop
  endfacet
  facet normal 0 0 -1
    outer loop
      vertex 35 -38 0
      vertex 25.875 -31.9486 0
      vertex 26.139 -32.0787 0
    endloop
  endfacet
  facet normal 0 0 -1
    outer loop
      vertex 24.8267 29.4177 0
      vertex -24.75 30 0
      vertex 24.7692 29.7063 0
    endloop
  endfacet
  facet normal 0 0 -1
    outer loop
      vertex 24.7692 -30.2937 0
      vertex -24.75 -30 0
      vertex 24.75 -30 0
    endloop
  endfacet
  facet normal 0 0 -1
    outer loop
      vertex -24.7692 -30.2937 0
      vertex 24.7692 -30.2937 0
      vertex 24.8267 -30.5823 0
    endloop
  endfacet
  facet normal 0 0 -1
    outer loop
      vertex -24.8267 -30.5823 0
      vertex 24.8267 -30.5823 0
      vertex 24.9213 -30.861 0
    endloop
  endfacet
  facet normal 0 0 -1
    outer loop
      vertex -24.9213 -30.861 0
      vertex 24.9213 -30.861 0
      vertex 25.0514 -31.125 0
    endloop
  endfacet
  facet normal 0 0 -1
    outer loop
      vertex -25.0514 -31.125 0
      vertex 25.0514 -31.125 0
      vertex 25.215 -31.3697 0
    endloop
  endfacet
  facet normal 0 0 -1
    outer loop
      vertex -25.215 -31.3697 0
      vertex 25.215 -31.3697 0
      vertex 25.409 -31.591 0
    endloop
  endfacet
  facet normal 0 0 -1
    outer loop
      vertex -25.409 -31.591 0
      vertex 25.409 -31.591 0
      vertex 25.6303 -31.785 0
    endloop
  endfacet
  facet normal 0 0 -1
    outer loop
      vertex -25.6303 -31.785 0
      vertex 25.6303 -31.785 0
      vertex 25.875 -31.9486 0
    endloop
  endfacet
  facet normal 0 0 -1
    outer loop
      vertex -25.875 -31.9486 0
      vertex 25.875 -31.9486 0
      vertex 35 -38 0
    endloop
  endfacet
  facet normal 0 0 -1
    outer loop
      vertex 24.7692 -30.2937 0
      vertex -24.7692 -30.2937 0
      vertex -24.75 -30 0
    endloop
  endfacet
  facet normal 0 0 -1
    outer loop
      vertex 24.8267 -30.5823 0
      vertex -24.8267 -30.5823 0
      vertex -24.7692 -30.2937 0
    endloop
  endfacet
  facet normal 0 0 -1
    outer loop
      vertex 24.9213 -30.861 0
      vertex -24.9213 -30.861 0
      vertex -24.8267 -30.5823 0
    endloop
  endfacet
  facet normal 0 0 -1
    outer loop
      vertex 25.0514 -31.125 0
      vertex -25.0514 -31.125 0
      vertex -24.9213 -30.861 0
    endloop
  endfacet
  facet normal 0 0 -1
    outer loop
      vertex 25.215 -31.3697 0
      vertex -25.215 -31.3697 0
      vertex -25.0514 -31.125 0
    endloop
  endfacet
  facet normal 0 0 -1
    outer loop
      vertex 25.409 -31.591 0
      vertex -25.409 -31.591 0
      vertex -25.215 -31.3697 0
    endloop
  endfacet
  facet normal 0 0 -1
    outer loop
      vertex 25.6303 -31.785 0
      vertex -25.6303 -31.785 0
      vertex -25.409 -31.591 0
    endloop
  endfacet
  facet normal 0 0 -1
    outer loop
      vertex 25.875 -31.9486 0
      vertex -25.875 -31.9486 0
      vertex -25.6303 -31.785 0
    endloop
  endfacet
  facet normal 0 0 -1
    outer loop
      vertex -35 -38 0
      vertex -25.875 -31.9486 0
      vertex 35 -38 0
    endloop
  endfacet
  facet normal 0 0 -1
    outer loop
      vertex -25.875 -31.9486 0
      vertex -35 -38 0
      vertex -26.139 -32.0787 0
    endloop
  endfacet
  facet normal 0 0 -1
    outer loop
      vertex -26.139 -32.0787 0
      vertex -35 -38 0
      vertex -26.4177 -32.1733 0
    endloop
  endfacet
  facet normal 0 0 -1
    outer loop
      vertex -26.4177 -32.1733 0
      vertex -35 -38 0
      vertex -26.7063 -32.2308 0
    endloop
  endfacet
  facet normal 0 0 -1
    outer loop
      vertex -26.7063 -32.2308 0
      vertex -35 -38 0
      vertex -27 -32.25 0
    endloop
  endfacet
  facet normal 0 0 -1
    outer loop
      vertex -29.1733 29.4177 0
      vertex -35 38 0
      vertex -29.2308 29.7063 0
    endloop
  endfacet
  facet normal -0 0 -1
    outer loop
      vertex -29.2308 -30.2937 0
      vertex -35 -38 0
      vertex -29.25 -30 0
    endloop
  endfacet
  facet normal -0 0 -1
    outer loop
      vertex -29.1733 -30.5823 0
      vertex -35 -38 0
      vertex -29.2308 -30.2937 0
    endloop
  endfacet
  facet normal -0 0 -1
    outer loop
      vertex -29.0787 -30.861 0
      vertex -35 -38 0
      vertex -29.1733 -30.5823 0
    endloop
  endfacet
  facet normal -0 0 -1
    outer loop
      vertex -28.9486 -31.125 0
      vertex -35 -38 0
      vertex -29.0787 -30.861 0
    endloop
  endfacet
  facet normal -0 0 -1
    outer loop
      vertex -28.785 -31.3697 0
      vertex -35 -38 0
      vertex -28.9486 -31.125 0
    endloop
  endfacet
  facet normal -0 0 -1
    outer loop
      vertex -28.591 -31.591 0
      vertex -35 -38 0
      vertex -28.785 -31.3697 0
    endloop
  endfacet
  facet normal -0 0 -1
    outer loop
      vertex -28.3697 -31.785 0
      vertex -35 -38 0
      vertex -28.591 -31.591 0
    endloop
  endfacet
  facet normal -0 0 -1
    outer loop
      vertex -28.125 -31.9486 0
      vertex -35 -38 0
      vertex -28.3697 -31.785 0
    endloop
  endfacet
  facet normal -0 0 -1
    outer loop
      vertex -27.861 -32.0787 0
      vertex -35 -38 0
      vertex -28.125 -31.9486 0
    endloop
  endfacet
  facet normal -0 0 -1
    outer loop
      vertex -27.5823 -32.1733 0
      vertex -35 -38 0
      vertex -27.861 -32.0787 0
    endloop
  endfacet
  facet normal -0 0 -1
    outer loop
      vertex -27.2937 -32.2308 0
      vertex -35 -38 0
      vertex -27.5823 -32.1733 0
    endloop
  endfacet
  facet normal -0 0 -1
    outer loop
      vertex -27 -32.25 0
      vertex -35 -38 0
      vertex -27.2937 -32.2308 0
    endloop
  endfacet
  facet normal 0 0 -1
    outer loop
      vertex 29.1733 -29.4177 0
      vertex 35 -38 0
      vertex 29.2308 -29.7063 0
    endloop
  endfacet
  facet normal 0 0 -1
    outer loop
      vertex 29.2308 30.2937 0
      vertex 35 38 0
      vertex 29.25 30 0
    endloop
  endfacet
  facet normal 0 0 -1
    outer loop
      vertex 29.1733 30.5823 0
      vertex 35 38 0
      vertex 29.2308 30.2937 0
    endloop
  endfacet
  facet normal 0 0 -1
    outer loop
      vertex 29.0787 30.861 0
      vertex 35 38 0
      vertex 29.1733 30.5823 0
    endloop
  endfacet
  facet normal 0 0 -1
    outer loop
      vertex 28.9486 31.125 0
      vertex 35 38 0
      vertex 29.0787 30.861 0
    endloop
  endfacet
  facet normal 0 0 -1
    outer loop
      vertex 28.785 31.3697 0
      vertex 35 38 0
      vertex 28.9486 31.125 0
    endloop
  endfacet
  facet normal 0 0 -1
    outer loop
      vertex 28.591 31.591 0
      vertex 35 38 0
      vertex 28.785 31.3697 0
    endloop
  endfacet
  facet normal 0 0 -1
    outer loop
      vertex 28.3697 31.785 0
      vertex 35 38 0
      vertex 28.591 31.591 0
    endloop
  endfacet
  facet normal 0 0 -1
    outer loop
      vertex 28.125 31.9486 0
      vertex 35 38 0
      vertex 28.3697 31.785 0
    endloop
  endfacet
  facet normal 0 0 -1
    outer loop
      vertex 27.861 32.0787 0
      vertex 35 38 0
      vertex 28.125 31.9486 0
    endloop
  endfacet
  facet normal 0 0 -1
    outer loop
      vertex 27.5823 32.1733 0
      vertex 35 38 0
      vertex 27.861 32.0787 0
    endloop
  endfacet
  facet normal 0 0 -1
    outer loop
      vertex 27.2937 32.2308 0
      vertex 35 38 0
      vertex 27.5823 32.1733 0
    endloop
  endfacet
  facet normal 0 0 -1
    outer loop
      vertex 27 32.25 0
      vertex 35 38 0
      vertex 27.2937 32.2308 0
    endloop
  endfacet
  facet normal 0 0 -1
    outer loop
      vertex 26.7063 32.2308 0
      vertex 35 38 0
      vertex 27 32.25 0
    endloop
  endfacet
  facet normal 0 0 -1
    outer loop
      vertex 26.4177 32.1733 0
      vertex 35 38 0
      vertex 26.7063 32.2308 0
    endloop
  endfacet
  facet normal 0 0 -1
    outer loop
      vertex 26.139 32.0787 0
      vertex 35 38 0
      vertex 26.4177 32.1733 0
    endloop
  endfacet
  facet normal 0 0 -1
    outer loop
      vertex 25.875 31.9486 0
      vertex 35 38 0
      vertex 26.139 32.0787 0
    endloop
  endfacet
  facet normal 0 0 -1
    outer loop
      vertex 24.7692 29.7063 0
      vertex -24.75 30 0
      vertex 24.75 30 0
    endloop
  endfacet
  facet normal 0 0 -1
    outer loop
      vertex 24.75 30 0
      vertex -24.75 30 0
      vertex 24.7692 30.2937 0
    endloop
  endfacet
  facet normal 0 0 -1
    outer loop
      vertex -24.7692 30.2937 0
      vertex 24.7692 30.2937 0
      vertex -24.75 30 0
    endloop
  endfacet
  facet normal 0 0 -1
    outer loop
      vertex 24.7692 30.2937 0
      vertex -24.7692 30.2937 0
      vertex 24.8267 30.5823 0
    endloop
  endfacet
  facet normal 0 0 -1
    outer loop
      vertex -24.8267 30.5823 0
      vertex 24.8267 30.5823 0
      vertex -24.7692 30.2937 0
    endloop
  endfacet
  facet normal 0 0 -1
    outer loop
      vertex 24.8267 30.5823 0
      vertex -24.8267 30.5823 0
      vertex 24.9213 30.861 0
    endloop
  endfacet
  facet normal 0 0 -1
    outer loop
      vertex -24.9213 30.861 0
      vertex 24.9213 30.861 0
      vertex -24.8267 30.5823 0
    endloop
  endfacet
  facet normal 0 0 -1
    outer loop
      vertex 24.9213 30.861 0
      vertex -24.9213 30.861 0
      vertex 25.0514 31.125 0
    endloop
  endfacet
  facet normal 0 0 -1
    outer loop
      vertex -25.0514 31.125 0
      vertex 25.0514 31.125 0
      vertex -24.9213 30.861 0
    endloop
  endfacet
  facet normal 0 0 -1
    outer loop
      vertex 25.0514 31.125 0
      vertex -25.0514 31.125 0
      vertex 25.215 31.3697 0
    endloop
  endfacet
  facet normal 0 0 -1
    outer loop
      vertex -25.215 31.3697 0
      vertex 25.215 31.3697 0
      vertex -25.0514 31.125 0
    endloop
  endfacet
  facet normal 0 0 -1
    outer loop
      vertex 25.215 31.3697 0
      vertex -25.215 31.3697 0
      vertex 25.409 31.591 0
    endloop
  endfacet
  facet normal 0 0 -1
    outer loop
      vertex -25.409 31.591 0
      vertex 25.409 31.591 0
      vertex -25.215 31.3697 0
    endloop
  endfacet
  facet normal 0 0 -1
    outer loop
      vertex 25.409 31.591 0
      vertex -25.409 31.591 0
      vertex 25.6303 31.785 0
    endloop
  endfacet
  facet normal 0 0 -1
    outer loop
      vertex -25.6303 31.785 0
      vertex 25.6303 31.785 0
      vertex -25.409 31.591 0
    endloop
  endfacet
  facet normal 0 0 -1
    outer loop
      vertex 25.6303 31.785 0
      vertex -25.6303 31.785 0
      vertex 25.875 31.9486 0
    endloop
  endfacet
  facet normal 0 0 -1
    outer loop
      vertex -25.875 31.9486 0
      vertex 25.875 31.9486 0
      vertex -25.6303 31.785 0
    endloop
  endfacet
  facet normal 0 0 -1
    outer loop
      vertex 25.875 31.9486 0
      vertex -25.875 31.9486 0
      vertex 35 38 0
    endloop
  endfacet
  facet normal 0 0 -1
    outer loop
      vertex -35 38 0
      vertex -25.875 31.9486 0
      vertex -26.139 32.0787 0
    endloop
  endfacet
  facet normal 0 0 -1
    outer loop
      vertex -35 38 0
      vertex -26.139 32.0787 0
      vertex -26.4177 32.1733 0
    endloop
  endfacet
  facet normal 0 0 -1
    outer loop
      vertex -35 38 0
      vertex -26.4177 32.1733 0
      vertex -26.7063 32.2308 0
    endloop
  endfacet
  facet normal 0 0 -1
    outer loop
      vertex -35 38 0
      vertex -26.7063 32.2308 0
      vertex -27 32.25 0
    endloop
  endfacet
  facet normal 0 0 -1
    outer loop
      vertex -35 38 0
      vertex -27 32.25 0
      vertex -27.2937 32.2308 0
    endloop
  endfacet
  facet normal 0 0 -1
    outer loop
      vertex -29.2308 29.7063 0
      vertex -35 38 0
      vertex -29.25 30 0
    endloop
  endfacet
  facet normal 0 0 -1
    outer loop
      vertex -25.875 31.9486 0
      vertex -35 38 0
      vertex 35 38 0
    endloop
  endfacet
  facet normal 0 0 -1
    outer loop
      vertex -27.5823 32.1733 0
      vertex -35 38 0
      vertex -27.2937 32.2308 0
    endloop
  endfacet
  facet normal 0 0 -1
    outer loop
      vertex -27.861 32.0787 0
      vertex -35 38 0
      vertex -27.5823 32.1733 0
    endloop
  endfacet
  facet normal 0 0 -1
    outer loop
      vertex -28.125 31.9486 0
      vertex -35 38 0
      vertex -27.861 32.0787 0
    endloop
  endfacet
  facet normal 0 0 -1
    outer loop
      vertex -28.3697 31.785 0
      vertex -35 38 0
      vertex -28.125 31.9486 0
    endloop
  endfacet
  facet normal 0 0 -1
    outer loop
      vertex -28.591 31.591 0
      vertex -35 38 0
      vertex -28.3697 31.785 0
    endloop
  endfacet
  facet normal 0 0 -1
    outer loop
      vertex -28.785 31.3697 0
      vertex -35 38 0
      vertex -28.591 31.591 0
    endloop
  endfacet
  facet normal 0 0 -1
    outer loop
      vertex -28.9486 31.125 0
      vertex -35 38 0
      vertex -28.785 31.3697 0
    endloop
  endfacet
  facet normal 0 0 -1
    outer loop
      vertex -29.0787 30.861 0
      vertex -35 38 0
      vertex -28.9486 31.125 0
    endloop
  endfacet
  facet normal 0 0 -1
    outer loop
      vertex -29.1733 30.5823 0
      vertex -35 38 0
      vertex -29.0787 30.861 0
    endloop
  endfacet
  facet normal 0 0 -1
    outer loop
      vertex -29.2308 30.2937 0
      vertex -35 38 0
      vertex -29.1733 30.5823 0
    endloop
  endfacet
  facet normal 0 0 -1
    outer loop
      vertex -29.25 30 0
      vertex -35 38 0
      vertex -29.2308 30.2937 0
    endloop
  endfacet
  facet normal 0 -1 0
    outer loop
      vertex -35 -38 0
      vertex 35 -38 3
      vertex -35 -38 3
    endloop
  endfacet
  facet normal 0 -1 -0
    outer loop
      vertex 35 -38 3
      vertex -35 -38 0
      vertex 35 -38 0
    endloop
  endfacet
  facet normal 0 1 -0
    outer loop
      vertex 35 38 0
      vertex -35 38 3
      vertex 35 38 3
    endloop
  endfacet
  facet normal 0 1 0
    outer loop
      vertex -35 38 3
      vertex 35 38 0
      vertex -35 38 0
    endloop
  endfacet
  facet normal 0.8 -0 0.6
    outer loop
      vertex 8.5 -30 9
      vertex 13 30 3
      vertex 8.5 30 9
    endloop
  endfacet
  facet normal 0.8 0 0.6
    outer loop
      vertex 13 30 3
      vertex 8.5 -30 9
      vertex 13 -30 3
    endloop
  endfacet
  facet normal -0.8 0 0.6
    outer loop
      vertex -13 -30 3
      vertex -8.5 30 9
      vertex -13 30 3
    endloop
  endfacet
  facet normal -0.8 0 0.6
    outer loop
      vertex -8.5 30 9
      vertex -13 -30 3
      vertex -8.5 -30 9
    endloop
  endfacet
  facet normal 0 1 0
    outer loop
      vertex 13 30 3
      vertex -8.5 30 9
      vertex 8.5 30 9
    endloop
  endfacet
  facet normal 0 1 0
    outer loop
      vertex -8.5 30 9
      vertex 13 30 3
      vertex -13 30 3
    endloop
  endfacet
  facet normal 0 0 1
    outer loop
      vertex -8.5 -30 9
      vertex 8.5 -30 9
      vertex 8.5 30 9
    endloop
  endfacet
  facet normal 0 0 1
    outer loop
      vertex -8.5 -30 9
      vertex 8.5 30 9
      vertex -8.5 30 9
    endloop
  endfacet
  facet normal 0 0 1
    outer loop
      vertex 8.5 -30 9
      vertex -8.5 -30 9
      vertex 8.5 -34 9
    endloop
  endfacet
  facet normal 0 0 1
    outer loop
      vertex 8.5 -34 9
      vertex -8.5 -30 9
      vertex -8.5 -34 9
    endloop
  endfacet
  facet normal 0 -1 0
    outer loop
      vertex 8.5 -30 9
      vertex 8.5 -30 3
      vertex 13 -30 3
    endloop
  endfacet
  facet normal 0 -1 -0
    outer loop
      vertex -8.5 -30 9
      vertex -13 -30 3
      vertex -8.5 -30 3
    endloop
  endfacet
  facet normal -1 0 0
    outer loop
      vertex -8.5 -34 3
      vertex -8.5 -30 9
      vertex -8.5 -30 3
    endloop
  endfacet
  facet normal -1 -0 0
    outer loop
      vertex -8.5 -30 9
      vertex -8.5 -34 3
      vertex -8.5 -34 9
    endloop
  endfacet
  facet normal 1 -0 0
    outer loop
      vertex 8.5 -34 9
      vertex 8.5 -30 3
      vertex 8.5 -30 9
    endloop
  endfacet
  facet normal 1 0 0
    outer loop
      vertex 8.5 -30 3
      vertex 8.5 -34 9
      vertex 8.5 -34 3
    endloop
  endfacet
  facet normal 0 -1 0
    outer loop
      vertex -8.5 -34 3
      vertex 8.5 -34 9
      vertex -8.5 -34 9
    endloop
  endfacet
  facet normal 0 -1 -0
    outer loop
      vertex 8.5 -34 9
      vertex -8.5 -34 3
      vertex 8.5 -34 3
    endloop
  endfacet
  facet normal -0.659202 -0.751966 0
    outer loop
      vertex -25.6303 -28.215 0
      vertex -25.409 -28.409 1.3
      vertex -25.6303 -28.215 1.3
    endloop
  endfacet
  facet normal -0.659202 -0.751966 -0
    outer loop
      vertex -25.409 -28.409 1.3
      vertex -25.6303 -28.215 0
      vertex -25.409 -28.409 0
    endloop
  endfacet
  facet normal 0.321421 0.946936 -0
    outer loop
      vertex -27.5823 -32.1733 0
      vertex -27.861 -32.0787 1.3
      vertex -27.5823 -32.1733 1.3
    endloop
  endfacet
  facet normal 0.321421 0.946936 0
    outer loop
      vertex -27.861 -32.0787 1.3
      vertex -27.5823 -32.1733 0
      vertex -27.861 -32.0787 0
    endloop
  endfacet
  facet normal 0.321421 -0.946936 0
    outer loop
      vertex -27.861 -27.9213 0
      vertex -27.5823 -27.8267 1.3
      vertex -27.861 -27.9213 1.3
    endloop
  endfacet
  facet normal 0.321421 -0.946936 0
    outer loop
      vertex -27.5823 -27.8267 1.3
      vertex -27.861 -27.9213 0
      vertex -27.5823 -27.8267 0
    endloop
  endfacet
  facet normal 0.896995 -0.442042 0
    outer loop
      vertex -29.0787 -29.139 1.3
      vertex -28.9486 -28.875 0
      vertex -28.9486 -28.875 1.3
    endloop
  endfacet
  facet normal 0.896995 -0.442042 0
    outer loop
      vertex -28.9486 -28.875 0
      vertex -29.0787 -29.139 1.3
      vertex -29.0787 -29.139 0
    endloop
  endfacet
  facet normal -0.896995 -0.442042 0
    outer loop
      vertex -24.9213 -29.139 0
      vertex -25.0514 -28.875 1.3
      vertex -25.0514 -28.875 0
    endloop
  endfacet
  facet normal -0.896995 -0.442042 0
    outer loop
      vertex -25.0514 -28.875 1.3
      vertex -24.9213 -29.139 0
      vertex -24.9213 -29.139 1.3
    endloop
  endfacet
  facet normal -0.831318 -0.555797 0
    outer loop
      vertex -25.0514 -28.875 0
      vertex -25.215 -28.6303 1.3
      vertex -25.215 -28.6303 0
    endloop
  endfacet
  facet normal -0.831318 -0.555797 0
    outer loop
      vertex -25.215 -28.6303 1.3
      vertex -25.0514 -28.875 0
      vertex -25.0514 -28.875 1.3
    endloop
  endfacet
  facet normal -0.751966 -0.659202 0
    outer loop
      vertex -25.215 -28.6303 0
      vertex -25.409 -28.409 1.3
      vertex -25.409 -28.409 0
    endloop
  endfacet
  facet normal -0.751966 -0.659202 0
    outer loop
      vertex -25.409 -28.409 1.3
      vertex -25.215 -28.6303 0
      vertex -25.215 -28.6303 1.3
    endloop
  endfacet
  facet normal -0.442042 -0.896995 0
    outer loop
      vertex -26.139 -27.9213 0
      vertex -25.875 -28.0514 1.3
      vertex -26.139 -27.9213 1.3
    endloop
  endfacet
  facet normal -0.442042 -0.896995 -0
    outer loop
      vertex -25.875 -28.0514 1.3
      vertex -26.139 -27.9213 0
      vertex -25.875 -28.0514 0
    endloop
  endfacet
  facet normal -0.321421 -0.946936 0
    outer loop
      vertex -26.4177 -27.8267 0
      vertex -26.139 -27.9213 1.3
      vertex -26.4177 -27.8267 1.3
    endloop
  endfacet
  facet normal -0.321421 -0.946936 -0
    outer loop
      vertex -26.139 -27.9213 1.3
      vertex -26.4177 -27.8267 0
      vertex -26.139 -27.9213 0
    endloop
  endfacet
  facet normal 0.751966 -0.659202 0
    outer loop
      vertex -28.785 -28.6303 1.3
      vertex -28.591 -28.409 0
      vertex -28.591 -28.409 1.3
    endloop
  endfacet
  facet normal 0.751966 -0.659202 0
    outer loop
      vertex -28.591 -28.409 0
      vertex -28.785 -28.6303 1.3
      vertex -28.785 -28.6303 0
    endloop
  endfacet
  facet normal 0.442042 -0.896995 0
    outer loop
      vertex -28.125 -28.0514 0
      vertex -27.861 -27.9213 1.3
      vertex -28.125 -28.0514 1.3
    endloop
  endfacet
  facet normal 0.442042 -0.896995 0
    outer loop
      vertex -27.861 -27.9213 1.3
      vertex -28.125 -28.0514 0
      vertex -27.861 -27.9213 0
    endloop
  endfacet
  facet normal 0.195397 -0.980724 0
    outer loop
      vertex -27.5823 -27.8267 0
      vertex -27.2937 -27.7692 1.3
      vertex -27.5823 -27.8267 1.3
    endloop
  endfacet
  facet normal 0.195397 -0.980724 0
    outer loop
      vertex -27.2937 -27.7692 1.3
      vertex -27.5823 -27.8267 0
      vertex -27.2937 -27.7692 0
    endloop
  endfacet
  facet normal -0.99787 0.0652336 0
    outer loop
      vertex -24.7692 -30.2937 0
      vertex -24.75 -30 1.3
      vertex -24.75 -30 0
    endloop
  endfacet
  facet normal -0.99787 0.0652336 0
    outer loop
      vertex -24.75 -30 1.3
      vertex -24.7692 -30.2937 0
      vertex -24.7692 -30.2937 1.3
    endloop
  endfacet
  facet normal -0.321421 0.946936 0
    outer loop
      vertex -26.139 -32.0787 0
      vertex -26.4177 -32.1733 1.3
      vertex -26.139 -32.0787 1.3
    endloop
  endfacet
  facet normal -0.321421 0.946936 0
    outer loop
      vertex -26.4177 -32.1733 1.3
      vertex -26.139 -32.0787 0
      vertex -26.4177 -32.1733 0
    endloop
  endfacet
  facet normal -0.442042 0.896995 0
    outer loop
      vertex -25.875 -31.9486 0
      vertex -26.139 -32.0787 1.3
      vertex -25.875 -31.9486 1.3
    endloop
  endfacet
  facet normal -0.442042 0.896995 0
    outer loop
      vertex -26.139 -32.0787 1.3
      vertex -25.875 -31.9486 0
      vertex -26.139 -32.0787 0
    endloop
  endfacet
  facet normal -0.751966 0.659202 0
    outer loop
      vertex -25.409 -31.591 0
      vertex -25.215 -31.3697 1.3
      vertex -25.215 -31.3697 0
    endloop
  endfacet
  facet normal -0.751966 0.659202 0
    outer loop
      vertex -25.215 -31.3697 1.3
      vertex -25.409 -31.591 0
      vertex -25.409 -31.591 1.3
    endloop
  endfacet
  facet normal 0.195397 0.980724 -0
    outer loop
      vertex -27.2937 -32.2308 0
      vertex -27.5823 -32.1733 1.3
      vertex -27.2937 -32.2308 1.3
    endloop
  endfacet
  facet normal 0.195397 0.980724 0
    outer loop
      vertex -27.5823 -32.1733 1.3
      vertex -27.2937 -32.2308 0
      vertex -27.5823 -32.1733 0
    endloop
  endfacet
  facet normal 0.659202 0.751966 -0
    outer loop
      vertex -28.3697 -31.785 0
      vertex -28.591 -31.591 1.3
      vertex -28.3697 -31.785 1.3
    endloop
  endfacet
  facet normal 0.659202 0.751966 0
    outer loop
      vertex -28.591 -31.591 1.3
      vertex -28.3697 -31.785 0
      vertex -28.591 -31.591 0
    endloop
  endfacet
  facet normal 0.896995 0.442042 0
    outer loop
      vertex -28.9486 -31.125 1.3
      vertex -29.0787 -30.861 0
      vertex -29.0787 -30.861 1.3
    endloop
  endfacet
  facet normal 0.896995 0.442042 0
    outer loop
      vertex -29.0787 -30.861 0
      vertex -28.9486 -31.125 1.3
      vertex -28.9486 -31.125 0
    endloop
  endfacet
  facet normal -0.980724 -0.195397 0
    outer loop
      vertex -24.7692 -29.7063 0
      vertex -24.8267 -29.4177 1.3
      vertex -24.8267 -29.4177 0
    endloop
  endfacet
  facet normal -0.980724 -0.195397 0
    outer loop
      vertex -24.8267 -29.4177 1.3
      vertex -24.7692 -29.7063 0
      vertex -24.7692 -29.7063 1.3
    endloop
  endfacet
  facet normal -0.946936 -0.321421 0
    outer loop
      vertex -24.8267 -29.4177 0
      vertex -24.9213 -29.139 1.3
      vertex -24.9213 -29.139 0
    endloop
  endfacet
  facet normal -0.946936 -0.321421 0
    outer loop
      vertex -24.9213 -29.139 1.3
      vertex -24.8267 -29.4177 0
      vertex -24.8267 -29.4177 1.3
    endloop
  endfacet
  facet normal -0.555797 -0.831318 0
    outer loop
      vertex -25.875 -28.0514 0
      vertex -25.6303 -28.215 1.3
      vertex -25.875 -28.0514 1.3
    endloop
  endfacet
  facet normal -0.555797 -0.831318 -0
    outer loop
      vertex -25.6303 -28.215 1.3
      vertex -25.875 -28.0514 0
      vertex -25.6303 -28.215 0
    endloop
  endfacet
  facet normal -0.0652336 -0.99787 0
    outer loop
      vertex -27 -27.75 0
      vertex -26.7063 -27.7692 1.3
      vertex -27 -27.75 1.3
    endloop
  endfacet
  facet normal -0.0652336 -0.99787 -0
    outer loop
      vertex -26.7063 -27.7692 1.3
      vertex -27 -27.75 0
      vertex -26.7063 -27.7692 0
    endloop
  endfacet
  facet normal 0.99787 -0.0652336 0
    outer loop
      vertex -29.25 -30 1.3
      vertex -29.2308 -29.7063 0
      vertex -29.2308 -29.7063 1.3
    endloop
  endfacet
  facet normal 0.99787 -0.0652336 0
    outer loop
      vertex -29.2308 -29.7063 0
      vertex -29.25 -30 1.3
      vertex -29.25 -30 0
    endloop
  endfacet
  facet normal 0.946936 -0.321421 0
    outer loop
      vertex -29.1733 -29.4177 1.3
      vertex -29.0787 -29.139 0
      vertex -29.0787 -29.139 1.3
    endloop
  endfacet
  facet normal 0.946936 -0.321421 0
    outer loop
      vertex -29.0787 -29.139 0
      vertex -29.1733 -29.4177 1.3
      vertex -29.1733 -29.4177 0
    endloop
  endfacet
  facet normal 0.831318 -0.555797 0
    outer loop
      vertex -28.9486 -28.875 1.3
      vertex -28.785 -28.6303 0
      vertex -28.785 -28.6303 1.3
    endloop
  endfacet
  facet normal 0.831318 -0.555797 0
    outer loop
      vertex -28.785 -28.6303 0
      vertex -28.9486 -28.875 1.3
      vertex -28.9486 -28.875 0
    endloop
  endfacet
  facet normal 0.0652336 -0.99787 0
    outer loop
      vertex -27.2937 -27.7692 0
      vertex -27 -27.75 1.3
      vertex -27.2937 -27.7692 1.3
    endloop
  endfacet
  facet normal 0.0652336 -0.99787 0
    outer loop
      vertex -27 -27.75 1.3
      vertex -27.2937 -27.7692 0
      vertex -27 -27.75 0
    endloop
  endfacet
  facet normal 0.555797 -0.831318 0
    outer loop
      vertex -28.3697 -28.215 0
      vertex -28.125 -28.0514 1.3
      vertex -28.3697 -28.215 1.3
    endloop
  endfacet
  facet normal 0.555797 -0.831318 0
    outer loop
      vertex -28.125 -28.0514 1.3
      vertex -28.3697 -28.215 0
      vertex -28.125 -28.0514 0
    endloop
  endfacet
  facet normal 0.659202 -0.751966 0
    outer loop
      vertex -28.591 -28.409 0
      vertex -28.3697 -28.215 1.3
      vertex -28.591 -28.409 1.3
    endloop
  endfacet
  facet normal 0.659202 -0.751966 0
    outer loop
      vertex -28.3697 -28.215 1.3
      vertex -28.591 -28.409 0
      vertex -28.3697 -28.215 0
    endloop
  endfacet
  facet normal -0.99787 -0.0652336 0
    outer loop
      vertex -24.75 -30 0
      vertex -24.7692 -29.7063 1.3
      vertex -24.7692 -29.7063 0
    endloop
  endfacet
  facet normal -0.99787 -0.0652336 0
    outer loop
      vertex -24.7692 -29.7063 1.3
      vertex -24.75 -30 0
      vertex -24.75 -30 1.3
    endloop
  endfacet
  facet normal -0.0652336 0.99787 0
    outer loop
      vertex -26.7063 -32.2308 0
      vertex -27 -32.25 1.3
      vertex -26.7063 -32.2308 1.3
    endloop
  endfacet
  facet normal -0.0652336 0.99787 0
    outer loop
      vertex -27 -32.25 1.3
      vertex -26.7063 -32.2308 0
      vertex -27 -32.25 0
    endloop
  endfacet
  facet normal -0.195397 0.980724 0
    outer loop
      vertex -26.4177 -32.1733 0
      vertex -26.7063 -32.2308 1.3
      vertex -26.4177 -32.1733 1.3
    endloop
  endfacet
  facet normal -0.195397 0.980724 0
    outer loop
      vertex -26.7063 -32.2308 1.3
      vertex -26.4177 -32.1733 0
      vertex -26.7063 -32.2308 0
    endloop
  endfacet
  facet normal -0.555797 0.831318 0
    outer loop
      vertex -25.6303 -31.785 0
      vertex -25.875 -31.9486 1.3
      vertex -25.6303 -31.785 1.3
    endloop
  endfacet
  facet normal -0.555797 0.831318 0
    outer loop
      vertex -25.875 -31.9486 1.3
      vertex -25.6303 -31.785 0
      vertex -25.875 -31.9486 0
    endloop
  endfacet
  facet normal -0.896995 0.442042 0
    outer loop
      vertex -25.0514 -31.125 0
      vertex -24.9213 -30.861 1.3
      vertex -24.9213 -30.861 0
    endloop
  endfacet
  facet normal -0.896995 0.442042 0
    outer loop
      vertex -24.9213 -30.861 1.3
      vertex -25.0514 -31.125 0
      vertex -25.0514 -31.125 1.3
    endloop
  endfacet
  facet normal 0.0652336 0.99787 -0
    outer loop
      vertex -27 -32.25 0
      vertex -27.2937 -32.2308 1.3
      vertex -27 -32.25 1.3
    endloop
  endfacet
  facet normal 0.0652336 0.99787 0
    outer loop
      vertex -27.2937 -32.2308 1.3
      vertex -27 -32.25 0
      vertex -27.2937 -32.2308 0
    endloop
  endfacet
  facet normal 0.442042 0.896995 -0
    outer loop
      vertex -27.861 -32.0787 0
      vertex -28.125 -31.9486 1.3
      vertex -27.861 -32.0787 1.3
    endloop
  endfacet
  facet normal 0.442042 0.896995 0
    outer loop
      vertex -28.125 -31.9486 1.3
      vertex -27.861 -32.0787 0
      vertex -28.125 -31.9486 0
    endloop
  endfacet
  facet normal 0.946936 0.321421 0
    outer loop
      vertex -29.0787 -30.861 1.3
      vertex -29.1733 -30.5823 0
      vertex -29.1733 -30.5823 1.3
    endloop
  endfacet
  facet normal 0.946936 0.321421 0
    outer loop
      vertex -29.1733 -30.5823 0
      vertex -29.0787 -30.861 1.3
      vertex -29.0787 -30.861 0
    endloop
  endfacet
  facet normal 0.99787 0.0652336 0
    outer loop
      vertex -29.2308 -30.2937 1.3
      vertex -29.25 -30 0
      vertex -29.25 -30 1.3
    endloop
  endfacet
  facet normal 0.99787 0.0652336 0
    outer loop
      vertex -29.25 -30 0
      vertex -29.2308 -30.2937 1.3
      vertex -29.2308 -30.2937 0
    endloop
  endfacet
  facet normal 0.831318 0.555797 0
    outer loop
      vertex -28.785 -31.3697 1.3
      vertex -28.9486 -31.125 0
      vertex -28.9486 -31.125 1.3
    endloop
  endfacet
  facet normal 0.831318 0.555797 0
    outer loop
      vertex -28.9486 -31.125 0
      vertex -28.785 -31.3697 1.3
      vertex -28.785 -31.3697 0
    endloop
  endfacet
  facet normal -0.195397 -0.980724 0
    outer loop
      vertex -26.7063 -27.7692 0
      vertex -26.4177 -27.8267 1.3
      vertex -26.7063 -27.7692 1.3
    endloop
  endfacet
  facet normal -0.195397 -0.980724 -0
    outer loop
      vertex -26.4177 -27.8267 1.3
      vertex -26.7063 -27.7692 0
      vertex -26.4177 -27.8267 0
    endloop
  endfacet
  facet normal 0.980724 -0.195397 0
    outer loop
      vertex -29.2308 -29.7063 1.3
      vertex -29.1733 -29.4177 0
      vertex -29.1733 -29.4177 1.3
    endloop
  endfacet
  facet normal 0.980724 -0.195397 0
    outer loop
      vertex -29.1733 -29.4177 0
      vertex -29.2308 -29.7063 1.3
      vertex -29.2308 -29.7063 0
    endloop
  endfacet
  facet normal -0.980724 0.195397 0
    outer loop
      vertex -24.8267 -30.5823 0
      vertex -24.7692 -30.2937 1.3
      vertex -24.7692 -30.2937 0
    endloop
  endfacet
  facet normal -0.980724 0.195397 0
    outer loop
      vertex -24.7692 -30.2937 1.3
      vertex -24.8267 -30.5823 0
      vertex -24.8267 -30.5823 1.3
    endloop
  endfacet
  facet normal -0.946936 0.321421 0
    outer loop
      vertex -24.9213 -30.861 0
      vertex -24.8267 -30.5823 1.3
      vertex -24.8267 -30.5823 0
    endloop
  endfacet
  facet normal -0.946936 0.321421 0
    outer loop
      vertex -24.8267 -30.5823 1.3
      vertex -24.9213 -30.861 0
      vertex -24.9213 -30.861 1.3
    endloop
  endfacet
  facet normal -0.659202 0.751966 0
    outer loop
      vertex -25.409 -31.591 0
      vertex -25.6303 -31.785 1.3
      vertex -25.409 -31.591 1.3
    endloop
  endfacet
  facet normal -0.659202 0.751966 0
    outer loop
      vertex -25.6303 -31.785 1.3
      vertex -25.409 -31.591 0
      vertex -25.6303 -31.785 0
    endloop
  endfacet
  facet normal -0.831318 0.555797 0
    outer loop
      vertex -25.215 -31.3697 0
      vertex -25.0514 -31.125 1.3
      vertex -25.0514 -31.125 0
    endloop
  endfacet
  facet normal -0.831318 0.555797 0
    outer loop
      vertex -25.0514 -31.125 1.3
      vertex -25.215 -31.3697 0
      vertex -25.215 -31.3697 1.3
    endloop
  endfacet
  facet normal 0.555797 0.831318 -0
    outer loop
      vertex -28.125 -31.9486 0
      vertex -28.3697 -31.785 1.3
      vertex -28.125 -31.9486 1.3
    endloop
  endfacet
  facet normal 0.555797 0.831318 0
    outer loop
      vertex -28.3697 -31.785 1.3
      vertex -28.125 -31.9486 0
      vertex -28.3697 -31.785 0
    endloop
  endfacet
  facet normal 0.980724 0.195397 0
    outer loop
      vertex -29.1733 -30.5823 1.3
      vertex -29.2308 -30.2937 0
      vertex -29.2308 -30.2937 1.3
    endloop
  endfacet
  facet normal 0.980724 0.195397 0
    outer loop
      vertex -29.2308 -30.2937 0
      vertex -29.1733 -30.5823 1.3
      vertex -29.1733 -30.5823 0
    endloop
  endfacet
  facet normal 0.751966 0.659202 0
    outer loop
      vertex -28.591 -31.591 1.3
      vertex -28.785 -31.3697 0
      vertex -28.785 -31.3697 1.3
    endloop
  endfacet
  facet normal 0.751966 0.659202 0
    outer loop
      vertex -28.785 -31.3697 0
      vertex -28.591 -31.591 1.3
      vertex -28.591 -31.591 0
    endloop
  endfacet
  facet normal -0.565786 -0.0370646 0.823718
    outer loop
      vertex -22.275 -30 3
      vertex -22.3154 -29.3833 3
      vertex -24.75 -30 1.3
    endloop
  endfacet
  facet normal -0.565801 -0.036988 0.823712
    outer loop
      vertex -24.75 -30 1.3
      vertex -22.3154 -29.3833 3
      vertex -24.7692 -29.7063 1.3
    endloop
  endfacet
  facet normal -0.536901 0.182269 0.82372
    outer loop
      vertex -22.6347 -31.8082 3
      vertex -22.436 -31.2229 3
      vertex -24.9213 -30.861 1.3
    endloop
  endfacet
  facet normal 0.508548 0.250742 0.823715
    outer loop
      vertex -31.092 -32.3625 3
      vertex -28.9486 -31.125 1.3
      vertex -31.3653 -31.8082 3
    endloop
  endfacet
  facet normal 0.471345 -0.315129 0.823728
    outer loop
      vertex -28.9486 -28.875 1.3
      vertex -28.785 -28.6303 1.3
      vertex -30.7486 -27.1236 3
    endloop
  endfacet
  facet normal -0.508586 0.250633 0.823725
    outer loop
      vertex -22.6347 -31.8082 3
      vertex -24.9213 -30.861 1.3
      vertex -25.0514 -31.125 1.3
    endloop
  endfacet
  facet normal -0.110634 0.556108 0.823713
    outer loop
      vertex -26.3833 -34.6846 3
      vertex -25.7771 -34.564 3
      vertex -26.7063 -32.2308 1.3
    endloop
  endfacet
  facet normal 0.036988 -0.565801 0.823712
    outer loop
      vertex -27.2937 -27.7692 1.3
      vertex -27 -27.75 1.3
      vertex -27.6167 -25.3154 3
    endloop
  endfacet
  facet normal -0.536907 0.182244 0.823722
    outer loop
      vertex -22.436 -31.2229 3
      vertex -24.8267 -30.5823 1.3
      vertex -24.9213 -30.861 1.3
    endloop
  endfacet
  facet normal -0.426306 0.373832 0.823719
    outer loop
      vertex -23.6589 -33.3411 3
      vertex -23.2514 -32.8764 3
      vertex -25.409 -31.591 1.3
    endloop
  endfacet
  facet normal -0.471436 0.315024 0.823716
    outer loop
      vertex -23.2514 -32.8764 3
      vertex -22.908 -32.3625 3
      vertex -25.0514 -31.125 1.3
    endloop
  endfacet
  facet normal -0.373832 0.426306 0.823719
    outer loop
      vertex -24.1236 -33.7486 3
      vertex -23.6589 -33.3411 3
      vertex -25.409 -31.591 1.3
    endloop
  endfacet
  facet normal -0.182269 0.536901 0.82372
    outer loop
      vertex -25.7771 -34.564 3
      vertex -25.1918 -34.3653 3
      vertex -26.139 -32.0787 1.3
    endloop
  endfacet
  facet normal -0.315129 0.471345 0.823728
    outer loop
      vertex -24.1236 -33.7486 3
      vertex -25.6303 -31.785 1.3
      vertex -25.875 -31.9486 1.3
    endloop
  endfacet
  facet normal 0.110788 0.556057 0.823727
    outer loop
      vertex -27.2937 -32.2308 1.3
      vertex -27.5823 -32.1733 1.3
      vertex -28.2229 -34.564 3
    endloop
  endfacet
  facet normal 0.536901 0.182269 0.82372
    outer loop
      vertex -31.3653 -31.8082 3
      vertex -29.0787 -30.861 1.3
      vertex -31.564 -31.2229 3
    endloop
  endfacet
  facet normal -0.315024 -0.471436 0.823716
    outer loop
      vertex -24.1236 -26.2514 3
      vertex -24.6375 -25.908 3
      vertex -25.875 -28.0514 1.3
    endloop
  endfacet
  facet normal -0.565786 0.0370646 0.823718
    outer loop
      vertex -22.3154 -30.6167 3
      vertex -22.275 -30 3
      vertex -24.75 -30 1.3
    endloop
  endfacet
  facet normal -0.556057 0.110788 0.823727
    outer loop
      vertex -22.436 -31.2229 3
      vertex -24.7692 -30.2937 1.3
      vertex -24.8267 -30.5823 1.3
    endloop
  endfacet
  facet normal -0.508548 0.250742 0.823715
    outer loop
      vertex -22.908 -32.3625 3
      vertex -22.6347 -31.8082 3
      vertex -25.0514 -31.125 1.3
    endloop
  endfacet
  facet normal -0.0370646 0.565786 0.823718
    outer loop
      vertex -26.3833 -34.6846 3
      vertex -27 -32.25 1.3
      vertex -27 -34.725 3
    endloop
  endfacet
  facet normal -0.036988 0.565801 0.823712
    outer loop
      vertex -26.3833 -34.6846 3
      vertex -26.7063 -32.2308 1.3
      vertex -27 -32.25 1.3
    endloop
  endfacet
  facet normal -0.182244 0.536907 0.823722
    outer loop
      vertex -25.7771 -34.564 3
      vertex -26.139 -32.0787 1.3
      vertex -26.4177 -32.1733 1.3
    endloop
  endfacet
  facet normal -0.250633 0.508586 0.823725
    outer loop
      vertex -25.1918 -34.3653 3
      vertex -25.875 -31.9486 1.3
      vertex -26.139 -32.0787 1.3
    endloop
  endfacet
  facet normal 0.471436 0.315024 0.823716
    outer loop
      vertex -30.7486 -32.8764 3
      vertex -28.9486 -31.125 1.3
      vertex -31.092 -32.3625 3
    endloop
  endfacet
  facet normal -0.250633 -0.508586 0.823725
    outer loop
      vertex -25.875 -28.0514 1.3
      vertex -25.1918 -25.6347 3
      vertex -26.139 -27.9213 1.3
    endloop
  endfacet
  facet normal 0.556057 -0.110788 0.823727
    outer loop
      vertex -29.2308 -29.7063 1.3
      vertex -29.1733 -29.4177 1.3
      vertex -31.564 -28.7771 3
    endloop
  endfacet
  facet normal 0.315024 -0.471436 0.823716
    outer loop
      vertex -28.125 -28.0514 1.3
      vertex -29.3625 -25.908 3
      vertex -29.8764 -26.2514 3
    endloop
  endfacet
  facet normal -0.565801 0.036988 0.823712
    outer loop
      vertex -22.3154 -30.6167 3
      vertex -24.75 -30 1.3
      vertex -24.7692 -30.2937 1.3
    endloop
  endfacet
  facet normal -0.556108 0.110634 0.823713
    outer loop
      vertex -22.436 -31.2229 3
      vertex -22.3154 -30.6167 3
      vertex -24.7692 -30.2937 1.3
    endloop
  endfacet
  facet normal -0.426355 0.373759 0.823726
    outer loop
      vertex -23.2514 -32.8764 3
      vertex -25.215 -31.3697 1.3
      vertex -25.409 -31.591 1.3
    endloop
  endfacet
  facet normal -0.110788 0.556057 0.823727
    outer loop
      vertex -25.7771 -34.564 3
      vertex -26.4177 -32.1733 1.3
      vertex -26.7063 -32.2308 1.3
    endloop
  endfacet
  facet normal -0.373759 0.426355 0.823726
    outer loop
      vertex -24.1236 -33.7486 3
      vertex -25.409 -31.591 1.3
      vertex -25.6303 -31.785 1.3
    endloop
  endfacet
  facet normal -0.250742 0.508548 0.823715
    outer loop
      vertex -25.1918 -34.3653 3
      vertex -24.6375 -34.092 3
      vertex -25.875 -31.9486 1.3
    endloop
  endfacet
  facet normal -0.315024 0.471436 0.823716
    outer loop
      vertex -24.6375 -34.092 3
      vertex -24.1236 -33.7486 3
      vertex -25.875 -31.9486 1.3
    endloop
  endfacet
  facet normal 0.556108 0.110634 0.823713
    outer loop
      vertex -31.564 -31.2229 3
      vertex -29.2308 -30.2937 1.3
      vertex -31.6846 -30.6167 3
    endloop
  endfacet
  facet normal 0.426355 0.373759 0.823726
    outer loop
      vertex -28.591 -31.591 1.3
      vertex -28.785 -31.3697 1.3
      vertex -30.7486 -32.8764 3
    endloop
  endfacet
  facet normal 0.315129 0.471345 0.823728
    outer loop
      vertex -28.125 -31.9486 1.3
      vertex -28.3697 -31.785 1.3
      vertex -29.8764 -33.7486 3
    endloop
  endfacet
  facet normal 0.471345 0.315129 0.823728
    outer loop
      vertex -28.785 -31.3697 1.3
      vertex -28.9486 -31.125 1.3
      vertex -30.7486 -32.8764 3
    endloop
  endfacet
  facet normal 0.182244 0.536907 0.823722
    outer loop
      vertex -27.5823 -32.1733 1.3
      vertex -27.861 -32.0787 1.3
      vertex -28.2229 -34.564 3
    endloop
  endfacet
  facet normal 0.0370646 0.565786 0.823718
    outer loop
      vertex -27 -34.725 3
      vertex -27 -32.25 1.3
      vertex -27.6167 -34.6846 3
    endloop
  endfacet
  facet normal 0.250742 0.508548 0.823715
    outer loop
      vertex -28.8082 -34.3653 3
      vertex -28.125 -31.9486 1.3
      vertex -29.3625 -34.092 3
    endloop
  endfacet
  facet normal 0.0370646 -0.565786 0.823718
    outer loop
      vertex -27 -27.75 1.3
      vertex -27 -25.275 3
      vertex -27.6167 -25.3154 3
    endloop
  endfacet
  facet normal -0.508548 -0.250742 0.823715
    outer loop
      vertex -22.6347 -28.1918 3
      vertex -22.908 -27.6375 3
      vertex -25.0514 -28.875 1.3
    endloop
  endfacet
  facet normal 0.565786 0.0370646 0.823718
    outer loop
      vertex -31.6846 -30.6167 3
      vertex -29.25 -30 1.3
      vertex -31.725 -30 3
    endloop
  endfacet
  facet normal 0.536907 -0.182244 0.823722
    outer loop
      vertex -29.1733 -29.4177 1.3
      vertex -29.0787 -29.139 1.3
      vertex -31.564 -28.7771 3
    endloop
  endfacet
  facet normal 0.565801 -0.036988 0.823712
    outer loop
      vertex -29.25 -30 1.3
      vertex -29.2308 -29.7063 1.3
      vertex -31.6846 -29.3833 3
    endloop
  endfacet
  facet normal 0.250742 -0.508548 0.823715
    outer loop
      vertex -28.125 -28.0514 1.3
      vertex -28.8082 -25.6347 3
      vertex -29.3625 -25.908 3
    endloop
  endfacet
  facet normal -0.471345 0.315129 0.823728
    outer loop
      vertex -23.2514 -32.8764 3
      vertex -25.0514 -31.125 1.3
      vertex -25.215 -31.3697 1.3
    endloop
  endfacet
  facet normal 0.508586 0.250633 0.823725
    outer loop
      vertex -28.9486 -31.125 1.3
      vertex -29.0787 -30.861 1.3
      vertex -31.3653 -31.8082 3
    endloop
  endfacet
  facet normal 0.373759 0.426355 0.823726
    outer loop
      vertex -28.3697 -31.785 1.3
      vertex -28.591 -31.591 1.3
      vertex -29.8764 -33.7486 3
    endloop
  endfacet
  facet normal 0.036988 0.565801 0.823712
    outer loop
      vertex -27 -32.25 1.3
      vertex -27.2937 -32.2308 1.3
      vertex -27.6167 -34.6846 3
    endloop
  endfacet
  facet normal 0.110634 0.556108 0.823713
    outer loop
      vertex -27.6167 -34.6846 3
      vertex -27.2937 -32.2308 1.3
      vertex -28.2229 -34.564 3
    endloop
  endfacet
  facet normal 0.182269 0.536901 0.82372
    outer loop
      vertex -28.2229 -34.564 3
      vertex -27.861 -32.0787 1.3
      vertex -28.8082 -34.3653 3
    endloop
  endfacet
  facet normal 0.250633 0.508586 0.823725
    outer loop
      vertex -27.861 -32.0787 1.3
      vertex -28.125 -31.9486 1.3
      vertex -28.8082 -34.3653 3
    endloop
  endfacet
  facet normal 0.315024 0.471436 0.823716
    outer loop
      vertex -29.3625 -34.092 3
      vertex -28.125 -31.9486 1.3
      vertex -29.8764 -33.7486 3
    endloop
  endfacet
  facet normal -0.182269 -0.536901 0.82372
    outer loop
      vertex -25.1918 -25.6347 3
      vertex -25.7771 -25.436 3
      vertex -26.139 -27.9213 1.3
    endloop
  endfacet
  facet normal -0.373759 -0.426355 0.823726
    outer loop
      vertex -25.409 -28.409 1.3
      vertex -24.1236 -26.2514 3
      vertex -25.6303 -28.215 1.3
    endloop
  endfacet
  facet normal -0.556108 -0.110634 0.823713
    outer loop
      vertex -22.3154 -29.3833 3
      vertex -22.436 -28.7771 3
      vertex -24.7692 -29.7063 1.3
    endloop
  endfacet
  facet normal 0.536901 -0.182269 0.82372
    outer loop
      vertex -29.0787 -29.139 1.3
      vertex -31.3653 -28.1918 3
      vertex -31.564 -28.7771 3
    endloop
  endfacet
  facet normal 0.508586 -0.250633 0.823725
    outer loop
      vertex -29.0787 -29.139 1.3
      vertex -28.9486 -28.875 1.3
      vertex -31.3653 -28.1918 3
    endloop
  endfacet
  facet normal 0 0 -1
    outer loop
      vertex -24.75 -30 3
      vertex -22.275 -30 3
      vertex -22.3154 -30.6167 3
    endloop
  endfacet
  facet normal 0 0 -1
    outer loop
      vertex -24.7692 -30.2937 3
      vertex -22.3154 -30.6167 3
      vertex -22.436 -31.2229 3
    endloop
  endfacet
  facet normal 0 0 -1
    outer loop
      vertex -22.275 -30 3
      vertex -24.75 -30 3
      vertex -22.3154 -29.3833 3
    endloop
  endfacet
  facet normal 0 0 -1
    outer loop
      vertex -24.8267 -30.5823 3
      vertex -22.436 -31.2229 3
      vertex -22.6347 -31.8082 3
    endloop
  endfacet
  facet normal 0 0 -1
    outer loop
      vertex -24.7692 -29.7063 3
      vertex -22.3154 -29.3833 3
      vertex -24.75 -30 3
    endloop
  endfacet
  facet normal 0 0 -1
    outer loop
      vertex -24.9213 -30.861 3
      vertex -22.6347 -31.8082 3
      vertex -22.908 -32.3625 3
    endloop
  endfacet
  facet normal -0 0 -1
    outer loop
      vertex -22.3154 -29.3833 3
      vertex -24.7692 -29.7063 3
      vertex -22.436 -28.7771 3
    endloop
  endfacet
  facet normal 0 0 -1
    outer loop
      vertex -25.0514 -31.125 3
      vertex -22.908 -32.3625 3
      vertex -23.2514 -32.8764 3
    endloop
  endfacet
  facet normal 0 0 -1
    outer loop
      vertex -24.8267 -29.4177 3
      vertex -22.436 -28.7771 3
      vertex -24.7692 -29.7063 3
    endloop
  endfacet
  facet normal 0 0 -1
    outer loop
      vertex -25.215 -31.3697 3
      vertex -23.2514 -32.8764 3
      vertex -23.6589 -33.3411 3
    endloop
  endfacet
  facet normal -0 0 -1
    outer loop
      vertex -22.436 -28.7771 3
      vertex -24.8267 -29.4177 3
      vertex -22.6347 -28.1918 3
    endloop
  endfacet
  facet normal 0 0 -1
    outer loop
      vertex -25.409 -31.591 3
      vertex -23.6589 -33.3411 3
      vertex -24.1236 -33.7486 3
    endloop
  endfacet
  facet normal 0 0 -1
    outer loop
      vertex -24.9213 -29.139 3
      vertex -22.6347 -28.1918 3
      vertex -24.8267 -29.4177 3
    endloop
  endfacet
  facet normal 0 0 -1
    outer loop
      vertex -25.6303 -31.785 3
      vertex -24.1236 -33.7486 3
      vertex -24.6375 -34.092 3
    endloop
  endfacet
  facet normal -0 0 -1
    outer loop
      vertex -22.6347 -28.1918 3
      vertex -24.9213 -29.139 3
      vertex -22.908 -27.6375 3
    endloop
  endfacet
  facet normal 0 0 -1
    outer loop
      vertex -25.0514 -28.875 3
      vertex -22.908 -27.6375 3
      vertex -24.9213 -29.139 3
    endloop
  endfacet
  facet normal 0 0 -1
    outer loop
      vertex -22.3154 -30.6167 3
      vertex -24.7692 -30.2937 3
      vertex -24.75 -30 3
    endloop
  endfacet
  facet normal 0 0 -1
    outer loop
      vertex -22.436 -31.2229 3
      vertex -24.8267 -30.5823 3
      vertex -24.7692 -30.2937 3
    endloop
  endfacet
  facet normal 0 0 -1
    outer loop
      vertex -22.6347 -31.8082 3
      vertex -24.9213 -30.861 3
      vertex -24.8267 -30.5823 3
    endloop
  endfacet
  facet normal 0 0 -1
    outer loop
      vertex -22.908 -32.3625 3
      vertex -25.0514 -31.125 3
      vertex -24.9213 -30.861 3
    endloop
  endfacet
  facet normal 0 0 -1
    outer loop
      vertex -25.875 -31.9486 3
      vertex -24.6375 -34.092 3
      vertex -25.1918 -34.3653 3
    endloop
  endfacet
  facet normal 0 0 -1
    outer loop
      vertex -23.2514 -32.8764 3
      vertex -25.215 -31.3697 3
      vertex -25.0514 -31.125 3
    endloop
  endfacet
  facet normal 0 0 -1
    outer loop
      vertex -23.6589 -33.3411 3
      vertex -25.409 -31.591 3
      vertex -25.215 -31.3697 3
    endloop
  endfacet
  facet normal 0 0 -1
    outer loop
      vertex -24.1236 -33.7486 3
      vertex -25.6303 -31.785 3
      vertex -25.409 -31.591 3
    endloop
  endfacet
  facet normal 0 0 -1
    outer loop
      vertex -26.139 -32.0787 3
      vertex -25.1918 -34.3653 3
      vertex -25.7771 -34.564 3
    endloop
  endfacet
  facet normal 0 0 -1
    outer loop
      vertex -24.6375 -34.092 3
      vertex -25.875 -31.9486 3
      vertex -25.6303 -31.785 3
    endloop
  endfacet
  facet normal 0 0 -1
    outer loop
      vertex -25.1918 -34.3653 3
      vertex -26.139 -32.0787 3
      vertex -25.875 -31.9486 3
    endloop
  endfacet
  facet normal 0 0 -1
    outer loop
      vertex -26.4177 -32.1733 3
      vertex -25.7771 -34.564 3
      vertex -26.3833 -34.6846 3
    endloop
  endfacet
  facet normal 0 0 -1
    outer loop
      vertex -25.7771 -34.564 3
      vertex -26.4177 -32.1733 3
      vertex -26.139 -32.0787 3
    endloop
  endfacet
  facet normal 0 0 -1
    outer loop
      vertex -26.3833 -34.6846 3
      vertex -26.7063 -32.2308 3
      vertex -26.4177 -32.1733 3
    endloop
  endfacet
  facet normal 0 0 -1
    outer loop
      vertex -27 -34.725 3
      vertex -26.7063 -32.2308 3
      vertex -26.3833 -34.6846 3
    endloop
  endfacet
  facet normal 0 0 -1
    outer loop
      vertex -27 -34.725 3
      vertex -27 -32.25 3
      vertex -26.7063 -32.2308 3
    endloop
  endfacet
  facet normal 0 0 -1
    outer loop
      vertex -27 -34.725 3
      vertex -27.2937 -32.2308 3
      vertex -27 -32.25 3
    endloop
  endfacet
  facet normal 0 0 -1
    outer loop
      vertex -27.6167 -34.6846 3
      vertex -27.2937 -32.2308 3
      vertex -27 -34.725 3
    endloop
  endfacet
  facet normal -0 0 -1
    outer loop
      vertex -27.2937 -32.2308 3
      vertex -27.6167 -34.6846 3
      vertex -27.5823 -32.1733 3
    endloop
  endfacet
  facet normal 0 0 -1
    outer loop
      vertex -28.2229 -34.564 3
      vertex -27.5823 -32.1733 3
      vertex -27.6167 -34.6846 3
    endloop
  endfacet
  facet normal -0 0 -1
    outer loop
      vertex -27.5823 -32.1733 3
      vertex -28.2229 -34.564 3
      vertex -27.861 -32.0787 3
    endloop
  endfacet
  facet normal 0 0 -1
    outer loop
      vertex -28.8082 -34.3653 3
      vertex -27.861 -32.0787 3
      vertex -28.2229 -34.564 3
    endloop
  endfacet
  facet normal -0 0 -1
    outer loop
      vertex -27.861 -32.0787 3
      vertex -28.8082 -34.3653 3
      vertex -28.125 -31.9486 3
    endloop
  endfacet
  facet normal 0 0 -1
    outer loop
      vertex -29.3625 -34.092 3
      vertex -28.125 -31.9486 3
      vertex -28.8082 -34.3653 3
    endloop
  endfacet
  facet normal -0 0 -1
    outer loop
      vertex -28.125 -31.9486 3
      vertex -29.3625 -34.092 3
      vertex -28.3697 -31.785 3
    endloop
  endfacet
  facet normal 0 0 -1
    outer loop
      vertex -29.8764 -33.7486 3
      vertex -28.3697 -31.785 3
      vertex -29.3625 -34.092 3
    endloop
  endfacet
  facet normal -0 0 -1
    outer loop
      vertex -28.3697 -31.785 3
      vertex -29.8764 -33.7486 3
      vertex -28.591 -31.591 3
    endloop
  endfacet
  facet normal 0 0 -1
    outer loop
      vertex -30.3411 -33.3411 3
      vertex -28.591 -31.591 3
      vertex -29.8764 -33.7486 3
    endloop
  endfacet
  facet normal -0 0 -1
    outer loop
      vertex -28.591 -31.591 3
      vertex -30.3411 -33.3411 3
      vertex -28.785 -31.3697 3
    endloop
  endfacet
  facet normal 0 0 -1
    outer loop
      vertex -30.7486 -32.8764 3
      vertex -28.785 -31.3697 3
      vertex -30.3411 -33.3411 3
    endloop
  endfacet
  facet normal 0 0 -1
    outer loop
      vertex -31.092 -32.3625 3
      vertex -28.9486 -31.125 3
      vertex -30.7486 -32.8764 3
    endloop
  endfacet
  facet normal -0 0 -1
    outer loop
      vertex -28.785 -31.3697 3
      vertex -30.7486 -32.8764 3
      vertex -28.9486 -31.125 3
    endloop
  endfacet
  facet normal -0 0 -1
    outer loop
      vertex -22.908 -27.6375 3
      vertex -25.0514 -28.875 3
      vertex -23.2514 -27.1236 3
    endloop
  endfacet
  facet normal 0 0 -1
    outer loop
      vertex -25.215 -28.6303 3
      vertex -23.2514 -27.1236 3
      vertex -25.0514 -28.875 3
    endloop
  endfacet
  facet normal -0 0 -1
    outer loop
      vertex -23.2514 -27.1236 3
      vertex -25.215 -28.6303 3
      vertex -23.6589 -26.6589 3
    endloop
  endfacet
  facet normal 0 0 -1
    outer loop
      vertex -25.409 -28.409 3
      vertex -23.6589 -26.6589 3
      vertex -25.215 -28.6303 3
    endloop
  endfacet
  facet normal -0 0 -1
    outer loop
      vertex -23.6589 -26.6589 3
      vertex -25.409 -28.409 3
      vertex -24.1236 -26.2514 3
    endloop
  endfacet
  facet normal 0 0 -1
    outer loop
      vertex -25.6303 -28.215 3
      vertex -24.1236 -26.2514 3
      vertex -25.409 -28.409 3
    endloop
  endfacet
  facet normal -0 0 -1
    outer loop
      vertex -24.1236 -26.2514 3
      vertex -25.6303 -28.215 3
      vertex -24.6375 -25.908 3
    endloop
  endfacet
  facet normal 0 0 -1
    outer loop
      vertex -25.875 -28.0514 3
      vertex -24.6375 -25.908 3
      vertex -25.6303 -28.215 3
    endloop
  endfacet
  facet normal -0 0 -1
    outer loop
      vertex -24.6375 -25.908 3
      vertex -25.875 -28.0514 3
      vertex -25.1918 -25.6347 3
    endloop
  endfacet
  facet normal 0 0 -1
    outer loop
      vertex -26.139 -27.9213 3
      vertex -25.1918 -25.6347 3
      vertex -25.875 -28.0514 3
    endloop
  endfacet
  facet normal -0 0 -1
    outer loop
      vertex -25.1918 -25.6347 3
      vertex -26.139 -27.9213 3
      vertex -25.7771 -25.436 3
    endloop
  endfacet
  facet normal 0 0 -1
    outer loop
      vertex -26.4177 -27.8267 3
      vertex -25.7771 -25.436 3
      vertex -26.139 -27.9213 3
    endloop
  endfacet
  facet normal -0 0 -1
    outer loop
      vertex -25.7771 -25.436 3
      vertex -26.4177 -27.8267 3
      vertex -26.3833 -25.3154 3
    endloop
  endfacet
  facet normal 0 0 -1
    outer loop
      vertex -26.7063 -27.7692 3
      vertex -26.3833 -25.3154 3
      vertex -26.4177 -27.8267 3
    endloop
  endfacet
  facet normal 0 0 -1
    outer loop
      vertex -27 -27.75 3
      vertex -26.3833 -25.3154 3
      vertex -26.7063 -27.7692 3
    endloop
  endfacet
  facet normal 0 0 -1
    outer loop
      vertex -27 -27.75 3
      vertex -27 -25.275 3
      vertex -26.3833 -25.3154 3
    endloop
  endfacet
  facet normal 0 0 -1
    outer loop
      vertex -27.2937 -27.7692 3
      vertex -27 -25.275 3
      vertex -27 -27.75 3
    endloop
  endfacet
  facet normal 0 0 -1
    outer loop
      vertex -27.6167 -25.3154 3
      vertex -27.2937 -27.7692 3
      vertex -27.5823 -27.8267 3
    endloop
  endfacet
  facet normal 0 0 -1
    outer loop
      vertex -27.2937 -27.7692 3
      vertex -27.6167 -25.3154 3
      vertex -27 -25.275 3
    endloop
  endfacet
  facet normal 0 0 -1
    outer loop
      vertex -28.2229 -25.436 3
      vertex -27.5823 -27.8267 3
      vertex -27.861 -27.9213 3
    endloop
  endfacet
  facet normal 0 0 -1
    outer loop
      vertex -28.8082 -25.6347 3
      vertex -27.861 -27.9213 3
      vertex -28.125 -28.0514 3
    endloop
  endfacet
  facet normal 0 0 -1
    outer loop
      vertex -27.5823 -27.8267 3
      vertex -28.2229 -25.436 3
      vertex -27.6167 -25.3154 3
    endloop
  endfacet
  facet normal 0 0 -1
    outer loop
      vertex -29.3625 -25.908 3
      vertex -28.125 -28.0514 3
      vertex -28.3697 -28.215 3
    endloop
  endfacet
  facet normal 0 0 -1
    outer loop
      vertex -29.8764 -26.2514 3
      vertex -28.3697 -28.215 3
      vertex -28.591 -28.409 3
    endloop
  endfacet
  facet normal 0 0 -1
    outer loop
      vertex -30.3411 -26.6589 3
      vertex -28.591 -28.409 3
      vertex -28.785 -28.6303 3
    endloop
  endfacet
  facet normal 0 0 -1
    outer loop
      vertex -27.861 -27.9213 3
      vertex -28.8082 -25.6347 3
      vertex -28.2229 -25.436 3
    endloop
  endfacet
  facet normal 0 0 -1
    outer loop
      vertex -30.7486 -27.1236 3
      vertex -28.785 -28.6303 3
      vertex -28.9486 -28.875 3
    endloop
  endfacet
  facet normal 0 0 -1
    outer loop
      vertex -31.092 -27.6375 3
      vertex -28.9486 -28.875 3
      vertex -29.0787 -29.139 3
    endloop
  endfacet
  facet normal 0 0 -1
    outer loop
      vertex -31.3653 -28.1918 3
      vertex -29.0787 -29.139 3
      vertex -29.1733 -29.4177 3
    endloop
  endfacet
  facet normal 0 0 -1
    outer loop
      vertex -31.564 -28.7771 3
      vertex -29.1733 -29.4177 3
      vertex -29.2308 -29.7063 3
    endloop
  endfacet
  facet normal 0 0 -1
    outer loop
      vertex -28.125 -28.0514 3
      vertex -29.3625 -25.908 3
      vertex -28.8082 -25.6347 3
    endloop
  endfacet
  facet normal 0 0 -1
    outer loop
      vertex -31.6846 -29.3833 3
      vertex -29.2308 -29.7063 3
      vertex -29.25 -30 3
    endloop
  endfacet
  facet normal -0 0 -1
    outer loop
      vertex -28.9486 -31.125 3
      vertex -31.092 -32.3625 3
      vertex -29.0787 -30.861 3
    endloop
  endfacet
  facet normal 0 0 -1
    outer loop
      vertex -31.3653 -31.8082 3
      vertex -29.0787 -30.861 3
      vertex -31.092 -32.3625 3
    endloop
  endfacet
  facet normal 0 0 -1
    outer loop
      vertex -28.3697 -28.215 3
      vertex -29.8764 -26.2514 3
      vertex -29.3625 -25.908 3
    endloop
  endfacet
  facet normal -0 0 -1
    outer loop
      vertex -29.0787 -30.861 3
      vertex -31.3653 -31.8082 3
      vertex -29.1733 -30.5823 3
    endloop
  endfacet
  facet normal 0 0 -1
    outer loop
      vertex -28.591 -28.409 3
      vertex -30.3411 -26.6589 3
      vertex -29.8764 -26.2514 3
    endloop
  endfacet
  facet normal 0 0 -1
    outer loop
      vertex -31.564 -31.2229 3
      vertex -29.1733 -30.5823 3
      vertex -31.3653 -31.8082 3
    endloop
  endfacet
  facet normal 0 0 -1
    outer loop
      vertex -28.785 -28.6303 3
      vertex -30.7486 -27.1236 3
      vertex -30.3411 -26.6589 3
    endloop
  endfacet
  facet normal -0 0 -1
    outer loop
      vertex -29.1733 -30.5823 3
      vertex -31.564 -31.2229 3
      vertex -29.2308 -30.2937 3
    endloop
  endfacet
  facet normal 0 0 -1
    outer loop
      vertex -28.9486 -28.875 3
      vertex -31.092 -27.6375 3
      vertex -30.7486 -27.1236 3
    endloop
  endfacet
  facet normal 0 0 -1
    outer loop
      vertex -31.6846 -30.6167 3
      vertex -29.2308 -30.2937 3
      vertex -31.564 -31.2229 3
    endloop
  endfacet
  facet normal 0 0 -1
    outer loop
      vertex -29.0787 -29.139 3
      vertex -31.3653 -28.1918 3
      vertex -31.092 -27.6375 3
    endloop
  endfacet
  facet normal -0 0 -1
    outer loop
      vertex -29.2308 -30.2937 3
      vertex -31.6846 -30.6167 3
      vertex -29.25 -30 3
    endloop
  endfacet
  facet normal 0 0 -1
    outer loop
      vertex -29.1733 -29.4177 3
      vertex -31.564 -28.7771 3
      vertex -31.3653 -28.1918 3
    endloop
  endfacet
  facet normal 0 0 -1
    outer loop
      vertex -31.725 -30 3
      vertex -29.25 -30 3
      vertex -31.6846 -30.6167 3
    endloop
  endfacet
  facet normal 0 0 -1
    outer loop
      vertex -29.2308 -29.7063 3
      vertex -31.6846 -29.3833 3
      vertex -31.564 -28.7771 3
    endloop
  endfacet
  facet normal 0 0 -1
    outer loop
      vertex -29.25 -30 3
      vertex -31.725 -30 3
      vertex -31.6846 -29.3833 3
    endloop
  endfacet
  facet normal 0.250633 -0.508586 0.823725
    outer loop
      vertex -28.125 -28.0514 1.3
      vertex -27.861 -27.9213 1.3
      vertex -28.8082 -25.6347 3
    endloop
  endfacet
  facet normal 0.536907 0.182244 0.823722
    outer loop
      vertex -29.0787 -30.861 1.3
      vertex -29.1733 -30.5823 1.3
      vertex -31.564 -31.2229 3
    endloop
  endfacet
  facet normal 0.556057 0.110788 0.823727
    outer loop
      vertex -29.1733 -30.5823 1.3
      vertex -29.2308 -30.2937 1.3
      vertex -31.564 -31.2229 3
    endloop
  endfacet
  facet normal 0.426306 0.373832 0.823719
    outer loop
      vertex -30.3411 -33.3411 3
      vertex -28.591 -31.591 1.3
      vertex -30.7486 -32.8764 3
    endloop
  endfacet
  facet normal 0.373832 0.426306 0.823719
    outer loop
      vertex -29.8764 -33.7486 3
      vertex -28.591 -31.591 1.3
      vertex -30.3411 -33.3411 3
    endloop
  endfacet
  facet normal -0.0370646 -0.565786 0.823718
    outer loop
      vertex -26.3833 -25.3154 3
      vertex -27 -25.275 3
      vertex -27 -27.75 1.3
    endloop
  endfacet
  facet normal -0.110788 -0.556057 0.823727
    outer loop
      vertex -26.4177 -27.8267 1.3
      vertex -25.7771 -25.436 3
      vertex -26.7063 -27.7692 1.3
    endloop
  endfacet
  facet normal -0.250742 -0.508548 0.823715
    outer loop
      vertex -24.6375 -25.908 3
      vertex -25.1918 -25.6347 3
      vertex -25.875 -28.0514 1.3
    endloop
  endfacet
  facet normal -0.508586 -0.250633 0.823725
    outer loop
      vertex -24.9213 -29.139 1.3
      vertex -22.6347 -28.1918 3
      vertex -25.0514 -28.875 1.3
    endloop
  endfacet
  facet normal -0.426355 -0.373759 0.823726
    outer loop
      vertex -25.215 -28.6303 1.3
      vertex -23.2514 -27.1236 3
      vertex -25.409 -28.409 1.3
    endloop
  endfacet
  facet normal -0.471436 -0.315024 0.823716
    outer loop
      vertex -22.908 -27.6375 3
      vertex -23.2514 -27.1236 3
      vertex -25.0514 -28.875 1.3
    endloop
  endfacet
  facet normal -0.315129 -0.471345 0.823728
    outer loop
      vertex -25.6303 -28.215 1.3
      vertex -24.1236 -26.2514 3
      vertex -25.875 -28.0514 1.3
    endloop
  endfacet
  facet normal 0.508548 -0.250742 0.823715
    outer loop
      vertex -28.9486 -28.875 1.3
      vertex -31.092 -27.6375 3
      vertex -31.3653 -28.1918 3
    endloop
  endfacet
  facet normal 0.471436 -0.315024 0.823716
    outer loop
      vertex -28.9486 -28.875 1.3
      vertex -30.7486 -27.1236 3
      vertex -31.092 -27.6375 3
    endloop
  endfacet
  facet normal 0.565786 -0.0370646 0.823718
    outer loop
      vertex -29.25 -30 1.3
      vertex -31.6846 -29.3833 3
      vertex -31.725 -30 3
    endloop
  endfacet
  facet normal 0.556108 -0.110634 0.823713
    outer loop
      vertex -29.2308 -29.7063 1.3
      vertex -31.564 -28.7771 3
      vertex -31.6846 -29.3833 3
    endloop
  endfacet
  facet normal 0.426355 -0.373759 0.823726
    outer loop
      vertex -28.785 -28.6303 1.3
      vertex -28.591 -28.409 1.3
      vertex -30.7486 -27.1236 3
    endloop
  endfacet
  facet normal 0.182269 -0.536901 0.82372
    outer loop
      vertex -27.861 -27.9213 1.3
      vertex -28.2229 -25.436 3
      vertex -28.8082 -25.6347 3
    endloop
  endfacet
  facet normal -0.182244 -0.536907 0.823722
    outer loop
      vertex -26.139 -27.9213 1.3
      vertex -25.7771 -25.436 3
      vertex -26.4177 -27.8267 1.3
    endloop
  endfacet
  facet normal -0.036988 -0.565801 0.823712
    outer loop
      vertex -26.7063 -27.7692 1.3
      vertex -26.3833 -25.3154 3
      vertex -27 -27.75 1.3
    endloop
  endfacet
  facet normal -0.110634 -0.556108 0.823713
    outer loop
      vertex -25.7771 -25.436 3
      vertex -26.3833 -25.3154 3
      vertex -26.7063 -27.7692 1.3
    endloop
  endfacet
  facet normal -0.426306 -0.373832 0.823719
    outer loop
      vertex -23.2514 -27.1236 3
      vertex -23.6589 -26.6589 3
      vertex -25.409 -28.409 1.3
    endloop
  endfacet
  facet normal -0.373832 -0.426306 0.823719
    outer loop
      vertex -23.6589 -26.6589 3
      vertex -24.1236 -26.2514 3
      vertex -25.409 -28.409 1.3
    endloop
  endfacet
  facet normal -0.536901 -0.182269 0.82372
    outer loop
      vertex -22.436 -28.7771 3
      vertex -22.6347 -28.1918 3
      vertex -24.9213 -29.139 1.3
    endloop
  endfacet
  facet normal -0.471345 -0.315129 0.823728
    outer loop
      vertex -25.0514 -28.875 1.3
      vertex -23.2514 -27.1236 3
      vertex -25.215 -28.6303 1.3
    endloop
  endfacet
  facet normal 0.565801 0.036988 0.823712
    outer loop
      vertex -29.2308 -30.2937 1.3
      vertex -29.25 -30 1.3
      vertex -31.6846 -30.6167 3
    endloop
  endfacet
  facet normal 0.373832 -0.426306 0.823719
    outer loop
      vertex -28.591 -28.409 1.3
      vertex -29.8764 -26.2514 3
      vertex -30.3411 -26.6589 3
    endloop
  endfacet
  facet normal 0.426306 -0.373832 0.823719
    outer loop
      vertex -28.591 -28.409 1.3
      vertex -30.3411 -26.6589 3
      vertex -30.7486 -27.1236 3
    endloop
  endfacet
  facet normal 0.373759 -0.426355 0.823726
    outer loop
      vertex -28.591 -28.409 1.3
      vertex -28.3697 -28.215 1.3
      vertex -29.8764 -26.2514 3
    endloop
  endfacet
  facet normal 0.315129 -0.471345 0.823728
    outer loop
      vertex -28.3697 -28.215 1.3
      vertex -28.125 -28.0514 1.3
      vertex -29.8764 -26.2514 3
    endloop
  endfacet
  facet normal 0.110634 -0.556108 0.823713
    outer loop
      vertex -27.2937 -27.7692 1.3
      vertex -27.6167 -25.3154 3
      vertex -28.2229 -25.436 3
    endloop
  endfacet
  facet normal -0.536907 -0.182244 0.823722
    outer loop
      vertex -24.8267 -29.4177 1.3
      vertex -22.436 -28.7771 3
      vertex -24.9213 -29.139 1.3
    endloop
  endfacet
  facet normal -0.556057 -0.110788 0.823727
    outer loop
      vertex -24.7692 -29.7063 1.3
      vertex -22.436 -28.7771 3
      vertex -24.8267 -29.4177 1.3
    endloop
  endfacet
  facet normal 0.182244 -0.536907 0.823722
    outer loop
      vertex -27.861 -27.9213 1.3
      vertex -27.5823 -27.8267 1.3
      vertex -28.2229 -25.436 3
    endloop
  endfacet
  facet normal 0.110788 -0.556057 0.823727
    outer loop
      vertex -27.5823 -27.8267 1.3
      vertex -27.2937 -27.7692 1.3
      vertex -28.2229 -25.436 3
    endloop
  endfacet
  facet normal -0.99787 -0.0652336 0
    outer loop
      vertex -24.75 30 0
      vertex -24.7692 30.2937 1.3
      vertex -24.7692 30.2937 0
    endloop
  endfacet
  facet normal -0.99787 -0.0652336 0
    outer loop
      vertex -24.7692 30.2937 1.3
      vertex -24.75 30 0
      vertex -24.75 30 1.3
    endloop
  endfacet
  facet normal 0.99787 -0.0652336 0
    outer loop
      vertex -29.25 30 1.3
      vertex -29.2308 30.2937 0
      vertex -29.2308 30.2937 1.3
    endloop
  endfacet
  facet normal 0.99787 -0.0652336 0
    outer loop
      vertex -29.2308 30.2937 0
      vertex -29.25 30 1.3
      vertex -29.25 30 0
    endloop
  endfacet
  facet normal -0.0652336 -0.99787 0
    outer loop
      vertex -27 32.25 0
      vertex -26.7063 32.2308 1.3
      vertex -27 32.25 1.3
    endloop
  endfacet
  facet normal -0.0652336 -0.99787 -0
    outer loop
      vertex -26.7063 32.2308 1.3
      vertex -27 32.25 0
      vertex -26.7063 32.2308 0
    endloop
  endfacet
  facet normal 0.0652336 0.99787 -0
    outer loop
      vertex -27 27.75 0
      vertex -27.2937 27.7692 1.3
      vertex -27 27.75 1.3
    endloop
  endfacet
  facet normal 0.0652336 0.99787 0
    outer loop
      vertex -27.2937 27.7692 1.3
      vertex -27 27.75 0
      vertex -27.2937 27.7692 0
    endloop
  endfacet
  facet normal 0.751966 0.659202 0
    outer loop
      vertex -28.591 28.409 1.3
      vertex -28.785 28.6303 0
      vertex -28.785 28.6303 1.3
    endloop
  endfacet
  facet normal 0.751966 0.659202 0
    outer loop
      vertex -28.785 28.6303 0
      vertex -28.591 28.409 1.3
      vertex -28.591 28.409 0
    endloop
  endfacet
  facet normal -0.751966 -0.659202 0
    outer loop
      vertex -25.215 31.3697 0
      vertex -25.409 31.591 1.3
      vertex -25.409 31.591 0
    endloop
  endfacet
  facet normal -0.751966 -0.659202 0
    outer loop
      vertex -25.409 31.591 1.3
      vertex -25.215 31.3697 0
      vertex -25.215 31.3697 1.3
    endloop
  endfacet
  facet normal 0.659202 -0.751966 0
    outer loop
      vertex -28.591 31.591 0
      vertex -28.3697 31.785 1.3
      vertex -28.591 31.591 1.3
    endloop
  endfacet
  facet normal 0.659202 -0.751966 0
    outer loop
      vertex -28.3697 31.785 1.3
      vertex -28.591 31.591 0
      vertex -28.3697 31.785 0
    endloop
  endfacet
  facet normal 0.321421 -0.946936 0
    outer loop
      vertex -27.861 32.0787 0
      vertex -27.5823 32.1733 1.3
      vertex -27.861 32.0787 1.3
    endloop
  endfacet
  facet normal 0.321421 -0.946936 0
    outer loop
      vertex -27.5823 32.1733 1.3
      vertex -27.861 32.0787 0
      vertex -27.5823 32.1733 0
    endloop
  endfacet
  facet normal -0.896995 -0.442042 0
    outer loop
      vertex -24.9213 30.861 0
      vertex -25.0514 31.125 1.3
      vertex -25.0514 31.125 0
    endloop
  endfacet
  facet normal -0.896995 -0.442042 0
    outer loop
      vertex -25.0514 31.125 1.3
      vertex -24.9213 30.861 0
      vertex -24.9213 30.861 1.3
    endloop
  endfacet
  facet normal -0.831318 -0.555797 0
    outer loop
      vertex -25.0514 31.125 0
      vertex -25.215 31.3697 1.3
      vertex -25.215 31.3697 0
    endloop
  endfacet
  facet normal -0.831318 -0.555797 0
    outer loop
      vertex -25.215 31.3697 1.3
      vertex -25.0514 31.125 0
      vertex -25.0514 31.125 1.3
    endloop
  endfacet
  facet normal -0.442042 -0.896995 0
    outer loop
      vertex -26.139 32.0787 0
      vertex -25.875 31.9486 1.3
      vertex -26.139 32.0787 1.3
    endloop
  endfacet
  facet normal -0.442042 -0.896995 -0
    outer loop
      vertex -25.875 31.9486 1.3
      vertex -26.139 32.0787 0
      vertex -25.875 31.9486 0
    endloop
  endfacet
  facet normal -0.321421 -0.946936 0
    outer loop
      vertex -26.4177 32.1733 0
      vertex -26.139 32.0787 1.3
      vertex -26.4177 32.1733 1.3
    endloop
  endfacet
  facet normal -0.321421 -0.946936 -0
    outer loop
      vertex -26.139 32.0787 1.3
      vertex -26.4177 32.1733 0
      vertex -26.139 32.0787 0
    endloop
  endfacet
  facet normal -0.555797 -0.831318 0
    outer loop
      vertex -25.875 31.9486 0
      vertex -25.6303 31.785 1.3
      vertex -25.875 31.9486 1.3
    endloop
  endfacet
  facet normal -0.555797 -0.831318 -0
    outer loop
      vertex -25.6303 31.785 1.3
      vertex -25.875 31.9486 0
      vertex -25.6303 31.785 0
    endloop
  endfacet
  facet normal 0.896995 -0.442042 0
    outer loop
      vertex -29.0787 30.861 1.3
      vertex -28.9486 31.125 0
      vertex -28.9486 31.125 1.3
    endloop
  endfacet
  facet normal 0.896995 -0.442042 0
    outer loop
      vertex -28.9486 31.125 0
      vertex -29.0787 30.861 1.3
      vertex -29.0787 30.861 0
    endloop
  endfacet
  facet normal 0.946936 -0.321421 0
    outer loop
      vertex -29.1733 30.5823 1.3
      vertex -29.0787 30.861 0
      vertex -29.0787 30.861 1.3
    endloop
  endfacet
  facet normal 0.946936 -0.321421 0
    outer loop
      vertex -29.0787 30.861 0
      vertex -29.1733 30.5823 1.3
      vertex -29.1733 30.5823 0
    endloop
  endfacet
  facet normal 0.442042 -0.896995 0
    outer loop
      vertex -28.125 31.9486 0
      vertex -27.861 32.0787 1.3
      vertex -28.125 31.9486 1.3
    endloop
  endfacet
  facet normal 0.442042 -0.896995 0
    outer loop
      vertex -27.861 32.0787 1.3
      vertex -28.125 31.9486 0
      vertex -27.861 32.0787 0
    endloop
  endfacet
  facet normal 0.195397 -0.980724 0
    outer loop
      vertex -27.5823 32.1733 0
      vertex -27.2937 32.2308 1.3
      vertex -27.5823 32.1733 1.3
    endloop
  endfacet
  facet normal 0.195397 -0.980724 0
    outer loop
      vertex -27.2937 32.2308 1.3
      vertex -27.5823 32.1733 0
      vertex -27.2937 32.2308 0
    endloop
  endfacet
  facet normal -0.442042 0.896995 0
    outer loop
      vertex -25.875 28.0514 0
      vertex -26.139 27.9213 1.3
      vertex -25.875 28.0514 1.3
    endloop
  endfacet
  facet normal -0.442042 0.896995 0
    outer loop
      vertex -26.139 27.9213 1.3
      vertex -25.875 28.0514 0
      vertex -26.139 27.9213 0
    endloop
  endfacet
  facet normal 0.321421 0.946936 -0
    outer loop
      vertex -27.5823 27.8267 0
      vertex -27.861 27.9213 1.3
      vertex -27.5823 27.8267 1.3
    endloop
  endfacet
  facet normal 0.321421 0.946936 0
    outer loop
      vertex -27.861 27.9213 1.3
      vertex -27.5823 27.8267 0
      vertex -27.861 27.9213 0
    endloop
  endfacet
  facet normal 0.896995 0.442042 0
    outer loop
      vertex -28.9486 28.875 1.3
      vertex -29.0787 29.139 0
      vertex -29.0787 29.139 1.3
    endloop
  endfacet
  facet normal 0.896995 0.442042 0
    outer loop
      vertex -29.0787 29.139 0
      vertex -28.9486 28.875 1.3
      vertex -28.9486 28.875 0
    endloop
  endfacet
  facet normal -0.946936 -0.321421 0
    outer loop
      vertex -24.8267 30.5823 0
      vertex -24.9213 30.861 1.3
      vertex -24.9213 30.861 0
    endloop
  endfacet
  facet normal -0.946936 -0.321421 0
    outer loop
      vertex -24.9213 30.861 1.3
      vertex -24.8267 30.5823 0
      vertex -24.8267 30.5823 1.3
    endloop
  endfacet
  facet normal -0.980724 -0.195397 0
    outer loop
      vertex -24.7692 30.2937 0
      vertex -24.8267 30.5823 1.3
      vertex -24.8267 30.5823 0
    endloop
  endfacet
  facet normal -0.980724 -0.195397 0
    outer loop
      vertex -24.8267 30.5823 1.3
      vertex -24.7692 30.2937 0
      vertex -24.7692 30.2937 1.3
    endloop
  endfacet
  facet normal -0.195397 -0.980724 0
    outer loop
      vertex -26.7063 32.2308 0
      vertex -26.4177 32.1733 1.3
      vertex -26.7063 32.2308 1.3
    endloop
  endfacet
  facet normal -0.195397 -0.980724 -0
    outer loop
      vertex -26.4177 32.1733 1.3
      vertex -26.7063 32.2308 0
      vertex -26.4177 32.1733 0
    endloop
  endfacet
  facet normal -0.659202 -0.751966 0
    outer loop
      vertex -25.6303 31.785 0
      vertex -25.409 31.591 1.3
      vertex -25.6303 31.785 1.3
    endloop
  endfacet
  facet normal -0.659202 -0.751966 -0
    outer loop
      vertex -25.409 31.591 1.3
      vertex -25.6303 31.785 0
      vertex -25.409 31.591 0
    endloop
  endfacet
  facet normal 0.831318 -0.555797 0
    outer loop
      vertex -28.9486 31.125 1.3
      vertex -28.785 31.3697 0
      vertex -28.785 31.3697 1.3
    endloop
  endfacet
  facet normal 0.831318 -0.555797 0
    outer loop
      vertex -28.785 31.3697 0
      vertex -28.9486 31.125 1.3
      vertex -28.9486 31.125 0
    endloop
  endfacet
  facet normal 0.751966 -0.659202 0
    outer loop
      vertex -28.785 31.3697 1.3
      vertex -28.591 31.591 0
      vertex -28.591 31.591 1.3
    endloop
  endfacet
  facet normal 0.751966 -0.659202 0
    outer loop
      vertex -28.591 31.591 0
      vertex -28.785 31.3697 1.3
      vertex -28.785 31.3697 0
    endloop
  endfacet
  facet normal 0.980724 -0.195397 0
    outer loop
      vertex -29.2308 30.2937 1.3
      vertex -29.1733 30.5823 0
      vertex -29.1733 30.5823 1.3
    endloop
  endfacet
  facet normal 0.980724 -0.195397 0
    outer loop
      vertex -29.1733 30.5823 0
      vertex -29.2308 30.2937 1.3
      vertex -29.2308 30.2937 0
    endloop
  endfacet
  facet normal 0.555797 -0.831318 0
    outer loop
      vertex -28.3697 31.785 0
      vertex -28.125 31.9486 1.3
      vertex -28.3697 31.785 1.3
    endloop
  endfacet
  facet normal 0.555797 -0.831318 0
    outer loop
      vertex -28.125 31.9486 1.3
      vertex -28.3697 31.785 0
      vertex -28.125 31.9486 0
    endloop
  endfacet
  facet normal 0.0652336 -0.99787 0
    outer loop
      vertex -27.2937 32.2308 0
      vertex -27 32.25 1.3
      vertex -27.2937 32.2308 1.3
    endloop
  endfacet
  facet normal 0.0652336 -0.99787 0
    outer loop
      vertex -27 32.25 1.3
      vertex -27.2937 32.2308 0
      vertex -27 32.25 0
    endloop
  endfacet
  facet normal -0.0652336 0.99787 0
    outer loop
      vertex -26.7063 27.7692 0
      vertex -27 27.75 1.3
      vertex -26.7063 27.7692 1.3
    endloop
  endfacet
  facet normal -0.0652336 0.99787 0
    outer loop
      vertex -27 27.75 1.3
      vertex -26.7063 27.7692 0
      vertex -27 27.75 0
    endloop
  endfacet
  facet normal -0.321421 0.946936 0
    outer loop
      vertex -26.139 27.9213 0
      vertex -26.4177 27.8267 1.3
      vertex -26.139 27.9213 1.3
    endloop
  endfacet
  facet normal -0.321421 0.946936 0
    outer loop
      vertex -26.4177 27.8267 1.3
      vertex -26.139 27.9213 0
      vertex -26.4177 27.8267 0
    endloop
  endfacet
  facet normal -0.555797 0.831318 0
    outer loop
      vertex -25.6303 28.215 0
      vertex -25.875 28.0514 1.3
      vertex -25.6303 28.215 1.3
    endloop
  endfacet
  facet normal -0.555797 0.831318 0
    outer loop
      vertex -25.875 28.0514 1.3
      vertex -25.6303 28.215 0
      vertex -25.875 28.0514 0
    endloop
  endfacet
  facet normal -0.751966 0.659202 0
    outer loop
      vertex -25.409 28.409 0
      vertex -25.215 28.6303 1.3
      vertex -25.215 28.6303 0
    endloop
  endfacet
  facet normal -0.751966 0.659202 0
    outer loop
      vertex -25.215 28.6303 1.3
      vertex -25.409 28.409 0
      vertex -25.409 28.409 1.3
    endloop
  endfacet
  facet normal -0.896995 0.442042 0
    outer loop
      vertex -25.0514 28.875 0
      vertex -24.9213 29.139 1.3
      vertex -24.9213 29.139 0
    endloop
  endfacet
  facet normal -0.896995 0.442042 0
    outer loop
      vertex -24.9213 29.139 1.3
      vertex -25.0514 28.875 0
      vertex -25.0514 28.875 1.3
    endloop
  endfacet
  facet normal 0.659202 0.751966 -0
    outer loop
      vertex -28.3697 28.215 0
      vertex -28.591 28.409 1.3
      vertex -28.3697 28.215 1.3
    endloop
  endfacet
  facet normal 0.659202 0.751966 0
    outer loop
      vertex -28.591 28.409 1.3
      vertex -28.3697 28.215 0
      vertex -28.591 28.409 0
    endloop
  endfacet
  facet normal 0.442042 0.896995 -0
    outer loop
      vertex -27.861 27.9213 0
      vertex -28.125 28.0514 1.3
      vertex -27.861 27.9213 1.3
    endloop
  endfacet
  facet normal 0.442042 0.896995 0
    outer loop
      vertex -28.125 28.0514 1.3
      vertex -27.861 27.9213 0
      vertex -28.125 28.0514 0
    endloop
  endfacet
  facet normal 0.195397 0.980724 -0
    outer loop
      vertex -27.2937 27.7692 0
      vertex -27.5823 27.8267 1.3
      vertex -27.2937 27.7692 1.3
    endloop
  endfacet
  facet normal 0.195397 0.980724 0
    outer loop
      vertex -27.5823 27.8267 1.3
      vertex -27.2937 27.7692 0
      vertex -27.5823 27.8267 0
    endloop
  endfacet
  facet normal 0.831318 0.555797 0
    outer loop
      vertex -28.785 28.6303 1.3
      vertex -28.9486 28.875 0
      vertex -28.9486 28.875 1.3
    endloop
  endfacet
  facet normal 0.831318 0.555797 0
    outer loop
      vertex -28.9486 28.875 0
      vertex -28.785 28.6303 1.3
      vertex -28.785 28.6303 0
    endloop
  endfacet
  facet normal 0.946936 0.321421 0
    outer loop
      vertex -29.0787 29.139 1.3
      vertex -29.1733 29.4177 0
      vertex -29.1733 29.4177 1.3
    endloop
  endfacet
  facet normal 0.946936 0.321421 0
    outer loop
      vertex -29.1733 29.4177 0
      vertex -29.0787 29.139 1.3
      vertex -29.0787 29.139 0
    endloop
  endfacet
  facet normal 0.99787 0.0652336 0
    outer loop
      vertex -29.2308 29.7063 1.3
      vertex -29.25 30 0
      vertex -29.25 30 1.3
    endloop
  endfacet
  facet normal 0.99787 0.0652336 0
    outer loop
      vertex -29.25 30 0
      vertex -29.2308 29.7063 1.3
      vertex -29.2308 29.7063 0
    endloop
  endfacet
  facet normal -0.195397 0.980724 0
    outer loop
      vertex -26.4177 27.8267 0
      vertex -26.7063 27.7692 1.3
      vertex -26.4177 27.8267 1.3
    endloop
  endfacet
  facet normal -0.195397 0.980724 0
    outer loop
      vertex -26.7063 27.7692 1.3
      vertex -26.4177 27.8267 0
      vertex -26.7063 27.7692 0
    endloop
  endfacet
  facet normal -0.659202 0.751966 0
    outer loop
      vertex -25.409 28.409 0
      vertex -25.6303 28.215 1.3
      vertex -25.409 28.409 1.3
    endloop
  endfacet
  facet normal -0.659202 0.751966 0
    outer loop
      vertex -25.6303 28.215 1.3
      vertex -25.409 28.409 0
      vertex -25.6303 28.215 0
    endloop
  endfacet
  facet normal -0.831318 0.555797 0
    outer loop
      vertex -25.215 28.6303 0
      vertex -25.0514 28.875 1.3
      vertex -25.0514 28.875 0
    endloop
  endfacet
  facet normal -0.831318 0.555797 0
    outer loop
      vertex -25.0514 28.875 1.3
      vertex -25.215 28.6303 0
      vertex -25.215 28.6303 1.3
    endloop
  endfacet
  facet normal -0.980724 0.195397 0
    outer loop
      vertex -24.8267 29.4177 0
      vertex -24.7692 29.7063 1.3
      vertex -24.7692 29.7063 0
    endloop
  endfacet
  facet normal -0.980724 0.195397 0
    outer loop
      vertex -24.7692 29.7063 1.3
      vertex -24.8267 29.4177 0
      vertex -24.8267 29.4177 1.3
    endloop
  endfacet
  facet normal -0.946936 0.321421 0
    outer loop
      vertex -24.9213 29.139 0
      vertex -24.8267 29.4177 1.3
      vertex -24.8267 29.4177 0
    endloop
  endfacet
  facet normal -0.946936 0.321421 0
    outer loop
      vertex -24.8267 29.4177 1.3
      vertex -24.9213 29.139 0
      vertex -24.9213 29.139 1.3
    endloop
  endfacet
  facet normal -0.99787 0.0652336 0
    outer loop
      vertex -24.7692 29.7063 0
      vertex -24.75 30 1.3
      vertex -24.75 30 0
    endloop
  endfacet
  facet normal -0.99787 0.0652336 0
    outer loop
      vertex -24.75 30 1.3
      vertex -24.7692 29.7063 0
      vertex -24.7692 29.7063 1.3
    endloop
  endfacet
  facet normal 0.555797 0.831318 -0
    outer loop
      vertex -28.125 28.0514 0
      vertex -28.3697 28.215 1.3
      vertex -28.125 28.0514 1.3
    endloop
  endfacet
  facet normal 0.555797 0.831318 0
    outer loop
      vertex -28.3697 28.215 1.3
      vertex -28.125 28.0514 0
      vertex -28.3697 28.215 0
    endloop
  endfacet
  facet normal 0.980724 0.195397 0
    outer loop
      vertex -29.1733 29.4177 1.3
      vertex -29.2308 29.7063 0
      vertex -29.2308 29.7063 1.3
    endloop
  endfacet
  facet normal 0.980724 0.195397 0
    outer loop
      vertex -29.2308 29.7063 0
      vertex -29.1733 29.4177 1.3
      vertex -29.1733 29.4177 0
    endloop
  endfacet
  facet normal -0.0370646 0.565786 0.823718
    outer loop
      vertex -26.3833 25.3154 3
      vertex -27 27.75 1.3
      vertex -27 25.275 3
    endloop
  endfacet
  facet normal -0.565786 -0.0370646 0.823718
    outer loop
      vertex -22.275 30 3
      vertex -22.3154 30.6167 3
      vertex -24.75 30 1.3
    endloop
  endfacet
  facet normal -0.565801 -0.036988 0.823712
    outer loop
      vertex -24.75 30 1.3
      vertex -22.3154 30.6167 3
      vertex -24.7692 30.2937 1.3
    endloop
  endfacet
  facet normal -0.565801 0.036988 0.823712
    outer loop
      vertex -22.3154 29.3833 3
      vertex -24.75 30 1.3
      vertex -24.7692 29.7063 1.3
    endloop
  endfacet
  facet normal 0.556108 0.110634 0.823713
    outer loop
      vertex -31.564 28.7771 3
      vertex -29.2308 29.7063 1.3
      vertex -31.6846 29.3833 3
    endloop
  endfacet
  facet normal 0.110634 -0.556108 0.823713
    outer loop
      vertex -27.2937 32.2308 1.3
      vertex -27.6167 34.6846 3
      vertex -28.2229 34.564 3
    endloop
  endfacet
  facet normal -0.426306 0.373832 0.823719
    outer loop
      vertex -23.6589 26.6589 3
      vertex -23.2514 27.1236 3
      vertex -25.409 28.409 1.3
    endloop
  endfacet
  facet normal -0.536901 0.182269 0.82372
    outer loop
      vertex -22.6347 28.1918 3
      vertex -22.436 28.7771 3
      vertex -24.9213 29.139 1.3
    endloop
  endfacet
  facet normal -0.373759 0.426355 0.823726
    outer loop
      vertex -24.1236 26.2514 3
      vertex -25.409 28.409 1.3
      vertex -25.6303 28.215 1.3
    endloop
  endfacet
  facet normal -0.182269 0.536901 0.82372
    outer loop
      vertex -25.7771 25.436 3
      vertex -25.1918 25.6347 3
      vertex -26.139 27.9213 1.3
    endloop
  endfacet
  facet normal -0.250742 0.508548 0.823715
    outer loop
      vertex -25.1918 25.6347 3
      vertex -24.6375 25.908 3
      vertex -25.875 28.0514 1.3
    endloop
  endfacet
  facet normal -0.373832 0.426306 0.823719
    outer loop
      vertex -24.1236 26.2514 3
      vertex -23.6589 26.6589 3
      vertex -25.409 28.409 1.3
    endloop
  endfacet
  facet normal 0.373759 0.426355 0.823726
    outer loop
      vertex -28.3697 28.215 1.3
      vertex -28.591 28.409 1.3
      vertex -29.8764 26.2514 3
    endloop
  endfacet
  facet normal 0.315024 0.471436 0.823716
    outer loop
      vertex -29.3625 25.908 3
      vertex -28.125 28.0514 1.3
      vertex -29.8764 26.2514 3
    endloop
  endfacet
  facet normal -0.315129 -0.471345 0.823728
    outer loop
      vertex -25.6303 31.785 1.3
      vertex -24.1236 33.7486 3
      vertex -25.875 31.9486 1.3
    endloop
  endfacet
  facet normal 0.426355 -0.373759 0.823726
    outer loop
      vertex -28.785 31.3697 1.3
      vertex -28.591 31.591 1.3
      vertex -30.7486 32.8764 3
    endloop
  endfacet
  facet normal 0.471436 -0.315024 0.823716
    outer loop
      vertex -28.9486 31.125 1.3
      vertex -30.7486 32.8764 3
      vertex -31.092 32.3625 3
    endloop
  endfacet
  facet normal -0.556108 0.110634 0.823713
    outer loop
      vertex -22.436 28.7771 3
      vertex -22.3154 29.3833 3
      vertex -24.7692 29.7063 1.3
    endloop
  endfacet
  facet normal -0.565786 0.0370646 0.823718
    outer loop
      vertex -22.3154 29.3833 3
      vertex -22.275 30 3
      vertex -24.75 30 1.3
    endloop
  endfacet
  facet normal -0.536907 0.182244 0.823722
    outer loop
      vertex -22.436 28.7771 3
      vertex -24.8267 29.4177 1.3
      vertex -24.9213 29.139 1.3
    endloop
  endfacet
  facet normal -0.508586 0.250633 0.823725
    outer loop
      vertex -22.6347 28.1918 3
      vertex -24.9213 29.139 1.3
      vertex -25.0514 28.875 1.3
    endloop
  endfacet
  facet normal -0.182244 0.536907 0.823722
    outer loop
      vertex -25.7771 25.436 3
      vertex -26.139 27.9213 1.3
      vertex -26.4177 27.8267 1.3
    endloop
  endfacet
  facet normal -0.110788 0.556057 0.823727
    outer loop
      vertex -25.7771 25.436 3
      vertex -26.4177 27.8267 1.3
      vertex -26.7063 27.7692 1.3
    endloop
  endfacet
  facet normal -0.315024 0.471436 0.823716
    outer loop
      vertex -24.6375 25.908 3
      vertex -24.1236 26.2514 3
      vertex -25.875 28.0514 1.3
    endloop
  endfacet
  facet normal 0.426355 0.373759 0.823726
    outer loop
      vertex -28.591 28.409 1.3
      vertex -28.785 28.6303 1.3
      vertex -30.7486 27.1236 3
    endloop
  endfacet
  facet normal 0.373759 -0.426355 0.823726
    outer loop
      vertex -28.591 31.591 1.3
      vertex -28.3697 31.785 1.3
      vertex -29.8764 33.7486 3
    endloop
  endfacet
  facet normal -0.556057 0.110788 0.823727
    outer loop
      vertex -22.436 28.7771 3
      vertex -24.7692 29.7063 1.3
      vertex -24.8267 29.4177 1.3
    endloop
  endfacet
  facet normal -0.471436 0.315024 0.823716
    outer loop
      vertex -23.2514 27.1236 3
      vertex -22.908 27.6375 3
      vertex -25.0514 28.875 1.3
    endloop
  endfacet
  facet normal -0.508548 0.250742 0.823715
    outer loop
      vertex -22.908 27.6375 3
      vertex -22.6347 28.1918 3
      vertex -25.0514 28.875 1.3
    endloop
  endfacet
  facet normal -0.471345 0.315129 0.823728
    outer loop
      vertex -23.2514 27.1236 3
      vertex -25.0514 28.875 1.3
      vertex -25.215 28.6303 1.3
    endloop
  endfacet
  facet normal -0.426355 0.373759 0.823726
    outer loop
      vertex -23.2514 27.1236 3
      vertex -25.215 28.6303 1.3
      vertex -25.409 28.409 1.3
    endloop
  endfacet
  facet normal -0.110634 0.556108 0.823713
    outer loop
      vertex -26.3833 25.3154 3
      vertex -25.7771 25.436 3
      vertex -26.7063 27.7692 1.3
    endloop
  endfacet
  facet normal -0.036988 0.565801 0.823712
    outer loop
      vertex -26.3833 25.3154 3
      vertex -26.7063 27.7692 1.3
      vertex -27 27.75 1.3
    endloop
  endfacet
  facet normal -0.250633 0.508586 0.823725
    outer loop
      vertex -25.1918 25.6347 3
      vertex -25.875 28.0514 1.3
      vertex -26.139 27.9213 1.3
    endloop
  endfacet
  facet normal 0.508548 0.250742 0.823715
    outer loop
      vertex -31.092 27.6375 3
      vertex -28.9486 28.875 1.3
      vertex -31.3653 28.1918 3
    endloop
  endfacet
  facet normal 0.250742 0.508548 0.823715
    outer loop
      vertex -28.8082 25.6347 3
      vertex -28.125 28.0514 1.3
      vertex -29.3625 25.908 3
    endloop
  endfacet
  facet normal 0.182244 0.536907 0.823722
    outer loop
      vertex -27.5823 27.8267 1.3
      vertex -27.861 27.9213 1.3
      vertex -28.2229 25.436 3
    endloop
  endfacet
  facet normal 0.315129 0.471345 0.823728
    outer loop
      vertex -28.125 28.0514 1.3
      vertex -28.3697 28.215 1.3
      vertex -29.8764 26.2514 3
    endloop
  endfacet
  facet normal 0.471436 0.315024 0.823716
    outer loop
      vertex -30.7486 27.1236 3
      vertex -28.9486 28.875 1.3
      vertex -31.092 27.6375 3
    endloop
  endfacet
  facet normal 0.508586 0.250633 0.823725
    outer loop
      vertex -28.9486 28.875 1.3
      vertex -29.0787 29.139 1.3
      vertex -31.3653 28.1918 3
    endloop
  endfacet
  facet normal 0.0370646 -0.565786 0.823718
    outer loop
      vertex -27 32.25 1.3
      vertex -27 34.725 3
      vertex -27.6167 34.6846 3
    endloop
  endfacet
  facet normal -0.471436 -0.315024 0.823716
    outer loop
      vertex -22.908 32.3625 3
      vertex -23.2514 32.8764 3
      vertex -25.0514 31.125 1.3
    endloop
  endfacet
  facet normal 0.250742 -0.508548 0.823715
    outer loop
      vertex -28.125 31.9486 1.3
      vertex -28.8082 34.3653 3
      vertex -29.3625 34.092 3
    endloop
  endfacet
  facet normal 0.536907 -0.182244 0.823722
    outer loop
      vertex -29.1733 30.5823 1.3
      vertex -29.0787 30.861 1.3
      vertex -31.564 31.2229 3
    endloop
  endfacet
  facet normal 0.556108 -0.110634 0.823713
    outer loop
      vertex -29.2308 30.2937 1.3
      vertex -31.564 31.2229 3
      vertex -31.6846 30.6167 3
    endloop
  endfacet
  facet normal 0.471345 -0.315129 0.823728
    outer loop
      vertex -28.9486 31.125 1.3
      vertex -28.785 31.3697 1.3
      vertex -30.7486 32.8764 3
    endloop
  endfacet
  facet normal 0.315024 -0.471436 0.823716
    outer loop
      vertex -28.125 31.9486 1.3
      vertex -29.3625 34.092 3
      vertex -29.8764 33.7486 3
    endloop
  endfacet
  facet normal 0.250633 -0.508586 0.823725
    outer loop
      vertex -28.125 31.9486 1.3
      vertex -27.861 32.0787 1.3
      vertex -28.8082 34.3653 3
    endloop
  endfacet
  facet normal -0.315129 0.471345 0.823728
    outer loop
      vertex -24.1236 26.2514 3
      vertex -25.6303 28.215 1.3
      vertex -25.875 28.0514 1.3
    endloop
  endfacet
  facet normal 0.036988 0.565801 0.823712
    outer loop
      vertex -27 27.75 1.3
      vertex -27.2937 27.7692 1.3
      vertex -27.6167 25.3154 3
    endloop
  endfacet
  facet normal 0.182269 0.536901 0.82372
    outer loop
      vertex -28.2229 25.436 3
      vertex -27.861 27.9213 1.3
      vertex -28.8082 25.6347 3
    endloop
  endfacet
  facet normal 0.250633 0.508586 0.823725
    outer loop
      vertex -27.861 27.9213 1.3
      vertex -28.125 28.0514 1.3
      vertex -28.8082 25.6347 3
    endloop
  endfacet
  facet normal 0.426306 0.373832 0.823719
    outer loop
      vertex -30.3411 26.6589 3
      vertex -28.591 28.409 1.3
      vertex -30.7486 27.1236 3
    endloop
  endfacet
  facet normal 0.373832 0.426306 0.823719
    outer loop
      vertex -29.8764 26.2514 3
      vertex -28.591 28.409 1.3
      vertex -30.3411 26.6589 3
    endloop
  endfacet
  facet normal 0.471345 0.315129 0.823728
    outer loop
      vertex -28.785 28.6303 1.3
      vertex -28.9486 28.875 1.3
      vertex -30.7486 27.1236 3
    endloop
  endfacet
  facet normal 0.536901 0.182269 0.82372
    outer loop
      vertex -31.3653 28.1918 3
      vertex -29.0787 29.139 1.3
      vertex -31.564 28.7771 3
    endloop
  endfacet
  facet normal -0.182244 -0.536907 0.823722
    outer loop
      vertex -26.139 32.0787 1.3
      vertex -25.7771 34.564 3
      vertex -26.4177 32.1733 1.3
    endloop
  endfacet
  facet normal -0.110634 -0.556108 0.823713
    outer loop
      vertex -25.7771 34.564 3
      vertex -26.3833 34.6846 3
      vertex -26.7063 32.2308 1.3
    endloop
  endfacet
  facet normal -0.036988 -0.565801 0.823712
    outer loop
      vertex -26.7063 32.2308 1.3
      vertex -26.3833 34.6846 3
      vertex -27 32.25 1.3
    endloop
  endfacet
  facet normal -0.508548 -0.250742 0.823715
    outer loop
      vertex -22.6347 31.8082 3
      vertex -22.908 32.3625 3
      vertex -25.0514 31.125 1.3
    endloop
  endfacet
  facet normal 0.508548 -0.250742 0.823715
    outer loop
      vertex -28.9486 31.125 1.3
      vertex -31.092 32.3625 3
      vertex -31.3653 31.8082 3
    endloop
  endfacet
  facet normal 0.565786 0.0370646 0.823718
    outer loop
      vertex -31.6846 29.3833 3
      vertex -29.25 30 1.3
      vertex -31.725 30 3
    endloop
  endfacet
  facet normal 0.565786 -0.0370646 0.823718
    outer loop
      vertex -29.25 30 1.3
      vertex -31.6846 30.6167 3
      vertex -31.725 30 3
    endloop
  endfacet
  facet normal 0.536901 -0.182269 0.82372
    outer loop
      vertex -29.0787 30.861 1.3
      vertex -31.3653 31.8082 3
      vertex -31.564 31.2229 3
    endloop
  endfacet
  facet normal 0.508586 -0.250633 0.823725
    outer loop
      vertex -29.0787 30.861 1.3
      vertex -28.9486 31.125 1.3
      vertex -31.3653 31.8082 3
    endloop
  endfacet
  facet normal 0.373832 -0.426306 0.823719
    outer loop
      vertex -28.591 31.591 1.3
      vertex -29.8764 33.7486 3
      vertex -30.3411 33.3411 3
    endloop
  endfacet
  facet normal 0.426306 -0.373832 0.823719
    outer loop
      vertex -28.591 31.591 1.3
      vertex -30.3411 33.3411 3
      vertex -30.7486 32.8764 3
    endloop
  endfacet
  facet normal 0.315129 -0.471345 0.823728
    outer loop
      vertex -28.3697 31.785 1.3
      vertex -28.125 31.9486 1.3
      vertex -29.8764 33.7486 3
    endloop
  endfacet
  facet normal 0.182269 -0.536901 0.82372
    outer loop
      vertex -27.861 32.0787 1.3
      vertex -28.2229 34.564 3
      vertex -28.8082 34.3653 3
    endloop
  endfacet
  facet normal 0.110634 0.556108 0.823713
    outer loop
      vertex -27.6167 25.3154 3
      vertex -27.2937 27.7692 1.3
      vertex -28.2229 25.436 3
    endloop
  endfacet
  facet normal 0.0370646 0.565786 0.823718
    outer loop
      vertex -27 25.275 3
      vertex -27 27.75 1.3
      vertex -27.6167 25.3154 3
    endloop
  endfacet
  facet normal 0.536907 0.182244 0.823722
    outer loop
      vertex -29.0787 29.139 1.3
      vertex -29.1733 29.4177 1.3
      vertex -31.564 28.7771 3
    endloop
  endfacet
  facet normal 0.556057 0.110788 0.823727
    outer loop
      vertex -29.1733 29.4177 1.3
      vertex -29.2308 29.7063 1.3
      vertex -31.564 28.7771 3
    endloop
  endfacet
  facet normal -0.182269 -0.536901 0.82372
    outer loop
      vertex -25.1918 34.3653 3
      vertex -25.7771 34.564 3
      vertex -26.139 32.0787 1.3
    endloop
  endfacet
  facet normal -0.250633 -0.508586 0.823725
    outer loop
      vertex -25.875 31.9486 1.3
      vertex -25.1918 34.3653 3
      vertex -26.139 32.0787 1.3
    endloop
  endfacet
  facet normal -0.0370646 -0.565786 0.823718
    outer loop
      vertex -26.3833 34.6846 3
      vertex -27 34.725 3
      vertex -27 32.25 1.3
    endloop
  endfacet
  facet normal -0.508586 -0.250633 0.823725
    outer loop
      vertex -24.9213 30.861 1.3
      vertex -22.6347 31.8082 3
      vertex -25.0514 31.125 1.3
    endloop
  endfacet
  facet normal 0.565801 -0.036988 0.823712
    outer loop
      vertex -29.25 30 1.3
      vertex -29.2308 30.2937 1.3
      vertex -31.6846 30.6167 3
    endloop
  endfacet
  facet normal 0 0 -1
    outer loop
      vertex -24.75 30 3
      vertex -22.275 30 3
      vertex -22.3154 29.3833 3
    endloop
  endfacet
  facet normal 0 0 -1
    outer loop
      vertex -24.7692 29.7063 3
      vertex -22.3154 29.3833 3
      vertex -22.436 28.7771 3
    endloop
  endfacet
  facet normal 0 0 -1
    outer loop
      vertex -22.275 30 3
      vertex -24.75 30 3
      vertex -22.3154 30.6167 3
    endloop
  endfacet
  facet normal 0 0 -1
    outer loop
      vertex -24.8267 29.4177 3
      vertex -22.436 28.7771 3
      vertex -22.6347 28.1918 3
    endloop
  endfacet
  facet normal 0 0 -1
    outer loop
      vertex -24.7692 30.2937 3
      vertex -22.3154 30.6167 3
      vertex -24.75 30 3
    endloop
  endfacet
  facet normal 0 0 -1
    outer loop
      vertex -24.9213 29.139 3
      vertex -22.6347 28.1918 3
      vertex -22.908 27.6375 3
    endloop
  endfacet
  facet normal -0 0 -1
    outer loop
      vertex -22.3154 30.6167 3
      vertex -24.7692 30.2937 3
      vertex -22.436 31.2229 3
    endloop
  endfacet
  facet normal 0 0 -1
    outer loop
      vertex -25.0514 28.875 3
      vertex -22.908 27.6375 3
      vertex -23.2514 27.1236 3
    endloop
  endfacet
  facet normal 0 0 -1
    outer loop
      vertex -24.8267 30.5823 3
      vertex -22.436 31.2229 3
      vertex -24.7692 30.2937 3
    endloop
  endfacet
  facet normal 0 0 -1
    outer loop
      vertex -25.215 28.6303 3
      vertex -23.2514 27.1236 3
      vertex -23.6589 26.6589 3
    endloop
  endfacet
  facet normal -0 0 -1
    outer loop
      vertex -22.436 31.2229 3
      vertex -24.8267 30.5823 3
      vertex -22.6347 31.8082 3
    endloop
  endfacet
  facet normal 0 0 -1
    outer loop
      vertex -25.409 28.409 3
      vertex -23.6589 26.6589 3
      vertex -24.1236 26.2514 3
    endloop
  endfacet
  facet normal 0 0 -1
    outer loop
      vertex -24.9213 30.861 3
      vertex -22.6347 31.8082 3
      vertex -24.8267 30.5823 3
    endloop
  endfacet
  facet normal 0 0 -1
    outer loop
      vertex -25.6303 28.215 3
      vertex -24.1236 26.2514 3
      vertex -24.6375 25.908 3
    endloop
  endfacet
  facet normal -0 0 -1
    outer loop
      vertex -22.6347 31.8082 3
      vertex -24.9213 30.861 3
      vertex -22.908 32.3625 3
    endloop
  endfacet
  facet normal 0 0 -1
    outer loop
      vertex -25.0514 31.125 3
      vertex -22.908 32.3625 3
      vertex -24.9213 30.861 3
    endloop
  endfacet
  facet normal 0 0 -1
    outer loop
      vertex -22.3154 29.3833 3
      vertex -24.7692 29.7063 3
      vertex -24.75 30 3
    endloop
  endfacet
  facet normal 0 0 -1
    outer loop
      vertex -22.436 28.7771 3
      vertex -24.8267 29.4177 3
      vertex -24.7692 29.7063 3
    endloop
  endfacet
  facet normal 0 0 -1
    outer loop
      vertex -22.6347 28.1918 3
      vertex -24.9213 29.139 3
      vertex -24.8267 29.4177 3
    endloop
  endfacet
  facet normal 0 0 -1
    outer loop
      vertex -22.908 27.6375 3
      vertex -25.0514 28.875 3
      vertex -24.9213 29.139 3
    endloop
  endfacet
  facet normal 0 0 -1
    outer loop
      vertex -25.875 28.0514 3
      vertex -24.6375 25.908 3
      vertex -25.1918 25.6347 3
    endloop
  endfacet
  facet normal 0 0 -1
    outer loop
      vertex -23.2514 27.1236 3
      vertex -25.215 28.6303 3
      vertex -25.0514 28.875 3
    endloop
  endfacet
  facet normal 0 0 -1
    outer loop
      vertex -23.6589 26.6589 3
      vertex -25.409 28.409 3
      vertex -25.215 28.6303 3
    endloop
  endfacet
  facet normal 0 0 -1
    outer loop
      vertex -24.1236 26.2514 3
      vertex -25.6303 28.215 3
      vertex -25.409 28.409 3
    endloop
  endfacet
  facet normal 0 0 -1
    outer loop
      vertex -26.139 27.9213 3
      vertex -25.1918 25.6347 3
      vertex -25.7771 25.436 3
    endloop
  endfacet
  facet normal 0 0 -1
    outer loop
      vertex -24.6375 25.908 3
      vertex -25.875 28.0514 3
      vertex -25.6303 28.215 3
    endloop
  endfacet
  facet normal 0 0 -1
    outer loop
      vertex -25.1918 25.6347 3
      vertex -26.139 27.9213 3
      vertex -25.875 28.0514 3
    endloop
  endfacet
  facet normal 0 0 -1
    outer loop
      vertex -26.4177 27.8267 3
      vertex -25.7771 25.436 3
      vertex -26.3833 25.3154 3
    endloop
  endfacet
  facet normal 0 0 -1
    outer loop
      vertex -25.7771 25.436 3
      vertex -26.4177 27.8267 3
      vertex -26.139 27.9213 3
    endloop
  endfacet
  facet normal 0 0 -1
    outer loop
      vertex -26.3833 25.3154 3
      vertex -26.7063 27.7692 3
      vertex -26.4177 27.8267 3
    endloop
  endfacet
  facet normal 0 0 -1
    outer loop
      vertex -27 25.275 3
      vertex -26.7063 27.7692 3
      vertex -26.3833 25.3154 3
    endloop
  endfacet
  facet normal 0 0 -1
    outer loop
      vertex -27 25.275 3
      vertex -27 27.75 3
      vertex -26.7063 27.7692 3
    endloop
  endfacet
  facet normal 0 0 -1
    outer loop
      vertex -27 25.275 3
      vertex -27.2937 27.7692 3
      vertex -27 27.75 3
    endloop
  endfacet
  facet normal 0 0 -1
    outer loop
      vertex -27.6167 25.3154 3
      vertex -27.2937 27.7692 3
      vertex -27 25.275 3
    endloop
  endfacet
  facet normal -0 0 -1
    outer loop
      vertex -27.2937 27.7692 3
      vertex -27.6167 25.3154 3
      vertex -27.5823 27.8267 3
    endloop
  endfacet
  facet normal 0 0 -1
    outer loop
      vertex -28.2229 25.436 3
      vertex -27.5823 27.8267 3
      vertex -27.6167 25.3154 3
    endloop
  endfacet
  facet normal -0 0 -1
    outer loop
      vertex -27.5823 27.8267 3
      vertex -28.2229 25.436 3
      vertex -27.861 27.9213 3
    endloop
  endfacet
  facet normal 0 0 -1
    outer loop
      vertex -28.8082 25.6347 3
      vertex -27.861 27.9213 3
      vertex -28.2229 25.436 3
    endloop
  endfacet
  facet normal -0 0 -1
    outer loop
      vertex -27.861 27.9213 3
      vertex -28.8082 25.6347 3
      vertex -28.125 28.0514 3
    endloop
  endfacet
  facet normal 0 0 -1
    outer loop
      vertex -29.3625 25.908 3
      vertex -28.125 28.0514 3
      vertex -28.8082 25.6347 3
    endloop
  endfacet
  facet normal -0 0 -1
    outer loop
      vertex -28.125 28.0514 3
      vertex -29.3625 25.908 3
      vertex -28.3697 28.215 3
    endloop
  endfacet
  facet normal 0 0 -1
    outer loop
      vertex -29.8764 26.2514 3
      vertex -28.3697 28.215 3
      vertex -29.3625 25.908 3
    endloop
  endfacet
  facet normal -0 0 -1
    outer loop
      vertex -28.3697 28.215 3
      vertex -29.8764 26.2514 3
      vertex -28.591 28.409 3
    endloop
  endfacet
  facet normal 0 0 -1
    outer loop
      vertex -30.3411 26.6589 3
      vertex -28.591 28.409 3
      vertex -29.8764 26.2514 3
    endloop
  endfacet
  facet normal -0 0 -1
    outer loop
      vertex -28.591 28.409 3
      vertex -30.3411 26.6589 3
      vertex -28.785 28.6303 3
    endloop
  endfacet
  facet normal 0 0 -1
    outer loop
      vertex -30.7486 27.1236 3
      vertex -28.785 28.6303 3
      vertex -30.3411 26.6589 3
    endloop
  endfacet
  facet normal 0 0 -1
    outer loop
      vertex -31.092 27.6375 3
      vertex -28.9486 28.875 3
      vertex -30.7486 27.1236 3
    endloop
  endfacet
  facet normal -0 0 -1
    outer loop
      vertex -28.785 28.6303 3
      vertex -30.7486 27.1236 3
      vertex -28.9486 28.875 3
    endloop
  endfacet
  facet normal -0 0 -1
    outer loop
      vertex -22.908 32.3625 3
      vertex -25.0514 31.125 3
      vertex -23.2514 32.8764 3
    endloop
  endfacet
  facet normal 0 0 -1
    outer loop
      vertex -25.215 31.3697 3
      vertex -23.2514 32.8764 3
      vertex -25.0514 31.125 3
    endloop
  endfacet
  facet normal -0 0 -1
    outer loop
      vertex -23.2514 32.8764 3
      vertex -25.215 31.3697 3
      vertex -23.6589 33.3411 3
    endloop
  endfacet
  facet normal 0 0 -1
    outer loop
      vertex -25.409 31.591 3
      vertex -23.6589 33.3411 3
      vertex -25.215 31.3697 3
    endloop
  endfacet
  facet normal -0 0 -1
    outer loop
      vertex -23.6589 33.3411 3
      vertex -25.409 31.591 3
      vertex -24.1236 33.7486 3
    endloop
  endfacet
  facet normal 0 0 -1
    outer loop
      vertex -25.6303 31.785 3
      vertex -24.1236 33.7486 3
      vertex -25.409 31.591 3
    endloop
  endfacet
  facet normal -0 0 -1
    outer loop
      vertex -24.1236 33.7486 3
      vertex -25.6303 31.785 3
      vertex -24.6375 34.092 3
    endloop
  endfacet
  facet normal 0 0 -1
    outer loop
      vertex -25.875 31.9486 3
      vertex -24.6375 34.092 3
      vertex -25.6303 31.785 3
    endloop
  endfacet
  facet normal -0 0 -1
    outer loop
      vertex -24.6375 34.092 3
      vertex -25.875 31.9486 3
      vertex -25.1918 34.3653 3
    endloop
  endfacet
  facet normal 0 0 -1
    outer loop
      vertex -26.139 32.0787 3
      vertex -25.1918 34.3653 3
      vertex -25.875 31.9486 3
    endloop
  endfacet
  facet normal -0 0 -1
    outer loop
      vertex -25.1918 34.3653 3
      vertex -26.139 32.0787 3
      vertex -25.7771 34.564 3
    endloop
  endfacet
  facet normal 0 0 -1
    outer loop
      vertex -26.4177 32.1733 3
      vertex -25.7771 34.564 3
      vertex -26.139 32.0787 3
    endloop
  endfacet
  facet normal -0 0 -1
    outer loop
      vertex -25.7771 34.564 3
      vertex -26.4177 32.1733 3
      vertex -26.3833 34.6846 3
    endloop
  endfacet
  facet normal 0 0 -1
    outer loop
      vertex -26.7063 32.2308 3
      vertex -26.3833 34.6846 3
      vertex -26.4177 32.1733 3
    endloop
  endfacet
  facet normal 0 0 -1
    outer loop
      vertex -27 32.25 3
      vertex -26.3833 34.6846 3
      vertex -26.7063 32.2308 3
    endloop
  endfacet
  facet normal 0 0 -1
    outer loop
      vertex -27 32.25 3
      vertex -27 34.725 3
      vertex -26.3833 34.6846 3
    endloop
  endfacet
  facet normal 0 0 -1
    outer loop
      vertex -27.2937 32.2308 3
      vertex -27 34.725 3
      vertex -27 32.25 3
    endloop
  endfacet
  facet normal 0 0 -1
    outer loop
      vertex -27.6167 34.6846 3
      vertex -27.2937 32.2308 3
      vertex -27.5823 32.1733 3
    endloop
  endfacet
  facet normal 0 0 -1
    outer loop
      vertex -27.2937 32.2308 3
      vertex -27.6167 34.6846 3
      vertex -27 34.725 3
    endloop
  endfacet
  facet normal 0 0 -1
    outer loop
      vertex -28.2229 34.564 3
      vertex -27.5823 32.1733 3
      vertex -27.861 32.0787 3
    endloop
  endfacet
  facet normal 0 0 -1
    outer loop
      vertex -28.8082 34.3653 3
      vertex -27.861 32.0787 3
      vertex -28.125 31.9486 3
    endloop
  endfacet
  facet normal 0 0 -1
    outer loop
      vertex -27.5823 32.1733 3
      vertex -28.2229 34.564 3
      vertex -27.6167 34.6846 3
    endloop
  endfacet
  facet normal 0 0 -1
    outer loop
      vertex -29.3625 34.092 3
      vertex -28.125 31.9486 3
      vertex -28.3697 31.785 3
    endloop
  endfacet
  facet normal 0 0 -1
    outer loop
      vertex -29.8764 33.7486 3
      vertex -28.3697 31.785 3
      vertex -28.591 31.591 3
    endloop
  endfacet
  facet normal 0 0 -1
    outer loop
      vertex -30.3411 33.3411 3
      vertex -28.591 31.591 3
      vertex -28.785 31.3697 3
    endloop
  endfacet
  facet normal 0 0 -1
    outer loop
      vertex -27.861 32.0787 3
      vertex -28.8082 34.3653 3
      vertex -28.2229 34.564 3
    endloop
  endfacet
  facet normal 0 0 -1
    outer loop
      vertex -30.7486 32.8764 3
      vertex -28.785 31.3697 3
      vertex -28.9486 31.125 3
    endloop
  endfacet
  facet normal 0 0 -1
    outer loop
      vertex -31.092 32.3625 3
      vertex -28.9486 31.125 3
      vertex -29.0787 30.861 3
    endloop
  endfacet
  facet normal 0 0 -1
    outer loop
      vertex -31.3653 31.8082 3
      vertex -29.0787 30.861 3
      vertex -29.1733 30.5823 3
    endloop
  endfacet
  facet normal 0 0 -1
    outer loop
      vertex -31.564 31.2229 3
      vertex -29.1733 30.5823 3
      vertex -29.2308 30.2937 3
    endloop
  endfacet
  facet normal 0 0 -1
    outer loop
      vertex -28.125 31.9486 3
      vertex -29.3625 34.092 3
      vertex -28.8082 34.3653 3
    endloop
  endfacet
  facet normal 0 0 -1
    outer loop
      vertex -31.6846 30.6167 3
      vertex -29.2308 30.2937 3
      vertex -29.25 30 3
    endloop
  endfacet
  facet normal -0 0 -1
    outer loop
      vertex -28.9486 28.875 3
      vertex -31.092 27.6375 3
      vertex -29.0787 29.139 3
    endloop
  endfacet
  facet normal 0 0 -1
    outer loop
      vertex -31.3653 28.1918 3
      vertex -29.0787 29.139 3
      vertex -31.092 27.6375 3
    endloop
  endfacet
  facet normal 0 0 -1
    outer loop
      vertex -28.3697 31.785 3
      vertex -29.8764 33.7486 3
      vertex -29.3625 34.092 3
    endloop
  endfacet
  facet normal -0 0 -1
    outer loop
      vertex -29.0787 29.139 3
      vertex -31.3653 28.1918 3
      vertex -29.1733 29.4177 3
    endloop
  endfacet
  facet normal 0 0 -1
    outer loop
      vertex -28.591 31.591 3
      vertex -30.3411 33.3411 3
      vertex -29.8764 33.7486 3
    endloop
  endfacet
  facet normal 0 0 -1
    outer loop
      vertex -31.564 28.7771 3
      vertex -29.1733 29.4177 3
      vertex -31.3653 28.1918 3
    endloop
  endfacet
  facet normal 0 0 -1
    outer loop
      vertex -28.785 31.3697 3
      vertex -30.7486 32.8764 3
      vertex -30.3411 33.3411 3
    endloop
  endfacet
  facet normal -0 0 -1
    outer loop
      vertex -29.1733 29.4177 3
      vertex -31.564 28.7771 3
      vertex -29.2308 29.7063 3
    endloop
  endfacet
  facet normal 0 0 -1
    outer loop
      vertex -28.9486 31.125 3
      vertex -31.092 32.3625 3
      vertex -30.7486 32.8764 3
    endloop
  endfacet
  facet normal 0 0 -1
    outer loop
      vertex -31.6846 29.3833 3
      vertex -29.2308 29.7063 3
      vertex -31.564 28.7771 3
    endloop
  endfacet
  facet normal 0 0 -1
    outer loop
      vertex -29.0787 30.861 3
      vertex -31.3653 31.8082 3
      vertex -31.092 32.3625 3
    endloop
  endfacet
  facet normal -0 0 -1
    outer loop
      vertex -29.2308 29.7063 3
      vertex -31.6846 29.3833 3
      vertex -29.25 30 3
    endloop
  endfacet
  facet normal 0 0 -1
    outer loop
      vertex -29.1733 30.5823 3
      vertex -31.564 31.2229 3
      vertex -31.3653 31.8082 3
    endloop
  endfacet
  facet normal 0 0 -1
    outer loop
      vertex -31.725 30 3
      vertex -29.25 30 3
      vertex -31.6846 29.3833 3
    endloop
  endfacet
  facet normal 0 0 -1
    outer loop
      vertex -29.2308 30.2937 3
      vertex -31.6846 30.6167 3
      vertex -31.564 31.2229 3
    endloop
  endfacet
  facet normal 0 0 -1
    outer loop
      vertex -29.25 30 3
      vertex -31.725 30 3
      vertex -31.6846 30.6167 3
    endloop
  endfacet
  facet normal 0.565801 0.036988 0.823712
    outer loop
      vertex -29.2308 29.7063 1.3
      vertex -29.25 30 1.3
      vertex -31.6846 29.3833 3
    endloop
  endfacet
  facet normal 0.556057 -0.110788 0.823727
    outer loop
      vertex -29.2308 30.2937 1.3
      vertex -29.1733 30.5823 1.3
      vertex -31.564 31.2229 3
    endloop
  endfacet
  facet normal 0.182244 -0.536907 0.823722
    outer loop
      vertex -27.861 32.0787 1.3
      vertex -27.5823 32.1733 1.3
      vertex -28.2229 34.564 3
    endloop
  endfacet
  facet normal 0.110788 -0.556057 0.823727
    outer loop
      vertex -27.5823 32.1733 1.3
      vertex -27.2937 32.2308 1.3
      vertex -28.2229 34.564 3
    endloop
  endfacet
  facet normal 0.110788 0.556057 0.823727
    outer loop
      vertex -27.2937 27.7692 1.3
      vertex -27.5823 27.8267 1.3
      vertex -28.2229 25.436 3
    endloop
  endfacet
  facet normal -0.250742 -0.508548 0.823715
    outer loop
      vertex -24.6375 34.092 3
      vertex -25.1918 34.3653 3
      vertex -25.875 31.9486 1.3
    endloop
  endfacet
  facet normal -0.315024 -0.471436 0.823716
    outer loop
      vertex -24.1236 33.7486 3
      vertex -24.6375 34.092 3
      vertex -25.875 31.9486 1.3
    endloop
  endfacet
  facet normal -0.110788 -0.556057 0.823727
    outer loop
      vertex -26.4177 32.1733 1.3
      vertex -25.7771 34.564 3
      vertex -26.7063 32.2308 1.3
    endloop
  endfacet
  facet normal -0.373759 -0.426355 0.823726
    outer loop
      vertex -25.409 31.591 1.3
      vertex -24.1236 33.7486 3
      vertex -25.6303 31.785 1.3
    endloop
  endfacet
  facet normal -0.536901 -0.182269 0.82372
    outer loop
      vertex -22.436 31.2229 3
      vertex -22.6347 31.8082 3
      vertex -24.9213 30.861 1.3
    endloop
  endfacet
  facet normal 0.036988 -0.565801 0.823712
    outer loop
      vertex -27.2937 32.2308 1.3
      vertex -27 32.25 1.3
      vertex -27.6167 34.6846 3
    endloop
  endfacet
  facet normal -0.426306 -0.373832 0.823719
    outer loop
      vertex -23.2514 32.8764 3
      vertex -23.6589 33.3411 3
      vertex -25.409 31.591 1.3
    endloop
  endfacet
  facet normal -0.373832 -0.426306 0.823719
    outer loop
      vertex -23.6589 33.3411 3
      vertex -24.1236 33.7486 3
      vertex -25.409 31.591 1.3
    endloop
  endfacet
  facet normal -0.426355 -0.373759 0.823726
    outer loop
      vertex -25.215 31.3697 1.3
      vertex -23.2514 32.8764 3
      vertex -25.409 31.591 1.3
    endloop
  endfacet
  facet normal -0.471345 -0.315129 0.823728
    outer loop
      vertex -25.0514 31.125 1.3
      vertex -23.2514 32.8764 3
      vertex -25.215 31.3697 1.3
    endloop
  endfacet
  facet normal -0.556108 -0.110634 0.823713
    outer loop
      vertex -22.3154 30.6167 3
      vertex -22.436 31.2229 3
      vertex -24.7692 30.2937 1.3
    endloop
  endfacet
  facet normal -0.536907 -0.182244 0.823722
    outer loop
      vertex -24.8267 30.5823 1.3
      vertex -22.436 31.2229 3
      vertex -24.9213 30.861 1.3
    endloop
  endfacet
  facet normal -0.556057 -0.110788 0.823727
    outer loop
      vertex -24.7692 30.2937 1.3
      vertex -22.436 31.2229 3
      vertex -24.8267 30.5823 1.3
    endloop
  endfacet
  facet normal -0.99787 -0.0652336 0
    outer loop
      vertex 29.25 -30 0
      vertex 29.2308 -29.7063 1.3
      vertex 29.2308 -29.7063 0
    endloop
  endfacet
  facet normal -0.99787 -0.0652336 0
    outer loop
      vertex 29.2308 -29.7063 1.3
      vertex 29.25 -30 0
      vertex 29.25 -30 1.3
    endloop
  endfacet
  facet normal 0.99787 -0.0652336 0
    outer loop
      vertex 24.75 -30 1.3
      vertex 24.7692 -29.7063 0
      vertex 24.7692 -29.7063 1.3
    endloop
  endfacet
  facet normal 0.99787 -0.0652336 0
    outer loop
      vertex 24.7692 -29.7063 0
      vertex 24.75 -30 1.3
      vertex 24.75 -30 0
    endloop
  endfacet
  facet normal -0.0652336 -0.99787 0
    outer loop
      vertex 27 -27.75 0
      vertex 27.2937 -27.7692 1.3
      vertex 27 -27.75 1.3
    endloop
  endfacet
  facet normal -0.0652336 -0.99787 -0
    outer loop
      vertex 27.2937 -27.7692 1.3
      vertex 27 -27.75 0
      vertex 27.2937 -27.7692 0
    endloop
  endfacet
  facet normal 0.0652336 0.99787 -0
    outer loop
      vertex 27 -32.25 0
      vertex 26.7063 -32.2308 1.3
      vertex 27 -32.25 1.3
    endloop
  endfacet
  facet normal 0.0652336 0.99787 0
    outer loop
      vertex 26.7063 -32.2308 1.3
      vertex 27 -32.25 0
      vertex 26.7063 -32.2308 0
    endloop
  endfacet
  facet normal -0.751966 -0.659202 0
    outer loop
      vertex 28.785 -28.6303 0
      vertex 28.591 -28.409 1.3
      vertex 28.591 -28.409 0
    endloop
  endfacet
  facet normal -0.751966 -0.659202 0
    outer loop
      vertex 28.591 -28.409 1.3
      vertex 28.785 -28.6303 0
      vertex 28.785 -28.6303 1.3
    endloop
  endfacet
  facet normal 0.659202 -0.751966 0
    outer loop
      vertex 25.409 -28.409 0
      vertex 25.6303 -28.215 1.3
      vertex 25.409 -28.409 1.3
    endloop
  endfacet
  facet normal 0.659202 -0.751966 0
    outer loop
      vertex 25.6303 -28.215 1.3
      vertex 25.409 -28.409 0
      vertex 25.6303 -28.215 0
    endloop
  endfacet
  facet normal 0.321421 -0.946936 0
    outer loop
      vertex 26.139 -27.9213 0
      vertex 26.4177 -27.8267 1.3
      vertex 26.139 -27.9213 1.3
    endloop
  endfacet
  facet normal 0.321421 -0.946936 0
    outer loop
      vertex 26.4177 -27.8267 1.3
      vertex 26.139 -27.9213 0
      vertex 26.4177 -27.8267 0
    endloop
  endfacet
  facet normal -0.896995 -0.442042 0
    outer loop
      vertex 29.0787 -29.139 0
      vertex 28.9486 -28.875 1.3
      vertex 28.9486 -28.875 0
    endloop
  endfacet
  facet normal -0.896995 -0.442042 0
    outer loop
      vertex 28.9486 -28.875 1.3
      vertex 29.0787 -29.139 0
      vertex 29.0787 -29.139 1.3
    endloop
  endfacet
  facet normal -0.831318 -0.555797 0
    outer loop
      vertex 28.9486 -28.875 0
      vertex 28.785 -28.6303 1.3
      vertex 28.785 -28.6303 0
    endloop
  endfacet
  facet normal -0.831318 -0.555797 0
    outer loop
      vertex 28.785 -28.6303 1.3
      vertex 28.9486 -28.875 0
      vertex 28.9486 -28.875 1.3
    endloop
  endfacet
  facet normal -0.442042 -0.896995 0
    outer loop
      vertex 27.861 -27.9213 0
      vertex 28.125 -28.0514 1.3
      vertex 27.861 -27.9213 1.3
    endloop
  endfacet
  facet normal -0.442042 -0.896995 -0
    outer loop
      vertex 28.125 -28.0514 1.3
      vertex 27.861 -27.9213 0
      vertex 28.125 -28.0514 0
    endloop
  endfacet
  facet normal -0.321421 -0.946936 0
    outer loop
      vertex 27.5823 -27.8267 0
      vertex 27.861 -27.9213 1.3
      vertex 27.5823 -27.8267 1.3
    endloop
  endfacet
  facet normal -0.321421 -0.946936 -0
    outer loop
      vertex 27.861 -27.9213 1.3
      vertex 27.5823 -27.8267 0
      vertex 27.861 -27.9213 0
    endloop
  endfacet
  facet normal -0.555797 -0.831318 0
    outer loop
      vertex 28.125 -28.0514 0
      vertex 28.3697 -28.215 1.3
      vertex 28.125 -28.0514 1.3
    endloop
  endfacet
  facet normal -0.555797 -0.831318 -0
    outer loop
      vertex 28.3697 -28.215 1.3
      vertex 28.125 -28.0514 0
      vertex 28.3697 -28.215 0
    endloop
  endfacet
  facet normal 0.896995 -0.442042 0
    outer loop
      vertex 24.9213 -29.139 1.3
      vertex 25.0514 -28.875 0
      vertex 25.0514 -28.875 1.3
    endloop
  endfacet
  facet normal 0.896995 -0.442042 0
    outer loop
      vertex 25.0514 -28.875 0
      vertex 24.9213 -29.139 1.3
      vertex 24.9213 -29.139 0
    endloop
  endfacet
  facet normal 0.946936 -0.321421 0
    outer loop
      vertex 24.8267 -29.4177 1.3
      vertex 24.9213 -29.139 0
      vertex 24.9213 -29.139 1.3
    endloop
  endfacet
  facet normal 0.946936 -0.321421 0
    outer loop
      vertex 24.9213 -29.139 0
      vertex 24.8267 -29.4177 1.3
      vertex 24.8267 -29.4177 0
    endloop
  endfacet
  facet normal 0.442042 -0.896995 0
    outer loop
      vertex 25.875 -28.0514 0
      vertex 26.139 -27.9213 1.3
      vertex 25.875 -28.0514 1.3
    endloop
  endfacet
  facet normal 0.442042 -0.896995 0
    outer loop
      vertex 26.139 -27.9213 1.3
      vertex 25.875 -28.0514 0
      vertex 26.139 -27.9213 0
    endloop
  endfacet
  facet normal 0.195397 -0.980724 0
    outer loop
      vertex 26.4177 -27.8267 0
      vertex 26.7063 -27.7692 1.3
      vertex 26.4177 -27.8267 1.3
    endloop
  endfacet
  facet normal 0.195397 -0.980724 0
    outer loop
      vertex 26.7063 -27.7692 1.3
      vertex 26.4177 -27.8267 0
      vertex 26.7063 -27.7692 0
    endloop
  endfacet
  facet normal -0.442042 0.896995 0
    outer loop
      vertex 28.125 -31.9486 0
      vertex 27.861 -32.0787 1.3
      vertex 28.125 -31.9486 1.3
    endloop
  endfacet
  facet normal -0.442042 0.896995 0
    outer loop
      vertex 27.861 -32.0787 1.3
      vertex 28.125 -31.9486 0
      vertex 27.861 -32.0787 0
    endloop
  endfacet
  facet normal 0.321421 0.946936 -0
    outer loop
      vertex 26.4177 -32.1733 0
      vertex 26.139 -32.0787 1.3
      vertex 26.4177 -32.1733 1.3
    endloop
  endfacet
  facet normal 0.321421 0.946936 0
    outer loop
      vertex 26.139 -32.0787 1.3
      vertex 26.4177 -32.1733 0
      vertex 26.139 -32.0787 0
    endloop
  endfacet
  facet normal 0.896995 0.442042 0
    outer loop
      vertex 25.0514 -31.125 1.3
      vertex 24.9213 -30.861 0
      vertex 24.9213 -30.861 1.3
    endloop
  endfacet
  facet normal 0.896995 0.442042 0
    outer loop
      vertex 24.9213 -30.861 0
      vertex 25.0514 -31.125 1.3
      vertex 25.0514 -31.125 0
    endloop
  endfacet
  facet normal -0.946936 -0.321421 0
    outer loop
      vertex 29.1733 -29.4177 0
      vertex 29.0787 -29.139 1.3
      vertex 29.0787 -29.139 0
    endloop
  endfacet
  facet normal -0.946936 -0.321421 0
    outer loop
      vertex 29.0787 -29.139 1.3
      vertex 29.1733 -29.4177 0
      vertex 29.1733 -29.4177 1.3
    endloop
  endfacet
  facet normal -0.980724 -0.195397 0
    outer loop
      vertex 29.2308 -29.7063 0
      vertex 29.1733 -29.4177 1.3
      vertex 29.1733 -29.4177 0
    endloop
  endfacet
  facet normal -0.980724 -0.195397 0
    outer loop
      vertex 29.1733 -29.4177 1.3
      vertex 29.2308 -29.7063 0
      vertex 29.2308 -29.7063 1.3
    endloop
  endfacet
  facet normal -0.195397 -0.980724 0
    outer loop
      vertex 27.2937 -27.7692 0
      vertex 27.5823 -27.8267 1.3
      vertex 27.2937 -27.7692 1.3
    endloop
  endfacet
  facet normal -0.195397 -0.980724 -0
    outer loop
      vertex 27.5823 -27.8267 1.3
      vertex 27.2937 -27.7692 0
      vertex 27.5823 -27.8267 0
    endloop
  endfacet
  facet normal -0.659202 -0.751966 0
    outer loop
      vertex 28.3697 -28.215 0
      vertex 28.591 -28.409 1.3
      vertex 28.3697 -28.215 1.3
    endloop
  endfacet
  facet normal -0.659202 -0.751966 -0
    outer loop
      vertex 28.591 -28.409 1.3
      vertex 28.3697 -28.215 0
      vertex 28.591 -28.409 0
    endloop
  endfacet
  facet normal 0.831318 -0.555797 0
    outer loop
      vertex 25.0514 -28.875 1.3
      vertex 25.215 -28.6303 0
      vertex 25.215 -28.6303 1.3
    endloop
  endfacet
  facet normal 0.831318 -0.555797 0
    outer loop
      vertex 25.215 -28.6303 0
      vertex 25.0514 -28.875 1.3
      vertex 25.0514 -28.875 0
    endloop
  endfacet
  facet normal 0.751966 -0.659202 0
    outer loop
      vertex 25.215 -28.6303 1.3
      vertex 25.409 -28.409 0
      vertex 25.409 -28.409 1.3
    endloop
  endfacet
  facet normal 0.751966 -0.659202 0
    outer loop
      vertex 25.409 -28.409 0
      vertex 25.215 -28.6303 1.3
      vertex 25.215 -28.6303 0
    endloop
  endfacet
  facet normal 0.980724 -0.195397 0
    outer loop
      vertex 24.7692 -29.7063 1.3
      vertex 24.8267 -29.4177 0
      vertex 24.8267 -29.4177 1.3
    endloop
  endfacet
  facet normal 0.980724 -0.195397 0
    outer loop
      vertex 24.8267 -29.4177 0
      vertex 24.7692 -29.7063 1.3
      vertex 24.7692 -29.7063 0
    endloop
  endfacet
  facet normal 0.555797 -0.831318 0
    outer loop
      vertex 25.6303 -28.215 0
      vertex 25.875 -28.0514 1.3
      vertex 25.6303 -28.215 1.3
    endloop
  endfacet
  facet normal 0.555797 -0.831318 0
    outer loop
      vertex 25.875 -28.0514 1.3
      vertex 25.6303 -28.215 0
      vertex 25.875 -28.0514 0
    endloop
  endfacet
  facet normal 0.0652336 -0.99787 0
    outer loop
      vertex 26.7063 -27.7692 0
      vertex 27 -27.75 1.3
      vertex 26.7063 -27.7692 1.3
    endloop
  endfacet
  facet normal 0.0652336 -0.99787 0
    outer loop
      vertex 27 -27.75 1.3
      vertex 26.7063 -27.7692 0
      vertex 27 -27.75 0
    endloop
  endfacet
  facet normal -0.99787 0.0652336 0
    outer loop
      vertex 29.2308 -30.2937 0
      vertex 29.25 -30 1.3
      vertex 29.25 -30 0
    endloop
  endfacet
  facet normal -0.99787 0.0652336 0
    outer loop
      vertex 29.25 -30 1.3
      vertex 29.2308 -30.2937 0
      vertex 29.2308 -30.2937 1.3
    endloop
  endfacet
  facet normal -0.0652336 0.99787 0
    outer loop
      vertex 27.2937 -32.2308 0
      vertex 27 -32.25 1.3
      vertex 27.2937 -32.2308 1.3
    endloop
  endfacet
  facet normal -0.0652336 0.99787 0
    outer loop
      vertex 27 -32.25 1.3
      vertex 27.2937 -32.2308 0
      vertex 27 -32.25 0
    endloop
  endfacet
  facet normal -0.321421 0.946936 0
    outer loop
      vertex 27.861 -32.0787 0
      vertex 27.5823 -32.1733 1.3
      vertex 27.861 -32.0787 1.3
    endloop
  endfacet
  facet normal -0.321421 0.946936 0
    outer loop
      vertex 27.5823 -32.1733 1.3
      vertex 27.861 -32.0787 0
      vertex 27.5823 -32.1733 0
    endloop
  endfacet
  facet normal -0.555797 0.831318 0
    outer loop
      vertex 28.3697 -31.785 0
      vertex 28.125 -31.9486 1.3
      vertex 28.3697 -31.785 1.3
    endloop
  endfacet
  facet normal -0.555797 0.831318 0
    outer loop
      vertex 28.125 -31.9486 1.3
      vertex 28.3697 -31.785 0
      vertex 28.125 -31.9486 0
    endloop
  endfacet
  facet normal -0.751966 0.659202 0
    outer loop
      vertex 28.591 -31.591 0
      vertex 28.785 -31.3697 1.3
      vertex 28.785 -31.3697 0
    endloop
  endfacet
  facet normal -0.751966 0.659202 0
    outer loop
      vertex 28.785 -31.3697 1.3
      vertex 28.591 -31.591 0
      vertex 28.591 -31.591 1.3
    endloop
  endfacet
  facet normal -0.896995 0.442042 0
    outer loop
      vertex 28.9486 -31.125 0
      vertex 29.0787 -30.861 1.3
      vertex 29.0787 -30.861 0
    endloop
  endfacet
  facet normal -0.896995 0.442042 0
    outer loop
      vertex 29.0787 -30.861 1.3
      vertex 28.9486 -31.125 0
      vertex 28.9486 -31.125 1.3
    endloop
  endfacet
  facet normal 0.659202 0.751966 -0
    outer loop
      vertex 25.6303 -31.785 0
      vertex 25.409 -31.591 1.3
      vertex 25.6303 -31.785 1.3
    endloop
  endfacet
  facet normal 0.659202 0.751966 0
    outer loop
      vertex 25.409 -31.591 1.3
      vertex 25.6303 -31.785 0
      vertex 25.409 -31.591 0
    endloop
  endfacet
  facet normal 0.442042 0.896995 -0
    outer loop
      vertex 26.139 -32.0787 0
      vertex 25.875 -31.9486 1.3
      vertex 26.139 -32.0787 1.3
    endloop
  endfacet
  facet normal 0.442042 0.896995 0
    outer loop
      vertex 25.875 -31.9486 1.3
      vertex 26.139 -32.0787 0
      vertex 25.875 -31.9486 0
    endloop
  endfacet
  facet normal 0.195397 0.980724 -0
    outer loop
      vertex 26.7063 -32.2308 0
      vertex 26.4177 -32.1733 1.3
      vertex 26.7063 -32.2308 1.3
    endloop
  endfacet
  facet normal 0.195397 0.980724 0
    outer loop
      vertex 26.4177 -32.1733 1.3
      vertex 26.7063 -32.2308 0
      vertex 26.4177 -32.1733 0
    endloop
  endfacet
  facet normal 0.831318 0.555797 0
    outer loop
      vertex 25.215 -31.3697 1.3
      vertex 25.0514 -31.125 0
      vertex 25.0514 -31.125 1.3
    endloop
  endfacet
  facet normal 0.831318 0.555797 0
    outer loop
      vertex 25.0514 -31.125 0
      vertex 25.215 -31.3697 1.3
      vertex 25.215 -31.3697 0
    endloop
  endfacet
  facet normal 0.946936 0.321421 0
    outer loop
      vertex 24.9213 -30.861 1.3
      vertex 24.8267 -30.5823 0
      vertex 24.8267 -30.5823 1.3
    endloop
  endfacet
  facet normal 0.946936 0.321421 0
    outer loop
      vertex 24.8267 -30.5823 0
      vertex 24.9213 -30.861 1.3
      vertex 24.9213 -30.861 0
    endloop
  endfacet
  facet normal 0.99787 0.0652336 0
    outer loop
      vertex 24.7692 -30.2937 1.3
      vertex 24.75 -30 0
      vertex 24.75 -30 1.3
    endloop
  endfacet
  facet normal 0.99787 0.0652336 0
    outer loop
      vertex 24.75 -30 0
      vertex 24.7692 -30.2937 1.3
      vertex 24.7692 -30.2937 0
    endloop
  endfacet
  facet normal -0.195397 0.980724 0
    outer loop
      vertex 27.5823 -32.1733 0
      vertex 27.2937 -32.2308 1.3
      vertex 27.5823 -32.1733 1.3
    endloop
  endfacet
  facet normal -0.195397 0.980724 0
    outer loop
      vertex 27.2937 -32.2308 1.3
      vertex 27.5823 -32.1733 0
      vertex 27.2937 -32.2308 0
    endloop
  endfacet
  facet normal -0.659202 0.751966 0
    outer loop
      vertex 28.591 -31.591 0
      vertex 28.3697 -31.785 1.3
      vertex 28.591 -31.591 1.3
    endloop
  endfacet
  facet normal -0.659202 0.751966 0
    outer loop
      vertex 28.3697 -31.785 1.3
      vertex 28.591 -31.591 0
      vertex 28.3697 -31.785 0
    endloop
  endfacet
  facet normal -0.831318 0.555797 0
    outer loop
      vertex 28.785 -31.3697 0
      vertex 28.9486 -31.125 1.3
      vertex 28.9486 -31.125 0
    endloop
  endfacet
  facet normal -0.831318 0.555797 0
    outer loop
      vertex 28.9486 -31.125 1.3
      vertex 28.785 -31.3697 0
      vertex 28.785 -31.3697 1.3
    endloop
  endfacet
  facet normal -0.980724 0.195397 0
    outer loop
      vertex 29.1733 -30.5823 0
      vertex 29.2308 -30.2937 1.3
      vertex 29.2308 -30.2937 0
    endloop
  endfacet
  facet normal -0.980724 0.195397 0
    outer loop
      vertex 29.2308 -30.2937 1.3
      vertex 29.1733 -30.5823 0
      vertex 29.1733 -30.5823 1.3
    endloop
  endfacet
  facet normal -0.946936 0.321421 0
    outer loop
      vertex 29.0787 -30.861 0
      vertex 29.1733 -30.5823 1.3
      vertex 29.1733 -30.5823 0
    endloop
  endfacet
  facet normal -0.946936 0.321421 0
    outer loop
      vertex 29.1733 -30.5823 1.3
      vertex 29.0787 -30.861 0
      vertex 29.0787 -30.861 1.3
    endloop
  endfacet
  facet normal 0.555797 0.831318 -0
    outer loop
      vertex 25.875 -31.9486 0
      vertex 25.6303 -31.785 1.3
      vertex 25.875 -31.9486 1.3
    endloop
  endfacet
  facet normal 0.555797 0.831318 0
    outer loop
      vertex 25.6303 -31.785 1.3
      vertex 25.875 -31.9486 0
      vertex 25.6303 -31.785 0
    endloop
  endfacet
  facet normal 0.751966 0.659202 0
    outer loop
      vertex 25.409 -31.591 1.3
      vertex 25.215 -31.3697 0
      vertex 25.215 -31.3697 1.3
    endloop
  endfacet
  facet normal 0.751966 0.659202 0
    outer loop
      vertex 25.215 -31.3697 0
      vertex 25.409 -31.591 1.3
      vertex 25.409 -31.591 0
    endloop
  endfacet
  facet normal 0.980724 0.195397 0
    outer loop
      vertex 24.8267 -30.5823 1.3
      vertex 24.7692 -30.2937 0
      vertex 24.7692 -30.2937 1.3
    endloop
  endfacet
  facet normal 0.980724 0.195397 0
    outer loop
      vertex 24.7692 -30.2937 0
      vertex 24.8267 -30.5823 1.3
      vertex 24.8267 -30.5823 0
    endloop
  endfacet
  facet normal -0.0370646 0.565786 0.823718
    outer loop
      vertex 27.6167 -34.6846 3
      vertex 27 -32.25 1.3
      vertex 27 -34.725 3
    endloop
  endfacet
  facet normal -0.565786 -0.0370646 0.823718
    outer loop
      vertex 31.725 -30 3
      vertex 31.6846 -29.3833 3
      vertex 29.25 -30 1.3
    endloop
  endfacet
  facet normal -0.565801 -0.036988 0.823712
    outer loop
      vertex 29.25 -30 1.3
      vertex 31.6846 -29.3833 3
      vertex 29.2308 -29.7063 1.3
    endloop
  endfacet
  facet normal -0.565801 0.036988 0.823712
    outer loop
      vertex 31.6846 -30.6167 3
      vertex 29.25 -30 1.3
      vertex 29.2308 -30.2937 1.3
    endloop
  endfacet
  facet normal 0.556108 0.110634 0.823713
    outer loop
      vertex 22.436 -31.2229 3
      vertex 24.7692 -30.2937 1.3
      vertex 22.3154 -30.6167 3
    endloop
  endfacet
  facet normal 0.110634 -0.556108 0.823713
    outer loop
      vertex 26.7063 -27.7692 1.3
      vertex 26.3833 -25.3154 3
      vertex 25.7771 -25.436 3
    endloop
  endfacet
  facet normal -0.426306 0.373832 0.823719
    outer loop
      vertex 30.3411 -33.3411 3
      vertex 30.7486 -32.8764 3
      vertex 28.591 -31.591 1.3
    endloop
  endfacet
  facet normal -0.536901 0.182269 0.82372
    outer loop
      vertex 31.3653 -31.8082 3
      vertex 31.564 -31.2229 3
      vertex 29.0787 -30.861 1.3
    endloop
  endfacet
  facet normal -0.373759 0.426355 0.823726
    outer loop
      vertex 29.8764 -33.7486 3
      vertex 28.591 -31.591 1.3
      vertex 28.3697 -31.785 1.3
    endloop
  endfacet
  facet normal -0.182269 0.536901 0.82372
    outer loop
      vertex 28.2229 -34.564 3
      vertex 28.8082 -34.3653 3
      vertex 27.861 -32.0787 1.3
    endloop
  endfacet
  facet normal -0.250742 0.508548 0.823715
    outer loop
      vertex 28.8082 -34.3653 3
      vertex 29.3625 -34.092 3
      vertex 28.125 -31.9486 1.3
    endloop
  endfacet
  facet normal -0.373832 0.426306 0.823719
    outer loop
      vertex 29.8764 -33.7486 3
      vertex 30.3411 -33.3411 3
      vertex 28.591 -31.591 1.3
    endloop
  endfacet
  facet normal 0.373759 0.426355 0.823726
    outer loop
      vertex 25.6303 -31.785 1.3
      vertex 25.409 -31.591 1.3
      vertex 24.1236 -33.7486 3
    endloop
  endfacet
  facet normal 0.315024 0.471436 0.823716
    outer loop
      vertex 24.6375 -34.092 3
      vertex 25.875 -31.9486 1.3
      vertex 24.1236 -33.7486 3
    endloop
  endfacet
  facet normal -0.315129 -0.471345 0.823728
    outer loop
      vertex 28.3697 -28.215 1.3
      vertex 29.8764 -26.2514 3
      vertex 28.125 -28.0514 1.3
    endloop
  endfacet
  facet normal 0.426355 -0.373759 0.823726
    outer loop
      vertex 25.215 -28.6303 1.3
      vertex 25.409 -28.409 1.3
      vertex 23.2514 -27.1236 3
    endloop
  endfacet
  facet normal 0.471436 -0.315024 0.823716
    outer loop
      vertex 25.0514 -28.875 1.3
      vertex 23.2514 -27.1236 3
      vertex 22.908 -27.6375 3
    endloop
  endfacet
  facet normal -0.556108 0.110634 0.823713
    outer loop
      vertex 31.564 -31.2229 3
      vertex 31.6846 -30.6167 3
      vertex 29.2308 -30.2937 1.3
    endloop
  endfacet
  facet normal -0.565786 0.0370646 0.823718
    outer loop
      vertex 31.6846 -30.6167 3
      vertex 31.725 -30 3
      vertex 29.25 -30 1.3
    endloop
  endfacet
  facet normal -0.536907 0.182244 0.823722
    outer loop
      vertex 31.564 -31.2229 3
      vertex 29.1733 -30.5823 1.3
      vertex 29.0787 -30.861 1.3
    endloop
  endfacet
  facet normal -0.508586 0.250633 0.823725
    outer loop
      vertex 31.3653 -31.8082 3
      vertex 29.0787 -30.861 1.3
      vertex 28.9486 -31.125 1.3
    endloop
  endfacet
  facet normal -0.182244 0.536907 0.823722
    outer loop
      vertex 28.2229 -34.564 3
      vertex 27.861 -32.0787 1.3
      vertex 27.5823 -32.1733 1.3
    endloop
  endfacet
  facet normal -0.110788 0.556057 0.823727
    outer loop
      vertex 28.2229 -34.564 3
      vertex 27.5823 -32.1733 1.3
      vertex 27.2937 -32.2308 1.3
    endloop
  endfacet
  facet normal -0.315024 0.471436 0.823716
    outer loop
      vertex 29.3625 -34.092 3
      vertex 29.8764 -33.7486 3
      vertex 28.125 -31.9486 1.3
    endloop
  endfacet
  facet normal 0.426355 0.373759 0.823726
    outer loop
      vertex 25.409 -31.591 1.3
      vertex 25.215 -31.3697 1.3
      vertex 23.2514 -32.8764 3
    endloop
  endfacet
  facet normal 0.373759 -0.426355 0.823726
    outer loop
      vertex 25.409 -28.409 1.3
      vertex 25.6303 -28.215 1.3
      vertex 24.1236 -26.2514 3
    endloop
  endfacet
  facet normal -0.556057 0.110788 0.823727
    outer loop
      vertex 31.564 -31.2229 3
      vertex 29.2308 -30.2937 1.3
      vertex 29.1733 -30.5823 1.3
    endloop
  endfacet
  facet normal -0.471436 0.315024 0.823716
    outer loop
      vertex 30.7486 -32.8764 3
      vertex 31.092 -32.3625 3
      vertex 28.9486 -31.125 1.3
    endloop
  endfacet
  facet normal -0.508548 0.250742 0.823715
    outer loop
      vertex 31.092 -32.3625 3
      vertex 31.3653 -31.8082 3
      vertex 28.9486 -31.125 1.3
    endloop
  endfacet
  facet normal -0.471345 0.315129 0.823728
    outer loop
      vertex 30.7486 -32.8764 3
      vertex 28.9486 -31.125 1.3
      vertex 28.785 -31.3697 1.3
    endloop
  endfacet
  facet normal -0.426355 0.373759 0.823726
    outer loop
      vertex 30.7486 -32.8764 3
      vertex 28.785 -31.3697 1.3
      vertex 28.591 -31.591 1.3
    endloop
  endfacet
  facet normal -0.110634 0.556108 0.823713
    outer loop
      vertex 27.6167 -34.6846 3
      vertex 28.2229 -34.564 3
      vertex 27.2937 -32.2308 1.3
    endloop
  endfacet
  facet normal -0.036988 0.565801 0.823712
    outer loop
      vertex 27.6167 -34.6846 3
      vertex 27.2937 -32.2308 1.3
      vertex 27 -32.25 1.3
    endloop
  endfacet
  facet normal -0.250633 0.508586 0.823725
    outer loop
      vertex 28.8082 -34.3653 3
      vertex 28.125 -31.9486 1.3
      vertex 27.861 -32.0787 1.3
    endloop
  endfacet
  facet normal 0.508548 0.250742 0.823715
    outer loop
      vertex 22.908 -32.3625 3
      vertex 25.0514 -31.125 1.3
      vertex 22.6347 -31.8082 3
    endloop
  endfacet
  facet normal 0.250742 0.508548 0.823715
    outer loop
      vertex 25.1918 -34.3653 3
      vertex 25.875 -31.9486 1.3
      vertex 24.6375 -34.092 3
    endloop
  endfacet
  facet normal 0.182244 0.536907 0.823722
    outer loop
      vertex 26.4177 -32.1733 1.3
      vertex 26.139 -32.0787 1.3
      vertex 25.7771 -34.564 3
    endloop
  endfacet
  facet normal 0.315129 0.471345 0.823728
    outer loop
      vertex 25.875 -31.9486 1.3
      vertex 25.6303 -31.785 1.3
      vertex 24.1236 -33.7486 3
    endloop
  endfacet
  facet normal 0.471436 0.315024 0.823716
    outer loop
      vertex 23.2514 -32.8764 3
      vertex 25.0514 -31.125 1.3
      vertex 22.908 -32.3625 3
    endloop
  endfacet
  facet normal 0.508586 0.250633 0.823725
    outer loop
      vertex 25.0514 -31.125 1.3
      vertex 24.9213 -30.861 1.3
      vertex 22.6347 -31.8082 3
    endloop
  endfacet
  facet normal 0.0370646 -0.565786 0.823718
    outer loop
      vertex 27 -27.75 1.3
      vertex 27 -25.275 3
      vertex 26.3833 -25.3154 3
    endloop
  endfacet
  facet normal -0.471436 -0.315024 0.823716
    outer loop
      vertex 31.092 -27.6375 3
      vertex 30.7486 -27.1236 3
      vertex 28.9486 -28.875 1.3
    endloop
  endfacet
  facet normal 0.250742 -0.508548 0.823715
    outer loop
      vertex 25.875 -28.0514 1.3
      vertex 25.1918 -25.6347 3
      vertex 24.6375 -25.908 3
    endloop
  endfacet
  facet normal 0.536907 -0.182244 0.823722
    outer loop
      vertex 24.8267 -29.4177 1.3
      vertex 24.9213 -29.139 1.3
      vertex 22.436 -28.7771 3
    endloop
  endfacet
  facet normal 0.556108 -0.110634 0.823713
    outer loop
      vertex 24.7692 -29.7063 1.3
      vertex 22.436 -28.7771 3
      vertex 22.3154 -29.3833 3
    endloop
  endfacet
  facet normal 0.471345 -0.315129 0.823728
    outer loop
      vertex 25.0514 -28.875 1.3
      vertex 25.215 -28.6303 1.3
      vertex 23.2514 -27.1236 3
    endloop
  endfacet
  facet normal 0.315024 -0.471436 0.823716
    outer loop
      vertex 25.875 -28.0514 1.3
      vertex 24.6375 -25.908 3
      vertex 24.1236 -26.2514 3
    endloop
  endfacet
  facet normal 0.250633 -0.508586 0.823725
    outer loop
      vertex 25.875 -28.0514 1.3
      vertex 26.139 -27.9213 1.3
      vertex 25.1918 -25.6347 3
    endloop
  endfacet
  facet normal -0.315129 0.471345 0.823728
    outer loop
      vertex 29.8764 -33.7486 3
      vertex 28.3697 -31.785 1.3
      vertex 28.125 -31.9486 1.3
    endloop
  endfacet
  facet normal 0.036988 0.565801 0.823712
    outer loop
      vertex 27 -32.25 1.3
      vertex 26.7063 -32.2308 1.3
      vertex 26.3833 -34.6846 3
    endloop
  endfacet
  facet normal 0.182269 0.536901 0.82372
    outer loop
      vertex 25.7771 -34.564 3
      vertex 26.139 -32.0787 1.3
      vertex 25.1918 -34.3653 3
    endloop
  endfacet
  facet normal 0.250633 0.508586 0.823725
    outer loop
      vertex 26.139 -32.0787 1.3
      vertex 25.875 -31.9486 1.3
      vertex 25.1918 -34.3653 3
    endloop
  endfacet
  facet normal 0.426306 0.373832 0.823719
    outer loop
      vertex 23.6589 -33.3411 3
      vertex 25.409 -31.591 1.3
      vertex 23.2514 -32.8764 3
    endloop
  endfacet
  facet normal 0.373832 0.426306 0.823719
    outer loop
      vertex 24.1236 -33.7486 3
      vertex 25.409 -31.591 1.3
      vertex 23.6589 -33.3411 3
    endloop
  endfacet
  facet normal 0.471345 0.315129 0.823728
    outer loop
      vertex 25.215 -31.3697 1.3
      vertex 25.0514 -31.125 1.3
      vertex 23.2514 -32.8764 3
    endloop
  endfacet
  facet normal 0.536901 0.182269 0.82372
    outer loop
      vertex 22.6347 -31.8082 3
      vertex 24.9213 -30.861 1.3
      vertex 22.436 -31.2229 3
    endloop
  endfacet
  facet normal -0.182244 -0.536907 0.823722
    outer loop
      vertex 27.861 -27.9213 1.3
      vertex 28.2229 -25.436 3
      vertex 27.5823 -27.8267 1.3
    endloop
  endfacet
  facet normal -0.110634 -0.556108 0.823713
    outer loop
      vertex 28.2229 -25.436 3
      vertex 27.6167 -25.3154 3
      vertex 27.2937 -27.7692 1.3
    endloop
  endfacet
  facet normal -0.036988 -0.565801 0.823712
    outer loop
      vertex 27.2937 -27.7692 1.3
      vertex 27.6167 -25.3154 3
      vertex 27 -27.75 1.3
    endloop
  endfacet
  facet normal -0.508548 -0.250742 0.823715
    outer loop
      vertex 31.3653 -28.1918 3
      vertex 31.092 -27.6375 3
      vertex 28.9486 -28.875 1.3
    endloop
  endfacet
  facet normal 0.508548 -0.250742 0.823715
    outer loop
      vertex 25.0514 -28.875 1.3
      vertex 22.908 -27.6375 3
      vertex 22.6347 -28.1918 3
    endloop
  endfacet
  facet normal 0.565786 0.0370646 0.823718
    outer loop
      vertex 22.3154 -30.6167 3
      vertex 24.75 -30 1.3
      vertex 22.275 -30 3
    endloop
  endfacet
  facet normal 0.565786 -0.0370646 0.823718
    outer loop
      vertex 24.75 -30 1.3
      vertex 22.3154 -29.3833 3
      vertex 22.275 -30 3
    endloop
  endfacet
  facet normal 0.536901 -0.182269 0.82372
    outer loop
      vertex 24.9213 -29.139 1.3
      vertex 22.6347 -28.1918 3
      vertex 22.436 -28.7771 3
    endloop
  endfacet
  facet normal 0.508586 -0.250633 0.823725
    outer loop
      vertex 24.9213 -29.139 1.3
      vertex 25.0514 -28.875 1.3
      vertex 22.6347 -28.1918 3
    endloop
  endfacet
  facet normal 0.373832 -0.426306 0.823719
    outer loop
      vertex 25.409 -28.409 1.3
      vertex 24.1236 -26.2514 3
      vertex 23.6589 -26.6589 3
    endloop
  endfacet
  facet normal 0.426306 -0.373832 0.823719
    outer loop
      vertex 25.409 -28.409 1.3
      vertex 23.6589 -26.6589 3
      vertex 23.2514 -27.1236 3
    endloop
  endfacet
  facet normal 0.315129 -0.471345 0.823728
    outer loop
      vertex 25.6303 -28.215 1.3
      vertex 25.875 -28.0514 1.3
      vertex 24.1236 -26.2514 3
    endloop
  endfacet
  facet normal 0.182269 -0.536901 0.82372
    outer loop
      vertex 26.139 -27.9213 1.3
      vertex 25.7771 -25.436 3
      vertex 25.1918 -25.6347 3
    endloop
  endfacet
  facet normal 0.110634 0.556108 0.823713
    outer loop
      vertex 26.3833 -34.6846 3
      vertex 26.7063 -32.2308 1.3
      vertex 25.7771 -34.564 3
    endloop
  endfacet
  facet normal 0.0370646 0.565786 0.823718
    outer loop
      vertex 27 -34.725 3
      vertex 27 -32.25 1.3
      vertex 26.3833 -34.6846 3
    endloop
  endfacet
  facet normal 0.536907 0.182244 0.823722
    outer loop
      vertex 24.9213 -30.861 1.3
      vertex 24.8267 -30.5823 1.3
      vertex 22.436 -31.2229 3
    endloop
  endfacet
  facet normal 0.556057 0.110788 0.823727
    outer loop
      vertex 24.8267 -30.5823 1.3
      vertex 24.7692 -30.2937 1.3
      vertex 22.436 -31.2229 3
    endloop
  endfacet
  facet normal -0.182269 -0.536901 0.82372
    outer loop
      vertex 28.8082 -25.6347 3
      vertex 28.2229 -25.436 3
      vertex 27.861 -27.9213 1.3
    endloop
  endfacet
  facet normal -0.250633 -0.508586 0.823725
    outer loop
      vertex 28.125 -28.0514 1.3
      vertex 28.8082 -25.6347 3
      vertex 27.861 -27.9213 1.3
    endloop
  endfacet
  facet normal -0.0370646 -0.565786 0.823718
    outer loop
      vertex 27.6167 -25.3154 3
      vertex 27 -25.275 3
      vertex 27 -27.75 1.3
    endloop
  endfacet
  facet normal -0.508586 -0.250633 0.823725
    outer loop
      vertex 29.0787 -29.139 1.3
      vertex 31.3653 -28.1918 3
      vertex 28.9486 -28.875 1.3
    endloop
  endfacet
  facet normal 0.565801 -0.036988 0.823712
    outer loop
      vertex 24.75 -30 1.3
      vertex 24.7692 -29.7063 1.3
      vertex 22.3154 -29.3833 3
    endloop
  endfacet
  facet normal 0 0 -1
    outer loop
      vertex 29.25 -30 3
      vertex 31.725 -30 3
      vertex 31.6846 -30.6167 3
    endloop
  endfacet
  facet normal 0 0 -1
    outer loop
      vertex 29.2308 -30.2937 3
      vertex 31.6846 -30.6167 3
      vertex 31.564 -31.2229 3
    endloop
  endfacet
  facet normal 0 0 -1
    outer loop
      vertex 31.725 -30 3
      vertex 29.25 -30 3
      vertex 31.6846 -29.3833 3
    endloop
  endfacet
  facet normal 0 0 -1
    outer loop
      vertex 29.1733 -30.5823 3
      vertex 31.564 -31.2229 3
      vertex 31.3653 -31.8082 3
    endloop
  endfacet
  facet normal 0 0 -1
    outer loop
      vertex 29.2308 -29.7063 3
      vertex 31.6846 -29.3833 3
      vertex 29.25 -30 3
    endloop
  endfacet
  facet normal 0 0 -1
    outer loop
      vertex 29.0787 -30.861 3
      vertex 31.3653 -31.8082 3
      vertex 31.092 -32.3625 3
    endloop
  endfacet
  facet normal -0 0 -1
    outer loop
      vertex 31.6846 -29.3833 3
      vertex 29.2308 -29.7063 3
      vertex 31.564 -28.7771 3
    endloop
  endfacet
  facet normal 0 0 -1
    outer loop
      vertex 28.9486 -31.125 3
      vertex 31.092 -32.3625 3
      vertex 30.7486 -32.8764 3
    endloop
  endfacet
  facet normal 0 0 -1
    outer loop
      vertex 29.1733 -29.4177 3
      vertex 31.564 -28.7771 3
      vertex 29.2308 -29.7063 3
    endloop
  endfacet
  facet normal 0 0 -1
    outer loop
      vertex 28.785 -31.3697 3
      vertex 30.7486 -32.8764 3
      vertex 30.3411 -33.3411 3
    endloop
  endfacet
  facet normal -0 0 -1
    outer loop
      vertex 31.564 -28.7771 3
      vertex 29.1733 -29.4177 3
      vertex 31.3653 -28.1918 3
    endloop
  endfacet
  facet normal 0 0 -1
    outer loop
      vertex 28.591 -31.591 3
      vertex 30.3411 -33.3411 3
      vertex 29.8764 -33.7486 3
    endloop
  endfacet
  facet normal 0 0 -1
    outer loop
      vertex 29.0787 -29.139 3
      vertex 31.3653 -28.1918 3
      vertex 29.1733 -29.4177 3
    endloop
  endfacet
  facet normal 0 0 -1
    outer loop
      vertex 28.3697 -31.785 3
      vertex 29.8764 -33.7486 3
      vertex 29.3625 -34.092 3
    endloop
  endfacet
  facet normal -0 0 -1
    outer loop
      vertex 31.3653 -28.1918 3
      vertex 29.0787 -29.139 3
      vertex 31.092 -27.6375 3
    endloop
  endfacet
  facet normal 0 0 -1
    outer loop
      vertex 28.9486 -28.875 3
      vertex 31.092 -27.6375 3
      vertex 29.0787 -29.139 3
    endloop
  endfacet
  facet normal 0 0 -1
    outer loop
      vertex 31.6846 -30.6167 3
      vertex 29.2308 -30.2937 3
      vertex 29.25 -30 3
    endloop
  endfacet
  facet normal 0 0 -1
    outer loop
      vertex 31.564 -31.2229 3
      vertex 29.1733 -30.5823 3
      vertex 29.2308 -30.2937 3
    endloop
  endfacet
  facet normal 0 0 -1
    outer loop
      vertex 31.3653 -31.8082 3
      vertex 29.0787 -30.861 3
      vertex 29.1733 -30.5823 3
    endloop
  endfacet
  facet normal 0 0 -1
    outer loop
      vertex 31.092 -32.3625 3
      vertex 28.9486 -31.125 3
      vertex 29.0787 -30.861 3
    endloop
  endfacet
  facet normal 0 0 -1
    outer loop
      vertex 28.125 -31.9486 3
      vertex 29.3625 -34.092 3
      vertex 28.8082 -34.3653 3
    endloop
  endfacet
  facet normal 0 0 -1
    outer loop
      vertex 30.7486 -32.8764 3
      vertex 28.785 -31.3697 3
      vertex 28.9486 -31.125 3
    endloop
  endfacet
  facet normal 0 0 -1
    outer loop
      vertex 30.3411 -33.3411 3
      vertex 28.591 -31.591 3
      vertex 28.785 -31.3697 3
    endloop
  endfacet
  facet normal 0 0 -1
    outer loop
      vertex 29.8764 -33.7486 3
      vertex 28.3697 -31.785 3
      vertex 28.591 -31.591 3
    endloop
  endfacet
  facet normal 0 0 -1
    outer loop
      vertex 27.861 -32.0787 3
      vertex 28.8082 -34.3653 3
      vertex 28.2229 -34.564 3
    endloop
  endfacet
  facet normal 0 0 -1
    outer loop
      vertex 29.3625 -34.092 3
      vertex 28.125 -31.9486 3
      vertex 28.3697 -31.785 3
    endloop
  endfacet
  facet normal 0 0 -1
    outer loop
      vertex 28.8082 -34.3653 3
      vertex 27.861 -32.0787 3
      vertex 28.125 -31.9486 3
    endloop
  endfacet
  facet normal 0 0 -1
    outer loop
      vertex 27.5823 -32.1733 3
      vertex 28.2229 -34.564 3
      vertex 27.6167 -34.6846 3
    endloop
  endfacet
  facet normal 0 0 -1
    outer loop
      vertex 28.2229 -34.564 3
      vertex 27.5823 -32.1733 3
      vertex 27.861 -32.0787 3
    endloop
  endfacet
  facet normal 0 0 -1
    outer loop
      vertex 27.6167 -34.6846 3
      vertex 27.2937 -32.2308 3
      vertex 27.5823 -32.1733 3
    endloop
  endfacet
  facet normal 0 0 -1
    outer loop
      vertex 27 -34.725 3
      vertex 27.2937 -32.2308 3
      vertex 27.6167 -34.6846 3
    endloop
  endfacet
  facet normal 0 0 -1
    outer loop
      vertex 27 -34.725 3
      vertex 27 -32.25 3
      vertex 27.2937 -32.2308 3
    endloop
  endfacet
  facet normal 0 0 -1
    outer loop
      vertex 27 -34.725 3
      vertex 26.7063 -32.2308 3
      vertex 27 -32.25 3
    endloop
  endfacet
  facet normal 0 0 -1
    outer loop
      vertex 26.3833 -34.6846 3
      vertex 26.7063 -32.2308 3
      vertex 27 -34.725 3
    endloop
  endfacet
  facet normal -0 0 -1
    outer loop
      vertex 26.7063 -32.2308 3
      vertex 26.3833 -34.6846 3
      vertex 26.4177 -32.1733 3
    endloop
  endfacet
  facet normal 0 0 -1
    outer loop
      vertex 25.7771 -34.564 3
      vertex 26.4177 -32.1733 3
      vertex 26.3833 -34.6846 3
    endloop
  endfacet
  facet normal -0 0 -1
    outer loop
      vertex 26.4177 -32.1733 3
      vertex 25.7771 -34.564 3
      vertex 26.139 -32.0787 3
    endloop
  endfacet
  facet normal 0 0 -1
    outer loop
      vertex 25.1918 -34.3653 3
      vertex 26.139 -32.0787 3
      vertex 25.7771 -34.564 3
    endloop
  endfacet
  facet normal -0 0 -1
    outer loop
      vertex 26.139 -32.0787 3
      vertex 25.1918 -34.3653 3
      vertex 25.875 -31.9486 3
    endloop
  endfacet
  facet normal 0 0 -1
    outer loop
      vertex 24.6375 -34.092 3
      vertex 25.875 -31.9486 3
      vertex 25.1918 -34.3653 3
    endloop
  endfacet
  facet normal -0 0 -1
    outer loop
      vertex 25.875 -31.9486 3
      vertex 24.6375 -34.092 3
      vertex 25.6303 -31.785 3
    endloop
  endfacet
  facet normal 0 0 -1
    outer loop
      vertex 24.1236 -33.7486 3
      vertex 25.6303 -31.785 3
      vertex 24.6375 -34.092 3
    endloop
  endfacet
  facet normal -0 0 -1
    outer loop
      vertex 25.6303 -31.785 3
      vertex 24.1236 -33.7486 3
      vertex 25.409 -31.591 3
    endloop
  endfacet
  facet normal 0 0 -1
    outer loop
      vertex 23.6589 -33.3411 3
      vertex 25.409 -31.591 3
      vertex 24.1236 -33.7486 3
    endloop
  endfacet
  facet normal -0 0 -1
    outer loop
      vertex 25.409 -31.591 3
      vertex 23.6589 -33.3411 3
      vertex 25.215 -31.3697 3
    endloop
  endfacet
  facet normal 0 0 -1
    outer loop
      vertex 23.2514 -32.8764 3
      vertex 25.215 -31.3697 3
      vertex 23.6589 -33.3411 3
    endloop
  endfacet
  facet normal 0 0 -1
    outer loop
      vertex 22.908 -32.3625 3
      vertex 25.0514 -31.125 3
      vertex 23.2514 -32.8764 3
    endloop
  endfacet
  facet normal -0 0 -1
    outer loop
      vertex 25.215 -31.3697 3
      vertex 23.2514 -32.8764 3
      vertex 25.0514 -31.125 3
    endloop
  endfacet
  facet normal -0 0 -1
    outer loop
      vertex 31.092 -27.6375 3
      vertex 28.9486 -28.875 3
      vertex 30.7486 -27.1236 3
    endloop
  endfacet
  facet normal 0 0 -1
    outer loop
      vertex 28.785 -28.6303 3
      vertex 30.7486 -27.1236 3
      vertex 28.9486 -28.875 3
    endloop
  endfacet
  facet normal -0 0 -1
    outer loop
      vertex 30.7486 -27.1236 3
      vertex 28.785 -28.6303 3
      vertex 30.3411 -26.6589 3
    endloop
  endfacet
  facet normal 0 0 -1
    outer loop
      vertex 28.591 -28.409 3
      vertex 30.3411 -26.6589 3
      vertex 28.785 -28.6303 3
    endloop
  endfacet
  facet normal -0 0 -1
    outer loop
      vertex 30.3411 -26.6589 3
      vertex 28.591 -28.409 3
      vertex 29.8764 -26.2514 3
    endloop
  endfacet
  facet normal 0 0 -1
    outer loop
      vertex 28.3697 -28.215 3
      vertex 29.8764 -26.2514 3
      vertex 28.591 -28.409 3
    endloop
  endfacet
  facet normal -0 0 -1
    outer loop
      vertex 29.8764 -26.2514 3
      vertex 28.3697 -28.215 3
      vertex 29.3625 -25.908 3
    endloop
  endfacet
  facet normal 0 0 -1
    outer loop
      vertex 28.125 -28.0514 3
      vertex 29.3625 -25.908 3
      vertex 28.3697 -28.215 3
    endloop
  endfacet
  facet normal -0 0 -1
    outer loop
      vertex 29.3625 -25.908 3
      vertex 28.125 -28.0514 3
      vertex 28.8082 -25.6347 3
    endloop
  endfacet
  facet normal 0 0 -1
    outer loop
      vertex 27.861 -27.9213 3
      vertex 28.8082 -25.6347 3
      vertex 28.125 -28.0514 3
    endloop
  endfacet
  facet normal -0 0 -1
    outer loop
      vertex 28.8082 -25.6347 3
      vertex 27.861 -27.9213 3
      vertex 28.2229 -25.436 3
    endloop
  endfacet
  facet normal 0 0 -1
    outer loop
      vertex 27.5823 -27.8267 3
      vertex 28.2229 -25.436 3
      vertex 27.861 -27.9213 3
    endloop
  endfacet
  facet normal -0 0 -1
    outer loop
      vertex 28.2229 -25.436 3
      vertex 27.5823 -27.8267 3
      vertex 27.6167 -25.3154 3
    endloop
  endfacet
  facet normal 0 0 -1
    outer loop
      vertex 27.2937 -27.7692 3
      vertex 27.6167 -25.3154 3
      vertex 27.5823 -27.8267 3
    endloop
  endfacet
  facet normal 0 0 -1
    outer loop
      vertex 27 -27.75 3
      vertex 27.6167 -25.3154 3
      vertex 27.2937 -27.7692 3
    endloop
  endfacet
  facet normal 0 0 -1
    outer loop
      vertex 27 -27.75 3
      vertex 27 -25.275 3
      vertex 27.6167 -25.3154 3
    endloop
  endfacet
  facet normal 0 0 -1
    outer loop
      vertex 26.7063 -27.7692 3
      vertex 27 -25.275 3
      vertex 27 -27.75 3
    endloop
  endfacet
  facet normal 0 0 -1
    outer loop
      vertex 26.3833 -25.3154 3
      vertex 26.7063 -27.7692 3
      vertex 26.4177 -27.8267 3
    endloop
  endfacet
  facet normal 0 0 -1
    outer loop
      vertex 26.7063 -27.7692 3
      vertex 26.3833 -25.3154 3
      vertex 27 -25.275 3
    endloop
  endfacet
  facet normal 0 0 -1
    outer loop
      vertex 25.7771 -25.436 3
      vertex 26.4177 -27.8267 3
      vertex 26.139 -27.9213 3
    endloop
  endfacet
  facet normal 0 0 -1
    outer loop
      vertex 25.1918 -25.6347 3
      vertex 26.139 -27.9213 3
      vertex 25.875 -28.0514 3
    endloop
  endfacet
  facet normal 0 0 -1
    outer loop
      vertex 26.4177 -27.8267 3
      vertex 25.7771 -25.436 3
      vertex 26.3833 -25.3154 3
    endloop
  endfacet
  facet normal 0 0 -1
    outer loop
      vertex 24.6375 -25.908 3
      vertex 25.875 -28.0514 3
      vertex 25.6303 -28.215 3
    endloop
  endfacet
  facet normal 0 0 -1
    outer loop
      vertex 24.1236 -26.2514 3
      vertex 25.6303 -28.215 3
      vertex 25.409 -28.409 3
    endloop
  endfacet
  facet normal 0 0 -1
    outer loop
      vertex 23.6589 -26.6589 3
      vertex 25.409 -28.409 3
      vertex 25.215 -28.6303 3
    endloop
  endfacet
  facet normal 0 0 -1
    outer loop
      vertex 26.139 -27.9213 3
      vertex 25.1918 -25.6347 3
      vertex 25.7771 -25.436 3
    endloop
  endfacet
  facet normal 0 0 -1
    outer loop
      vertex 23.2514 -27.1236 3
      vertex 25.215 -28.6303 3
      vertex 25.0514 -28.875 3
    endloop
  endfacet
  facet normal 0 0 -1
    outer loop
      vertex 22.908 -27.6375 3
      vertex 25.0514 -28.875 3
      vertex 24.9213 -29.139 3
    endloop
  endfacet
  facet normal 0 0 -1
    outer loop
      vertex 22.6347 -28.1918 3
      vertex 24.9213 -29.139 3
      vertex 24.8267 -29.4177 3
    endloop
  endfacet
  facet normal 0 0 -1
    outer loop
      vertex 22.436 -28.7771 3
      vertex 24.8267 -29.4177 3
      vertex 24.7692 -29.7063 3
    endloop
  endfacet
  facet normal 0 0 -1
    outer loop
      vertex 25.875 -28.0514 3
      vertex 24.6375 -25.908 3
      vertex 25.1918 -25.6347 3
    endloop
  endfacet
  facet normal 0 0 -1
    outer loop
      vertex 22.3154 -29.3833 3
      vertex 24.7692 -29.7063 3
      vertex 24.75 -30 3
    endloop
  endfacet
  facet normal -0 0 -1
    outer loop
      vertex 25.0514 -31.125 3
      vertex 22.908 -32.3625 3
      vertex 24.9213 -30.861 3
    endloop
  endfacet
  facet normal 0 0 -1
    outer loop
      vertex 22.6347 -31.8082 3
      vertex 24.9213 -30.861 3
      vertex 22.908 -32.3625 3
    endloop
  endfacet
  facet normal 0 0 -1
    outer loop
      vertex 25.6303 -28.215 3
      vertex 24.1236 -26.2514 3
      vertex 24.6375 -25.908 3
    endloop
  endfacet
  facet normal -0 0 -1
    outer loop
      vertex 24.9213 -30.861 3
      vertex 22.6347 -31.8082 3
      vertex 24.8267 -30.5823 3
    endloop
  endfacet
  facet normal 0 0 -1
    outer loop
      vertex 25.409 -28.409 3
      vertex 23.6589 -26.6589 3
      vertex 24.1236 -26.2514 3
    endloop
  endfacet
  facet normal 0 0 -1
    outer loop
      vertex 22.436 -31.2229 3
      vertex 24.8267 -30.5823 3
      vertex 22.6347 -31.8082 3
    endloop
  endfacet
  facet normal 0 0 -1
    outer loop
      vertex 25.215 -28.6303 3
      vertex 23.2514 -27.1236 3
      vertex 23.6589 -26.6589 3
    endloop
  endfacet
  facet normal -0 0 -1
    outer loop
      vertex 24.8267 -30.5823 3
      vertex 22.436 -31.2229 3
      vertex 24.7692 -30.2937 3
    endloop
  endfacet
  facet normal 0 0 -1
    outer loop
      vertex 25.0514 -28.875 3
      vertex 22.908 -27.6375 3
      vertex 23.2514 -27.1236 3
    endloop
  endfacet
  facet normal 0 0 -1
    outer loop
      vertex 22.3154 -30.6167 3
      vertex 24.7692 -30.2937 3
      vertex 22.436 -31.2229 3
    endloop
  endfacet
  facet normal 0 0 -1
    outer loop
      vertex 24.9213 -29.139 3
      vertex 22.6347 -28.1918 3
      vertex 22.908 -27.6375 3
    endloop
  endfacet
  facet normal -0 0 -1
    outer loop
      vertex 24.7692 -30.2937 3
      vertex 22.3154 -30.6167 3
      vertex 24.75 -30 3
    endloop
  endfacet
  facet normal 0 0 -1
    outer loop
      vertex 24.8267 -29.4177 3
      vertex 22.436 -28.7771 3
      vertex 22.6347 -28.1918 3
    endloop
  endfacet
  facet normal 0 0 -1
    outer loop
      vertex 22.275 -30 3
      vertex 24.75 -30 3
      vertex 22.3154 -30.6167 3
    endloop
  endfacet
  facet normal 0 0 -1
    outer loop
      vertex 24.7692 -29.7063 3
      vertex 22.3154 -29.3833 3
      vertex 22.436 -28.7771 3
    endloop
  endfacet
  facet normal 0 0 -1
    outer loop
      vertex 24.75 -30 3
      vertex 22.275 -30 3
      vertex 22.3154 -29.3833 3
    endloop
  endfacet
  facet normal 0.565801 0.036988 0.823712
    outer loop
      vertex 24.7692 -30.2937 1.3
      vertex 24.75 -30 1.3
      vertex 22.3154 -30.6167 3
    endloop
  endfacet
  facet normal 0.556057 -0.110788 0.823727
    outer loop
      vertex 24.7692 -29.7063 1.3
      vertex 24.8267 -29.4177 1.3
      vertex 22.436 -28.7771 3
    endloop
  endfacet
  facet normal 0.182244 -0.536907 0.823722
    outer loop
      vertex 26.139 -27.9213 1.3
      vertex 26.4177 -27.8267 1.3
      vertex 25.7771 -25.436 3
    endloop
  endfacet
  facet normal 0.110788 -0.556057 0.823727
    outer loop
      vertex 26.4177 -27.8267 1.3
      vertex 26.7063 -27.7692 1.3
      vertex 25.7771 -25.436 3
    endloop
  endfacet
  facet normal 0.110788 0.556057 0.823727
    outer loop
      vertex 26.7063 -32.2308 1.3
      vertex 26.4177 -32.1733 1.3
      vertex 25.7771 -34.564 3
    endloop
  endfacet
  facet normal -0.250742 -0.508548 0.823715
    outer loop
      vertex 29.3625 -25.908 3
      vertex 28.8082 -25.6347 3
      vertex 28.125 -28.0514 1.3
    endloop
  endfacet
  facet normal -0.315024 -0.471436 0.823716
    outer loop
      vertex 29.8764 -26.2514 3
      vertex 29.3625 -25.908 3
      vertex 28.125 -28.0514 1.3
    endloop
  endfacet
  facet normal -0.110788 -0.556057 0.823727
    outer loop
      vertex 27.5823 -27.8267 1.3
      vertex 28.2229 -25.436 3
      vertex 27.2937 -27.7692 1.3
    endloop
  endfacet
  facet normal -0.373759 -0.426355 0.823726
    outer loop
      vertex 28.591 -28.409 1.3
      vertex 29.8764 -26.2514 3
      vertex 28.3697 -28.215 1.3
    endloop
  endfacet
  facet normal -0.536901 -0.182269 0.82372
    outer loop
      vertex 31.564 -28.7771 3
      vertex 31.3653 -28.1918 3
      vertex 29.0787 -29.139 1.3
    endloop
  endfacet
  facet normal 0.036988 -0.565801 0.823712
    outer loop
      vertex 26.7063 -27.7692 1.3
      vertex 27 -27.75 1.3
      vertex 26.3833 -25.3154 3
    endloop
  endfacet
  facet normal -0.426306 -0.373832 0.823719
    outer loop
      vertex 30.7486 -27.1236 3
      vertex 30.3411 -26.6589 3
      vertex 28.591 -28.409 1.3
    endloop
  endfacet
  facet normal -0.373832 -0.426306 0.823719
    outer loop
      vertex 30.3411 -26.6589 3
      vertex 29.8764 -26.2514 3
      vertex 28.591 -28.409 1.3
    endloop
  endfacet
  facet normal -0.426355 -0.373759 0.823726
    outer loop
      vertex 28.785 -28.6303 1.3
      vertex 30.7486 -27.1236 3
      vertex 28.591 -28.409 1.3
    endloop
  endfacet
  facet normal -0.471345 -0.315129 0.823728
    outer loop
      vertex 28.9486 -28.875 1.3
      vertex 30.7486 -27.1236 3
      vertex 28.785 -28.6303 1.3
    endloop
  endfacet
  facet normal -0.556108 -0.110634 0.823713
    outer loop
      vertex 31.6846 -29.3833 3
      vertex 31.564 -28.7771 3
      vertex 29.2308 -29.7063 1.3
    endloop
  endfacet
  facet normal -0.536907 -0.182244 0.823722
    outer loop
      vertex 29.1733 -29.4177 1.3
      vertex 31.564 -28.7771 3
      vertex 29.0787 -29.139 1.3
    endloop
  endfacet
  facet normal -0.556057 -0.110788 0.823727
    outer loop
      vertex 29.2308 -29.7063 1.3
      vertex 31.564 -28.7771 3
      vertex 29.1733 -29.4177 1.3
    endloop
  endfacet
  facet normal -0.659202 -0.751966 0
    outer loop
      vertex 28.3697 31.785 0
      vertex 28.591 31.591 1.3
      vertex 28.3697 31.785 1.3
    endloop
  endfacet
  facet normal -0.659202 -0.751966 -0
    outer loop
      vertex 28.591 31.591 1.3
      vertex 28.3697 31.785 0
      vertex 28.591 31.591 0
    endloop
  endfacet
  facet normal 0.321421 0.946936 -0
    outer loop
      vertex 26.4177 27.8267 0
      vertex 26.139 27.9213 1.3
      vertex 26.4177 27.8267 1.3
    endloop
  endfacet
  facet normal 0.321421 0.946936 0
    outer loop
      vertex 26.139 27.9213 1.3
      vertex 26.4177 27.8267 0
      vertex 26.139 27.9213 0
    endloop
  endfacet
  facet normal 0.321421 -0.946936 0
    outer loop
      vertex 26.139 32.0787 0
      vertex 26.4177 32.1733 1.3
      vertex 26.139 32.0787 1.3
    endloop
  endfacet
  facet normal 0.321421 -0.946936 0
    outer loop
      vertex 26.4177 32.1733 1.3
      vertex 26.139 32.0787 0
      vertex 26.4177 32.1733 0
    endloop
  endfacet
  facet normal 0.896995 -0.442042 0
    outer loop
      vertex 24.9213 30.861 1.3
      vertex 25.0514 31.125 0
      vertex 25.0514 31.125 1.3
    endloop
  endfacet
  facet normal 0.896995 -0.442042 0
    outer loop
      vertex 25.0514 31.125 0
      vertex 24.9213 30.861 1.3
      vertex 24.9213 30.861 0
    endloop
  endfacet
  facet normal -0.896995 -0.442042 0
    outer loop
      vertex 29.0787 30.861 0
      vertex 28.9486 31.125 1.3
      vertex 28.9486 31.125 0
    endloop
  endfacet
  facet normal -0.896995 -0.442042 0
    outer loop
      vertex 28.9486 31.125 1.3
      vertex 29.0787 30.861 0
      vertex 29.0787 30.861 1.3
    endloop
  endfacet
  facet normal -0.831318 -0.555797 0
    outer loop
      vertex 28.9486 31.125 0
      vertex 28.785 31.3697 1.3
      vertex 28.785 31.3697 0
    endloop
  endfacet
  facet normal -0.831318 -0.555797 0
    outer loop
      vertex 28.785 31.3697 1.3
      vertex 28.9486 31.125 0
      vertex 28.9486 31.125 1.3
    endloop
  endfacet
  facet normal -0.751966 -0.659202 0
    outer loop
      vertex 28.785 31.3697 0
      vertex 28.591 31.591 1.3
      vertex 28.591 31.591 0
    endloop
  endfacet
  facet normal -0.751966 -0.659202 0
    outer loop
      vertex 28.591 31.591 1.3
      vertex 28.785 31.3697 0
      vertex 28.785 31.3697 1.3
    endloop
  endfacet
  facet normal -0.442042 -0.896995 0
    outer loop
      vertex 27.861 32.0787 0
      vertex 28.125 31.9486 1.3
      vertex 27.861 32.0787 1.3
    endloop
  endfacet
  facet normal -0.442042 -0.896995 -0
    outer loop
      vertex 28.125 31.9486 1.3
      vertex 27.861 32.0787 0
      vertex 28.125 31.9486 0
    endloop
  endfacet
  facet normal -0.195397 -0.980724 0
    outer loop
      vertex 27.2937 32.2308 0
      vertex 27.5823 32.1733 1.3
      vertex 27.2937 32.2308 1.3
    endloop
  endfacet
  facet normal -0.195397 -0.980724 -0
    outer loop
      vertex 27.5823 32.1733 1.3
      vertex 27.2937 32.2308 0
      vertex 27.5823 32.1733 0
    endloop
  endfacet
  facet normal 0.980724 -0.195397 0
    outer loop
      vertex 24.7692 30.2937 1.3
      vertex 24.8267 30.5823 0
      vertex 24.8267 30.5823 1.3
    endloop
  endfacet
  facet normal 0.980724 -0.195397 0
    outer loop
      vertex 24.8267 30.5823 0
      vertex 24.7692 30.2937 1.3
      vertex 24.7692 30.2937 0
    endloop
  endfacet
  facet normal 0.751966 -0.659202 0
    outer loop
      vertex 25.215 31.3697 1.3
      vertex 25.409 31.591 0
      vertex 25.409 31.591 1.3
    endloop
  endfacet
  facet normal 0.751966 -0.659202 0
    outer loop
      vertex 25.409 31.591 0
      vertex 25.215 31.3697 1.3
      vertex 25.215 31.3697 0
    endloop
  endfacet
  facet normal 0.442042 -0.896995 0
    outer loop
      vertex 25.875 31.9486 0
      vertex 26.139 32.0787 1.3
      vertex 25.875 31.9486 1.3
    endloop
  endfacet
  facet normal 0.442042 -0.896995 0
    outer loop
      vertex 26.139 32.0787 1.3
      vertex 25.875 31.9486 0
      vertex 26.139 32.0787 0
    endloop
  endfacet
  facet normal 0.195397 -0.980724 0
    outer loop
      vertex 26.4177 32.1733 0
      vertex 26.7063 32.2308 1.3
      vertex 26.4177 32.1733 1.3
    endloop
  endfacet
  facet normal 0.195397 -0.980724 0
    outer loop
      vertex 26.7063 32.2308 1.3
      vertex 26.4177 32.1733 0
      vertex 26.7063 32.2308 0
    endloop
  endfacet
  facet normal -0.99787 0.0652336 0
    outer loop
      vertex 29.2308 29.7063 0
      vertex 29.25 30 1.3
      vertex 29.25 30 0
    endloop
  endfacet
  facet normal -0.99787 0.0652336 0
    outer loop
      vertex 29.25 30 1.3
      vertex 29.2308 29.7063 0
      vertex 29.2308 29.7063 1.3
    endloop
  endfacet
  facet normal -0.321421 0.946936 0
    outer loop
      vertex 27.861 27.9213 0
      vertex 27.5823 27.8267 1.3
      vertex 27.861 27.9213 1.3
    endloop
  endfacet
  facet normal -0.321421 0.946936 0
    outer loop
      vertex 27.5823 27.8267 1.3
      vertex 27.861 27.9213 0
      vertex 27.5823 27.8267 0
    endloop
  endfacet
  facet normal -0.442042 0.896995 0
    outer loop
      vertex 28.125 28.0514 0
      vertex 27.861 27.9213 1.3
      vertex 28.125 28.0514 1.3
    endloop
  endfacet
  facet normal -0.442042 0.896995 0
    outer loop
      vertex 27.861 27.9213 1.3
      vertex 28.125 28.0514 0
      vertex 27.861 27.9213 0
    endloop
  endfacet
  facet normal -0.751966 0.659202 0
    outer loop
      vertex 28.591 28.409 0
      vertex 28.785 28.6303 1.3
      vertex 28.785 28.6303 0
    endloop
  endfacet
  facet normal -0.751966 0.659202 0
    outer loop
      vertex 28.785 28.6303 1.3
      vertex 28.591 28.409 0
      vertex 28.591 28.409 1.3
    endloop
  endfacet
  facet normal 0.195397 0.980724 -0
    outer loop
      vertex 26.7063 27.7692 0
      vertex 26.4177 27.8267 1.3
      vertex 26.7063 27.7692 1.3
    endloop
  endfacet
  facet normal 0.195397 0.980724 0
    outer loop
      vertex 26.4177 27.8267 1.3
      vertex 26.7063 27.7692 0
      vertex 26.4177 27.8267 0
    endloop
  endfacet
  facet normal 0.659202 0.751966 -0
    outer loop
      vertex 25.6303 28.215 0
      vertex 25.409 28.409 1.3
      vertex 25.6303 28.215 1.3
    endloop
  endfacet
  facet normal 0.659202 0.751966 0
    outer loop
      vertex 25.409 28.409 1.3
      vertex 25.6303 28.215 0
      vertex 25.409 28.409 0
    endloop
  endfacet
  facet normal 0.896995 0.442042 0
    outer loop
      vertex 25.0514 28.875 1.3
      vertex 24.9213 29.139 0
      vertex 24.9213 29.139 1.3
    endloop
  endfacet
  facet normal 0.896995 0.442042 0
    outer loop
      vertex 24.9213 29.139 0
      vertex 25.0514 28.875 1.3
      vertex 25.0514 28.875 0
    endloop
  endfacet
  facet normal -0.980724 -0.195397 0
    outer loop
      vertex 29.2308 30.2937 0
      vertex 29.1733 30.5823 1.3
      vertex 29.1733 30.5823 0
    endloop
  endfacet
  facet normal -0.980724 -0.195397 0
    outer loop
      vertex 29.1733 30.5823 1.3
      vertex 29.2308 30.2937 0
      vertex 29.2308 30.2937 1.3
    endloop
  endfacet
  facet normal -0.946936 -0.321421 0
    outer loop
      vertex 29.1733 30.5823 0
      vertex 29.0787 30.861 1.3
      vertex 29.0787 30.861 0
    endloop
  endfacet
  facet normal -0.946936 -0.321421 0
    outer loop
      vertex 29.0787 30.861 1.3
      vertex 29.1733 30.5823 0
      vertex 29.1733 30.5823 1.3
    endloop
  endfacet
  facet normal -0.555797 -0.831318 0
    outer loop
      vertex 28.125 31.9486 0
      vertex 28.3697 31.785 1.3
      vertex 28.125 31.9486 1.3
    endloop
  endfacet
  facet normal -0.555797 -0.831318 -0
    outer loop
      vertex 28.3697 31.785 1.3
      vertex 28.125 31.9486 0
      vertex 28.3697 31.785 0
    endloop
  endfacet
  facet normal -0.0652336 -0.99787 0
    outer loop
      vertex 27 32.25 0
      vertex 27.2937 32.2308 1.3
      vertex 27 32.25 1.3
    endloop
  endfacet
  facet normal -0.0652336 -0.99787 -0
    outer loop
      vertex 27.2937 32.2308 1.3
      vertex 27 32.25 0
      vertex 27.2937 32.2308 0
    endloop
  endfacet
  facet normal -0.321421 -0.946936 0
    outer loop
      vertex 27.5823 32.1733 0
      vertex 27.861 32.0787 1.3
      vertex 27.5823 32.1733 1.3
    endloop
  endfacet
  facet normal -0.321421 -0.946936 -0
    outer loop
      vertex 27.861 32.0787 1.3
      vertex 27.5823 32.1733 0
      vertex 27.861 32.0787 0
    endloop
  endfacet
  facet normal 0.99787 -0.0652336 0
    outer loop
      vertex 24.75 30 1.3
      vertex 24.7692 30.2937 0
      vertex 24.7692 30.2937 1.3
    endloop
  endfacet
  facet normal 0.99787 -0.0652336 0
    outer loop
      vertex 24.7692 30.2937 0
      vertex 24.75 30 1.3
      vertex 24.75 30 0
    endloop
  endfacet
  facet normal 0.946936 -0.321421 0
    outer loop
      vertex 24.8267 30.5823 1.3
      vertex 24.9213 30.861 0
      vertex 24.9213 30.861 1.3
    endloop
  endfacet
  facet normal 0.946936 -0.321421 0
    outer loop
      vertex 24.9213 30.861 0
      vertex 24.8267 30.5823 1.3
      vertex 24.8267 30.5823 0
    endloop
  endfacet
  facet normal 0.831318 -0.555797 0
    outer loop
      vertex 25.0514 31.125 1.3
      vertex 25.215 31.3697 0
      vertex 25.215 31.3697 1.3
    endloop
  endfacet
  facet normal 0.831318 -0.555797 0
    outer loop
      vertex 25.215 31.3697 0
      vertex 25.0514 31.125 1.3
      vertex 25.0514 31.125 0
    endloop
  endfacet
  facet normal 0.0652336 -0.99787 0
    outer loop
      vertex 26.7063 32.2308 0
      vertex 27 32.25 1.3
      vertex 26.7063 32.2308 1.3
    endloop
  endfacet
  facet normal 0.0652336 -0.99787 0
    outer loop
      vertex 27 32.25 1.3
      vertex 26.7063 32.2308 0
      vertex 27 32.25 0
    endloop
  endfacet
  facet normal 0.555797 -0.831318 0
    outer loop
      vertex 25.6303 31.785 0
      vertex 25.875 31.9486 1.3
      vertex 25.6303 31.785 1.3
    endloop
  endfacet
  facet normal 0.555797 -0.831318 0
    outer loop
      vertex 25.875 31.9486 1.3
      vertex 25.6303 31.785 0
      vertex 25.875 31.9486 0
    endloop
  endfacet
  facet normal 0.659202 -0.751966 0
    outer loop
      vertex 25.409 31.591 0
      vertex 25.6303 31.785 1.3
      vertex 25.409 31.591 1.3
    endloop
  endfacet
  facet normal 0.659202 -0.751966 0
    outer loop
      vertex 25.6303 31.785 1.3
      vertex 25.409 31.591 0
      vertex 25.6303 31.785 0
    endloop
  endfacet
  facet normal -0.99787 -0.0652336 0
    outer loop
      vertex 29.25 30 0
      vertex 29.2308 30.2937 1.3
      vertex 29.2308 30.2937 0
    endloop
  endfacet
  facet normal -0.99787 -0.0652336 0
    outer loop
      vertex 29.2308 30.2937 1.3
      vertex 29.25 30 0
      vertex 29.25 30 1.3
    endloop
  endfacet
  facet normal -0.0652336 0.99787 0
    outer loop
      vertex 27.2937 27.7692 0
      vertex 27 27.75 1.3
      vertex 27.2937 27.7692 1.3
    endloop
  endfacet
  facet normal -0.0652336 0.99787 0
    outer loop
      vertex 27 27.75 1.3
      vertex 27.2937 27.7692 0
      vertex 27 27.75 0
    endloop
  endfacet
  facet normal -0.946936 0.321421 0
    outer loop
      vertex 29.0787 29.139 0
      vertex 29.1733 29.4177 1.3
      vertex 29.1733 29.4177 0
    endloop
  endfacet
  facet normal -0.946936 0.321421 0
    outer loop
      vertex 29.1733 29.4177 1.3
      vertex 29.0787 29.139 0
      vertex 29.0787 29.139 1.3
    endloop
  endfacet
  facet normal -0.555797 0.831318 0
    outer loop
      vertex 28.3697 28.215 0
      vertex 28.125 28.0514 1.3
      vertex 28.3697 28.215 1.3
    endloop
  endfacet
  facet normal -0.555797 0.831318 0
    outer loop
      vertex 28.125 28.0514 1.3
      vertex 28.3697 28.215 0
      vertex 28.125 28.0514 0
    endloop
  endfacet
  facet normal -0.896995 0.442042 0
    outer loop
      vertex 28.9486 28.875 0
      vertex 29.0787 29.139 1.3
      vertex 29.0787 29.139 0
    endloop
  endfacet
  facet normal -0.896995 0.442042 0
    outer loop
      vertex 29.0787 29.139 1.3
      vertex 28.9486 28.875 0
      vertex 28.9486 28.875 1.3
    endloop
  endfacet
  facet normal 0.0652336 0.99787 -0
    outer loop
      vertex 27 27.75 0
      vertex 26.7063 27.7692 1.3
      vertex 27 27.75 1.3
    endloop
  endfacet
  facet normal 0.0652336 0.99787 0
    outer loop
      vertex 26.7063 27.7692 1.3
      vertex 27 27.75 0
      vertex 26.7063 27.7692 0
    endloop
  endfacet
  facet normal 0.442042 0.896995 -0
    outer loop
      vertex 26.139 27.9213 0
      vertex 25.875 28.0514 1.3
      vertex 26.139 27.9213 1.3
    endloop
  endfacet
  facet normal 0.442042 0.896995 0
    outer loop
      vertex 25.875 28.0514 1.3
      vertex 26.139 27.9213 0
      vertex 25.875 28.0514 0
    endloop
  endfacet
  facet normal 0.946936 0.321421 0
    outer loop
      vertex 24.9213 29.139 1.3
      vertex 24.8267 29.4177 0
      vertex 24.8267 29.4177 1.3
    endloop
  endfacet
  facet normal 0.946936 0.321421 0
    outer loop
      vertex 24.8267 29.4177 0
      vertex 24.9213 29.139 1.3
      vertex 24.9213 29.139 0
    endloop
  endfacet
  facet normal 0.99787 0.0652336 0
    outer loop
      vertex 24.7692 29.7063 1.3
      vertex 24.75 30 0
      vertex 24.75 30 1.3
    endloop
  endfacet
  facet normal 0.99787 0.0652336 0
    outer loop
      vertex 24.75 30 0
      vertex 24.7692 29.7063 1.3
      vertex 24.7692 29.7063 0
    endloop
  endfacet
  facet normal 0.831318 0.555797 0
    outer loop
      vertex 25.215 28.6303 1.3
      vertex 25.0514 28.875 0
      vertex 25.0514 28.875 1.3
    endloop
  endfacet
  facet normal 0.831318 0.555797 0
    outer loop
      vertex 25.0514 28.875 0
      vertex 25.215 28.6303 1.3
      vertex 25.215 28.6303 0
    endloop
  endfacet
  facet normal 0.751966 0.659202 0
    outer loop
      vertex 25.409 28.409 1.3
      vertex 25.215 28.6303 0
      vertex 25.215 28.6303 1.3
    endloop
  endfacet
  facet normal 0.751966 0.659202 0
    outer loop
      vertex 25.215 28.6303 0
      vertex 25.409 28.409 1.3
      vertex 25.409 28.409 0
    endloop
  endfacet
  facet normal -0.980724 0.195397 0
    outer loop
      vertex 29.1733 29.4177 0
      vertex 29.2308 29.7063 1.3
      vertex 29.2308 29.7063 0
    endloop
  endfacet
  facet normal -0.980724 0.195397 0
    outer loop
      vertex 29.2308 29.7063 1.3
      vertex 29.1733 29.4177 0
      vertex 29.1733 29.4177 1.3
    endloop
  endfacet
  facet normal -0.195397 0.980724 0
    outer loop
      vertex 27.5823 27.8267 0
      vertex 27.2937 27.7692 1.3
      vertex 27.5823 27.8267 1.3
    endloop
  endfacet
  facet normal -0.195397 0.980724 0
    outer loop
      vertex 27.2937 27.7692 1.3
      vertex 27.5823 27.8267 0
      vertex 27.2937 27.7692 0
    endloop
  endfacet
  facet normal -0.659202 0.751966 0
    outer loop
      vertex 28.591 28.409 0
      vertex 28.3697 28.215 1.3
      vertex 28.591 28.409 1.3
    endloop
  endfacet
  facet normal -0.659202 0.751966 0
    outer loop
      vertex 28.3697 28.215 1.3
      vertex 28.591 28.409 0
      vertex 28.3697 28.215 0
    endloop
  endfacet
  facet normal -0.831318 0.555797 0
    outer loop
      vertex 28.785 28.6303 0
      vertex 28.9486 28.875 1.3
      vertex 28.9486 28.875 0
    endloop
  endfacet
  facet normal -0.831318 0.555797 0
    outer loop
      vertex 28.9486 28.875 1.3
      vertex 28.785 28.6303 0
      vertex 28.785 28.6303 1.3
    endloop
  endfacet
  facet normal 0.555797 0.831318 -0
    outer loop
      vertex 25.875 28.0514 0
      vertex 25.6303 28.215 1.3
      vertex 25.875 28.0514 1.3
    endloop
  endfacet
  facet normal 0.555797 0.831318 0
    outer loop
      vertex 25.6303 28.215 1.3
      vertex 25.875 28.0514 0
      vertex 25.6303 28.215 0
    endloop
  endfacet
  facet normal 0.980724 0.195397 0
    outer loop
      vertex 24.8267 29.4177 1.3
      vertex 24.7692 29.7063 0
      vertex 24.7692 29.7063 1.3
    endloop
  endfacet
  facet normal 0.980724 0.195397 0
    outer loop
      vertex 24.7692 29.7063 0
      vertex 24.8267 29.4177 1.3
      vertex 24.8267 29.4177 0
    endloop
  endfacet
  facet normal -0.0370646 0.565786 0.823718
    outer loop
      vertex 27.6167 25.3154 3
      vertex 27 27.75 1.3
      vertex 27 25.275 3
    endloop
  endfacet
  facet normal -0.565786 -0.0370646 0.823718
    outer loop
      vertex 31.725 30 3
      vertex 31.6846 30.6167 3
      vertex 29.25 30 1.3
    endloop
  endfacet
  facet normal -0.565801 -0.036988 0.823712
    outer loop
      vertex 29.25 30 1.3
      vertex 31.6846 30.6167 3
      vertex 29.2308 30.2937 1.3
    endloop
  endfacet
  facet normal -0.565801 0.036988 0.823712
    outer loop
      vertex 31.6846 29.3833 3
      vertex 29.25 30 1.3
      vertex 29.2308 29.7063 1.3
    endloop
  endfacet
  facet normal 0.556108 0.110634 0.823713
    outer loop
      vertex 22.436 28.7771 3
      vertex 24.7692 29.7063 1.3
      vertex 22.3154 29.3833 3
    endloop
  endfacet
  facet normal 0.110634 -0.556108 0.823713
    outer loop
      vertex 26.7063 32.2308 1.3
      vertex 26.3833 34.6846 3
      vertex 25.7771 34.564 3
    endloop
  endfacet
  facet normal -0.426306 0.373832 0.823719
    outer loop
      vertex 30.3411 26.6589 3
      vertex 30.7486 27.1236 3
      vertex 28.591 28.409 1.3
    endloop
  endfacet
  facet normal -0.536901 0.182269 0.82372
    outer loop
      vertex 31.3653 28.1918 3
      vertex 31.564 28.7771 3
      vertex 29.0787 29.139 1.3
    endloop
  endfacet
  facet normal -0.373759 0.426355 0.823726
    outer loop
      vertex 29.8764 26.2514 3
      vertex 28.591 28.409 1.3
      vertex 28.3697 28.215 1.3
    endloop
  endfacet
  facet normal -0.182269 0.536901 0.82372
    outer loop
      vertex 28.2229 25.436 3
      vertex 28.8082 25.6347 3
      vertex 27.861 27.9213 1.3
    endloop
  endfacet
  facet normal -0.250742 0.508548 0.823715
    outer loop
      vertex 28.8082 25.6347 3
      vertex 29.3625 25.908 3
      vertex 28.125 28.0514 1.3
    endloop
  endfacet
  facet normal -0.373832 0.426306 0.823719
    outer loop
      vertex 29.8764 26.2514 3
      vertex 30.3411 26.6589 3
      vertex 28.591 28.409 1.3
    endloop
  endfacet
  facet normal 0.373759 0.426355 0.823726
    outer loop
      vertex 25.6303 28.215 1.3
      vertex 25.409 28.409 1.3
      vertex 24.1236 26.2514 3
    endloop
  endfacet
  facet normal 0.315024 0.471436 0.823716
    outer loop
      vertex 24.6375 25.908 3
      vertex 25.875 28.0514 1.3
      vertex 24.1236 26.2514 3
    endloop
  endfacet
  facet normal -0.315129 -0.471345 0.823728
    outer loop
      vertex 28.3697 31.785 1.3
      vertex 29.8764 33.7486 3
      vertex 28.125 31.9486 1.3
    endloop
  endfacet
  facet normal 0.426355 -0.373759 0.823726
    outer loop
      vertex 25.215 31.3697 1.3
      vertex 25.409 31.591 1.3
      vertex 23.2514 32.8764 3
    endloop
  endfacet
  facet normal 0.471436 -0.315024 0.823716
    outer loop
      vertex 25.0514 31.125 1.3
      vertex 23.2514 32.8764 3
      vertex 22.908 32.3625 3
    endloop
  endfacet
  facet normal -0.556108 0.110634 0.823713
    outer loop
      vertex 31.564 28.7771 3
      vertex 31.6846 29.3833 3
      vertex 29.2308 29.7063 1.3
    endloop
  endfacet
  facet normal -0.565786 0.0370646 0.823718
    outer loop
      vertex 31.6846 29.3833 3
      vertex 31.725 30 3
      vertex 29.25 30 1.3
    endloop
  endfacet
  facet normal -0.536907 0.182244 0.823722
    outer loop
      vertex 31.564 28.7771 3
      vertex 29.1733 29.4177 1.3
      vertex 29.0787 29.139 1.3
    endloop
  endfacet
  facet normal -0.508586 0.250633 0.823725
    outer loop
      vertex 31.3653 28.1918 3
      vertex 29.0787 29.139 1.3
      vertex 28.9486 28.875 1.3
    endloop
  endfacet
  facet normal -0.182244 0.536907 0.823722
    outer loop
      vertex 28.2229 25.436 3
      vertex 27.861 27.9213 1.3
      vertex 27.5823 27.8267 1.3
    endloop
  endfacet
  facet normal -0.110788 0.556057 0.823727
    outer loop
      vertex 28.2229 25.436 3
      vertex 27.5823 27.8267 1.3
      vertex 27.2937 27.7692 1.3
    endloop
  endfacet
  facet normal -0.315024 0.471436 0.823716
    outer loop
      vertex 29.3625 25.908 3
      vertex 29.8764 26.2514 3
      vertex 28.125 28.0514 1.3
    endloop
  endfacet
  facet normal 0.426355 0.373759 0.823726
    outer loop
      vertex 25.409 28.409 1.3
      vertex 25.215 28.6303 1.3
      vertex 23.2514 27.1236 3
    endloop
  endfacet
  facet normal 0.373759 -0.426355 0.823726
    outer loop
      vertex 25.409 31.591 1.3
      vertex 25.6303 31.785 1.3
      vertex 24.1236 33.7486 3
    endloop
  endfacet
  facet normal -0.556057 0.110788 0.823727
    outer loop
      vertex 31.564 28.7771 3
      vertex 29.2308 29.7063 1.3
      vertex 29.1733 29.4177 1.3
    endloop
  endfacet
  facet normal -0.471436 0.315024 0.823716
    outer loop
      vertex 30.7486 27.1236 3
      vertex 31.092 27.6375 3
      vertex 28.9486 28.875 1.3
    endloop
  endfacet
  facet normal -0.508548 0.250742 0.823715
    outer loop
      vertex 31.092 27.6375 3
      vertex 31.3653 28.1918 3
      vertex 28.9486 28.875 1.3
    endloop
  endfacet
  facet normal -0.471345 0.315129 0.823728
    outer loop
      vertex 30.7486 27.1236 3
      vertex 28.9486 28.875 1.3
      vertex 28.785 28.6303 1.3
    endloop
  endfacet
  facet normal -0.426355 0.373759 0.823726
    outer loop
      vertex 30.7486 27.1236 3
      vertex 28.785 28.6303 1.3
      vertex 28.591 28.409 1.3
    endloop
  endfacet
  facet normal -0.110634 0.556108 0.823713
    outer loop
      vertex 27.6167 25.3154 3
      vertex 28.2229 25.436 3
      vertex 27.2937 27.7692 1.3
    endloop
  endfacet
  facet normal -0.036988 0.565801 0.823712
    outer loop
      vertex 27.6167 25.3154 3
      vertex 27.2937 27.7692 1.3
      vertex 27 27.75 1.3
    endloop
  endfacet
  facet normal -0.250633 0.508586 0.823725
    outer loop
      vertex 28.8082 25.6347 3
      vertex 28.125 28.0514 1.3
      vertex 27.861 27.9213 1.3
    endloop
  endfacet
  facet normal 0.508548 0.250742 0.823715
    outer loop
      vertex 22.908 27.6375 3
      vertex 25.0514 28.875 1.3
      vertex 22.6347 28.1918 3
    endloop
  endfacet
  facet normal 0.250742 0.508548 0.823715
    outer loop
      vertex 25.1918 25.6347 3
      vertex 25.875 28.0514 1.3
      vertex 24.6375 25.908 3
    endloop
  endfacet
  facet normal 0.182244 0.536907 0.823722
    outer loop
      vertex 26.4177 27.8267 1.3
      vertex 26.139 27.9213 1.3
      vertex 25.7771 25.436 3
    endloop
  endfacet
  facet normal 0.315129 0.471345 0.823728
    outer loop
      vertex 25.875 28.0514 1.3
      vertex 25.6303 28.215 1.3
      vertex 24.1236 26.2514 3
    endloop
  endfacet
  facet normal 0.471436 0.315024 0.823716
    outer loop
      vertex 23.2514 27.1236 3
      vertex 25.0514 28.875 1.3
      vertex 22.908 27.6375 3
    endloop
  endfacet
  facet normal 0.508586 0.250633 0.823725
    outer loop
      vertex 25.0514 28.875 1.3
      vertex 24.9213 29.139 1.3
      vertex 22.6347 28.1918 3
    endloop
  endfacet
  facet normal 0.0370646 -0.565786 0.823718
    outer loop
      vertex 27 32.25 1.3
      vertex 27 34.725 3
      vertex 26.3833 34.6846 3
    endloop
  endfacet
  facet normal -0.471436 -0.315024 0.823716
    outer loop
      vertex 31.092 32.3625 3
      vertex 30.7486 32.8764 3
      vertex 28.9486 31.125 1.3
    endloop
  endfacet
  facet normal 0.250742 -0.508548 0.823715
    outer loop
      vertex 25.875 31.9486 1.3
      vertex 25.1918 34.3653 3
      vertex 24.6375 34.092 3
    endloop
  endfacet
  facet normal 0.536907 -0.182244 0.823722
    outer loop
      vertex 24.8267 30.5823 1.3
      vertex 24.9213 30.861 1.3
      vertex 22.436 31.2229 3
    endloop
  endfacet
  facet normal 0.556108 -0.110634 0.823713
    outer loop
      vertex 24.7692 30.2937 1.3
      vertex 22.436 31.2229 3
      vertex 22.3154 30.6167 3
    endloop
  endfacet
  facet normal 0.471345 -0.315129 0.823728
    outer loop
      vertex 25.0514 31.125 1.3
      vertex 25.215 31.3697 1.3
      vertex 23.2514 32.8764 3
    endloop
  endfacet
  facet normal 0.315024 -0.471436 0.823716
    outer loop
      vertex 25.875 31.9486 1.3
      vertex 24.6375 34.092 3
      vertex 24.1236 33.7486 3
    endloop
  endfacet
  facet normal 0.250633 -0.508586 0.823725
    outer loop
      vertex 25.875 31.9486 1.3
      vertex 26.139 32.0787 1.3
      vertex 25.1918 34.3653 3
    endloop
  endfacet
  facet normal -0.315129 0.471345 0.823728
    outer loop
      vertex 29.8764 26.2514 3
      vertex 28.3697 28.215 1.3
      vertex 28.125 28.0514 1.3
    endloop
  endfacet
  facet normal 0.036988 0.565801 0.823712
    outer loop
      vertex 27 27.75 1.3
      vertex 26.7063 27.7692 1.3
      vertex 26.3833 25.3154 3
    endloop
  endfacet
  facet normal 0.182269 0.536901 0.82372
    outer loop
      vertex 25.7771 25.436 3
      vertex 26.139 27.9213 1.3
      vertex 25.1918 25.6347 3
    endloop
  endfacet
  facet normal 0.250633 0.508586 0.823725
    outer loop
      vertex 26.139 27.9213 1.3
      vertex 25.875 28.0514 1.3
      vertex 25.1918 25.6347 3
    endloop
  endfacet
  facet normal 0.426306 0.373832 0.823719
    outer loop
      vertex 23.6589 26.6589 3
      vertex 25.409 28.409 1.3
      vertex 23.2514 27.1236 3
    endloop
  endfacet
  facet normal 0.373832 0.426306 0.823719
    outer loop
      vertex 24.1236 26.2514 3
      vertex 25.409 28.409 1.3
      vertex 23.6589 26.6589 3
    endloop
  endfacet
  facet normal 0.471345 0.315129 0.823728
    outer loop
      vertex 25.215 28.6303 1.3
      vertex 25.0514 28.875 1.3
      vertex 23.2514 27.1236 3
    endloop
  endfacet
  facet normal 0.536901 0.182269 0.82372
    outer loop
      vertex 22.6347 28.1918 3
      vertex 24.9213 29.139 1.3
      vertex 22.436 28.7771 3
    endloop
  endfacet
  facet normal -0.182244 -0.536907 0.823722
    outer loop
      vertex 27.861 32.0787 1.3
      vertex 28.2229 34.564 3
      vertex 27.5823 32.1733 1.3
    endloop
  endfacet
  facet normal -0.110634 -0.556108 0.823713
    outer loop
      vertex 28.2229 34.564 3
      vertex 27.6167 34.6846 3
      vertex 27.2937 32.2308 1.3
    endloop
  endfacet
  facet normal -0.036988 -0.565801 0.823712
    outer loop
      vertex 27.2937 32.2308 1.3
      vertex 27.6167 34.6846 3
      vertex 27 32.25 1.3
    endloop
  endfacet
  facet normal -0.508548 -0.250742 0.823715
    outer loop
      vertex 31.3653 31.8082 3
      vertex 31.092 32.3625 3
      vertex 28.9486 31.125 1.3
    endloop
  endfacet
  facet normal 0.508548 -0.250742 0.823715
    outer loop
      vertex 25.0514 31.125 1.3
      vertex 22.908 32.3625 3
      vertex 22.6347 31.8082 3
    endloop
  endfacet
  facet normal 0.565786 0.0370646 0.823718
    outer loop
      vertex 22.3154 29.3833 3
      vertex 24.75 30 1.3
      vertex 22.275 30 3
    endloop
  endfacet
  facet normal 0.565786 -0.0370646 0.823718
    outer loop
      vertex 24.75 30 1.3
      vertex 22.3154 30.6167 3
      vertex 22.275 30 3
    endloop
  endfacet
  facet normal 0.536901 -0.182269 0.82372
    outer loop
      vertex 24.9213 30.861 1.3
      vertex 22.6347 31.8082 3
      vertex 22.436 31.2229 3
    endloop
  endfacet
  facet normal 0.508586 -0.250633 0.823725
    outer loop
      vertex 24.9213 30.861 1.3
      vertex 25.0514 31.125 1.3
      vertex 22.6347 31.8082 3
    endloop
  endfacet
  facet normal 0.373832 -0.426306 0.823719
    outer loop
      vertex 25.409 31.591 1.3
      vertex 24.1236 33.7486 3
      vertex 23.6589 33.3411 3
    endloop
  endfacet
  facet normal 0.426306 -0.373832 0.823719
    outer loop
      vertex 25.409 31.591 1.3
      vertex 23.6589 33.3411 3
      vertex 23.2514 32.8764 3
    endloop
  endfacet
  facet normal 0.315129 -0.471345 0.823728
    outer loop
      vertex 25.6303 31.785 1.3
      vertex 25.875 31.9486 1.3
      vertex 24.1236 33.7486 3
    endloop
  endfacet
  facet normal 0.182269 -0.536901 0.82372
    outer loop
      vertex 26.139 32.0787 1.3
      vertex 25.7771 34.564 3
      vertex 25.1918 34.3653 3
    endloop
  endfacet
  facet normal 0.110634 0.556108 0.823713
    outer loop
      vertex 26.3833 25.3154 3
      vertex 26.7063 27.7692 1.3
      vertex 25.7771 25.436 3
    endloop
  endfacet
  facet normal 0.0370646 0.565786 0.823718
    outer loop
      vertex 27 25.275 3
      vertex 27 27.75 1.3
      vertex 26.3833 25.3154 3
    endloop
  endfacet
  facet normal 0.536907 0.182244 0.823722
    outer loop
      vertex 24.9213 29.139 1.3
      vertex 24.8267 29.4177 1.3
      vertex 22.436 28.7771 3
    endloop
  endfacet
  facet normal 0.556057 0.110788 0.823727
    outer loop
      vertex 24.8267 29.4177 1.3
      vertex 24.7692 29.7063 1.3
      vertex 22.436 28.7771 3
    endloop
  endfacet
  facet normal -0.182269 -0.536901 0.82372
    outer loop
      vertex 28.8082 34.3653 3
      vertex 28.2229 34.564 3
      vertex 27.861 32.0787 1.3
    endloop
  endfacet
  facet normal -0.250633 -0.508586 0.823725
    outer loop
      vertex 28.125 31.9486 1.3
      vertex 28.8082 34.3653 3
      vertex 27.861 32.0787 1.3
    endloop
  endfacet
  facet normal -0.0370646 -0.565786 0.823718
    outer loop
      vertex 27.6167 34.6846 3
      vertex 27 34.725 3
      vertex 27 32.25 1.3
    endloop
  endfacet
  facet normal -0.508586 -0.250633 0.823725
    outer loop
      vertex 29.0787 30.861 1.3
      vertex 31.3653 31.8082 3
      vertex 28.9486 31.125 1.3
    endloop
  endfacet
  facet normal 0.565801 -0.036988 0.823712
    outer loop
      vertex 24.75 30 1.3
      vertex 24.7692 30.2937 1.3
      vertex 22.3154 30.6167 3
    endloop
  endfacet
  facet normal 0 0 -1
    outer loop
      vertex 29.25 30 3
      vertex 31.725 30 3
      vertex 31.6846 29.3833 3
    endloop
  endfacet
  facet normal 0 0 -1
    outer loop
      vertex 29.2308 29.7063 3
      vertex 31.6846 29.3833 3
      vertex 31.564 28.7771 3
    endloop
  endfacet
  facet normal 0 0 -1
    outer loop
      vertex 31.725 30 3
      vertex 29.25 30 3
      vertex 31.6846 30.6167 3
    endloop
  endfacet
  facet normal 0 0 -1
    outer loop
      vertex 29.1733 29.4177 3
      vertex 31.564 28.7771 3
      vertex 31.3653 28.1918 3
    endloop
  endfacet
  facet normal 0 0 -1
    outer loop
      vertex 29.2308 30.2937 3
      vertex 31.6846 30.6167 3
      vertex 29.25 30 3
    endloop
  endfacet
  facet normal 0 0 -1
    outer loop
      vertex 29.0787 29.139 3
      vertex 31.3653 28.1918 3
      vertex 31.092 27.6375 3
    endloop
  endfacet
  facet normal -0 0 -1
    outer loop
      vertex 31.6846 30.6167 3
      vertex 29.2308 30.2937 3
      vertex 31.564 31.2229 3
    endloop
  endfacet
  facet normal 0 0 -1
    outer loop
      vertex 28.9486 28.875 3
      vertex 31.092 27.6375 3
      vertex 30.7486 27.1236 3
    endloop
  endfacet
  facet normal 0 0 -1
    outer loop
      vertex 29.1733 30.5823 3
      vertex 31.564 31.2229 3
      vertex 29.2308 30.2937 3
    endloop
  endfacet
  facet normal 0 0 -1
    outer loop
      vertex 28.785 28.6303 3
      vertex 30.7486 27.1236 3
      vertex 30.3411 26.6589 3
    endloop
  endfacet
  facet normal -0 0 -1
    outer loop
      vertex 31.564 31.2229 3
      vertex 29.1733 30.5823 3
      vertex 31.3653 31.8082 3
    endloop
  endfacet
  facet normal 0 0 -1
    outer loop
      vertex 28.591 28.409 3
      vertex 30.3411 26.6589 3
      vertex 29.8764 26.2514 3
    endloop
  endfacet
  facet normal 0 0 -1
    outer loop
      vertex 29.0787 30.861 3
      vertex 31.3653 31.8082 3
      vertex 29.1733 30.5823 3
    endloop
  endfacet
  facet normal 0 0 -1
    outer loop
      vertex 28.3697 28.215 3
      vertex 29.8764 26.2514 3
      vertex 29.3625 25.908 3
    endloop
  endfacet
  facet normal -0 0 -1
    outer loop
      vertex 31.3653 31.8082 3
      vertex 29.0787 30.861 3
      vertex 31.092 32.3625 3
    endloop
  endfacet
  facet normal 0 0 -1
    outer loop
      vertex 28.9486 31.125 3
      vertex 31.092 32.3625 3
      vertex 29.0787 30.861 3
    endloop
  endfacet
  facet normal 0 0 -1
    outer loop
      vertex 31.6846 29.3833 3
      vertex 29.2308 29.7063 3
      vertex 29.25 30 3
    endloop
  endfacet
  facet normal 0 0 -1
    outer loop
      vertex 31.564 28.7771 3
      vertex 29.1733 29.4177 3
      vertex 29.2308 29.7063 3
    endloop
  endfacet
  facet normal 0 0 -1
    outer loop
      vertex 31.3653 28.1918 3
      vertex 29.0787 29.139 3
      vertex 29.1733 29.4177 3
    endloop
  endfacet
  facet normal 0 0 -1
    outer loop
      vertex 31.092 27.6375 3
      vertex 28.9486 28.875 3
      vertex 29.0787 29.139 3
    endloop
  endfacet
  facet normal 0 0 -1
    outer loop
      vertex 28.125 28.0514 3
      vertex 29.3625 25.908 3
      vertex 28.8082 25.6347 3
    endloop
  endfacet
  facet normal 0 0 -1
    outer loop
      vertex 30.7486 27.1236 3
      vertex 28.785 28.6303 3
      vertex 28.9486 28.875 3
    endloop
  endfacet
  facet normal 0 0 -1
    outer loop
      vertex 30.3411 26.6589 3
      vertex 28.591 28.409 3
      vertex 28.785 28.6303 3
    endloop
  endfacet
  facet normal 0 0 -1
    outer loop
      vertex 29.8764 26.2514 3
      vertex 28.3697 28.215 3
      vertex 28.591 28.409 3
    endloop
  endfacet
  facet normal 0 0 -1
    outer loop
      vertex 27.861 27.9213 3
      vertex 28.8082 25.6347 3
      vertex 28.2229 25.436 3
    endloop
  endfacet
  facet normal 0 0 -1
    outer loop
      vertex 29.3625 25.908 3
      vertex 28.125 28.0514 3
      vertex 28.3697 28.215 3
    endloop
  endfacet
  facet normal 0 0 -1
    outer loop
      vertex 28.8082 25.6347 3
      vertex 27.861 27.9213 3
      vertex 28.125 28.0514 3
    endloop
  endfacet
  facet normal 0 0 -1
    outer loop
      vertex 27.5823 27.8267 3
      vertex 28.2229 25.436 3
      vertex 27.6167 25.3154 3
    endloop
  endfacet
  facet normal 0 0 -1
    outer loop
      vertex 28.2229 25.436 3
      vertex 27.5823 27.8267 3
      vertex 27.861 27.9213 3
    endloop
  endfacet
  facet normal 0 0 -1
    outer loop
      vertex 27.6167 25.3154 3
      vertex 27.2937 27.7692 3
      vertex 27.5823 27.8267 3
    endloop
  endfacet
  facet normal 0 0 -1
    outer loop
      vertex 27 25.275 3
      vertex 27.2937 27.7692 3
      vertex 27.6167 25.3154 3
    endloop
  endfacet
  facet normal 0 0 -1
    outer loop
      vertex 27 25.275 3
      vertex 27 27.75 3
      vertex 27.2937 27.7692 3
    endloop
  endfacet
  facet normal 0 0 -1
    outer loop
      vertex 27 25.275 3
      vertex 26.7063 27.7692 3
      vertex 27 27.75 3
    endloop
  endfacet
  facet normal 0 0 -1
    outer loop
      vertex 26.3833 25.3154 3
      vertex 26.7063 27.7692 3
      vertex 27 25.275 3
    endloop
  endfacet
  facet normal -0 0 -1
    outer loop
      vertex 26.7063 27.7692 3
      vertex 26.3833 25.3154 3
      vertex 26.4177 27.8267 3
    endloop
  endfacet
  facet normal 0 0 -1
    outer loop
      vertex 25.7771 25.436 3
      vertex 26.4177 27.8267 3
      vertex 26.3833 25.3154 3
    endloop
  endfacet
  facet normal -0 0 -1
    outer loop
      vertex 26.4177 27.8267 3
      vertex 25.7771 25.436 3
      vertex 26.139 27.9213 3
    endloop
  endfacet
  facet normal 0 0 -1
    outer loop
      vertex 25.1918 25.6347 3
      vertex 26.139 27.9213 3
      vertex 25.7771 25.436 3
    endloop
  endfacet
  facet normal -0 0 -1
    outer loop
      vertex 26.139 27.9213 3
      vertex 25.1918 25.6347 3
      vertex 25.875 28.0514 3
    endloop
  endfacet
  facet normal 0 0 -1
    outer loop
      vertex 24.6375 25.908 3
      vertex 25.875 28.0514 3
      vertex 25.1918 25.6347 3
    endloop
  endfacet
  facet normal -0 0 -1
    outer loop
      vertex 25.875 28.0514 3
      vertex 24.6375 25.908 3
      vertex 25.6303 28.215 3
    endloop
  endfacet
  facet normal 0 0 -1
    outer loop
      vertex 24.1236 26.2514 3
      vertex 25.6303 28.215 3
      vertex 24.6375 25.908 3
    endloop
  endfacet
  facet normal -0 0 -1
    outer loop
      vertex 25.6303 28.215 3
      vertex 24.1236 26.2514 3
      vertex 25.409 28.409 3
    endloop
  endfacet
  facet normal 0 0 -1
    outer loop
      vertex 23.6589 26.6589 3
      vertex 25.409 28.409 3
      vertex 24.1236 26.2514 3
    endloop
  endfacet
  facet normal -0 0 -1
    outer loop
      vertex 25.409 28.409 3
      vertex 23.6589 26.6589 3
      vertex 25.215 28.6303 3
    endloop
  endfacet
  facet normal 0 0 -1
    outer loop
      vertex 23.2514 27.1236 3
      vertex 25.215 28.6303 3
      vertex 23.6589 26.6589 3
    endloop
  endfacet
  facet normal 0 0 -1
    outer loop
      vertex 22.908 27.6375 3
      vertex 25.0514 28.875 3
      vertex 23.2514 27.1236 3
    endloop
  endfacet
  facet normal -0 0 -1
    outer loop
      vertex 25.215 28.6303 3
      vertex 23.2514 27.1236 3
      vertex 25.0514 28.875 3
    endloop
  endfacet
  facet normal -0 0 -1
    outer loop
      vertex 31.092 32.3625 3
      vertex 28.9486 31.125 3
      vertex 30.7486 32.8764 3
    endloop
  endfacet
  facet normal 0 0 -1
    outer loop
      vertex 28.785 31.3697 3
      vertex 30.7486 32.8764 3
      vertex 28.9486 31.125 3
    endloop
  endfacet
  facet normal -0 0 -1
    outer loop
      vertex 30.7486 32.8764 3
      vertex 28.785 31.3697 3
      vertex 30.3411 33.3411 3
    endloop
  endfacet
  facet normal 0 0 -1
    outer loop
      vertex 28.591 31.591 3
      vertex 30.3411 33.3411 3
      vertex 28.785 31.3697 3
    endloop
  endfacet
  facet normal -0 0 -1
    outer loop
      vertex 30.3411 33.3411 3
      vertex 28.591 31.591 3
      vertex 29.8764 33.7486 3
    endloop
  endfacet
  facet normal 0 0 -1
    outer loop
      vertex 28.3697 31.785 3
      vertex 29.8764 33.7486 3
      vertex 28.591 31.591 3
    endloop
  endfacet
  facet normal -0 0 -1
    outer loop
      vertex 29.8764 33.7486 3
      vertex 28.3697 31.785 3
      vertex 29.3625 34.092 3
    endloop
  endfacet
  facet normal 0 0 -1
    outer loop
      vertex 28.125 31.9486 3
      vertex 29.3625 34.092 3
      vertex 28.3697 31.785 3
    endloop
  endfacet
  facet normal -0 0 -1
    outer loop
      vertex 29.3625 34.092 3
      vertex 28.125 31.9486 3
      vertex 28.8082 34.3653 3
    endloop
  endfacet
  facet normal 0 0 -1
    outer loop
      vertex 27.861 32.0787 3
      vertex 28.8082 34.3653 3
      vertex 28.125 31.9486 3
    endloop
  endfacet
  facet normal -0 0 -1
    outer loop
      vertex 28.8082 34.3653 3
      vertex 27.861 32.0787 3
      vertex 28.2229 34.564 3
    endloop
  endfacet
  facet normal 0 0 -1
    outer loop
      vertex 27.5823 32.1733 3
      vertex 28.2229 34.564 3
      vertex 27.861 32.0787 3
    endloop
  endfacet
  facet normal -0 0 -1
    outer loop
      vertex 28.2229 34.564 3
      vertex 27.5823 32.1733 3
      vertex 27.6167 34.6846 3
    endloop
  endfacet
  facet normal 0 0 -1
    outer loop
      vertex 27.2937 32.2308 3
      vertex 27.6167 34.6846 3
      vertex 27.5823 32.1733 3
    endloop
  endfacet
  facet normal 0 0 -1
    outer loop
      vertex 27 32.25 3
      vertex 27.6167 34.6846 3
      vertex 27.2937 32.2308 3
    endloop
  endfacet
  facet normal 0 0 -1
    outer loop
      vertex 27 32.25 3
      vertex 27 34.725 3
      vertex 27.6167 34.6846 3
    endloop
  endfacet
  facet normal 0 0 -1
    outer loop
      vertex 26.7063 32.2308 3
      vertex 27 34.725 3
      vertex 27 32.25 3
    endloop
  endfacet
  facet normal 0 0 -1
    outer loop
      vertex 26.3833 34.6846 3
      vertex 26.7063 32.2308 3
      vertex 26.4177 32.1733 3
    endloop
  endfacet
  facet normal 0 0 -1
    outer loop
      vertex 26.7063 32.2308 3
      vertex 26.3833 34.6846 3
      vertex 27 34.725 3
    endloop
  endfacet
  facet normal 0 0 -1
    outer loop
      vertex 25.7771 34.564 3
      vertex 26.4177 32.1733 3
      vertex 26.139 32.0787 3
    endloop
  endfacet
  facet normal 0 0 -1
    outer loop
      vertex 25.1918 34.3653 3
      vertex 26.139 32.0787 3
      vertex 25.875 31.9486 3
    endloop
  endfacet
  facet normal 0 0 -1
    outer loop
      vertex 26.4177 32.1733 3
      vertex 25.7771 34.564 3
      vertex 26.3833 34.6846 3
    endloop
  endfacet
  facet normal 0 0 -1
    outer loop
      vertex 24.6375 34.092 3
      vertex 25.875 31.9486 3
      vertex 25.6303 31.785 3
    endloop
  endfacet
  facet normal 0 0 -1
    outer loop
      vertex 24.1236 33.7486 3
      vertex 25.6303 31.785 3
      vertex 25.409 31.591 3
    endloop
  endfacet
  facet normal 0 0 -1
    outer loop
      vertex 23.6589 33.3411 3
      vertex 25.409 31.591 3
      vertex 25.215 31.3697 3
    endloop
  endfacet
  facet normal 0 0 -1
    outer loop
      vertex 26.139 32.0787 3
      vertex 25.1918 34.3653 3
      vertex 25.7771 34.564 3
    endloop
  endfacet
  facet normal 0 0 -1
    outer loop
      vertex 23.2514 32.8764 3
      vertex 25.215 31.3697 3
      vertex 25.0514 31.125 3
    endloop
  endfacet
  facet normal 0 0 -1
    outer loop
      vertex 22.908 32.3625 3
      vertex 25.0514 31.125 3
      vertex 24.9213 30.861 3
    endloop
  endfacet
  facet normal 0 0 -1
    outer loop
      vertex 22.6347 31.8082 3
      vertex 24.9213 30.861 3
      vertex 24.8267 30.5823 3
    endloop
  endfacet
  facet normal 0 0 -1
    outer loop
      vertex 22.436 31.2229 3
      vertex 24.8267 30.5823 3
      vertex 24.7692 30.2937 3
    endloop
  endfacet
  facet normal 0 0 -1
    outer loop
      vertex 25.875 31.9486 3
      vertex 24.6375 34.092 3
      vertex 25.1918 34.3653 3
    endloop
  endfacet
  facet normal 0 0 -1
    outer loop
      vertex 22.3154 30.6167 3
      vertex 24.7692 30.2937 3
      vertex 24.75 30 3
    endloop
  endfacet
  facet normal -0 0 -1
    outer loop
      vertex 25.0514 28.875 3
      vertex 22.908 27.6375 3
      vertex 24.9213 29.139 3
    endloop
  endfacet
  facet normal 0 0 -1
    outer loop
      vertex 22.6347 28.1918 3
      vertex 24.9213 29.139 3
      vertex 22.908 27.6375 3
    endloop
  endfacet
  facet normal 0 0 -1
    outer loop
      vertex 25.6303 31.785 3
      vertex 24.1236 33.7486 3
      vertex 24.6375 34.092 3
    endloop
  endfacet
  facet normal -0 0 -1
    outer loop
      vertex 24.9213 29.139 3
      vertex 22.6347 28.1918 3
      vertex 24.8267 29.4177 3
    endloop
  endfacet
  facet normal 0 0 -1
    outer loop
      vertex 25.409 31.591 3
      vertex 23.6589 33.3411 3
      vertex 24.1236 33.7486 3
    endloop
  endfacet
  facet normal 0 0 -1
    outer loop
      vertex 22.436 28.7771 3
      vertex 24.8267 29.4177 3
      vertex 22.6347 28.1918 3
    endloop
  endfacet
  facet normal 0 0 -1
    outer loop
      vertex 25.215 31.3697 3
      vertex 23.2514 32.8764 3
      vertex 23.6589 33.3411 3
    endloop
  endfacet
  facet normal -0 0 -1
    outer loop
      vertex 24.8267 29.4177 3
      vertex 22.436 28.7771 3
      vertex 24.7692 29.7063 3
    endloop
  endfacet
  facet normal 0 0 -1
    outer loop
      vertex 25.0514 31.125 3
      vertex 22.908 32.3625 3
      vertex 23.2514 32.8764 3
    endloop
  endfacet
  facet normal 0 0 -1
    outer loop
      vertex 22.3154 29.3833 3
      vertex 24.7692 29.7063 3
      vertex 22.436 28.7771 3
    endloop
  endfacet
  facet normal 0 0 -1
    outer loop
      vertex 24.9213 30.861 3
      vertex 22.6347 31.8082 3
      vertex 22.908 32.3625 3
    endloop
  endfacet
  facet normal -0 0 -1
    outer loop
      vertex 24.7692 29.7063 3
      vertex 22.3154 29.3833 3
      vertex 24.75 30 3
    endloop
  endfacet
  facet normal 0 0 -1
    outer loop
      vertex 24.8267 30.5823 3
      vertex 22.436 31.2229 3
      vertex 22.6347 31.8082 3
    endloop
  endfacet
  facet normal 0 0 -1
    outer loop
      vertex 22.275 30 3
      vertex 24.75 30 3
      vertex 22.3154 29.3833 3
    endloop
  endfacet
  facet normal 0 0 -1
    outer loop
      vertex 24.7692 30.2937 3
      vertex 22.3154 30.6167 3
      vertex 22.436 31.2229 3
    endloop
  endfacet
  facet normal 0 0 -1
    outer loop
      vertex 24.75 30 3
      vertex 22.275 30 3
      vertex 22.3154 30.6167 3
    endloop
  endfacet
  facet normal 0.565801 0.036988 0.823712
    outer loop
      vertex 24.7692 29.7063 1.3
      vertex 24.75 30 1.3
      vertex 22.3154 29.3833 3
    endloop
  endfacet
  facet normal 0.556057 -0.110788 0.823727
    outer loop
      vertex 24.7692 30.2937 1.3
      vertex 24.8267 30.5823 1.3
      vertex 22.436 31.2229 3
    endloop
  endfacet
  facet normal 0.182244 -0.536907 0.823722
    outer loop
      vertex 26.139 32.0787 1.3
      vertex 26.4177 32.1733 1.3
      vertex 25.7771 34.564 3
    endloop
  endfacet
  facet normal 0.110788 -0.556057 0.823727
    outer loop
      vertex 26.4177 32.1733 1.3
      vertex 26.7063 32.2308 1.3
      vertex 25.7771 34.564 3
    endloop
  endfacet
  facet normal 0.110788 0.556057 0.823727
    outer loop
      vertex 26.7063 27.7692 1.3
      vertex 26.4177 27.8267 1.3
      vertex 25.7771 25.436 3
    endloop
  endfacet
  facet normal -0.250742 -0.508548 0.823715
    outer loop
      vertex 29.3625 34.092 3
      vertex 28.8082 34.3653 3
      vertex 28.125 31.9486 1.3
    endloop
  endfacet
  facet normal -0.315024 -0.471436 0.823716
    outer loop
      vertex 29.8764 33.7486 3
      vertex 29.3625 34.092 3
      vertex 28.125 31.9486 1.3
    endloop
  endfacet
  facet normal -0.110788 -0.556057 0.823727
    outer loop
      vertex 27.5823 32.1733 1.3
      vertex 28.2229 34.564 3
      vertex 27.2937 32.2308 1.3
    endloop
  endfacet
  facet normal -0.373759 -0.426355 0.823726
    outer loop
      vertex 28.591 31.591 1.3
      vertex 29.8764 33.7486 3
      vertex 28.3697 31.785 1.3
    endloop
  endfacet
  facet normal -0.536901 -0.182269 0.82372
    outer loop
      vertex 31.564 31.2229 3
      vertex 31.3653 31.8082 3
      vertex 29.0787 30.861 1.3
    endloop
  endfacet
  facet normal 0.036988 -0.565801 0.823712
    outer loop
      vertex 26.7063 32.2308 1.3
      vertex 27 32.25 1.3
      vertex 26.3833 34.6846 3
    endloop
  endfacet
  facet normal -0.426306 -0.373832 0.823719
    outer loop
      vertex 30.7486 32.8764 3
      vertex 30.3411 33.3411 3
      vertex 28.591 31.591 1.3
    endloop
  endfacet
  facet normal -0.373832 -0.426306 0.823719
    outer loop
      vertex 30.3411 33.3411 3
      vertex 29.8764 33.7486 3
      vertex 28.591 31.591 1.3
    endloop
  endfacet
  facet normal -0.426355 -0.373759 0.823726
    outer loop
      vertex 28.785 31.3697 1.3
      vertex 30.7486 32.8764 3
      vertex 28.591 31.591 1.3
    endloop
  endfacet
  facet normal -0.471345 -0.315129 0.823728
    outer loop
      vertex 28.9486 31.125 1.3
      vertex 30.7486 32.8764 3
      vertex 28.785 31.3697 1.3
    endloop
  endfacet
  facet normal -0.556108 -0.110634 0.823713
    outer loop
      vertex 31.6846 30.6167 3
      vertex 31.564 31.2229 3
      vertex 29.2308 30.2937 1.3
    endloop
  endfacet
  facet normal -0.536907 -0.182244 0.823722
    outer loop
      vertex 29.1733 30.5823 1.3
      vertex 31.564 31.2229 3
      vertex 29.0787 30.861 1.3
    endloop
  endfacet
  facet normal -0.556057 -0.110788 0.823727
    outer loop
      vertex 29.2308 30.2937 1.3
      vertex 31.564 31.2229 3
      vertex 29.1733 30.5823 1.3
    endloop
  endfacet
endsolid OpenSCAD_Model
