solid OpenSCAD_Model
  facet normal -1 0 0
    outer loop
      vertex -54.95 -39.2 0
      vertex -54.95 39.2 2
      vertex -54.95 39.2 0
    endloop
  endfacet
  facet normal -1 -0 0
    outer loop
      vertex -54.95 39.2 2
      vertex -54.95 -39.2 0
      vertex -54.95 -39.2 2
    endloop
  endfacet
  facet normal -0 0 1
    outer loop
      vertex -47.6566 32.6642 2
      vertex -17 30 2
      vertex -47.5977 32.8377 2
    endloop
  endfacet
  facet normal 0 0 1
    outer loop
      vertex -17 -30 2
      vertex -47.562 -33.0173 2
      vertex -47.55 -33.2 2
    endloop
  endfacet
  facet normal -0 0 1
    outer loop
      vertex -47.7376 32.5 2
      vertex -17 30 2
      vertex -47.6566 32.6642 2
    endloop
  endfacet
  facet normal 0 0 1
    outer loop
      vertex -17 -30 2
      vertex -47.5977 -32.8377 2
      vertex -47.562 -33.0173 2
    endloop
  endfacet
  facet normal -0 0 1
    outer loop
      vertex -47.8393 32.3477 2
      vertex -17 30 2
      vertex -47.7376 32.5 2
    endloop
  endfacet
  facet normal 0 0 1
    outer loop
      vertex -17 -30 2
      vertex -47.6566 -32.6642 2
      vertex -47.5977 -32.8377 2
    endloop
  endfacet
  facet normal -0 0 1
    outer loop
      vertex -47.96 32.21 2
      vertex -17 30 2
      vertex -47.8393 32.3477 2
    endloop
  endfacet
  facet normal 0 0 1
    outer loop
      vertex -17 -30 2
      vertex -47.7376 -32.5 2
      vertex -47.6566 -32.6642 2
    endloop
  endfacet
  facet normal -0 0 1
    outer loop
      vertex -48.0977 32.0893 2
      vertex -17 30 2
      vertex -47.96 32.21 2
    endloop
  endfacet
  facet normal 0 0 1
    outer loop
      vertex -17 -30 2
      vertex -47.8393 -32.3477 2
      vertex -47.7376 -32.5 2
    endloop
  endfacet
  facet normal -0 0 1
    outer loop
      vertex -48.25 31.9876 2
      vertex -17 30 2
      vertex -48.0977 32.0893 2
    endloop
  endfacet
  facet normal 0 0 1
    outer loop
      vertex -17 -30 2
      vertex -47.96 -32.21 2
      vertex -47.8393 -32.3477 2
    endloop
  endfacet
  facet normal -0 0 1
    outer loop
      vertex -48.4142 31.9066 2
      vertex -17 30 2
      vertex -48.25 31.9876 2
    endloop
  endfacet
  facet normal 0 0 1
    outer loop
      vertex -17 -30 2
      vertex -48.0977 -32.0893 2
      vertex -47.96 -32.21 2
    endloop
  endfacet
  facet normal 0 0 1
    outer loop
      vertex -17 30 2
      vertex -48.4142 31.9066 2
      vertex -17 -30 2
    endloop
  endfacet
  facet normal 0 0 1
    outer loop
      vertex -17 -30 2
      vertex -48.25 -31.9876 2
      vertex -48.0977 -32.0893 2
    endloop
  endfacet
  facet normal 0 0 1
    outer loop
      vertex -48.4142 -31.9066 2
      vertex -17 -30 2
      vertex -48.4142 31.9066 2
    endloop
  endfacet
  facet normal 0 0 1
    outer loop
      vertex -17 -30 2
      vertex -48.4142 -31.9066 2
      vertex -48.25 -31.9876 2
    endloop
  endfacet
  facet normal -0 0 1
    outer loop
      vertex -48.5877 31.8477 2
      vertex -48.4142 -31.9066 2
      vertex -48.4142 31.9066 2
    endloop
  endfacet
  facet normal 0 0 1
    outer loop
      vertex -48.5877 31.8477 2
      vertex -48.5877 -31.8477 2
      vertex -48.4142 -31.9066 2
    endloop
  endfacet
  facet normal -0 0 1
    outer loop
      vertex -48.7673 31.812 2
      vertex -48.5877 -31.8477 2
      vertex -48.5877 31.8477 2
    endloop
  endfacet
  facet normal 0 0 1
    outer loop
      vertex -48.7673 31.812 2
      vertex -48.7673 -31.812 2
      vertex -48.5877 -31.8477 2
    endloop
  endfacet
  facet normal -0 0 1
    outer loop
      vertex -48.95 31.8 2
      vertex -48.7673 -31.812 2
      vertex -48.7673 31.812 2
    endloop
  endfacet
  facet normal 0 0 1
    outer loop
      vertex -48.95 31.8 2
      vertex -48.95 -31.8 2
      vertex -48.7673 -31.812 2
    endloop
  endfacet
  facet normal 0 0 1
    outer loop
      vertex -49.1327 31.812 2
      vertex -48.95 -31.8 2
      vertex -48.95 31.8 2
    endloop
  endfacet
  facet normal 0 0 1
    outer loop
      vertex -49.1327 31.812 2
      vertex -49.1327 -31.812 2
      vertex -48.95 -31.8 2
    endloop
  endfacet
  facet normal 0 0 1
    outer loop
      vertex -49.3123 31.8477 2
      vertex -49.1327 -31.812 2
      vertex -49.1327 31.812 2
    endloop
  endfacet
  facet normal 0 0 1
    outer loop
      vertex -49.3123 31.8477 2
      vertex -49.3123 -31.8477 2
      vertex -49.1327 -31.812 2
    endloop
  endfacet
  facet normal 0 0 1
    outer loop
      vertex -49.4858 31.9066 2
      vertex -49.3123 -31.8477 2
      vertex -49.3123 31.8477 2
    endloop
  endfacet
  facet normal 0 0 1
    outer loop
      vertex -49.4858 31.9066 2
      vertex -49.4858 -31.9066 2
      vertex -49.3123 -31.8477 2
    endloop
  endfacet
  facet normal 0 0 1
    outer loop
      vertex -49.65 31.9876 2
      vertex -49.4858 -31.9066 2
      vertex -49.4858 31.9066 2
    endloop
  endfacet
  facet normal 0 0 1
    outer loop
      vertex -49.65 31.9876 2
      vertex -49.65 -31.9876 2
      vertex -49.4858 -31.9066 2
    endloop
  endfacet
  facet normal 0 0 1
    outer loop
      vertex -49.8023 32.0893 2
      vertex -49.65 -31.9876 2
      vertex -49.65 31.9876 2
    endloop
  endfacet
  facet normal 0 0 1
    outer loop
      vertex -49.8023 32.0893 2
      vertex -49.8023 -32.0893 2
      vertex -49.65 -31.9876 2
    endloop
  endfacet
  facet normal 0 0 1
    outer loop
      vertex -49.9399 32.21 2
      vertex -49.8023 -32.0893 2
      vertex -49.8023 32.0893 2
    endloop
  endfacet
  facet normal 0 0 1
    outer loop
      vertex -49.9399 32.21 2
      vertex -49.9399 -32.21 2
      vertex -49.8023 -32.0893 2
    endloop
  endfacet
  facet normal 0 0 1
    outer loop
      vertex -50.0607 32.3477 2
      vertex -49.9399 -32.21 2
      vertex -49.9399 32.21 2
    endloop
  endfacet
  facet normal 0 0 1
    outer loop
      vertex -50.0607 32.3477 2
      vertex -50.0607 -32.3477 2
      vertex -49.9399 -32.21 2
    endloop
  endfacet
  facet normal 0 0 1
    outer loop
      vertex -50.1624 32.5 2
      vertex -50.0607 -32.3477 2
      vertex -50.0607 32.3477 2
    endloop
  endfacet
  facet normal 0 0 1
    outer loop
      vertex -50.1624 32.5 2
      vertex -50.1624 -32.5 2
      vertex -50.0607 -32.3477 2
    endloop
  endfacet
  facet normal 0 0 1
    outer loop
      vertex -54.95 39.2 2
      vertex -50.1624 32.5 2
      vertex -50.2434 32.6642 2
    endloop
  endfacet
  facet normal 0 0 1
    outer loop
      vertex -50.1624 32.5 2
      vertex -54.95 39.2 2
      vertex -50.1624 -32.5 2
    endloop
  endfacet
  facet normal 0 0 1
    outer loop
      vertex -54.95 39.2 2
      vertex -50.2434 32.6642 2
      vertex -50.3023 32.8377 2
    endloop
  endfacet
  facet normal 0 0 1
    outer loop
      vertex -54.95 -39.2 2
      vertex -50.1624 -32.5 2
      vertex -54.95 39.2 2
    endloop
  endfacet
  facet normal 0 0 1
    outer loop
      vertex -54.95 39.2 2
      vertex -50.3023 32.8377 2
      vertex -50.338 33.0173 2
    endloop
  endfacet
  facet normal 0 0 1
    outer loop
      vertex -50.1624 -32.5 2
      vertex -54.95 -39.2 2
      vertex -50.2434 -32.6642 2
    endloop
  endfacet
  facet normal 0 0 1
    outer loop
      vertex -54.95 39.2 2
      vertex -50.338 33.0173 2
      vertex -50.35 33.2 2
    endloop
  endfacet
  facet normal 0 0 1
    outer loop
      vertex -50.2434 -32.6642 2
      vertex -54.95 -39.2 2
      vertex -50.3023 -32.8377 2
    endloop
  endfacet
  facet normal 0 0 1
    outer loop
      vertex -8.84999 -30 2
      vertex -17 -30 2
      vertex -8.84999 -30.1 2
    endloop
  endfacet
  facet normal 0 0 1
    outer loop
      vertex 50.2434 32.6642 2
      vertex 54.95 39.2 2
      vertex 50.3023 32.8377 2
    endloop
  endfacet
  facet normal 0 0 1
    outer loop
      vertex 54.95 -39.2 2
      vertex 50.338 -33.0173 2
      vertex 50.35 -33.2 2
    endloop
  endfacet
  facet normal 0 0 1
    outer loop
      vertex 50.1624 32.5 2
      vertex 54.95 39.2 2
      vertex 50.2434 32.6642 2
    endloop
  endfacet
  facet normal 0 0 1
    outer loop
      vertex 54.95 -39.2 2
      vertex 50.3023 -32.8377 2
      vertex 50.338 -33.0173 2
    endloop
  endfacet
  facet normal 0 0 1
    outer loop
      vertex 54.95 39.2 2
      vertex 50.1624 32.5 2
      vertex 54.95 -39.2 2
    endloop
  endfacet
  facet normal 0 0 1
    outer loop
      vertex 54.95 -39.2 2
      vertex 50.2434 -32.6642 2
      vertex 50.3023 -32.8377 2
    endloop
  endfacet
  facet normal -0 0 1
    outer loop
      vertex 50.1624 -32.5 2
      vertex 54.95 -39.2 2
      vertex 50.1624 32.5 2
    endloop
  endfacet
  facet normal 0 0 1
    outer loop
      vertex 54.95 -39.2 2
      vertex 50.1624 -32.5 2
      vertex 50.2434 -32.6642 2
    endloop
  endfacet
  facet normal -0 0 1
    outer loop
      vertex 50.0607 32.3477 2
      vertex 50.1624 -32.5 2
      vertex 50.1624 32.5 2
    endloop
  endfacet
  facet normal 0 0 1
    outer loop
      vertex 50.0607 32.3477 2
      vertex 50.0607 -32.3477 2
      vertex 50.1624 -32.5 2
    endloop
  endfacet
  facet normal -0 0 1
    outer loop
      vertex 49.9399 32.21 2
      vertex 50.0607 -32.3477 2
      vertex 50.0607 32.3477 2
    endloop
  endfacet
  facet normal 0 0 1
    outer loop
      vertex 49.9399 32.21 2
      vertex 49.9399 -32.21 2
      vertex 50.0607 -32.3477 2
    endloop
  endfacet
  facet normal -0 0 1
    outer loop
      vertex 49.8023 32.0893 2
      vertex 49.9399 -32.21 2
      vertex 49.9399 32.21 2
    endloop
  endfacet
  facet normal 0 0 1
    outer loop
      vertex 49.8023 32.0893 2
      vertex 49.8023 -32.0893 2
      vertex 49.9399 -32.21 2
    endloop
  endfacet
  facet normal -0 0 1
    outer loop
      vertex 49.65 31.9876 2
      vertex 49.8023 -32.0893 2
      vertex 49.8023 32.0893 2
    endloop
  endfacet
  facet normal 0 0 1
    outer loop
      vertex 49.65 31.9876 2
      vertex 49.65 -31.9876 2
      vertex 49.8023 -32.0893 2
    endloop
  endfacet
  facet normal -0 0 1
    outer loop
      vertex 49.4858 31.9066 2
      vertex 49.65 -31.9876 2
      vertex 49.65 31.9876 2
    endloop
  endfacet
  facet normal 0 0 1
    outer loop
      vertex 49.4858 31.9066 2
      vertex 49.4858 -31.9066 2
      vertex 49.65 -31.9876 2
    endloop
  endfacet
  facet normal -0 0 1
    outer loop
      vertex 49.3123 31.8477 2
      vertex 49.4858 -31.9066 2
      vertex 49.4858 31.9066 2
    endloop
  endfacet
  facet normal 0 0 1
    outer loop
      vertex 49.3123 31.8477 2
      vertex 49.3123 -31.8477 2
      vertex 49.4858 -31.9066 2
    endloop
  endfacet
  facet normal -0 0 1
    outer loop
      vertex 49.1327 31.812 2
      vertex 49.3123 -31.8477 2
      vertex 49.3123 31.8477 2
    endloop
  endfacet
  facet normal 0 0 1
    outer loop
      vertex 49.1327 31.812 2
      vertex 49.1327 -31.812 2
      vertex 49.3123 -31.8477 2
    endloop
  endfacet
  facet normal -0 0 1
    outer loop
      vertex 48.95 31.8 2
      vertex 49.1327 -31.812 2
      vertex 49.1327 31.812 2
    endloop
  endfacet
  facet normal 0 0 1
    outer loop
      vertex 48.95 31.8 2
      vertex 48.95 -31.8 2
      vertex 49.1327 -31.812 2
    endloop
  endfacet
  facet normal 0 0 1
    outer loop
      vertex 48.7673 31.812 2
      vertex 48.95 -31.8 2
      vertex 48.95 31.8 2
    endloop
  endfacet
  facet normal 0 0 1
    outer loop
      vertex 48.7673 31.812 2
      vertex 48.7673 -31.812 2
      vertex 48.95 -31.8 2
    endloop
  endfacet
  facet normal 0 0 1
    outer loop
      vertex 48.5877 31.8477 2
      vertex 48.7673 -31.812 2
      vertex 48.7673 31.812 2
    endloop
  endfacet
  facet normal 0 0 1
    outer loop
      vertex 48.5877 31.8477 2
      vertex 48.5877 -31.8477 2
      vertex 48.7673 -31.812 2
    endloop
  endfacet
  facet normal 0 0 1
    outer loop
      vertex 48.4142 31.9066 2
      vertex 48.5877 -31.8477 2
      vertex 48.5877 31.8477 2
    endloop
  endfacet
  facet normal 0 0 1
    outer loop
      vertex 48.4142 31.9066 2
      vertex 48.4142 -31.9066 2
      vertex 48.5877 -31.8477 2
    endloop
  endfacet
  facet normal 0 0 1
    outer loop
      vertex 17 30 2
      vertex 48.4142 31.9066 2
      vertex 48.25 31.9876 2
    endloop
  endfacet
  facet normal 0 0 1
    outer loop
      vertex 48.4142 31.9066 2
      vertex 17 30 2
      vertex 48.4142 -31.9066 2
    endloop
  endfacet
  facet normal 0 0 1
    outer loop
      vertex 17 30 2
      vertex 48.25 31.9876 2
      vertex 48.0977 32.0893 2
    endloop
  endfacet
  facet normal -0 0 1
    outer loop
      vertex 17 -30 2
      vertex 48.4142 -31.9066 2
      vertex 17 30 2
    endloop
  endfacet
  facet normal 0 0 1
    outer loop
      vertex 17 30 2
      vertex 48.0977 32.0893 2
      vertex 47.96 32.21 2
    endloop
  endfacet
  facet normal 0 0 1
    outer loop
      vertex 48.4142 -31.9066 2
      vertex 17 -30 2
      vertex 48.25 -31.9876 2
    endloop
  endfacet
  facet normal 0 0 1
    outer loop
      vertex 17 30 2
      vertex 47.96 32.21 2
      vertex 47.8393 32.3477 2
    endloop
  endfacet
  facet normal 0 0 1
    outer loop
      vertex 48.25 -31.9876 2
      vertex 17 -30 2
      vertex 48.0977 -32.0893 2
    endloop
  endfacet
  facet normal 0 0 1
    outer loop
      vertex 17 30 2
      vertex 47.8393 32.3477 2
      vertex 47.7376 32.5 2
    endloop
  endfacet
  facet normal 0 0 1
    outer loop
      vertex 48.0977 -32.0893 2
      vertex 17 -30 2
      vertex 47.96 -32.21 2
    endloop
  endfacet
  facet normal 0 0 1
    outer loop
      vertex 17 30 2
      vertex 47.7376 32.5 2
      vertex 47.6566 32.6642 2
    endloop
  endfacet
  facet normal 0 0 1
    outer loop
      vertex 47.96 -32.21 2
      vertex 17 -30 2
      vertex 47.8393 -32.3477 2
    endloop
  endfacet
  facet normal 0 0 1
    outer loop
      vertex 17 30 2
      vertex 47.6566 32.6642 2
      vertex 47.5977 32.8377 2
    endloop
  endfacet
  facet normal 0 0 1
    outer loop
      vertex 47.8393 -32.3477 2
      vertex 17 -30 2
      vertex 47.7376 -32.5 2
    endloop
  endfacet
  facet normal 0 0 1
    outer loop
      vertex 17 30 2
      vertex 47.5977 32.8377 2
      vertex 47.562 33.0173 2
    endloop
  endfacet
  facet normal 0 0 1
    outer loop
      vertex 47.7376 -32.5 2
      vertex 17 -30 2
      vertex 47.6566 -32.6642 2
    endloop
  endfacet
  facet normal 0 0 1
    outer loop
      vertex 17 30 2
      vertex 47.562 33.0173 2
      vertex 47.55 33.2 2
    endloop
  endfacet
  facet normal 0 0 1
    outer loop
      vertex 47.6566 -32.6642 2
      vertex 17 -30 2
      vertex 47.5977 -32.8377 2
    endloop
  endfacet
  facet normal 0 0 1
    outer loop
      vertex 50.338 33.0173 2
      vertex 54.95 39.2 2
      vertex 50.35 33.2 2
    endloop
  endfacet
  facet normal 0 0 1
    outer loop
      vertex 54.95 39.2 2
      vertex 50.338 33.3827 2
      vertex 50.35 33.2 2
    endloop
  endfacet
  facet normal 0 0 1
    outer loop
      vertex 54.95 39.2 2
      vertex 50.3023 33.5623 2
      vertex 50.338 33.3827 2
    endloop
  endfacet
  facet normal 0 0 1
    outer loop
      vertex 54.95 39.2 2
      vertex 50.2434 33.7358 2
      vertex 50.3023 33.5623 2
    endloop
  endfacet
  facet normal 0 0 1
    outer loop
      vertex 54.95 39.2 2
      vertex 50.1624 33.9 2
      vertex 50.2434 33.7358 2
    endloop
  endfacet
  facet normal 0 0 1
    outer loop
      vertex 54.95 39.2 2
      vertex 50.0607 34.0523 2
      vertex 50.1624 33.9 2
    endloop
  endfacet
  facet normal 0 0 1
    outer loop
      vertex 54.95 39.2 2
      vertex 49.9399 34.1899 2
      vertex 50.0607 34.0523 2
    endloop
  endfacet
  facet normal 0 0 1
    outer loop
      vertex 54.95 39.2 2
      vertex 49.8023 34.3107 2
      vertex 49.9399 34.1899 2
    endloop
  endfacet
  facet normal 0 0 1
    outer loop
      vertex 54.95 39.2 2
      vertex 49.65 34.4124 2
      vertex 49.8023 34.3107 2
    endloop
  endfacet
  facet normal 0 0 1
    outer loop
      vertex 54.95 39.2 2
      vertex 49.4858 34.4934 2
      vertex 49.65 34.4124 2
    endloop
  endfacet
  facet normal 0 0 1
    outer loop
      vertex 54.95 39.2 2
      vertex 49.3123 34.5523 2
      vertex 49.4858 34.4934 2
    endloop
  endfacet
  facet normal 0 0 1
    outer loop
      vertex 54.95 39.2 2
      vertex 49.1327 34.588 2
      vertex 49.3123 34.5523 2
    endloop
  endfacet
  facet normal 0 0 1
    outer loop
      vertex 54.95 39.2 2
      vertex 48.95 34.6 2
      vertex 49.1327 34.588 2
    endloop
  endfacet
  facet normal 0 0 1
    outer loop
      vertex 54.95 39.2 2
      vertex 48.7673 34.588 2
      vertex 48.95 34.6 2
    endloop
  endfacet
  facet normal 0 0 1
    outer loop
      vertex 54.95 39.2 2
      vertex 48.5877 34.5523 2
      vertex 48.7673 34.588 2
    endloop
  endfacet
  facet normal 0 0 1
    outer loop
      vertex 54.95 39.2 2
      vertex 48.4142 34.4934 2
      vertex 48.5877 34.5523 2
    endloop
  endfacet
  facet normal 0 0 1
    outer loop
      vertex 54.95 39.2 2
      vertex 48.25 34.4124 2
      vertex 48.4142 34.4934 2
    endloop
  endfacet
  facet normal 0 0 1
    outer loop
      vertex 17 30 2
      vertex 48.25 34.4124 2
      vertex 54.95 39.2 2
    endloop
  endfacet
  facet normal 0 0 1
    outer loop
      vertex 47.5977 -32.8377 2
      vertex 17 -30 2
      vertex 47.562 -33.0173 2
    endloop
  endfacet
  facet normal 0 0 1
    outer loop
      vertex 47.562 33.3827 2
      vertex 17 30 2
      vertex 47.55 33.2 2
    endloop
  endfacet
  facet normal 0 0 1
    outer loop
      vertex 47.5977 33.5623 2
      vertex 17 30 2
      vertex 47.562 33.3827 2
    endloop
  endfacet
  facet normal 0 0 1
    outer loop
      vertex 47.6566 33.7358 2
      vertex 17 30 2
      vertex 47.5977 33.5623 2
    endloop
  endfacet
  facet normal 0 0 1
    outer loop
      vertex 47.7376 33.9 2
      vertex 17 30 2
      vertex 47.6566 33.7358 2
    endloop
  endfacet
  facet normal 0 0 1
    outer loop
      vertex 47.8393 34.0523 2
      vertex 17 30 2
      vertex 47.7376 33.9 2
    endloop
  endfacet
  facet normal 0 0 1
    outer loop
      vertex 47.96 34.1899 2
      vertex 17 30 2
      vertex 47.8393 34.0523 2
    endloop
  endfacet
  facet normal 0 0 1
    outer loop
      vertex 48.0977 34.3107 2
      vertex 17 30 2
      vertex 47.96 34.1899 2
    endloop
  endfacet
  facet normal 0 0 1
    outer loop
      vertex 48.25 34.4124 2
      vertex 17 30 2
      vertex 48.0977 34.3107 2
    endloop
  endfacet
  facet normal 0 0 1
    outer loop
      vertex 54.95 39.2 2
      vertex 8.84999 30.1 2
      vertex 17 30 2
    endloop
  endfacet
  facet normal 0 0 1
    outer loop
      vertex 54.95 39.2 2
      vertex -8.84999 30.1 2
      vertex 8.84999 30.1 2
    endloop
  endfacet
  facet normal 0 0 1
    outer loop
      vertex -8.84999 30.1 2
      vertex -17 30 2
      vertex -8.84999 30 2
    endloop
  endfacet
  facet normal -0 0 1
    outer loop
      vertex -54.95 39.2 2
      vertex -8.84999 30.1 2
      vertex 54.95 39.2 2
    endloop
  endfacet
  facet normal -0 0 1
    outer loop
      vertex -47.562 33.0173 2
      vertex -17 30 2
      vertex -47.55 33.2 2
    endloop
  endfacet
  facet normal 0 0 1
    outer loop
      vertex -8.84999 30.1 2
      vertex -54.95 39.2 2
      vertex -17 30 2
    endloop
  endfacet
  facet normal 0 0 1
    outer loop
      vertex -17 30 2
      vertex -47.562 33.3827 2
      vertex -47.55 33.2 2
    endloop
  endfacet
  facet normal 0 0 1
    outer loop
      vertex -17 30 2
      vertex -47.5977 33.5623 2
      vertex -47.562 33.3827 2
    endloop
  endfacet
  facet normal 0 0 1
    outer loop
      vertex -17 30 2
      vertex -47.6566 33.7358 2
      vertex -47.5977 33.5623 2
    endloop
  endfacet
  facet normal 0 0 1
    outer loop
      vertex -17 30 2
      vertex -47.7376 33.9 2
      vertex -47.6566 33.7358 2
    endloop
  endfacet
  facet normal 0 0 1
    outer loop
      vertex -17 30 2
      vertex -47.8393 34.0523 2
      vertex -47.7376 33.9 2
    endloop
  endfacet
  facet normal 0 0 1
    outer loop
      vertex -17 30 2
      vertex -47.96 34.1899 2
      vertex -47.8393 34.0523 2
    endloop
  endfacet
  facet normal 0 0 1
    outer loop
      vertex -17 30 2
      vertex -48.0977 34.3107 2
      vertex -47.96 34.1899 2
    endloop
  endfacet
  facet normal 0 0 1
    outer loop
      vertex -17 30 2
      vertex -48.25 34.4124 2
      vertex -48.0977 34.3107 2
    endloop
  endfacet
  facet normal 0 0 1
    outer loop
      vertex -17 30 2
      vertex -54.95 39.2 2
      vertex -48.25 34.4124 2
    endloop
  endfacet
  facet normal 0 0 1
    outer loop
      vertex -48.25 34.4124 2
      vertex -54.95 39.2 2
      vertex -48.4142 34.4934 2
    endloop
  endfacet
  facet normal 0 0 1
    outer loop
      vertex -48.4142 34.4934 2
      vertex -54.95 39.2 2
      vertex -48.5877 34.5523 2
    endloop
  endfacet
  facet normal 0 0 1
    outer loop
      vertex -48.5877 34.5523 2
      vertex -54.95 39.2 2
      vertex -48.7673 34.588 2
    endloop
  endfacet
  facet normal 0 0 1
    outer loop
      vertex -50.3023 -32.8377 2
      vertex -54.95 -39.2 2
      vertex -50.338 -33.0173 2
    endloop
  endfacet
  facet normal 0 0 1
    outer loop
      vertex -50.338 33.3827 2
      vertex -54.95 39.2 2
      vertex -50.35 33.2 2
    endloop
  endfacet
  facet normal 0 0 1
    outer loop
      vertex -50.3023 33.5623 2
      vertex -54.95 39.2 2
      vertex -50.338 33.3827 2
    endloop
  endfacet
  facet normal 0 0 1
    outer loop
      vertex -50.2434 33.7358 2
      vertex -54.95 39.2 2
      vertex -50.3023 33.5623 2
    endloop
  endfacet
  facet normal 0 0 1
    outer loop
      vertex -50.1624 33.9 2
      vertex -54.95 39.2 2
      vertex -50.2434 33.7358 2
    endloop
  endfacet
  facet normal 0 0 1
    outer loop
      vertex -50.0607 34.0523 2
      vertex -54.95 39.2 2
      vertex -50.1624 33.9 2
    endloop
  endfacet
  facet normal 0 0 1
    outer loop
      vertex -49.9399 34.1899 2
      vertex -54.95 39.2 2
      vertex -50.0607 34.0523 2
    endloop
  endfacet
  facet normal 0 0 1
    outer loop
      vertex -49.8023 34.3107 2
      vertex -54.95 39.2 2
      vertex -49.9399 34.1899 2
    endloop
  endfacet
  facet normal 0 0 1
    outer loop
      vertex -49.65 34.4124 2
      vertex -54.95 39.2 2
      vertex -49.8023 34.3107 2
    endloop
  endfacet
  facet normal 0 0 1
    outer loop
      vertex -49.4858 34.4934 2
      vertex -54.95 39.2 2
      vertex -49.65 34.4124 2
    endloop
  endfacet
  facet normal 0 0 1
    outer loop
      vertex -49.3123 34.5523 2
      vertex -54.95 39.2 2
      vertex -49.4858 34.4934 2
    endloop
  endfacet
  facet normal 0 0 1
    outer loop
      vertex -49.1327 34.588 2
      vertex -54.95 39.2 2
      vertex -49.3123 34.5523 2
    endloop
  endfacet
  facet normal 0 0 1
    outer loop
      vertex -48.95 34.6 2
      vertex -54.95 39.2 2
      vertex -49.1327 34.588 2
    endloop
  endfacet
  facet normal 0 0 1
    outer loop
      vertex -48.7673 34.588 2
      vertex -54.95 39.2 2
      vertex -48.95 34.6 2
    endloop
  endfacet
  facet normal 0 0 1
    outer loop
      vertex 50.3023 32.8377 2
      vertex 54.95 39.2 2
      vertex 50.338 33.0173 2
    endloop
  endfacet
  facet normal -0 0 1
    outer loop
      vertex 50.338 -33.3827 2
      vertex 54.95 -39.2 2
      vertex 50.35 -33.2 2
    endloop
  endfacet
  facet normal -0 0 1
    outer loop
      vertex 50.3023 -33.5623 2
      vertex 54.95 -39.2 2
      vertex 50.338 -33.3827 2
    endloop
  endfacet
  facet normal -0 0 1
    outer loop
      vertex 50.2434 -33.7358 2
      vertex 54.95 -39.2 2
      vertex 50.3023 -33.5623 2
    endloop
  endfacet
  facet normal -0 0 1
    outer loop
      vertex 50.1624 -33.9 2
      vertex 54.95 -39.2 2
      vertex 50.2434 -33.7358 2
    endloop
  endfacet
  facet normal -0 0 1
    outer loop
      vertex 50.0607 -34.0523 2
      vertex 54.95 -39.2 2
      vertex 50.1624 -33.9 2
    endloop
  endfacet
  facet normal -0 0 1
    outer loop
      vertex 49.9399 -34.1899 2
      vertex 54.95 -39.2 2
      vertex 50.0607 -34.0523 2
    endloop
  endfacet
  facet normal -0 0 1
    outer loop
      vertex 49.8023 -34.3107 2
      vertex 54.95 -39.2 2
      vertex 49.9399 -34.1899 2
    endloop
  endfacet
  facet normal -0 0 1
    outer loop
      vertex 49.65 -34.4124 2
      vertex 54.95 -39.2 2
      vertex 49.8023 -34.3107 2
    endloop
  endfacet
  facet normal -0 0 1
    outer loop
      vertex 49.4858 -34.4934 2
      vertex 54.95 -39.2 2
      vertex 49.65 -34.4124 2
    endloop
  endfacet
  facet normal -0 0 1
    outer loop
      vertex 49.3123 -34.5523 2
      vertex 54.95 -39.2 2
      vertex 49.4858 -34.4934 2
    endloop
  endfacet
  facet normal -0 0 1
    outer loop
      vertex 49.1327 -34.588 2
      vertex 54.95 -39.2 2
      vertex 49.3123 -34.5523 2
    endloop
  endfacet
  facet normal -0 0 1
    outer loop
      vertex 48.95 -34.6 2
      vertex 54.95 -39.2 2
      vertex 49.1327 -34.588 2
    endloop
  endfacet
  facet normal 0 0 1
    outer loop
      vertex 48.7673 -34.588 2
      vertex 54.95 -39.2 2
      vertex 48.95 -34.6 2
    endloop
  endfacet
  facet normal 0 0 1
    outer loop
      vertex 48.5877 -34.5523 2
      vertex 54.95 -39.2 2
      vertex 48.7673 -34.588 2
    endloop
  endfacet
  facet normal 0 0 1
    outer loop
      vertex 48.4142 -34.4934 2
      vertex 54.95 -39.2 2
      vertex 48.5877 -34.5523 2
    endloop
  endfacet
  facet normal 0 0 1
    outer loop
      vertex 48.25 -34.4124 2
      vertex 54.95 -39.2 2
      vertex 48.4142 -34.4934 2
    endloop
  endfacet
  facet normal 0 0 1
    outer loop
      vertex 17 -30 2
      vertex 48.25 -34.4124 2
      vertex 48.0977 -34.3107 2
    endloop
  endfacet
  facet normal 0 0 1
    outer loop
      vertex 47.562 -33.0173 2
      vertex 17 -30 2
      vertex 47.55 -33.2 2
    endloop
  endfacet
  facet normal 0 0 1
    outer loop
      vertex 47.55 -33.2 2
      vertex 17 -30 2
      vertex 47.562 -33.3827 2
    endloop
  endfacet
  facet normal 0 0 1
    outer loop
      vertex 47.562 -33.3827 2
      vertex 17 -30 2
      vertex 47.5977 -33.5623 2
    endloop
  endfacet
  facet normal 0 0 1
    outer loop
      vertex 47.5977 -33.5623 2
      vertex 17 -30 2
      vertex 47.6566 -33.7358 2
    endloop
  endfacet
  facet normal 0 0 1
    outer loop
      vertex 17 -30 2
      vertex 47.7376 -33.9 2
      vertex 47.6566 -33.7358 2
    endloop
  endfacet
  facet normal 0 0 1
    outer loop
      vertex 17 -30 2
      vertex 47.8393 -34.0523 2
      vertex 47.7376 -33.9 2
    endloop
  endfacet
  facet normal 0 0 1
    outer loop
      vertex 17 -30 2
      vertex 47.96 -34.1899 2
      vertex 47.8393 -34.0523 2
    endloop
  endfacet
  facet normal 0 0 1
    outer loop
      vertex 17 -30 2
      vertex 48.0977 -34.3107 2
      vertex 47.96 -34.1899 2
    endloop
  endfacet
  facet normal 0 0 1
    outer loop
      vertex 48.25 -34.4124 2
      vertex 17 -30 2
      vertex 54.95 -39.2 2
    endloop
  endfacet
  facet normal 0 0 1
    outer loop
      vertex 8.84999 -30.1 2
      vertex 17 -30 2
      vertex 8.84999 -30 2
    endloop
  endfacet
  facet normal 0 0 1
    outer loop
      vertex 17 -30 2
      vertex 8.84999 -30.1 2
      vertex 54.95 -39.2 2
    endloop
  endfacet
  facet normal -0 0 1
    outer loop
      vertex -8.84999 -30.1 2
      vertex 54.95 -39.2 2
      vertex 8.84999 -30.1 2
    endloop
  endfacet
  facet normal 0 0 1
    outer loop
      vertex -54.95 -39.2 2
      vertex -8.84999 -30.1 2
      vertex -17 -30 2
    endloop
  endfacet
  facet normal -0 0 1
    outer loop
      vertex -47.5977 32.8377 2
      vertex -17 30 2
      vertex -47.562 33.0173 2
    endloop
  endfacet
  facet normal 0 0 1
    outer loop
      vertex -47.562 -33.3827 2
      vertex -17 -30 2
      vertex -47.55 -33.2 2
    endloop
  endfacet
  facet normal 0 0 1
    outer loop
      vertex -47.5977 -33.5623 2
      vertex -17 -30 2
      vertex -47.562 -33.3827 2
    endloop
  endfacet
  facet normal 0 0 1
    outer loop
      vertex -47.6566 -33.7358 2
      vertex -17 -30 2
      vertex -47.5977 -33.5623 2
    endloop
  endfacet
  facet normal 0 0 1
    outer loop
      vertex -47.7376 -33.9 2
      vertex -17 -30 2
      vertex -47.6566 -33.7358 2
    endloop
  endfacet
  facet normal 0 0 1
    outer loop
      vertex -47.8393 -34.0523 2
      vertex -17 -30 2
      vertex -47.7376 -33.9 2
    endloop
  endfacet
  facet normal 0 0 1
    outer loop
      vertex -47.96 -34.1899 2
      vertex -17 -30 2
      vertex -47.8393 -34.0523 2
    endloop
  endfacet
  facet normal 0 0 1
    outer loop
      vertex -48.0977 -34.3107 2
      vertex -17 -30 2
      vertex -47.96 -34.1899 2
    endloop
  endfacet
  facet normal 0 0 1
    outer loop
      vertex -48.25 -34.4124 2
      vertex -17 -30 2
      vertex -48.0977 -34.3107 2
    endloop
  endfacet
  facet normal 0 0 1
    outer loop
      vertex -54.95 -39.2 2
      vertex -17 -30 2
      vertex -48.25 -34.4124 2
    endloop
  endfacet
  facet normal 0 0 1
    outer loop
      vertex -54.95 -39.2 2
      vertex -48.25 -34.4124 2
      vertex -48.4142 -34.4934 2
    endloop
  endfacet
  facet normal 0 0 1
    outer loop
      vertex -54.95 -39.2 2
      vertex -48.4142 -34.4934 2
      vertex -48.5877 -34.5523 2
    endloop
  endfacet
  facet normal 0 0 1
    outer loop
      vertex -54.95 -39.2 2
      vertex -48.5877 -34.5523 2
      vertex -48.7673 -34.588 2
    endloop
  endfacet
  facet normal 0 0 1
    outer loop
      vertex -54.95 -39.2 2
      vertex -48.7673 -34.588 2
      vertex -48.95 -34.6 2
    endloop
  endfacet
  facet normal 0 0 1
    outer loop
      vertex -8.84999 -30.1 2
      vertex -54.95 -39.2 2
      vertex 54.95 -39.2 2
    endloop
  endfacet
  facet normal 0 0 1
    outer loop
      vertex -49.1327 -34.588 2
      vertex -54.95 -39.2 2
      vertex -48.95 -34.6 2
    endloop
  endfacet
  facet normal 0 0 1
    outer loop
      vertex -49.3123 -34.5523 2
      vertex -54.95 -39.2 2
      vertex -49.1327 -34.588 2
    endloop
  endfacet
  facet normal 0 0 1
    outer loop
      vertex -49.4858 -34.4934 2
      vertex -54.95 -39.2 2
      vertex -49.3123 -34.5523 2
    endloop
  endfacet
  facet normal 0 0 1
    outer loop
      vertex -49.65 -34.4124 2
      vertex -54.95 -39.2 2
      vertex -49.4858 -34.4934 2
    endloop
  endfacet
  facet normal 0 0 1
    outer loop
      vertex -49.8023 -34.3107 2
      vertex -54.95 -39.2 2
      vertex -49.65 -34.4124 2
    endloop
  endfacet
  facet normal 0 0 1
    outer loop
      vertex -49.9399 -34.1899 2
      vertex -54.95 -39.2 2
      vertex -49.8023 -34.3107 2
    endloop
  endfacet
  facet normal 0 0 1
    outer loop
      vertex -50.0607 -34.0523 2
      vertex -54.95 -39.2 2
      vertex -49.9399 -34.1899 2
    endloop
  endfacet
  facet normal 0 0 1
    outer loop
      vertex -50.1624 -33.9 2
      vertex -54.95 -39.2 2
      vertex -50.0607 -34.0523 2
    endloop
  endfacet
  facet normal 0 0 1
    outer loop
      vertex -50.2434 -33.7358 2
      vertex -54.95 -39.2 2
      vertex -50.1624 -33.9 2
    endloop
  endfacet
  facet normal 0 0 1
    outer loop
      vertex -50.3023 -33.5623 2
      vertex -54.95 -39.2 2
      vertex -50.2434 -33.7358 2
    endloop
  endfacet
  facet normal 0 0 1
    outer loop
      vertex -50.338 -33.3827 2
      vertex -54.95 -39.2 2
      vertex -50.3023 -33.5623 2
    endloop
  endfacet
  facet normal 0 0 1
    outer loop
      vertex -50.35 -33.2 2
      vertex -54.95 -39.2 2
      vertex -50.338 -33.3827 2
    endloop
  endfacet
  facet normal 0 0 1
    outer loop
      vertex -50.338 -33.0173 2
      vertex -54.95 -39.2 2
      vertex -50.35 -33.2 2
    endloop
  endfacet
  facet normal 0 0 1
    outer loop
      vertex 17 30 2
      vertex 8.84999 30.1 2
      vertex 8.84999 30 2
    endloop
  endfacet
  facet normal 0 0 1
    outer loop
      vertex -8.84999 30 2
      vertex 8.84999 30 2
      vertex 8.84999 30.1 2
    endloop
  endfacet
  facet normal 0 0 1
    outer loop
      vertex 8.84999 30 2
      vertex -8.84999 30 2
      vertex 8.84999 -30 2
    endloop
  endfacet
  facet normal 0 0 1
    outer loop
      vertex -8.84999 30 2
      vertex 8.84999 30.1 2
      vertex -8.84999 30.1 2
    endloop
  endfacet
  facet normal 0 0 1
    outer loop
      vertex -8.84999 -30 2
      vertex 8.84999 -30 2
      vertex -8.84999 30 2
    endloop
  endfacet
  facet normal 0 0 1
    outer loop
      vertex 8.84999 -30 2
      vertex -8.84999 -30 2
      vertex 8.84999 -30.1 2
    endloop
  endfacet
  facet normal 0 0 1
    outer loop
      vertex 8.84999 -30.1 2
      vertex -8.84999 -30 2
      vertex -8.84999 -30.1 2
    endloop
  endfacet
  facet normal 1 -0 0
    outer loop
      vertex 54.95 -39.2 2
      vertex 54.95 39.2 0
      vertex 54.95 39.2 2
    endloop
  endfacet
  facet normal 1 0 0
    outer loop
      vertex 54.95 39.2 0
      vertex 54.95 -39.2 2
      vertex 54.95 -39.2 0
    endloop
  endfacet
  facet normal 0 1 -0
    outer loop
      vertex 54.95 39.2 0
      vertex -54.95 39.2 2
      vertex 54.95 39.2 2
    endloop
  endfacet
  facet normal 0 1 0
    outer loop
      vertex -54.95 39.2 2
      vertex 54.95 39.2 0
      vertex -54.95 39.2 0
    endloop
  endfacet
  facet normal 0 0 -1
    outer loop
      vertex 47.6566 -32.6642 0
      vertex -47.6566 -32.6642 0
      vertex 47.7376 -32.5 0
    endloop
  endfacet
  facet normal 0 0 -1
    outer loop
      vertex 47.7376 32.5 0
      vertex -47.562 33.0173 0
      vertex -47.55 33.2 0
    endloop
  endfacet
  facet normal 0 0 -1
    outer loop
      vertex -47.7376 -32.5 0
      vertex 47.7376 -32.5 0
      vertex -47.6566 -32.6642 0
    endloop
  endfacet
  facet normal 0 0 -1
    outer loop
      vertex 47.7376 32.5 0
      vertex -47.5977 32.8377 0
      vertex -47.562 33.0173 0
    endloop
  endfacet
  facet normal 0 0 -1
    outer loop
      vertex 47.7376 -32.5 0
      vertex -47.7376 -32.5 0
      vertex 47.7376 32.5 0
    endloop
  endfacet
  facet normal 0 0 -1
    outer loop
      vertex 47.7376 32.5 0
      vertex -47.6566 32.6642 0
      vertex -47.5977 32.8377 0
    endloop
  endfacet
  facet normal 0 0 -1
    outer loop
      vertex -47.7376 32.5 0
      vertex 47.7376 32.5 0
      vertex -47.7376 -32.5 0
    endloop
  endfacet
  facet normal 0 0 -1
    outer loop
      vertex 47.7376 32.5 0
      vertex -47.7376 32.5 0
      vertex -47.6566 32.6642 0
    endloop
  endfacet
  facet normal 0 0 -1
    outer loop
      vertex -47.8393 -32.3477 0
      vertex -47.7376 32.5 0
      vertex -47.7376 -32.5 0
    endloop
  endfacet
  facet normal 0 0 -1
    outer loop
      vertex -47.8393 -32.3477 0
      vertex -47.8393 32.3477 0
      vertex -47.7376 32.5 0
    endloop
  endfacet
  facet normal 0 0 -1
    outer loop
      vertex -47.96 -32.21 0
      vertex -47.8393 32.3477 0
      vertex -47.8393 -32.3477 0
    endloop
  endfacet
  facet normal 0 0 -1
    outer loop
      vertex -47.96 -32.21 0
      vertex -47.96 32.21 0
      vertex -47.8393 32.3477 0
    endloop
  endfacet
  facet normal 0 0 -1
    outer loop
      vertex -48.0977 -32.0893 0
      vertex -47.96 32.21 0
      vertex -47.96 -32.21 0
    endloop
  endfacet
  facet normal 0 0 -1
    outer loop
      vertex -48.0977 -32.0893 0
      vertex -48.0977 32.0893 0
      vertex -47.96 32.21 0
    endloop
  endfacet
  facet normal 0 0 -1
    outer loop
      vertex -48.25 -31.9876 0
      vertex -48.0977 32.0893 0
      vertex -48.0977 -32.0893 0
    endloop
  endfacet
  facet normal 0 0 -1
    outer loop
      vertex -48.25 -31.9876 0
      vertex -48.25 31.9876 0
      vertex -48.0977 32.0893 0
    endloop
  endfacet
  facet normal 0 0 -1
    outer loop
      vertex -48.4142 -31.9066 0
      vertex -48.25 31.9876 0
      vertex -48.25 -31.9876 0
    endloop
  endfacet
  facet normal 0 0 -1
    outer loop
      vertex -48.4142 -31.9066 0
      vertex -48.4142 31.9066 0
      vertex -48.25 31.9876 0
    endloop
  endfacet
  facet normal 0 0 -1
    outer loop
      vertex -48.5877 -31.8477 0
      vertex -48.4142 31.9066 0
      vertex -48.4142 -31.9066 0
    endloop
  endfacet
  facet normal 0 0 -1
    outer loop
      vertex -48.5877 -31.8477 0
      vertex -48.5877 31.8477 0
      vertex -48.4142 31.9066 0
    endloop
  endfacet
  facet normal 0 0 -1
    outer loop
      vertex -48.7673 -31.812 0
      vertex -48.5877 31.8477 0
      vertex -48.5877 -31.8477 0
    endloop
  endfacet
  facet normal 0 0 -1
    outer loop
      vertex -48.7673 -31.812 0
      vertex -48.7673 31.812 0
      vertex -48.5877 31.8477 0
    endloop
  endfacet
  facet normal 0 0 -1
    outer loop
      vertex -48.95 -31.8 0
      vertex -48.7673 31.812 0
      vertex -48.7673 -31.812 0
    endloop
  endfacet
  facet normal 0 0 -1
    outer loop
      vertex -48.95 -31.8 0
      vertex -48.95 31.8 0
      vertex -48.7673 31.812 0
    endloop
  endfacet
  facet normal 0 0 -1
    outer loop
      vertex -49.1327 -31.812 0
      vertex -48.95 31.8 0
      vertex -48.95 -31.8 0
    endloop
  endfacet
  facet normal 0 0 -1
    outer loop
      vertex -49.1327 -31.812 0
      vertex -49.1327 31.812 0
      vertex -48.95 31.8 0
    endloop
  endfacet
  facet normal 0 0 -1
    outer loop
      vertex -49.3123 -31.8477 0
      vertex -49.1327 31.812 0
      vertex -49.1327 -31.812 0
    endloop
  endfacet
  facet normal 0 0 -1
    outer loop
      vertex -49.3123 -31.8477 0
      vertex -49.3123 31.8477 0
      vertex -49.1327 31.812 0
    endloop
  endfacet
  facet normal 0 0 -1
    outer loop
      vertex -49.4858 -31.9066 0
      vertex -49.3123 31.8477 0
      vertex -49.3123 -31.8477 0
    endloop
  endfacet
  facet normal 0 0 -1
    outer loop
      vertex -49.4858 -31.9066 0
      vertex -49.4858 31.9066 0
      vertex -49.3123 31.8477 0
    endloop
  endfacet
  facet normal 0 0 -1
    outer loop
      vertex -49.65 -31.9876 0
      vertex -49.4858 31.9066 0
      vertex -49.4858 -31.9066 0
    endloop
  endfacet
  facet normal 0 0 -1
    outer loop
      vertex -49.65 -31.9876 0
      vertex -49.65 31.9876 0
      vertex -49.4858 31.9066 0
    endloop
  endfacet
  facet normal 0 0 -1
    outer loop
      vertex -49.8023 -32.0893 0
      vertex -49.65 31.9876 0
      vertex -49.65 -31.9876 0
    endloop
  endfacet
  facet normal 0 0 -1
    outer loop
      vertex -49.8023 -32.0893 0
      vertex -49.8023 32.0893 0
      vertex -49.65 31.9876 0
    endloop
  endfacet
  facet normal 0 0 -1
    outer loop
      vertex -49.9399 -32.21 0
      vertex -49.8023 32.0893 0
      vertex -49.8023 -32.0893 0
    endloop
  endfacet
  facet normal 0 0 -1
    outer loop
      vertex -49.9399 -32.21 0
      vertex -49.9399 32.21 0
      vertex -49.8023 32.0893 0
    endloop
  endfacet
  facet normal 0 0 -1
    outer loop
      vertex -50.0607 -32.3477 0
      vertex -49.9399 32.21 0
      vertex -49.9399 -32.21 0
    endloop
  endfacet
  facet normal 0 0 -1
    outer loop
      vertex -50.0607 -32.3477 0
      vertex -50.0607 32.3477 0
      vertex -49.9399 32.21 0
    endloop
  endfacet
  facet normal 0 0 -1
    outer loop
      vertex -50.1624 -32.5 0
      vertex -50.0607 32.3477 0
      vertex -50.0607 -32.3477 0
    endloop
  endfacet
  facet normal 0 0 -1
    outer loop
      vertex -50.1624 -32.5 0
      vertex -50.1624 32.5 0
      vertex -50.0607 32.3477 0
    endloop
  endfacet
  facet normal 0 0 -1
    outer loop
      vertex -54.95 -39.2 0
      vertex -50.1624 -32.5 0
      vertex -50.2434 -32.6642 0
    endloop
  endfacet
  facet normal -0 0 -1
    outer loop
      vertex -50.1624 -32.5 0
      vertex -54.95 -39.2 0
      vertex -50.1624 32.5 0
    endloop
  endfacet
  facet normal 0 0 -1
    outer loop
      vertex -54.95 -39.2 0
      vertex -50.2434 -32.6642 0
      vertex -50.3023 -32.8377 0
    endloop
  endfacet
  facet normal 0 0 -1
    outer loop
      vertex -54.95 39.2 0
      vertex -50.1624 32.5 0
      vertex -54.95 -39.2 0
    endloop
  endfacet
  facet normal 0 0 -1
    outer loop
      vertex -54.95 -39.2 0
      vertex -50.3023 -32.8377 0
      vertex -50.338 -33.0173 0
    endloop
  endfacet
  facet normal 0 0 -1
    outer loop
      vertex -50.1624 32.5 0
      vertex -54.95 39.2 0
      vertex -50.2434 32.6642 0
    endloop
  endfacet
  facet normal 0 0 -1
    outer loop
      vertex -54.95 -39.2 0
      vertex -50.338 -33.0173 0
      vertex -50.35 -33.2 0
    endloop
  endfacet
  facet normal 0 0 -1
    outer loop
      vertex -50.2434 32.6642 0
      vertex -54.95 39.2 0
      vertex -50.3023 32.8377 0
    endloop
  endfacet
  facet normal 0 0 -1
    outer loop
      vertex 50.2434 -32.6642 0
      vertex 54.95 -39.2 0
      vertex 50.3023 -32.8377 0
    endloop
  endfacet
  facet normal 0 0 -1
    outer loop
      vertex 54.95 39.2 0
      vertex 50.338 33.0173 0
      vertex 50.35 33.2 0
    endloop
  endfacet
  facet normal 0 0 -1
    outer loop
      vertex 50.1624 -32.5 0
      vertex 54.95 -39.2 0
      vertex 50.2434 -32.6642 0
    endloop
  endfacet
  facet normal 0 0 -1
    outer loop
      vertex 54.95 39.2 0
      vertex 50.3023 32.8377 0
      vertex 50.338 33.0173 0
    endloop
  endfacet
  facet normal 0 0 -1
    outer loop
      vertex 54.95 -39.2 0
      vertex 50.1624 -32.5 0
      vertex 54.95 39.2 0
    endloop
  endfacet
  facet normal 0 0 -1
    outer loop
      vertex 54.95 39.2 0
      vertex 50.2434 32.6642 0
      vertex 50.3023 32.8377 0
    endloop
  endfacet
  facet normal 0 0 -1
    outer loop
      vertex 50.1624 32.5 0
      vertex 54.95 39.2 0
      vertex 50.1624 -32.5 0
    endloop
  endfacet
  facet normal 0 0 -1
    outer loop
      vertex 54.95 39.2 0
      vertex 50.1624 32.5 0
      vertex 50.2434 32.6642 0
    endloop
  endfacet
  facet normal 0 0 -1
    outer loop
      vertex 50.0607 -32.3477 0
      vertex 50.1624 32.5 0
      vertex 50.1624 -32.5 0
    endloop
  endfacet
  facet normal 0 0 -1
    outer loop
      vertex 50.0607 -32.3477 0
      vertex 50.0607 32.3477 0
      vertex 50.1624 32.5 0
    endloop
  endfacet
  facet normal 0 0 -1
    outer loop
      vertex 49.9399 -32.21 0
      vertex 50.0607 32.3477 0
      vertex 50.0607 -32.3477 0
    endloop
  endfacet
  facet normal 0 0 -1
    outer loop
      vertex 49.9399 -32.21 0
      vertex 49.9399 32.21 0
      vertex 50.0607 32.3477 0
    endloop
  endfacet
  facet normal 0 0 -1
    outer loop
      vertex 49.8023 -32.0893 0
      vertex 49.9399 32.21 0
      vertex 49.9399 -32.21 0
    endloop
  endfacet
  facet normal 0 0 -1
    outer loop
      vertex 49.8023 -32.0893 0
      vertex 49.8023 32.0893 0
      vertex 49.9399 32.21 0
    endloop
  endfacet
  facet normal 0 0 -1
    outer loop
      vertex 49.65 -31.9876 0
      vertex 49.8023 32.0893 0
      vertex 49.8023 -32.0893 0
    endloop
  endfacet
  facet normal 0 0 -1
    outer loop
      vertex 49.65 -31.9876 0
      vertex 49.65 31.9876 0
      vertex 49.8023 32.0893 0
    endloop
  endfacet
  facet normal 0 0 -1
    outer loop
      vertex 49.4858 -31.9066 0
      vertex 49.65 31.9876 0
      vertex 49.65 -31.9876 0
    endloop
  endfacet
  facet normal 0 0 -1
    outer loop
      vertex 49.4858 -31.9066 0
      vertex 49.4858 31.9066 0
      vertex 49.65 31.9876 0
    endloop
  endfacet
  facet normal 0 0 -1
    outer loop
      vertex 49.3123 -31.8477 0
      vertex 49.4858 31.9066 0
      vertex 49.4858 -31.9066 0
    endloop
  endfacet
  facet normal 0 0 -1
    outer loop
      vertex 49.3123 -31.8477 0
      vertex 49.3123 31.8477 0
      vertex 49.4858 31.9066 0
    endloop
  endfacet
  facet normal 0 0 -1
    outer loop
      vertex 49.1327 -31.812 0
      vertex 49.3123 31.8477 0
      vertex 49.3123 -31.8477 0
    endloop
  endfacet
  facet normal 0 0 -1
    outer loop
      vertex 49.1327 -31.812 0
      vertex 49.1327 31.812 0
      vertex 49.3123 31.8477 0
    endloop
  endfacet
  facet normal 0 0 -1
    outer loop
      vertex 48.95 -31.8 0
      vertex 49.1327 31.812 0
      vertex 49.1327 -31.812 0
    endloop
  endfacet
  facet normal 0 0 -1
    outer loop
      vertex 48.95 -31.8 0
      vertex 48.95 31.8 0
      vertex 49.1327 31.812 0
    endloop
  endfacet
  facet normal 0 0 -1
    outer loop
      vertex 48.7673 -31.812 0
      vertex 48.95 31.8 0
      vertex 48.95 -31.8 0
    endloop
  endfacet
  facet normal 0 0 -1
    outer loop
      vertex 48.7673 -31.812 0
      vertex 48.7673 31.812 0
      vertex 48.95 31.8 0
    endloop
  endfacet
  facet normal 0 0 -1
    outer loop
      vertex 48.5877 -31.8477 0
      vertex 48.7673 31.812 0
      vertex 48.7673 -31.812 0
    endloop
  endfacet
  facet normal 0 0 -1
    outer loop
      vertex 48.5877 -31.8477 0
      vertex 48.5877 31.8477 0
      vertex 48.7673 31.812 0
    endloop
  endfacet
  facet normal 0 0 -1
    outer loop
      vertex 48.4142 -31.9066 0
      vertex 48.5877 31.8477 0
      vertex 48.5877 -31.8477 0
    endloop
  endfacet
  facet normal 0 0 -1
    outer loop
      vertex 48.4142 -31.9066 0
      vertex 48.4142 31.9066 0
      vertex 48.5877 31.8477 0
    endloop
  endfacet
  facet normal 0 0 -1
    outer loop
      vertex 48.25 -31.9876 0
      vertex 48.4142 31.9066 0
      vertex 48.4142 -31.9066 0
    endloop
  endfacet
  facet normal 0 0 -1
    outer loop
      vertex 48.25 -31.9876 0
      vertex 48.25 31.9876 0
      vertex 48.4142 31.9066 0
    endloop
  endfacet
  facet normal 0 0 -1
    outer loop
      vertex 48.0977 -32.0893 0
      vertex 48.25 31.9876 0
      vertex 48.25 -31.9876 0
    endloop
  endfacet
  facet normal 0 0 -1
    outer loop
      vertex 48.0977 -32.0893 0
      vertex 48.0977 32.0893 0
      vertex 48.25 31.9876 0
    endloop
  endfacet
  facet normal 0 0 -1
    outer loop
      vertex 47.96 -32.21 0
      vertex 48.0977 32.0893 0
      vertex 48.0977 -32.0893 0
    endloop
  endfacet
  facet normal 0 0 -1
    outer loop
      vertex 47.96 -32.21 0
      vertex 47.96 32.21 0
      vertex 48.0977 32.0893 0
    endloop
  endfacet
  facet normal 0 0 -1
    outer loop
      vertex 47.8393 -32.3477 0
      vertex 47.96 32.21 0
      vertex 47.96 -32.21 0
    endloop
  endfacet
  facet normal 0 0 -1
    outer loop
      vertex 47.8393 -32.3477 0
      vertex 47.8393 32.3477 0
      vertex 47.96 32.21 0
    endloop
  endfacet
  facet normal 0 0 -1
    outer loop
      vertex 47.7376 -32.5 0
      vertex 47.8393 32.3477 0
      vertex 47.8393 -32.3477 0
    endloop
  endfacet
  facet normal 0 0 -1
    outer loop
      vertex 47.7376 -32.5 0
      vertex 47.7376 32.5 0
      vertex 47.8393 32.3477 0
    endloop
  endfacet
  facet normal 0 0 -1
    outer loop
      vertex -47.5977 -32.8377 0
      vertex 47.5977 -32.8377 0
      vertex -47.562 -33.0173 0
    endloop
  endfacet
  facet normal 0 0 -1
    outer loop
      vertex 47.5977 -32.8377 0
      vertex -47.5977 -32.8377 0
      vertex 47.6566 -32.6642 0
    endloop
  endfacet
  facet normal 0 0 -1
    outer loop
      vertex 47.562 -33.0173 0
      vertex -47.562 -33.0173 0
      vertex 47.5977 -32.8377 0
    endloop
  endfacet
  facet normal 0 0 -1
    outer loop
      vertex -47.6566 -32.6642 0
      vertex 47.6566 -32.6642 0
      vertex -47.5977 -32.8377 0
    endloop
  endfacet
  facet normal 0 0 -1
    outer loop
      vertex -47.562 -33.0173 0
      vertex 47.562 -33.0173 0
      vertex -47.55 -33.2 0
    endloop
  endfacet
  facet normal 0 0 -1
    outer loop
      vertex 47.7376 32.5 0
      vertex -47.55 33.2 0
      vertex 47.6566 32.6642 0
    endloop
  endfacet
  facet normal 0 0 -1
    outer loop
      vertex -47.55 -33.2 0
      vertex 47.562 -33.0173 0
      vertex 47.55 -33.2 0
    endloop
  endfacet
  facet normal 0 0 -1
    outer loop
      vertex 47.6566 32.6642 0
      vertex -47.55 33.2 0
      vertex 47.5977 32.8377 0
    endloop
  endfacet
  facet normal 0 0 -1
    outer loop
      vertex 50.338 -33.0173 0
      vertex 54.95 -39.2 0
      vertex 50.35 -33.2 0
    endloop
  endfacet
  facet normal 0 0 -1
    outer loop
      vertex 54.95 -39.2 0
      vertex 50.338 -33.3827 0
      vertex 50.35 -33.2 0
    endloop
  endfacet
  facet normal 0 0 -1
    outer loop
      vertex 54.95 -39.2 0
      vertex 50.3023 -33.5623 0
      vertex 50.338 -33.3827 0
    endloop
  endfacet
  facet normal 0 0 -1
    outer loop
      vertex 54.95 -39.2 0
      vertex 50.2434 -33.7358 0
      vertex 50.3023 -33.5623 0
    endloop
  endfacet
  facet normal 0 0 -1
    outer loop
      vertex 54.95 -39.2 0
      vertex 50.1624 -33.9 0
      vertex 50.2434 -33.7358 0
    endloop
  endfacet
  facet normal 0 0 -1
    outer loop
      vertex 54.95 -39.2 0
      vertex 50.0607 -34.0523 0
      vertex 50.1624 -33.9 0
    endloop
  endfacet
  facet normal 0 0 -1
    outer loop
      vertex 54.95 -39.2 0
      vertex 49.9399 -34.1899 0
      vertex 50.0607 -34.0523 0
    endloop
  endfacet
  facet normal 0 0 -1
    outer loop
      vertex 54.95 -39.2 0
      vertex 49.8023 -34.3107 0
      vertex 49.9399 -34.1899 0
    endloop
  endfacet
  facet normal 0 0 -1
    outer loop
      vertex 54.95 -39.2 0
      vertex 49.65 -34.4124 0
      vertex 49.8023 -34.3107 0
    endloop
  endfacet
  facet normal 0 0 -1
    outer loop
      vertex 54.95 -39.2 0
      vertex 49.4858 -34.4934 0
      vertex 49.65 -34.4124 0
    endloop
  endfacet
  facet normal 0 0 -1
    outer loop
      vertex 54.95 -39.2 0
      vertex 49.3123 -34.5523 0
      vertex 49.4858 -34.4934 0
    endloop
  endfacet
  facet normal 0 0 -1
    outer loop
      vertex 54.95 -39.2 0
      vertex 49.1327 -34.588 0
      vertex 49.3123 -34.5523 0
    endloop
  endfacet
  facet normal 0 0 -1
    outer loop
      vertex 54.95 -39.2 0
      vertex 48.95 -34.6 0
      vertex 49.1327 -34.588 0
    endloop
  endfacet
  facet normal 0 0 -1
    outer loop
      vertex 54.95 -39.2 0
      vertex 48.7673 -34.588 0
      vertex 48.95 -34.6 0
    endloop
  endfacet
  facet normal 0 0 -1
    outer loop
      vertex 54.95 -39.2 0
      vertex 48.5877 -34.5523 0
      vertex 48.7673 -34.588 0
    endloop
  endfacet
  facet normal 0 0 -1
    outer loop
      vertex 54.95 -39.2 0
      vertex 48.4142 -34.4934 0
      vertex 48.5877 -34.5523 0
    endloop
  endfacet
  facet normal 0 0 -1
    outer loop
      vertex 54.95 -39.2 0
      vertex 48.25 -34.4124 0
      vertex 48.4142 -34.4934 0
    endloop
  endfacet
  facet normal 0 0 -1
    outer loop
      vertex -48.25 -34.4124 0
      vertex 48.25 -34.4124 0
      vertex 54.95 -39.2 0
    endloop
  endfacet
  facet normal 0 0 -1
    outer loop
      vertex 47.5977 32.8377 0
      vertex -47.55 33.2 0
      vertex 47.562 33.0173 0
    endloop
  endfacet
  facet normal 0 0 -1
    outer loop
      vertex 47.562 -33.3827 0
      vertex -47.55 -33.2 0
      vertex 47.55 -33.2 0
    endloop
  endfacet
  facet normal 0 0 -1
    outer loop
      vertex -47.562 -33.3827 0
      vertex 47.562 -33.3827 0
      vertex 47.5977 -33.5623 0
    endloop
  endfacet
  facet normal 0 0 -1
    outer loop
      vertex -47.5977 -33.5623 0
      vertex 47.5977 -33.5623 0
      vertex 47.6566 -33.7358 0
    endloop
  endfacet
  facet normal 0 0 -1
    outer loop
      vertex -47.6566 -33.7358 0
      vertex 47.6566 -33.7358 0
      vertex 47.7376 -33.9 0
    endloop
  endfacet
  facet normal 0 0 -1
    outer loop
      vertex -47.7376 -33.9 0
      vertex 47.7376 -33.9 0
      vertex 47.8393 -34.0523 0
    endloop
  endfacet
  facet normal 0 0 -1
    outer loop
      vertex -47.8393 -34.0523 0
      vertex 47.8393 -34.0523 0
      vertex 47.96 -34.1899 0
    endloop
  endfacet
  facet normal 0 0 -1
    outer loop
      vertex -47.96 -34.1899 0
      vertex 47.96 -34.1899 0
      vertex 48.0977 -34.3107 0
    endloop
  endfacet
  facet normal 0 0 -1
    outer loop
      vertex 48.25 -34.4124 0
      vertex -48.25 -34.4124 0
      vertex 48.0977 -34.3107 0
    endloop
  endfacet
  facet normal 0 0 -1
    outer loop
      vertex 47.562 -33.3827 0
      vertex -47.562 -33.3827 0
      vertex -47.55 -33.2 0
    endloop
  endfacet
  facet normal 0 0 -1
    outer loop
      vertex 47.5977 -33.5623 0
      vertex -47.5977 -33.5623 0
      vertex -47.562 -33.3827 0
    endloop
  endfacet
  facet normal 0 0 -1
    outer loop
      vertex 47.6566 -33.7358 0
      vertex -47.6566 -33.7358 0
      vertex -47.5977 -33.5623 0
    endloop
  endfacet
  facet normal 0 0 -1
    outer loop
      vertex 47.7376 -33.9 0
      vertex -47.7376 -33.9 0
      vertex -47.6566 -33.7358 0
    endloop
  endfacet
  facet normal 0 0 -1
    outer loop
      vertex 47.8393 -34.0523 0
      vertex -47.8393 -34.0523 0
      vertex -47.7376 -33.9 0
    endloop
  endfacet
  facet normal 0 0 -1
    outer loop
      vertex 47.96 -34.1899 0
      vertex -47.96 -34.1899 0
      vertex -47.8393 -34.0523 0
    endloop
  endfacet
  facet normal 0 0 -1
    outer loop
      vertex 48.0977 -34.3107 0
      vertex -48.0977 -34.3107 0
      vertex -47.96 -34.1899 0
    endloop
  endfacet
  facet normal -0 0 -1
    outer loop
      vertex 48.0977 -34.3107 0
      vertex -48.25 -34.4124 0
      vertex -48.0977 -34.3107 0
    endloop
  endfacet
  facet normal 0 0 -1
    outer loop
      vertex -54.95 -39.2 0
      vertex -48.25 -34.4124 0
      vertex 54.95 -39.2 0
    endloop
  endfacet
  facet normal 0 0 -1
    outer loop
      vertex -48.25 -34.4124 0
      vertex -54.95 -39.2 0
      vertex -48.4142 -34.4934 0
    endloop
  endfacet
  facet normal 0 0 -1
    outer loop
      vertex -48.4142 -34.4934 0
      vertex -54.95 -39.2 0
      vertex -48.5877 -34.5523 0
    endloop
  endfacet
  facet normal 0 0 -1
    outer loop
      vertex -48.5877 -34.5523 0
      vertex -54.95 -39.2 0
      vertex -48.7673 -34.588 0
    endloop
  endfacet
  facet normal 0 0 -1
    outer loop
      vertex -50.3023 32.8377 0
      vertex -54.95 39.2 0
      vertex -50.338 33.0173 0
    endloop
  endfacet
  facet normal -0 0 -1
    outer loop
      vertex -50.338 -33.3827 0
      vertex -54.95 -39.2 0
      vertex -50.35 -33.2 0
    endloop
  endfacet
  facet normal -0 0 -1
    outer loop
      vertex -50.3023 -33.5623 0
      vertex -54.95 -39.2 0
      vertex -50.338 -33.3827 0
    endloop
  endfacet
  facet normal -0 0 -1
    outer loop
      vertex -50.2434 -33.7358 0
      vertex -54.95 -39.2 0
      vertex -50.3023 -33.5623 0
    endloop
  endfacet
  facet normal -0 0 -1
    outer loop
      vertex -50.1624 -33.9 0
      vertex -54.95 -39.2 0
      vertex -50.2434 -33.7358 0
    endloop
  endfacet
  facet normal -0 0 -1
    outer loop
      vertex -50.0607 -34.0523 0
      vertex -54.95 -39.2 0
      vertex -50.1624 -33.9 0
    endloop
  endfacet
  facet normal -0 0 -1
    outer loop
      vertex -49.9399 -34.1899 0
      vertex -54.95 -39.2 0
      vertex -50.0607 -34.0523 0
    endloop
  endfacet
  facet normal -0 0 -1
    outer loop
      vertex -49.8023 -34.3107 0
      vertex -54.95 -39.2 0
      vertex -49.9399 -34.1899 0
    endloop
  endfacet
  facet normal -0 0 -1
    outer loop
      vertex -49.65 -34.4124 0
      vertex -54.95 -39.2 0
      vertex -49.8023 -34.3107 0
    endloop
  endfacet
  facet normal -0 0 -1
    outer loop
      vertex -49.4858 -34.4934 0
      vertex -54.95 -39.2 0
      vertex -49.65 -34.4124 0
    endloop
  endfacet
  facet normal -0 0 -1
    outer loop
      vertex -49.3123 -34.5523 0
      vertex -54.95 -39.2 0
      vertex -49.4858 -34.4934 0
    endloop
  endfacet
  facet normal -0 0 -1
    outer loop
      vertex -49.1327 -34.588 0
      vertex -54.95 -39.2 0
      vertex -49.3123 -34.5523 0
    endloop
  endfacet
  facet normal -0 0 -1
    outer loop
      vertex -48.95 -34.6 0
      vertex -54.95 -39.2 0
      vertex -49.1327 -34.588 0
    endloop
  endfacet
  facet normal 0 0 -1
    outer loop
      vertex -48.7673 -34.588 0
      vertex -54.95 -39.2 0
      vertex -48.95 -34.6 0
    endloop
  endfacet
  facet normal 0 0 -1
    outer loop
      vertex 50.3023 -32.8377 0
      vertex 54.95 -39.2 0
      vertex 50.338 -33.0173 0
    endloop
  endfacet
  facet normal 0 0 -1
    outer loop
      vertex 50.338 33.3827 0
      vertex 54.95 39.2 0
      vertex 50.35 33.2 0
    endloop
  endfacet
  facet normal 0 0 -1
    outer loop
      vertex 50.3023 33.5623 0
      vertex 54.95 39.2 0
      vertex 50.338 33.3827 0
    endloop
  endfacet
  facet normal 0 0 -1
    outer loop
      vertex 50.2434 33.7358 0
      vertex 54.95 39.2 0
      vertex 50.3023 33.5623 0
    endloop
  endfacet
  facet normal 0 0 -1
    outer loop
      vertex 50.1624 33.9 0
      vertex 54.95 39.2 0
      vertex 50.2434 33.7358 0
    endloop
  endfacet
  facet normal 0 0 -1
    outer loop
      vertex 50.0607 34.0523 0
      vertex 54.95 39.2 0
      vertex 50.1624 33.9 0
    endloop
  endfacet
  facet normal 0 0 -1
    outer loop
      vertex 49.9399 34.1899 0
      vertex 54.95 39.2 0
      vertex 50.0607 34.0523 0
    endloop
  endfacet
  facet normal 0 0 -1
    outer loop
      vertex 49.8023 34.3107 0
      vertex 54.95 39.2 0
      vertex 49.9399 34.1899 0
    endloop
  endfacet
  facet normal 0 0 -1
    outer loop
      vertex 49.65 34.4124 0
      vertex 54.95 39.2 0
      vertex 49.8023 34.3107 0
    endloop
  endfacet
  facet normal 0 0 -1
    outer loop
      vertex 49.4858 34.4934 0
      vertex 54.95 39.2 0
      vertex 49.65 34.4124 0
    endloop
  endfacet
  facet normal 0 0 -1
    outer loop
      vertex 49.3123 34.5523 0
      vertex 54.95 39.2 0
      vertex 49.4858 34.4934 0
    endloop
  endfacet
  facet normal 0 0 -1
    outer loop
      vertex 49.1327 34.588 0
      vertex 54.95 39.2 0
      vertex 49.3123 34.5523 0
    endloop
  endfacet
  facet normal 0 0 -1
    outer loop
      vertex 48.95 34.6 0
      vertex 54.95 39.2 0
      vertex 49.1327 34.588 0
    endloop
  endfacet
  facet normal 0 0 -1
    outer loop
      vertex 48.7673 34.588 0
      vertex 54.95 39.2 0
      vertex 48.95 34.6 0
    endloop
  endfacet
  facet normal 0 0 -1
    outer loop
      vertex 48.5877 34.5523 0
      vertex 54.95 39.2 0
      vertex 48.7673 34.588 0
    endloop
  endfacet
  facet normal 0 0 -1
    outer loop
      vertex 48.4142 34.4934 0
      vertex 54.95 39.2 0
      vertex 48.5877 34.5523 0
    endloop
  endfacet
  facet normal 0 0 -1
    outer loop
      vertex 48.25 34.4124 0
      vertex 54.95 39.2 0
      vertex 48.4142 34.4934 0
    endloop
  endfacet
  facet normal 0 0 -1
    outer loop
      vertex -48.25 34.4124 0
      vertex 48.25 34.4124 0
      vertex 48.0977 34.3107 0
    endloop
  endfacet
  facet normal 0 0 -1
    outer loop
      vertex 47.562 33.0173 0
      vertex -47.55 33.2 0
      vertex 47.55 33.2 0
    endloop
  endfacet
  facet normal 0 0 -1
    outer loop
      vertex 47.55 33.2 0
      vertex -47.55 33.2 0
      vertex 47.562 33.3827 0
    endloop
  endfacet
  facet normal 0 0 -1
    outer loop
      vertex -47.562 33.3827 0
      vertex 47.562 33.3827 0
      vertex -47.55 33.2 0
    endloop
  endfacet
  facet normal 0 0 -1
    outer loop
      vertex 47.562 33.3827 0
      vertex -47.562 33.3827 0
      vertex 47.5977 33.5623 0
    endloop
  endfacet
  facet normal 0 0 -1
    outer loop
      vertex -47.5977 33.5623 0
      vertex 47.5977 33.5623 0
      vertex -47.562 33.3827 0
    endloop
  endfacet
  facet normal 0 0 -1
    outer loop
      vertex 47.5977 33.5623 0
      vertex -47.5977 33.5623 0
      vertex 47.6566 33.7358 0
    endloop
  endfacet
  facet normal 0 0 -1
    outer loop
      vertex -47.6566 33.7358 0
      vertex 47.6566 33.7358 0
      vertex -47.5977 33.5623 0
    endloop
  endfacet
  facet normal 0 0 -1
    outer loop
      vertex 47.6566 33.7358 0
      vertex -47.6566 33.7358 0
      vertex 47.7376 33.9 0
    endloop
  endfacet
  facet normal 0 0 -1
    outer loop
      vertex -47.7376 33.9 0
      vertex 47.7376 33.9 0
      vertex -47.6566 33.7358 0
    endloop
  endfacet
  facet normal 0 0 -1
    outer loop
      vertex 47.7376 33.9 0
      vertex -47.7376 33.9 0
      vertex 47.8393 34.0523 0
    endloop
  endfacet
  facet normal 0 0 -1
    outer loop
      vertex -47.8393 34.0523 0
      vertex 47.8393 34.0523 0
      vertex -47.7376 33.9 0
    endloop
  endfacet
  facet normal 0 0 -1
    outer loop
      vertex 47.8393 34.0523 0
      vertex -47.8393 34.0523 0
      vertex 47.96 34.1899 0
    endloop
  endfacet
  facet normal 0 0 -1
    outer loop
      vertex -47.96 34.1899 0
      vertex 47.96 34.1899 0
      vertex -47.8393 34.0523 0
    endloop
  endfacet
  facet normal 0 0 -1
    outer loop
      vertex 47.96 34.1899 0
      vertex -47.96 34.1899 0
      vertex 48.0977 34.3107 0
    endloop
  endfacet
  facet normal 0 0 -1
    outer loop
      vertex -48.0977 34.3107 0
      vertex 48.0977 34.3107 0
      vertex -47.96 34.1899 0
    endloop
  endfacet
  facet normal 0 0 -1
    outer loop
      vertex -48.25 34.4124 0
      vertex 48.0977 34.3107 0
      vertex -48.0977 34.3107 0
    endloop
  endfacet
  facet normal 0 0 -1
    outer loop
      vertex 48.25 34.4124 0
      vertex -48.25 34.4124 0
      vertex 54.95 39.2 0
    endloop
  endfacet
  facet normal 0 0 -1
    outer loop
      vertex -54.95 39.2 0
      vertex -48.25 34.4124 0
      vertex -48.4142 34.4934 0
    endloop
  endfacet
  facet normal 0 0 -1
    outer loop
      vertex -54.95 39.2 0
      vertex -48.4142 34.4934 0
      vertex -48.5877 34.5523 0
    endloop
  endfacet
  facet normal 0 0 -1
    outer loop
      vertex -54.95 39.2 0
      vertex -48.5877 34.5523 0
      vertex -48.7673 34.588 0
    endloop
  endfacet
  facet normal 0 0 -1
    outer loop
      vertex -54.95 39.2 0
      vertex -48.7673 34.588 0
      vertex -48.95 34.6 0
    endloop
  endfacet
  facet normal 0 0 -1
    outer loop
      vertex -48.25 34.4124 0
      vertex -54.95 39.2 0
      vertex 54.95 39.2 0
    endloop
  endfacet
  facet normal 0 0 -1
    outer loop
      vertex -49.1327 34.588 0
      vertex -54.95 39.2 0
      vertex -48.95 34.6 0
    endloop
  endfacet
  facet normal 0 0 -1
    outer loop
      vertex -49.3123 34.5523 0
      vertex -54.95 39.2 0
      vertex -49.1327 34.588 0
    endloop
  endfacet
  facet normal 0 0 -1
    outer loop
      vertex -49.4858 34.4934 0
      vertex -54.95 39.2 0
      vertex -49.3123 34.5523 0
    endloop
  endfacet
  facet normal 0 0 -1
    outer loop
      vertex -49.65 34.4124 0
      vertex -54.95 39.2 0
      vertex -49.4858 34.4934 0
    endloop
  endfacet
  facet normal 0 0 -1
    outer loop
      vertex -49.8023 34.3107 0
      vertex -54.95 39.2 0
      vertex -49.65 34.4124 0
    endloop
  endfacet
  facet normal 0 0 -1
    outer loop
      vertex -49.9399 34.1899 0
      vertex -54.95 39.2 0
      vertex -49.8023 34.3107 0
    endloop
  endfacet
  facet normal 0 0 -1
    outer loop
      vertex -50.0607 34.0523 0
      vertex -54.95 39.2 0
      vertex -49.9399 34.1899 0
    endloop
  endfacet
  facet normal 0 0 -1
    outer loop
      vertex -50.1624 33.9 0
      vertex -54.95 39.2 0
      vertex -50.0607 34.0523 0
    endloop
  endfacet
  facet normal 0 0 -1
    outer loop
      vertex -50.2434 33.7358 0
      vertex -54.95 39.2 0
      vertex -50.1624 33.9 0
    endloop
  endfacet
  facet normal 0 0 -1
    outer loop
      vertex -50.3023 33.5623 0
      vertex -54.95 39.2 0
      vertex -50.2434 33.7358 0
    endloop
  endfacet
  facet normal 0 0 -1
    outer loop
      vertex -50.338 33.3827 0
      vertex -54.95 39.2 0
      vertex -50.3023 33.5623 0
    endloop
  endfacet
  facet normal 0 0 -1
    outer loop
      vertex -50.35 33.2 0
      vertex -54.95 39.2 0
      vertex -50.338 33.3827 0
    endloop
  endfacet
  facet normal 0 0 -1
    outer loop
      vertex -50.338 33.0173 0
      vertex -54.95 39.2 0
      vertex -50.35 33.2 0
    endloop
  endfacet
  facet normal 0 -1 0
    outer loop
      vertex -54.95 -39.2 0
      vertex 54.95 -39.2 2
      vertex -54.95 -39.2 2
    endloop
  endfacet
  facet normal 0 -1 -0
    outer loop
      vertex 54.95 -39.2 2
      vertex -54.95 -39.2 0
      vertex 54.95 -39.2 0
    endloop
  endfacet
  facet normal -1 0 0
    outer loop
      vertex -17 -30 2
      vertex -17 30 9.55
      vertex -17 30 2
    endloop
  endfacet
  facet normal -1 -0 0
    outer loop
      vertex -17 30 9.55
      vertex -17 -30 2
      vertex -17 -30 9.55
    endloop
  endfacet
  facet normal -0 0 1
    outer loop
      vertex -17 30 9.55
      vertex 17 -30 9.55
      vertex 17 30 9.55
    endloop
  endfacet
  facet normal 0 0 1
    outer loop
      vertex 17 -30 9.55
      vertex -17 30 9.55
      vertex -17 -30 9.55
    endloop
  endfacet
  facet normal 1 -0 0
    outer loop
      vertex 17 -30 9.55
      vertex 17 30 2
      vertex 17 30 9.55
    endloop
  endfacet
  facet normal 1 0 0
    outer loop
      vertex 17 30 2
      vertex 17 -30 9.55
      vertex 17 -30 2
    endloop
  endfacet
  facet normal 0 1 0
    outer loop
      vertex 17 30 9.55
      vertex 13.35 30 8.34999
      vertex -17 30 9.55
    endloop
  endfacet
  facet normal 0 1 -0
    outer loop
      vertex 17 30 2
      vertex 13.35 30 8.34999
      vertex 17 30 9.55
    endloop
  endfacet
  facet normal 0 1 0
    outer loop
      vertex 13.35 30 8.34999
      vertex 17 30 2
      vertex 8.84999 30 2
    endloop
  endfacet
  facet normal 0 1 -0
    outer loop
      vertex -13.35 30 8.34999
      vertex -17 30 9.55
      vertex 13.35 30 8.34999
    endloop
  endfacet
  facet normal 0 1 0
    outer loop
      vertex -17 30 2
      vertex -13.35 30 8.34999
      vertex -8.84999 30 2
    endloop
  endfacet
  facet normal 0 1 0
    outer loop
      vertex -13.35 30 8.34999
      vertex -17 30 2
      vertex -17 30 9.55
    endloop
  endfacet
  facet normal 0 -1 0
    outer loop
      vertex -17 -30 9.55
      vertex -13.35 -30 8.34999
      vertex 17 -30 9.55
    endloop
  endfacet
  facet normal 0 -1 0
    outer loop
      vertex -17 -30 2
      vertex -13.35 -30 8.34999
      vertex -17 -30 9.55
    endloop
  endfacet
  facet normal 0 -1 -0
    outer loop
      vertex -13.35 -30 8.34999
      vertex -17 -30 2
      vertex -8.84999 -30 2
    endloop
  endfacet
  facet normal 0 -1 0
    outer loop
      vertex 13.35 -30 8.34999
      vertex 17 -30 9.55
      vertex -13.35 -30 8.34999
    endloop
  endfacet
  facet normal 0 -1 0
    outer loop
      vertex 17 -30 2
      vertex 13.35 -30 8.34999
      vertex 8.84999 -30 2
    endloop
  endfacet
  facet normal 0 -1 0
    outer loop
      vertex 13.35 -30 8.34999
      vertex 17 -30 2
      vertex 17 -30 9.55
    endloop
  endfacet
  facet normal -0.99785 -0.0655402 0
    outer loop
      vertex -47.55 -33.2 0
      vertex -47.562 -33.0173 2
      vertex -47.562 -33.0173 0
    endloop
  endfacet
  facet normal -0.99785 -0.0655402 0
    outer loop
      vertex -47.562 -33.0173 2
      vertex -47.55 -33.2 0
      vertex -47.55 -33.2 2
    endloop
  endfacet
  facet normal 0.99785 -0.0655402 0
    outer loop
      vertex -50.35 -33.2 2
      vertex -50.338 -33.0173 0
      vertex -50.338 -33.0173 2
    endloop
  endfacet
  facet normal 0.99785 -0.0655402 0
    outer loop
      vertex -50.338 -33.0173 0
      vertex -50.35 -33.2 2
      vertex -50.35 -33.2 0
    endloop
  endfacet
  facet normal 0.0655402 -0.99785 0
    outer loop
      vertex -49.1327 -31.812 0
      vertex -48.95 -31.8 2
      vertex -49.1327 -31.812 2
    endloop
  endfacet
  facet normal 0.0655402 -0.99785 0
    outer loop
      vertex -48.95 -31.8 2
      vertex -49.1327 -31.812 0
      vertex -48.95 -31.8 0
    endloop
  endfacet
  facet normal -0.0655402 0.99785 0
    outer loop
      vertex -48.7673 -34.588 0
      vertex -48.95 -34.6 2
      vertex -48.7673 -34.588 2
    endloop
  endfacet
  facet normal -0.0655402 0.99785 0
    outer loop
      vertex -48.95 -34.6 2
      vertex -48.7673 -34.588 0
      vertex -48.95 -34.6 0
    endloop
  endfacet
  facet normal -0.659162 -0.752001 0
    outer loop
      vertex -48.0977 -32.0893 0
      vertex -47.96 -32.21 2
      vertex -48.0977 -32.0893 2
    endloop
  endfacet
  facet normal -0.659162 -0.752001 -0
    outer loop
      vertex -47.96 -32.21 2
      vertex -48.0977 -32.0893 0
      vertex -47.96 -32.21 0
    endloop
  endfacet
  facet normal 0.659432 -0.751764 0
    outer loop
      vertex -49.9399 -32.21 0
      vertex -49.8023 -32.0893 2
      vertex -49.9399 -32.21 2
    endloop
  endfacet
  facet normal 0.659432 -0.751764 0
    outer loop
      vertex -49.8023 -32.0893 2
      vertex -49.9399 -32.21 0
      vertex -49.8023 -32.0893 0
    endloop
  endfacet
  facet normal 0.442401 -0.896817 0
    outer loop
      vertex -49.65 -31.9876 0
      vertex -49.4858 -31.9066 2
      vertex -49.65 -31.9876 2
    endloop
  endfacet
  facet normal 0.442401 -0.896817 0
    outer loop
      vertex -49.4858 -31.9066 2
      vertex -49.65 -31.9876 0
      vertex -49.4858 -31.9066 0
    endloop
  endfacet
  facet normal -0.946922 0.321462 0
    outer loop
      vertex -47.6566 -33.7358 0
      vertex -47.5977 -33.5623 2
      vertex -47.5977 -33.5623 0
    endloop
  endfacet
  facet normal -0.946922 0.321462 0
    outer loop
      vertex -47.5977 -33.5623 2
      vertex -47.6566 -33.7358 0
      vertex -47.6566 -33.7358 2
    endloop
  endfacet
  facet normal -0.896817 -0.442401 0
    outer loop
      vertex -47.6566 -32.6642 0
      vertex -47.7376 -32.5 2
      vertex -47.7376 -32.5 0
    endloop
  endfacet
  facet normal -0.896817 -0.442401 0
    outer loop
      vertex -47.7376 -32.5 2
      vertex -47.6566 -32.6642 0
      vertex -47.6566 -32.6642 2
    endloop
  endfacet
  facet normal -0.980811 -0.194961 0
    outer loop
      vertex -47.562 -33.0173 0
      vertex -47.5977 -32.8377 2
      vertex -47.5977 -32.8377 0
    endloop
  endfacet
  facet normal -0.980811 -0.194961 0
    outer loop
      vertex -47.5977 -32.8377 2
      vertex -47.562 -33.0173 0
      vertex -47.562 -33.0173 2
    endloop
  endfacet
  facet normal -0.321462 -0.946922 0
    outer loop
      vertex -48.5877 -31.8477 0
      vertex -48.4142 -31.9066 2
      vertex -48.5877 -31.8477 2
    endloop
  endfacet
  facet normal -0.321462 -0.946922 -0
    outer loop
      vertex -48.4142 -31.9066 2
      vertex -48.5877 -31.8477 0
      vertex -48.4142 -31.9066 0
    endloop
  endfacet
  facet normal -0.194961 -0.980811 0
    outer loop
      vertex -48.7673 -31.812 0
      vertex -48.5877 -31.8477 2
      vertex -48.7673 -31.812 2
    endloop
  endfacet
  facet normal -0.194961 -0.980811 -0
    outer loop
      vertex -48.5877 -31.8477 2
      vertex -48.7673 -31.812 0
      vertex -48.5877 -31.8477 0
    endloop
  endfacet
  facet normal -0.55533 -0.83163 0
    outer loop
      vertex -48.25 -31.9876 0
      vertex -48.0977 -32.0893 2
      vertex -48.25 -31.9876 2
    endloop
  endfacet
  facet normal -0.55533 -0.83163 -0
    outer loop
      vertex -48.0977 -32.0893 2
      vertex -48.25 -31.9876 0
      vertex -48.0977 -32.0893 0
    endloop
  endfacet
  facet normal 0.896817 -0.442401 0
    outer loop
      vertex -50.2434 -32.6642 2
      vertex -50.1624 -32.5 0
      vertex -50.1624 -32.5 2
    endloop
  endfacet
  facet normal 0.896817 -0.442401 0
    outer loop
      vertex -50.1624 -32.5 0
      vertex -50.2434 -32.6642 2
      vertex -50.2434 -32.6642 0
    endloop
  endfacet
  facet normal 0.55533 -0.83163 0
    outer loop
      vertex -49.8023 -32.0893 0
      vertex -49.65 -31.9876 2
      vertex -49.8023 -32.0893 2
    endloop
  endfacet
  facet normal 0.55533 -0.83163 0
    outer loop
      vertex -49.65 -31.9876 2
      vertex -49.8023 -32.0893 0
      vertex -49.65 -31.9876 0
    endloop
  endfacet
  facet normal 0.194961 -0.980811 0
    outer loop
      vertex -49.3123 -31.8477 0
      vertex -49.1327 -31.812 2
      vertex -49.3123 -31.8477 2
    endloop
  endfacet
  facet normal 0.194961 -0.980811 0
    outer loop
      vertex -49.1327 -31.812 2
      vertex -49.3123 -31.8477 0
      vertex -49.1327 -31.812 0
    endloop
  endfacet
  facet normal -0.442401 0.896817 0
    outer loop
      vertex -48.25 -34.4124 0
      vertex -48.4142 -34.4934 2
      vertex -48.25 -34.4124 2
    endloop
  endfacet
  facet normal -0.442401 0.896817 0
    outer loop
      vertex -48.4142 -34.4934 2
      vertex -48.25 -34.4124 0
      vertex -48.4142 -34.4934 0
    endloop
  endfacet
  facet normal -0.946922 -0.321462 0
    outer loop
      vertex -47.5977 -32.8377 0
      vertex -47.6566 -32.6642 2
      vertex -47.6566 -32.6642 0
    endloop
  endfacet
  facet normal -0.946922 -0.321462 0
    outer loop
      vertex -47.6566 -32.6642 2
      vertex -47.5977 -32.8377 0
      vertex -47.5977 -32.8377 2
    endloop
  endfacet
  facet normal -0.752001 -0.659162 0
    outer loop
      vertex -47.8393 -32.3477 0
      vertex -47.96 -32.21 2
      vertex -47.96 -32.21 0
    endloop
  endfacet
  facet normal -0.752001 -0.659162 0
    outer loop
      vertex -47.96 -32.21 2
      vertex -47.8393 -32.3477 0
      vertex -47.8393 -32.3477 2
    endloop
  endfacet
  facet normal -0.83163 -0.55533 0
    outer loop
      vertex -47.7376 -32.5 0
      vertex -47.8393 -32.3477 2
      vertex -47.8393 -32.3477 0
    endloop
  endfacet
  facet normal -0.83163 -0.55533 0
    outer loop
      vertex -47.8393 -32.3477 2
      vertex -47.7376 -32.5 0
      vertex -47.7376 -32.5 2
    endloop
  endfacet
  facet normal -0.0655402 -0.99785 0
    outer loop
      vertex -48.95 -31.8 0
      vertex -48.7673 -31.812 2
      vertex -48.95 -31.8 2
    endloop
  endfacet
  facet normal -0.0655402 -0.99785 -0
    outer loop
      vertex -48.7673 -31.812 2
      vertex -48.95 -31.8 0
      vertex -48.7673 -31.812 0
    endloop
  endfacet
  facet normal -0.442401 -0.896817 0
    outer loop
      vertex -48.4142 -31.9066 0
      vertex -48.25 -31.9876 2
      vertex -48.4142 -31.9066 2
    endloop
  endfacet
  facet normal -0.442401 -0.896817 -0
    outer loop
      vertex -48.25 -31.9876 2
      vertex -48.4142 -31.9066 0
      vertex -48.25 -31.9876 0
    endloop
  endfacet
  facet normal 0.83163 -0.55533 0
    outer loop
      vertex -50.1624 -32.5 2
      vertex -50.0607 -32.3477 0
      vertex -50.0607 -32.3477 2
    endloop
  endfacet
  facet normal 0.83163 -0.55533 0
    outer loop
      vertex -50.0607 -32.3477 0
      vertex -50.1624 -32.5 2
      vertex -50.1624 -32.5 0
    endloop
  endfacet
  facet normal 0.751731 -0.65947 0
    outer loop
      vertex -50.0607 -32.3477 2
      vertex -49.9399 -32.21 0
      vertex -49.9399 -32.21 2
    endloop
  endfacet
  facet normal 0.751731 -0.65947 0
    outer loop
      vertex -49.9399 -32.21 0
      vertex -50.0607 -32.3477 2
      vertex -50.0607 -32.3477 0
    endloop
  endfacet
  facet normal 0.946922 -0.321462 0
    outer loop
      vertex -50.3023 -32.8377 2
      vertex -50.2434 -32.6642 0
      vertex -50.2434 -32.6642 2
    endloop
  endfacet
  facet normal 0.946922 -0.321462 0
    outer loop
      vertex -50.2434 -32.6642 0
      vertex -50.3023 -32.8377 2
      vertex -50.3023 -32.8377 0
    endloop
  endfacet
  facet normal 0.980811 -0.194961 0
    outer loop
      vertex -50.338 -33.0173 2
      vertex -50.3023 -32.8377 0
      vertex -50.3023 -32.8377 2
    endloop
  endfacet
  facet normal 0.980811 -0.194961 0
    outer loop
      vertex -50.3023 -32.8377 0
      vertex -50.338 -33.0173 2
      vertex -50.338 -33.0173 0
    endloop
  endfacet
  facet normal 0.321462 -0.946922 0
    outer loop
      vertex -49.4858 -31.9066 0
      vertex -49.3123 -31.8477 2
      vertex -49.4858 -31.9066 2
    endloop
  endfacet
  facet normal 0.321462 -0.946922 0
    outer loop
      vertex -49.3123 -31.8477 2
      vertex -49.4858 -31.9066 0
      vertex -49.3123 -31.8477 0
    endloop
  endfacet
  facet normal -0.55533 0.83163 0
    outer loop
      vertex -48.0977 -34.3107 0
      vertex -48.25 -34.4124 2
      vertex -48.0977 -34.3107 2
    endloop
  endfacet
  facet normal -0.55533 0.83163 0
    outer loop
      vertex -48.25 -34.4124 2
      vertex -48.0977 -34.3107 0
      vertex -48.25 -34.4124 0
    endloop
  endfacet
  facet normal -0.751764 0.659432 0
    outer loop
      vertex -47.96 -34.1899 0
      vertex -47.8393 -34.0523 2
      vertex -47.8393 -34.0523 0
    endloop
  endfacet
  facet normal -0.751764 0.659432 0
    outer loop
      vertex -47.8393 -34.0523 2
      vertex -47.96 -34.1899 0
      vertex -47.96 -34.1899 2
    endloop
  endfacet
  facet normal -0.896817 0.442401 0
    outer loop
      vertex -47.7376 -33.9 0
      vertex -47.6566 -33.7358 2
      vertex -47.6566 -33.7358 0
    endloop
  endfacet
  facet normal -0.896817 0.442401 0
    outer loop
      vertex -47.6566 -33.7358 2
      vertex -47.7376 -33.9 0
      vertex -47.7376 -33.9 2
    endloop
  endfacet
  facet normal -0.980811 0.194961 0
    outer loop
      vertex -47.5977 -33.5623 0
      vertex -47.562 -33.3827 2
      vertex -47.562 -33.3827 0
    endloop
  endfacet
  facet normal -0.980811 0.194961 0
    outer loop
      vertex -47.562 -33.3827 2
      vertex -47.5977 -33.5623 0
      vertex -47.5977 -33.5623 2
    endloop
  endfacet
  facet normal 0.896817 0.442401 0
    outer loop
      vertex -50.1624 -33.9 2
      vertex -50.2434 -33.7358 0
      vertex -50.2434 -33.7358 2
    endloop
  endfacet
  facet normal 0.896817 0.442401 0
    outer loop
      vertex -50.2434 -33.7358 0
      vertex -50.1624 -33.9 2
      vertex -50.1624 -33.9 0
    endloop
  endfacet
  facet normal 0.83163 0.55533 0
    outer loop
      vertex -50.0607 -34.0523 2
      vertex -50.1624 -33.9 0
      vertex -50.1624 -33.9 2
    endloop
  endfacet
  facet normal 0.83163 0.55533 0
    outer loop
      vertex -50.1624 -33.9 0
      vertex -50.0607 -34.0523 2
      vertex -50.0607 -34.0523 0
    endloop
  endfacet
  facet normal -0.83163 0.55533 0
    outer loop
      vertex -47.8393 -34.0523 0
      vertex -47.7376 -33.9 2
      vertex -47.7376 -33.9 0
    endloop
  endfacet
  facet normal -0.83163 0.55533 0
    outer loop
      vertex -47.7376 -33.9 2
      vertex -47.8393 -34.0523 0
      vertex -47.8393 -34.0523 2
    endloop
  endfacet
  facet normal -0.99785 0.0655402 0
    outer loop
      vertex -47.562 -33.3827 0
      vertex -47.55 -33.2 2
      vertex -47.55 -33.2 0
    endloop
  endfacet
  facet normal -0.99785 0.0655402 0
    outer loop
      vertex -47.55 -33.2 2
      vertex -47.562 -33.3827 0
      vertex -47.562 -33.3827 2
    endloop
  endfacet
  facet normal 0.751493 0.659741 0
    outer loop
      vertex -49.9399 -34.1899 2
      vertex -50.0607 -34.0523 0
      vertex -50.0607 -34.0523 2
    endloop
  endfacet
  facet normal 0.751493 0.659741 0
    outer loop
      vertex -50.0607 -34.0523 0
      vertex -49.9399 -34.1899 2
      vertex -49.9399 -34.1899 0
    endloop
  endfacet
  facet normal 0.946922 0.321462 0
    outer loop
      vertex -50.2434 -33.7358 2
      vertex -50.3023 -33.5623 0
      vertex -50.3023 -33.5623 2
    endloop
  endfacet
  facet normal 0.946922 0.321462 0
    outer loop
      vertex -50.3023 -33.5623 0
      vertex -50.2434 -33.7358 2
      vertex -50.2434 -33.7358 0
    endloop
  endfacet
  facet normal -0.321462 0.946922 0
    outer loop
      vertex -48.4142 -34.4934 0
      vertex -48.5877 -34.5523 2
      vertex -48.4142 -34.4934 2
    endloop
  endfacet
  facet normal -0.321462 0.946922 0
    outer loop
      vertex -48.5877 -34.5523 2
      vertex -48.4142 -34.4934 0
      vertex -48.5877 -34.5523 0
    endloop
  endfacet
  facet normal -0.194961 0.980811 0
    outer loop
      vertex -48.5877 -34.5523 0
      vertex -48.7673 -34.588 2
      vertex -48.5877 -34.5523 2
    endloop
  endfacet
  facet normal -0.194961 0.980811 0
    outer loop
      vertex -48.7673 -34.588 2
      vertex -48.5877 -34.5523 0
      vertex -48.7673 -34.588 0
    endloop
  endfacet
  facet normal -0.65947 0.751731 0
    outer loop
      vertex -47.96 -34.1899 0
      vertex -48.0977 -34.3107 2
      vertex -47.96 -34.1899 2
    endloop
  endfacet
  facet normal -0.65947 0.751731 0
    outer loop
      vertex -48.0977 -34.3107 2
      vertex -47.96 -34.1899 0
      vertex -48.0977 -34.3107 0
    endloop
  endfacet
  facet normal 0.0655402 0.99785 -0
    outer loop
      vertex -48.95 -34.6 0
      vertex -49.1327 -34.588 2
      vertex -48.95 -34.6 2
    endloop
  endfacet
  facet normal 0.0655402 0.99785 0
    outer loop
      vertex -49.1327 -34.588 2
      vertex -48.95 -34.6 0
      vertex -49.1327 -34.588 0
    endloop
  endfacet
  facet normal 0.321462 0.946922 -0
    outer loop
      vertex -49.3123 -34.5523 0
      vertex -49.4858 -34.4934 2
      vertex -49.3123 -34.5523 2
    endloop
  endfacet
  facet normal 0.321462 0.946922 0
    outer loop
      vertex -49.4858 -34.4934 2
      vertex -49.3123 -34.5523 0
      vertex -49.4858 -34.4934 0
    endloop
  endfacet
  facet normal 0.194961 0.980811 -0
    outer loop
      vertex -49.1327 -34.588 0
      vertex -49.3123 -34.5523 2
      vertex -49.1327 -34.588 2
    endloop
  endfacet
  facet normal 0.194961 0.980811 0
    outer loop
      vertex -49.3123 -34.5523 2
      vertex -49.1327 -34.588 0
      vertex -49.3123 -34.5523 0
    endloop
  endfacet
  facet normal 0.980811 0.194961 0
    outer loop
      vertex -50.3023 -33.5623 2
      vertex -50.338 -33.3827 0
      vertex -50.338 -33.3827 2
    endloop
  endfacet
  facet normal 0.980811 0.194961 0
    outer loop
      vertex -50.338 -33.3827 0
      vertex -50.3023 -33.5623 2
      vertex -50.3023 -33.5623 0
    endloop
  endfacet
  facet normal 0.99785 0.0655402 0
    outer loop
      vertex -50.338 -33.3827 2
      vertex -50.35 -33.2 0
      vertex -50.35 -33.2 2
    endloop
  endfacet
  facet normal 0.99785 0.0655402 0
    outer loop
      vertex -50.35 -33.2 0
      vertex -50.338 -33.3827 2
      vertex -50.338 -33.3827 0
    endloop
  endfacet
  facet normal 0.55533 0.83163 -0
    outer loop
      vertex -49.65 -34.4124 0
      vertex -49.8023 -34.3107 2
      vertex -49.65 -34.4124 2
    endloop
  endfacet
  facet normal 0.55533 0.83163 0
    outer loop
      vertex -49.8023 -34.3107 2
      vertex -49.65 -34.4124 0
      vertex -49.8023 -34.3107 0
    endloop
  endfacet
  facet normal 0.659741 0.751493 -0
    outer loop
      vertex -49.8023 -34.3107 0
      vertex -49.9399 -34.1899 2
      vertex -49.8023 -34.3107 2
    endloop
  endfacet
  facet normal 0.659741 0.751493 0
    outer loop
      vertex -49.9399 -34.1899 2
      vertex -49.8023 -34.3107 0
      vertex -49.9399 -34.1899 0
    endloop
  endfacet
  facet normal 0.442401 0.896817 -0
    outer loop
      vertex -49.4858 -34.4934 0
      vertex -49.65 -34.4124 2
      vertex -49.4858 -34.4934 2
    endloop
  endfacet
  facet normal 0.442401 0.896817 0
    outer loop
      vertex -49.65 -34.4124 2
      vertex -49.4858 -34.4934 0
      vertex -49.65 -34.4124 0
    endloop
  endfacet
  facet normal -0.99785 -0.0655402 0
    outer loop
      vertex -47.55 33.2 0
      vertex -47.562 33.3827 2
      vertex -47.562 33.3827 0
    endloop
  endfacet
  facet normal -0.99785 -0.0655402 0
    outer loop
      vertex -47.562 33.3827 2
      vertex -47.55 33.2 0
      vertex -47.55 33.2 2
    endloop
  endfacet
  facet normal 0.0655402 -0.99785 0
    outer loop
      vertex -49.1327 34.588 0
      vertex -48.95 34.6 2
      vertex -49.1327 34.588 2
    endloop
  endfacet
  facet normal 0.0655402 -0.99785 0
    outer loop
      vertex -48.95 34.6 2
      vertex -49.1327 34.588 0
      vertex -48.95 34.6 0
    endloop
  endfacet
  facet normal -0.65947 -0.751731 0
    outer loop
      vertex -48.0977 34.3107 0
      vertex -47.96 34.1899 2
      vertex -48.0977 34.3107 2
    endloop
  endfacet
  facet normal -0.65947 -0.751731 -0
    outer loop
      vertex -47.96 34.1899 2
      vertex -48.0977 34.3107 0
      vertex -47.96 34.1899 0
    endloop
  endfacet
  facet normal 0.751493 -0.659741 0
    outer loop
      vertex -50.0607 34.0523 2
      vertex -49.9399 34.1899 0
      vertex -49.9399 34.1899 2
    endloop
  endfacet
  facet normal 0.751493 -0.659741 0
    outer loop
      vertex -49.9399 34.1899 0
      vertex -50.0607 34.0523 2
      vertex -50.0607 34.0523 0
    endloop
  endfacet
  facet normal 0.442401 -0.896817 0
    outer loop
      vertex -49.65 34.4124 0
      vertex -49.4858 34.4934 2
      vertex -49.65 34.4124 2
    endloop
  endfacet
  facet normal 0.442401 -0.896817 0
    outer loop
      vertex -49.4858 34.4934 2
      vertex -49.65 34.4124 0
      vertex -49.4858 34.4934 0
    endloop
  endfacet
  facet normal -0.752001 0.659162 0
    outer loop
      vertex -47.96 32.21 0
      vertex -47.8393 32.3477 2
      vertex -47.8393 32.3477 0
    endloop
  endfacet
  facet normal -0.752001 0.659162 0
    outer loop
      vertex -47.8393 32.3477 2
      vertex -47.96 32.21 0
      vertex -47.96 32.21 2
    endloop
  endfacet
  facet normal 0.659432 0.751764 -0
    outer loop
      vertex -49.8023 32.0893 0
      vertex -49.9399 32.21 2
      vertex -49.8023 32.0893 2
    endloop
  endfacet
  facet normal 0.659432 0.751764 0
    outer loop
      vertex -49.9399 32.21 2
      vertex -49.8023 32.0893 0
      vertex -49.9399 32.21 0
    endloop
  endfacet
  facet normal -0.946922 -0.321462 0
    outer loop
      vertex -47.5977 33.5623 0
      vertex -47.6566 33.7358 2
      vertex -47.6566 33.7358 0
    endloop
  endfacet
  facet normal -0.946922 -0.321462 0
    outer loop
      vertex -47.6566 33.7358 2
      vertex -47.5977 33.5623 0
      vertex -47.5977 33.5623 2
    endloop
  endfacet
  facet normal -0.980811 -0.194961 0
    outer loop
      vertex -47.562 33.3827 0
      vertex -47.5977 33.5623 2
      vertex -47.5977 33.5623 0
    endloop
  endfacet
  facet normal -0.980811 -0.194961 0
    outer loop
      vertex -47.5977 33.5623 2
      vertex -47.562 33.3827 0
      vertex -47.562 33.3827 2
    endloop
  endfacet
  facet normal -0.321462 -0.946922 0
    outer loop
      vertex -48.5877 34.5523 0
      vertex -48.4142 34.4934 2
      vertex -48.5877 34.5523 2
    endloop
  endfacet
  facet normal -0.321462 -0.946922 -0
    outer loop
      vertex -48.4142 34.4934 2
      vertex -48.5877 34.5523 0
      vertex -48.4142 34.4934 0
    endloop
  endfacet
  facet normal -0.194961 -0.980811 0
    outer loop
      vertex -48.7673 34.588 0
      vertex -48.5877 34.5523 2
      vertex -48.7673 34.588 2
    endloop
  endfacet
  facet normal -0.194961 -0.980811 -0
    outer loop
      vertex -48.5877 34.5523 2
      vertex -48.7673 34.588 0
      vertex -48.5877 34.5523 0
    endloop
  endfacet
  facet normal -0.55533 -0.83163 0
    outer loop
      vertex -48.25 34.4124 0
      vertex -48.0977 34.3107 2
      vertex -48.25 34.4124 2
    endloop
  endfacet
  facet normal -0.55533 -0.83163 -0
    outer loop
      vertex -48.0977 34.3107 2
      vertex -48.25 34.4124 0
      vertex -48.0977 34.3107 0
    endloop
  endfacet
  facet normal 0.896817 -0.442401 0
    outer loop
      vertex -50.2434 33.7358 2
      vertex -50.1624 33.9 0
      vertex -50.1624 33.9 2
    endloop
  endfacet
  facet normal 0.896817 -0.442401 0
    outer loop
      vertex -50.1624 33.9 0
      vertex -50.2434 33.7358 2
      vertex -50.2434 33.7358 0
    endloop
  endfacet
  facet normal 0.83163 -0.55533 0
    outer loop
      vertex -50.1624 33.9 2
      vertex -50.0607 34.0523 0
      vertex -50.0607 34.0523 2
    endloop
  endfacet
  facet normal 0.83163 -0.55533 0
    outer loop
      vertex -50.0607 34.0523 0
      vertex -50.1624 33.9 2
      vertex -50.1624 33.9 0
    endloop
  endfacet
  facet normal 0.99785 -0.0655402 0
    outer loop
      vertex -50.35 33.2 2
      vertex -50.338 33.3827 0
      vertex -50.338 33.3827 2
    endloop
  endfacet
  facet normal 0.99785 -0.0655402 0
    outer loop
      vertex -50.338 33.3827 0
      vertex -50.35 33.2 2
      vertex -50.35 33.2 0
    endloop
  endfacet
  facet normal 0.659741 -0.751493 0
    outer loop
      vertex -49.9399 34.1899 0
      vertex -49.8023 34.3107 2
      vertex -49.9399 34.1899 2
    endloop
  endfacet
  facet normal 0.659741 -0.751493 0
    outer loop
      vertex -49.8023 34.3107 2
      vertex -49.9399 34.1899 0
      vertex -49.8023 34.3107 0
    endloop
  endfacet
  facet normal 0.194961 -0.980811 0
    outer loop
      vertex -49.3123 34.5523 0
      vertex -49.1327 34.588 2
      vertex -49.3123 34.5523 2
    endloop
  endfacet
  facet normal 0.194961 -0.980811 0
    outer loop
      vertex -49.1327 34.588 2
      vertex -49.3123 34.5523 0
      vertex -49.1327 34.588 0
    endloop
  endfacet
  facet normal -0.321462 0.946922 0
    outer loop
      vertex -48.4142 31.9066 0
      vertex -48.5877 31.8477 2
      vertex -48.4142 31.9066 2
    endloop
  endfacet
  facet normal -0.321462 0.946922 0
    outer loop
      vertex -48.5877 31.8477 2
      vertex -48.4142 31.9066 0
      vertex -48.5877 31.8477 0
    endloop
  endfacet
  facet normal -0.194961 0.980811 0
    outer loop
      vertex -48.5877 31.8477 0
      vertex -48.7673 31.812 2
      vertex -48.5877 31.8477 2
    endloop
  endfacet
  facet normal -0.194961 0.980811 0
    outer loop
      vertex -48.7673 31.812 2
      vertex -48.5877 31.8477 0
      vertex -48.7673 31.812 0
    endloop
  endfacet
  facet normal 0.55533 0.83163 -0
    outer loop
      vertex -49.65 31.9876 0
      vertex -49.8023 32.0893 2
      vertex -49.65 31.9876 2
    endloop
  endfacet
  facet normal 0.55533 0.83163 0
    outer loop
      vertex -49.8023 32.0893 2
      vertex -49.65 31.9876 0
      vertex -49.8023 32.0893 0
    endloop
  endfacet
  facet normal 0.194961 0.980811 -0
    outer loop
      vertex -49.1327 31.812 0
      vertex -49.3123 31.8477 2
      vertex -49.1327 31.812 2
    endloop
  endfacet
  facet normal 0.194961 0.980811 0
    outer loop
      vertex -49.3123 31.8477 2
      vertex -49.1327 31.812 0
      vertex -49.3123 31.8477 0
    endloop
  endfacet
  facet normal -0.896817 -0.442401 0
    outer loop
      vertex -47.6566 33.7358 0
      vertex -47.7376 33.9 2
      vertex -47.7376 33.9 0
    endloop
  endfacet
  facet normal -0.896817 -0.442401 0
    outer loop
      vertex -47.7376 33.9 2
      vertex -47.6566 33.7358 0
      vertex -47.6566 33.7358 2
    endloop
  endfacet
  facet normal -0.83163 -0.55533 0
    outer loop
      vertex -47.7376 33.9 0
      vertex -47.8393 34.0523 2
      vertex -47.8393 34.0523 0
    endloop
  endfacet
  facet normal -0.83163 -0.55533 0
    outer loop
      vertex -47.8393 34.0523 2
      vertex -47.7376 33.9 0
      vertex -47.7376 33.9 2
    endloop
  endfacet
  facet normal -0.751764 -0.659432 0
    outer loop
      vertex -47.8393 34.0523 0
      vertex -47.96 34.1899 2
      vertex -47.96 34.1899 0
    endloop
  endfacet
  facet normal -0.751764 -0.659432 0
    outer loop
      vertex -47.96 34.1899 2
      vertex -47.8393 34.0523 0
      vertex -47.8393 34.0523 2
    endloop
  endfacet
  facet normal 0.946922 -0.321462 0
    outer loop
      vertex -50.3023 33.5623 2
      vertex -50.2434 33.7358 0
      vertex -50.2434 33.7358 2
    endloop
  endfacet
  facet normal 0.946922 -0.321462 0
    outer loop
      vertex -50.2434 33.7358 0
      vertex -50.3023 33.5623 2
      vertex -50.3023 33.5623 0
    endloop
  endfacet
  facet normal 0.99785 0.0655402 0
    outer loop
      vertex -50.338 33.0173 2
      vertex -50.35 33.2 0
      vertex -50.35 33.2 2
    endloop
  endfacet
  facet normal 0.99785 0.0655402 0
    outer loop
      vertex -50.35 33.2 0
      vertex -50.338 33.0173 2
      vertex -50.338 33.0173 0
    endloop
  endfacet
  facet normal -0.99785 0.0655402 0
    outer loop
      vertex -47.562 33.0173 0
      vertex -47.55 33.2 2
      vertex -47.55 33.2 0
    endloop
  endfacet
  facet normal -0.99785 0.0655402 0
    outer loop
      vertex -47.55 33.2 2
      vertex -47.562 33.0173 0
      vertex -47.562 33.0173 2
    endloop
  endfacet
  facet normal -0.980811 0.194961 0
    outer loop
      vertex -47.5977 32.8377 0
      vertex -47.562 33.0173 2
      vertex -47.562 33.0173 0
    endloop
  endfacet
  facet normal -0.980811 0.194961 0
    outer loop
      vertex -47.562 33.0173 2
      vertex -47.5977 32.8377 0
      vertex -47.5977 32.8377 2
    endloop
  endfacet
  facet normal -0.55533 0.83163 0
    outer loop
      vertex -48.0977 32.0893 0
      vertex -48.25 31.9876 2
      vertex -48.0977 32.0893 2
    endloop
  endfacet
  facet normal -0.55533 0.83163 0
    outer loop
      vertex -48.25 31.9876 2
      vertex -48.0977 32.0893 0
      vertex -48.25 31.9876 0
    endloop
  endfacet
  facet normal -0.659162 0.752001 0
    outer loop
      vertex -47.96 32.21 0
      vertex -48.0977 32.0893 2
      vertex -47.96 32.21 2
    endloop
  endfacet
  facet normal -0.659162 0.752001 0
    outer loop
      vertex -48.0977 32.0893 2
      vertex -47.96 32.21 0
      vertex -48.0977 32.0893 0
    endloop
  endfacet
  facet normal -0.83163 0.55533 0
    outer loop
      vertex -47.8393 32.3477 0
      vertex -47.7376 32.5 2
      vertex -47.7376 32.5 0
    endloop
  endfacet
  facet normal -0.83163 0.55533 0
    outer loop
      vertex -47.7376 32.5 2
      vertex -47.8393 32.3477 0
      vertex -47.8393 32.3477 2
    endloop
  endfacet
  facet normal 0.442401 0.896817 -0
    outer loop
      vertex -49.4858 31.9066 0
      vertex -49.65 31.9876 2
      vertex -49.4858 31.9066 2
    endloop
  endfacet
  facet normal 0.442401 0.896817 0
    outer loop
      vertex -49.65 31.9876 2
      vertex -49.4858 31.9066 0
      vertex -49.65 31.9876 0
    endloop
  endfacet
  facet normal -0.0655402 0.99785 0
    outer loop
      vertex -48.7673 31.812 0
      vertex -48.95 31.8 2
      vertex -48.7673 31.812 2
    endloop
  endfacet
  facet normal -0.0655402 0.99785 0
    outer loop
      vertex -48.95 31.8 2
      vertex -48.7673 31.812 0
      vertex -48.95 31.8 0
    endloop
  endfacet
  facet normal 0.83163 0.55533 0
    outer loop
      vertex -50.0607 32.3477 2
      vertex -50.1624 32.5 0
      vertex -50.1624 32.5 2
    endloop
  endfacet
  facet normal 0.83163 0.55533 0
    outer loop
      vertex -50.1624 32.5 0
      vertex -50.0607 32.3477 2
      vertex -50.0607 32.3477 0
    endloop
  endfacet
  facet normal 0.896817 0.442401 0
    outer loop
      vertex -50.1624 32.5 2
      vertex -50.2434 32.6642 0
      vertex -50.2434 32.6642 2
    endloop
  endfacet
  facet normal 0.896817 0.442401 0
    outer loop
      vertex -50.2434 32.6642 0
      vertex -50.1624 32.5 2
      vertex -50.1624 32.5 0
    endloop
  endfacet
  facet normal 0.980811 0.194961 0
    outer loop
      vertex -50.3023 32.8377 2
      vertex -50.338 33.0173 0
      vertex -50.338 33.0173 2
    endloop
  endfacet
  facet normal 0.980811 0.194961 0
    outer loop
      vertex -50.338 33.0173 0
      vertex -50.3023 32.8377 2
      vertex -50.3023 32.8377 0
    endloop
  endfacet
  facet normal -0.0655402 -0.99785 0
    outer loop
      vertex -48.95 34.6 0
      vertex -48.7673 34.588 2
      vertex -48.95 34.6 2
    endloop
  endfacet
  facet normal -0.0655402 -0.99785 -0
    outer loop
      vertex -48.7673 34.588 2
      vertex -48.95 34.6 0
      vertex -48.7673 34.588 0
    endloop
  endfacet
  facet normal -0.442401 -0.896817 0
    outer loop
      vertex -48.4142 34.4934 0
      vertex -48.25 34.4124 2
      vertex -48.4142 34.4934 2
    endloop
  endfacet
  facet normal -0.442401 -0.896817 -0
    outer loop
      vertex -48.25 34.4124 2
      vertex -48.4142 34.4934 0
      vertex -48.25 34.4124 0
    endloop
  endfacet
  facet normal 0.980811 -0.194961 0
    outer loop
      vertex -50.338 33.3827 2
      vertex -50.3023 33.5623 0
      vertex -50.3023 33.5623 2
    endloop
  endfacet
  facet normal 0.980811 -0.194961 0
    outer loop
      vertex -50.3023 33.5623 0
      vertex -50.338 33.3827 2
      vertex -50.338 33.3827 0
    endloop
  endfacet
  facet normal 0.55533 -0.83163 0
    outer loop
      vertex -49.8023 34.3107 0
      vertex -49.65 34.4124 2
      vertex -49.8023 34.3107 2
    endloop
  endfacet
  facet normal 0.55533 -0.83163 0
    outer loop
      vertex -49.65 34.4124 2
      vertex -49.8023 34.3107 0
      vertex -49.65 34.4124 0
    endloop
  endfacet
  facet normal 0.321462 -0.946922 0
    outer loop
      vertex -49.4858 34.4934 0
      vertex -49.3123 34.5523 2
      vertex -49.4858 34.4934 2
    endloop
  endfacet
  facet normal 0.321462 -0.946922 0
    outer loop
      vertex -49.3123 34.5523 2
      vertex -49.4858 34.4934 0
      vertex -49.3123 34.5523 0
    endloop
  endfacet
  facet normal -0.442401 0.896817 0
    outer loop
      vertex -48.25 31.9876 0
      vertex -48.4142 31.9066 2
      vertex -48.25 31.9876 2
    endloop
  endfacet
  facet normal -0.442401 0.896817 0
    outer loop
      vertex -48.4142 31.9066 2
      vertex -48.25 31.9876 0
      vertex -48.4142 31.9066 0
    endloop
  endfacet
  facet normal -0.896817 0.442401 0
    outer loop
      vertex -47.7376 32.5 0
      vertex -47.6566 32.6642 2
      vertex -47.6566 32.6642 0
    endloop
  endfacet
  facet normal -0.896817 0.442401 0
    outer loop
      vertex -47.6566 32.6642 2
      vertex -47.7376 32.5 0
      vertex -47.7376 32.5 2
    endloop
  endfacet
  facet normal 0.321462 0.946922 -0
    outer loop
      vertex -49.3123 31.8477 0
      vertex -49.4858 31.9066 2
      vertex -49.3123 31.8477 2
    endloop
  endfacet
  facet normal 0.321462 0.946922 0
    outer loop
      vertex -49.4858 31.9066 2
      vertex -49.3123 31.8477 0
      vertex -49.4858 31.9066 0
    endloop
  endfacet
  facet normal 0.0655402 0.99785 -0
    outer loop
      vertex -48.95 31.8 0
      vertex -49.1327 31.812 2
      vertex -48.95 31.8 2
    endloop
  endfacet
  facet normal 0.0655402 0.99785 0
    outer loop
      vertex -49.1327 31.812 2
      vertex -48.95 31.8 0
      vertex -49.1327 31.812 0
    endloop
  endfacet
  facet normal 0.751731 0.65947 0
    outer loop
      vertex -49.9399 32.21 2
      vertex -50.0607 32.3477 0
      vertex -50.0607 32.3477 2
    endloop
  endfacet
  facet normal 0.751731 0.65947 0
    outer loop
      vertex -50.0607 32.3477 0
      vertex -49.9399 32.21 2
      vertex -49.9399 32.21 0
    endloop
  endfacet
  facet normal 0.946922 0.321462 0
    outer loop
      vertex -50.2434 32.6642 2
      vertex -50.3023 32.8377 0
      vertex -50.3023 32.8377 2
    endloop
  endfacet
  facet normal 0.946922 0.321462 0
    outer loop
      vertex -50.3023 32.8377 0
      vertex -50.2434 32.6642 2
      vertex -50.2434 32.6642 0
    endloop
  endfacet
  facet normal -0.946922 0.321462 0
    outer loop
      vertex -47.6566 32.6642 0
      vertex -47.5977 32.8377 2
      vertex -47.5977 32.8377 0
    endloop
  endfacet
  facet normal -0.946922 0.321462 0
    outer loop
      vertex -47.5977 32.8377 2
      vertex -47.6566 32.6642 0
      vertex -47.6566 32.6642 2
    endloop
  endfacet
  facet normal -0.99785 -0.0655402 0
    outer loop
      vertex 50.35 -33.2 0
      vertex 50.338 -33.0173 2
      vertex 50.338 -33.0173 0
    endloop
  endfacet
  facet normal -0.99785 -0.0655402 0
    outer loop
      vertex 50.338 -33.0173 2
      vertex 50.35 -33.2 0
      vertex 50.35 -33.2 2
    endloop
  endfacet
  facet normal 0.99785 -0.0655402 0
    outer loop
      vertex 47.55 -33.2 2
      vertex 47.562 -33.0173 0
      vertex 47.562 -33.0173 2
    endloop
  endfacet
  facet normal 0.99785 -0.0655402 0
    outer loop
      vertex 47.562 -33.0173 0
      vertex 47.55 -33.2 2
      vertex 47.55 -33.2 0
    endloop
  endfacet
  facet normal 0.0655402 -0.99785 0
    outer loop
      vertex 48.7673 -31.812 0
      vertex 48.95 -31.8 2
      vertex 48.7673 -31.812 2
    endloop
  endfacet
  facet normal 0.0655402 -0.99785 0
    outer loop
      vertex 48.95 -31.8 2
      vertex 48.7673 -31.812 0
      vertex 48.95 -31.8 0
    endloop
  endfacet
  facet normal -0.0655402 0.99785 0
    outer loop
      vertex 49.1327 -34.588 0
      vertex 48.95 -34.6 2
      vertex 49.1327 -34.588 2
    endloop
  endfacet
  facet normal -0.0655402 0.99785 0
    outer loop
      vertex 48.95 -34.6 2
      vertex 49.1327 -34.588 0
      vertex 48.95 -34.6 0
    endloop
  endfacet
  facet normal -0.659432 -0.751764 0
    outer loop
      vertex 49.8023 -32.0893 0
      vertex 49.9399 -32.21 2
      vertex 49.8023 -32.0893 2
    endloop
  endfacet
  facet normal -0.659432 -0.751764 -0
    outer loop
      vertex 49.9399 -32.21 2
      vertex 49.8023 -32.0893 0
      vertex 49.9399 -32.21 0
    endloop
  endfacet
  facet normal 0.659162 -0.752001 0
    outer loop
      vertex 47.96 -32.21 0
      vertex 48.0977 -32.0893 2
      vertex 47.96 -32.21 2
    endloop
  endfacet
  facet normal 0.659162 -0.752001 0
    outer loop
      vertex 48.0977 -32.0893 2
      vertex 47.96 -32.21 0
      vertex 48.0977 -32.0893 0
    endloop
  endfacet
  facet normal 0.321462 -0.946922 0
    outer loop
      vertex 48.4142 -31.9066 0
      vertex 48.5877 -31.8477 2
      vertex 48.4142 -31.9066 2
    endloop
  endfacet
  facet normal 0.321462 -0.946922 0
    outer loop
      vertex 48.5877 -31.8477 2
      vertex 48.4142 -31.9066 0
      vertex 48.5877 -31.8477 0
    endloop
  endfacet
  facet normal -0.83163 0.55533 0
    outer loop
      vertex 50.0607 -34.0523 0
      vertex 50.1624 -33.9 2
      vertex 50.1624 -33.9 0
    endloop
  endfacet
  facet normal -0.83163 0.55533 0
    outer loop
      vertex 50.1624 -33.9 2
      vertex 50.0607 -34.0523 0
      vertex 50.0607 -34.0523 2
    endloop
  endfacet
  facet normal -0.896817 -0.442401 0
    outer loop
      vertex 50.2434 -32.6642 0
      vertex 50.1624 -32.5 2
      vertex 50.1624 -32.5 0
    endloop
  endfacet
  facet normal -0.896817 -0.442401 0
    outer loop
      vertex 50.1624 -32.5 2
      vertex 50.2434 -32.6642 0
      vertex 50.2434 -32.6642 2
    endloop
  endfacet
  facet normal -0.321462 -0.946922 0
    outer loop
      vertex 49.3123 -31.8477 0
      vertex 49.4858 -31.9066 2
      vertex 49.3123 -31.8477 2
    endloop
  endfacet
  facet normal -0.321462 -0.946922 -0
    outer loop
      vertex 49.4858 -31.9066 2
      vertex 49.3123 -31.8477 0
      vertex 49.4858 -31.9066 0
    endloop
  endfacet
  facet normal -0.55533 -0.83163 0
    outer loop
      vertex 49.65 -31.9876 0
      vertex 49.8023 -32.0893 2
      vertex 49.65 -31.9876 2
    endloop
  endfacet
  facet normal -0.55533 -0.83163 -0
    outer loop
      vertex 49.8023 -32.0893 2
      vertex 49.65 -31.9876 0
      vertex 49.8023 -32.0893 0
    endloop
  endfacet
  facet normal 0.896817 -0.442401 0
    outer loop
      vertex 47.6566 -32.6642 2
      vertex 47.7376 -32.5 0
      vertex 47.7376 -32.5 2
    endloop
  endfacet
  facet normal 0.896817 -0.442401 0
    outer loop
      vertex 47.7376 -32.5 0
      vertex 47.6566 -32.6642 2
      vertex 47.6566 -32.6642 0
    endloop
  endfacet
  facet normal 0.752001 -0.659162 0
    outer loop
      vertex 47.8393 -32.3477 2
      vertex 47.96 -32.21 0
      vertex 47.96 -32.21 2
    endloop
  endfacet
  facet normal 0.752001 -0.659162 0
    outer loop
      vertex 47.96 -32.21 0
      vertex 47.8393 -32.3477 2
      vertex 47.8393 -32.3477 0
    endloop
  endfacet
  facet normal 0.946922 -0.321462 0
    outer loop
      vertex 47.5977 -32.8377 2
      vertex 47.6566 -32.6642 0
      vertex 47.6566 -32.6642 2
    endloop
  endfacet
  facet normal 0.946922 -0.321462 0
    outer loop
      vertex 47.6566 -32.6642 0
      vertex 47.5977 -32.8377 2
      vertex 47.5977 -32.8377 0
    endloop
  endfacet
  facet normal 0.194961 -0.980811 0
    outer loop
      vertex 48.5877 -31.8477 0
      vertex 48.7673 -31.812 2
      vertex 48.5877 -31.8477 2
    endloop
  endfacet
  facet normal 0.194961 -0.980811 0
    outer loop
      vertex 48.7673 -31.812 2
      vertex 48.5877 -31.8477 0
      vertex 48.7673 -31.812 0
    endloop
  endfacet
  facet normal -0.194961 0.980811 0
    outer loop
      vertex 49.3123 -34.5523 0
      vertex 49.1327 -34.588 2
      vertex 49.3123 -34.5523 2
    endloop
  endfacet
  facet normal -0.194961 0.980811 0
    outer loop
      vertex 49.1327 -34.588 2
      vertex 49.3123 -34.5523 0
      vertex 49.1327 -34.588 0
    endloop
  endfacet
  facet normal -0.946922 -0.321462 0
    outer loop
      vertex 50.3023 -32.8377 0
      vertex 50.2434 -32.6642 2
      vertex 50.2434 -32.6642 0
    endloop
  endfacet
  facet normal -0.946922 -0.321462 0
    outer loop
      vertex 50.2434 -32.6642 2
      vertex 50.3023 -32.8377 0
      vertex 50.3023 -32.8377 2
    endloop
  endfacet
  facet normal -0.980811 -0.194961 0
    outer loop
      vertex 50.338 -33.0173 0
      vertex 50.3023 -32.8377 2
      vertex 50.3023 -32.8377 0
    endloop
  endfacet
  facet normal -0.980811 -0.194961 0
    outer loop
      vertex 50.3023 -32.8377 2
      vertex 50.338 -33.0173 0
      vertex 50.338 -33.0173 2
    endloop
  endfacet
  facet normal -0.751731 -0.65947 0
    outer loop
      vertex 50.0607 -32.3477 0
      vertex 49.9399 -32.21 2
      vertex 49.9399 -32.21 0
    endloop
  endfacet
  facet normal -0.751731 -0.65947 0
    outer loop
      vertex 49.9399 -32.21 2
      vertex 50.0607 -32.3477 0
      vertex 50.0607 -32.3477 2
    endloop
  endfacet
  facet normal -0.83163 -0.55533 0
    outer loop
      vertex 50.1624 -32.5 0
      vertex 50.0607 -32.3477 2
      vertex 50.0607 -32.3477 0
    endloop
  endfacet
  facet normal -0.83163 -0.55533 0
    outer loop
      vertex 50.0607 -32.3477 2
      vertex 50.1624 -32.5 0
      vertex 50.1624 -32.5 2
    endloop
  endfacet
  facet normal -0.194961 -0.980811 0
    outer loop
      vertex 49.1327 -31.812 0
      vertex 49.3123 -31.8477 2
      vertex 49.1327 -31.812 2
    endloop
  endfacet
  facet normal -0.194961 -0.980811 -0
    outer loop
      vertex 49.3123 -31.8477 2
      vertex 49.1327 -31.812 0
      vertex 49.3123 -31.8477 0
    endloop
  endfacet
  facet normal -0.0655402 -0.99785 0
    outer loop
      vertex 48.95 -31.8 0
      vertex 49.1327 -31.812 2
      vertex 48.95 -31.8 2
    endloop
  endfacet
  facet normal -0.0655402 -0.99785 -0
    outer loop
      vertex 49.1327 -31.812 2
      vertex 48.95 -31.8 0
      vertex 49.1327 -31.812 0
    endloop
  endfacet
  facet normal -0.442401 -0.896817 0
    outer loop
      vertex 49.4858 -31.9066 0
      vertex 49.65 -31.9876 2
      vertex 49.4858 -31.9066 2
    endloop
  endfacet
  facet normal -0.442401 -0.896817 -0
    outer loop
      vertex 49.65 -31.9876 2
      vertex 49.4858 -31.9066 0
      vertex 49.65 -31.9876 0
    endloop
  endfacet
  facet normal 0.83163 -0.55533 0
    outer loop
      vertex 47.7376 -32.5 2
      vertex 47.8393 -32.3477 0
      vertex 47.8393 -32.3477 2
    endloop
  endfacet
  facet normal 0.83163 -0.55533 0
    outer loop
      vertex 47.8393 -32.3477 0
      vertex 47.7376 -32.5 2
      vertex 47.7376 -32.5 0
    endloop
  endfacet
  facet normal 0.980811 -0.194961 0
    outer loop
      vertex 47.562 -33.0173 2
      vertex 47.5977 -32.8377 0
      vertex 47.5977 -32.8377 2
    endloop
  endfacet
  facet normal 0.980811 -0.194961 0
    outer loop
      vertex 47.5977 -32.8377 0
      vertex 47.562 -33.0173 2
      vertex 47.562 -33.0173 0
    endloop
  endfacet
  facet normal 0.442401 -0.896817 0
    outer loop
      vertex 48.25 -31.9876 0
      vertex 48.4142 -31.9066 2
      vertex 48.25 -31.9876 2
    endloop
  endfacet
  facet normal 0.442401 -0.896817 0
    outer loop
      vertex 48.4142 -31.9066 2
      vertex 48.25 -31.9876 0
      vertex 48.4142 -31.9066 0
    endloop
  endfacet
  facet normal 0.55533 -0.83163 0
    outer loop
      vertex 48.0977 -32.0893 0
      vertex 48.25 -31.9876 2
      vertex 48.0977 -32.0893 2
    endloop
  endfacet
  facet normal 0.55533 -0.83163 0
    outer loop
      vertex 48.25 -31.9876 2
      vertex 48.0977 -32.0893 0
      vertex 48.25 -31.9876 0
    endloop
  endfacet
  facet normal -0.751493 0.659741 0
    outer loop
      vertex 49.9399 -34.1899 0
      vertex 50.0607 -34.0523 2
      vertex 50.0607 -34.0523 0
    endloop
  endfacet
  facet normal -0.751493 0.659741 0
    outer loop
      vertex 50.0607 -34.0523 2
      vertex 49.9399 -34.1899 0
      vertex 49.9399 -34.1899 2
    endloop
  endfacet
  facet normal -0.980811 0.194961 0
    outer loop
      vertex 50.3023 -33.5623 0
      vertex 50.338 -33.3827 2
      vertex 50.338 -33.3827 0
    endloop
  endfacet
  facet normal -0.980811 0.194961 0
    outer loop
      vertex 50.338 -33.3827 2
      vertex 50.3023 -33.5623 0
      vertex 50.3023 -33.5623 2
    endloop
  endfacet
  facet normal 0.65947 0.751731 -0
    outer loop
      vertex 48.0977 -34.3107 0
      vertex 47.96 -34.1899 2
      vertex 48.0977 -34.3107 2
    endloop
  endfacet
  facet normal 0.65947 0.751731 0
    outer loop
      vertex 47.96 -34.1899 2
      vertex 48.0977 -34.3107 0
      vertex 47.96 -34.1899 0
    endloop
  endfacet
  facet normal 0.896817 0.442401 0
    outer loop
      vertex 47.7376 -33.9 2
      vertex 47.6566 -33.7358 0
      vertex 47.6566 -33.7358 2
    endloop
  endfacet
  facet normal 0.896817 0.442401 0
    outer loop
      vertex 47.6566 -33.7358 0
      vertex 47.7376 -33.9 2
      vertex 47.7376 -33.9 0
    endloop
  endfacet
  facet normal 0.83163 0.55533 0
    outer loop
      vertex 47.8393 -34.0523 2
      vertex 47.7376 -33.9 0
      vertex 47.7376 -33.9 2
    endloop
  endfacet
  facet normal 0.83163 0.55533 0
    outer loop
      vertex 47.7376 -33.9 0
      vertex 47.8393 -34.0523 2
      vertex 47.8393 -34.0523 0
    endloop
  endfacet
  facet normal -0.896817 0.442401 0
    outer loop
      vertex 50.1624 -33.9 0
      vertex 50.2434 -33.7358 2
      vertex 50.2434 -33.7358 0
    endloop
  endfacet
  facet normal -0.896817 0.442401 0
    outer loop
      vertex 50.2434 -33.7358 2
      vertex 50.1624 -33.9 0
      vertex 50.1624 -33.9 2
    endloop
  endfacet
  facet normal -0.99785 0.0655402 0
    outer loop
      vertex 50.338 -33.3827 0
      vertex 50.35 -33.2 2
      vertex 50.35 -33.2 0
    endloop
  endfacet
  facet normal -0.99785 0.0655402 0
    outer loop
      vertex 50.35 -33.2 2
      vertex 50.338 -33.3827 0
      vertex 50.338 -33.3827 2
    endloop
  endfacet
  facet normal 0.751764 0.659432 0
    outer loop
      vertex 47.96 -34.1899 2
      vertex 47.8393 -34.0523 0
      vertex 47.8393 -34.0523 2
    endloop
  endfacet
  facet normal 0.751764 0.659432 0
    outer loop
      vertex 47.8393 -34.0523 0
      vertex 47.96 -34.1899 2
      vertex 47.96 -34.1899 0
    endloop
  endfacet
  facet normal 0.946922 0.321462 0
    outer loop
      vertex 47.6566 -33.7358 2
      vertex 47.5977 -33.5623 0
      vertex 47.5977 -33.5623 2
    endloop
  endfacet
  facet normal 0.946922 0.321462 0
    outer loop
      vertex 47.5977 -33.5623 0
      vertex 47.6566 -33.7358 2
      vertex 47.6566 -33.7358 0
    endloop
  endfacet
  facet normal 0.99785 0.0655402 0
    outer loop
      vertex 47.562 -33.3827 2
      vertex 47.55 -33.2 0
      vertex 47.55 -33.2 2
    endloop
  endfacet
  facet normal 0.99785 0.0655402 0
    outer loop
      vertex 47.55 -33.2 0
      vertex 47.562 -33.3827 2
      vertex 47.562 -33.3827 0
    endloop
  endfacet
  facet normal -0.442401 0.896817 0
    outer loop
      vertex 49.65 -34.4124 0
      vertex 49.4858 -34.4934 2
      vertex 49.65 -34.4124 2
    endloop
  endfacet
  facet normal -0.442401 0.896817 0
    outer loop
      vertex 49.4858 -34.4934 2
      vertex 49.65 -34.4124 0
      vertex 49.4858 -34.4934 0
    endloop
  endfacet
  facet normal -0.321462 0.946922 0
    outer loop
      vertex 49.4858 -34.4934 0
      vertex 49.3123 -34.5523 2
      vertex 49.4858 -34.4934 2
    endloop
  endfacet
  facet normal -0.321462 0.946922 0
    outer loop
      vertex 49.3123 -34.5523 2
      vertex 49.4858 -34.4934 0
      vertex 49.3123 -34.5523 0
    endloop
  endfacet
  facet normal -0.659741 0.751493 0
    outer loop
      vertex 49.9399 -34.1899 0
      vertex 49.8023 -34.3107 2
      vertex 49.9399 -34.1899 2
    endloop
  endfacet
  facet normal -0.659741 0.751493 0
    outer loop
      vertex 49.8023 -34.3107 2
      vertex 49.9399 -34.1899 0
      vertex 49.8023 -34.3107 0
    endloop
  endfacet
  facet normal -0.55533 0.83163 0
    outer loop
      vertex 49.8023 -34.3107 0
      vertex 49.65 -34.4124 2
      vertex 49.8023 -34.3107 2
    endloop
  endfacet
  facet normal -0.55533 0.83163 0
    outer loop
      vertex 49.65 -34.4124 2
      vertex 49.8023 -34.3107 0
      vertex 49.65 -34.4124 0
    endloop
  endfacet
  facet normal -0.946922 0.321462 0
    outer loop
      vertex 50.2434 -33.7358 0
      vertex 50.3023 -33.5623 2
      vertex 50.3023 -33.5623 0
    endloop
  endfacet
  facet normal -0.946922 0.321462 0
    outer loop
      vertex 50.3023 -33.5623 2
      vertex 50.2434 -33.7358 0
      vertex 50.2434 -33.7358 2
    endloop
  endfacet
  facet normal 0.442401 0.896817 -0
    outer loop
      vertex 48.4142 -34.4934 0
      vertex 48.25 -34.4124 2
      vertex 48.4142 -34.4934 2
    endloop
  endfacet
  facet normal 0.442401 0.896817 0
    outer loop
      vertex 48.25 -34.4124 2
      vertex 48.4142 -34.4934 0
      vertex 48.25 -34.4124 0
    endloop
  endfacet
  facet normal 0.980811 0.194961 0
    outer loop
      vertex 47.5977 -33.5623 2
      vertex 47.562 -33.3827 0
      vertex 47.562 -33.3827 2
    endloop
  endfacet
  facet normal 0.980811 0.194961 0
    outer loop
      vertex 47.562 -33.3827 0
      vertex 47.5977 -33.5623 2
      vertex 47.5977 -33.5623 0
    endloop
  endfacet
  facet normal 0.194961 0.980811 -0
    outer loop
      vertex 48.7673 -34.588 0
      vertex 48.5877 -34.5523 2
      vertex 48.7673 -34.588 2
    endloop
  endfacet
  facet normal 0.194961 0.980811 0
    outer loop
      vertex 48.5877 -34.5523 2
      vertex 48.7673 -34.588 0
      vertex 48.5877 -34.5523 0
    endloop
  endfacet
  facet normal 0.321462 0.946922 -0
    outer loop
      vertex 48.5877 -34.5523 0
      vertex 48.4142 -34.4934 2
      vertex 48.5877 -34.5523 2
    endloop
  endfacet
  facet normal 0.321462 0.946922 0
    outer loop
      vertex 48.4142 -34.4934 2
      vertex 48.5877 -34.5523 0
      vertex 48.4142 -34.4934 0
    endloop
  endfacet
  facet normal 0.0655402 0.99785 -0
    outer loop
      vertex 48.95 -34.6 0
      vertex 48.7673 -34.588 2
      vertex 48.95 -34.6 2
    endloop
  endfacet
  facet normal 0.0655402 0.99785 0
    outer loop
      vertex 48.7673 -34.588 2
      vertex 48.95 -34.6 0
      vertex 48.7673 -34.588 0
    endloop
  endfacet
  facet normal 0.55533 0.83163 -0
    outer loop
      vertex 48.25 -34.4124 0
      vertex 48.0977 -34.3107 2
      vertex 48.25 -34.4124 2
    endloop
  endfacet
  facet normal 0.55533 0.83163 0
    outer loop
      vertex 48.0977 -34.3107 2
      vertex 48.25 -34.4124 0
      vertex 48.0977 -34.3107 0
    endloop
  endfacet
  facet normal -0.55533 -0.83163 0
    outer loop
      vertex 49.65 34.4124 0
      vertex 49.8023 34.3107 2
      vertex 49.65 34.4124 2
    endloop
  endfacet
  facet normal -0.55533 -0.83163 -0
    outer loop
      vertex 49.8023 34.3107 2
      vertex 49.65 34.4124 0
      vertex 49.8023 34.3107 0
    endloop
  endfacet
  facet normal -0.980811 0.194961 0
    outer loop
      vertex 50.3023 32.8377 0
      vertex 50.338 33.0173 2
      vertex 50.338 33.0173 0
    endloop
  endfacet
  facet normal -0.980811 0.194961 0
    outer loop
      vertex 50.338 33.0173 2
      vertex 50.3023 32.8377 0
      vertex 50.3023 32.8377 2
    endloop
  endfacet
  facet normal 0.194961 0.980811 -0
    outer loop
      vertex 48.7673 31.812 0
      vertex 48.5877 31.8477 2
      vertex 48.7673 31.812 2
    endloop
  endfacet
  facet normal 0.194961 0.980811 0
    outer loop
      vertex 48.5877 31.8477 2
      vertex 48.7673 31.812 0
      vertex 48.5877 31.8477 0
    endloop
  endfacet
  facet normal 0.442401 -0.896817 0
    outer loop
      vertex 48.25 34.4124 0
      vertex 48.4142 34.4934 2
      vertex 48.25 34.4124 2
    endloop
  endfacet
  facet normal 0.442401 -0.896817 0
    outer loop
      vertex 48.4142 34.4934 2
      vertex 48.25 34.4124 0
      vertex 48.4142 34.4934 0
    endloop
  endfacet
  facet normal 0.946922 -0.321462 0
    outer loop
      vertex 47.5977 33.5623 2
      vertex 47.6566 33.7358 0
      vertex 47.6566 33.7358 2
    endloop
  endfacet
  facet normal 0.946922 -0.321462 0
    outer loop
      vertex 47.6566 33.7358 0
      vertex 47.5977 33.5623 2
      vertex 47.5977 33.5623 0
    endloop
  endfacet
  facet normal -0.751731 0.65947 0
    outer loop
      vertex 49.9399 32.21 0
      vertex 50.0607 32.3477 2
      vertex 50.0607 32.3477 0
    endloop
  endfacet
  facet normal -0.751731 0.65947 0
    outer loop
      vertex 50.0607 32.3477 2
      vertex 49.9399 32.21 0
      vertex 49.9399 32.21 2
    endloop
  endfacet
  facet normal 0.83163 0.55533 0
    outer loop
      vertex 47.8393 32.3477 2
      vertex 47.7376 32.5 0
      vertex 47.7376 32.5 2
    endloop
  endfacet
  facet normal 0.83163 0.55533 0
    outer loop
      vertex 47.7376 32.5 0
      vertex 47.8393 32.3477 2
      vertex 47.8393 32.3477 0
    endloop
  endfacet
  facet normal -0.946922 -0.321462 0
    outer loop
      vertex 50.3023 33.5623 0
      vertex 50.2434 33.7358 2
      vertex 50.2434 33.7358 0
    endloop
  endfacet
  facet normal -0.946922 -0.321462 0
    outer loop
      vertex 50.2434 33.7358 2
      vertex 50.3023 33.5623 0
      vertex 50.3023 33.5623 2
    endloop
  endfacet
  facet normal -0.659741 -0.751493 0
    outer loop
      vertex 49.8023 34.3107 0
      vertex 49.9399 34.1899 2
      vertex 49.8023 34.3107 2
    endloop
  endfacet
  facet normal -0.659741 -0.751493 -0
    outer loop
      vertex 49.9399 34.1899 2
      vertex 49.8023 34.3107 0
      vertex 49.9399 34.1899 0
    endloop
  endfacet
  facet normal -0.442401 -0.896817 0
    outer loop
      vertex 49.4858 34.4934 0
      vertex 49.65 34.4124 2
      vertex 49.4858 34.4934 2
    endloop
  endfacet
  facet normal -0.442401 -0.896817 -0
    outer loop
      vertex 49.65 34.4124 2
      vertex 49.4858 34.4934 0
      vertex 49.65 34.4124 0
    endloop
  endfacet
  facet normal 0.0655402 -0.99785 0
    outer loop
      vertex 48.7673 34.588 0
      vertex 48.95 34.6 2
      vertex 48.7673 34.588 2
    endloop
  endfacet
  facet normal 0.0655402 -0.99785 0
    outer loop
      vertex 48.95 34.6 2
      vertex 48.7673 34.588 0
      vertex 48.95 34.6 0
    endloop
  endfacet
  facet normal -0.0655402 -0.99785 0
    outer loop
      vertex 48.95 34.6 0
      vertex 49.1327 34.588 2
      vertex 48.95 34.6 2
    endloop
  endfacet
  facet normal -0.0655402 -0.99785 -0
    outer loop
      vertex 49.1327 34.588 2
      vertex 48.95 34.6 0
      vertex 49.1327 34.588 0
    endloop
  endfacet
  facet normal 0.99785 -0.0655402 0
    outer loop
      vertex 47.55 33.2 2
      vertex 47.562 33.3827 0
      vertex 47.562 33.3827 2
    endloop
  endfacet
  facet normal 0.99785 -0.0655402 0
    outer loop
      vertex 47.562 33.3827 0
      vertex 47.55 33.2 2
      vertex 47.55 33.2 0
    endloop
  endfacet
  facet normal 0.83163 -0.55533 0
    outer loop
      vertex 47.7376 33.9 2
      vertex 47.8393 34.0523 0
      vertex 47.8393 34.0523 2
    endloop
  endfacet
  facet normal 0.83163 -0.55533 0
    outer loop
      vertex 47.8393 34.0523 0
      vertex 47.7376 33.9 2
      vertex 47.7376 33.9 0
    endloop
  endfacet
  facet normal 0.751764 -0.659432 0
    outer loop
      vertex 47.8393 34.0523 2
      vertex 47.96 34.1899 0
      vertex 47.96 34.1899 2
    endloop
  endfacet
  facet normal 0.751764 -0.659432 0
    outer loop
      vertex 47.96 34.1899 0
      vertex 47.8393 34.0523 2
      vertex 47.8393 34.0523 0
    endloop
  endfacet
  facet normal -0.194961 0.980811 0
    outer loop
      vertex 49.3123 31.8477 0
      vertex 49.1327 31.812 2
      vertex 49.3123 31.8477 2
    endloop
  endfacet
  facet normal -0.194961 0.980811 0
    outer loop
      vertex 49.1327 31.812 2
      vertex 49.3123 31.8477 0
      vertex 49.1327 31.812 0
    endloop
  endfacet
  facet normal -0.321462 0.946922 0
    outer loop
      vertex 49.4858 31.9066 0
      vertex 49.3123 31.8477 2
      vertex 49.4858 31.9066 2
    endloop
  endfacet
  facet normal -0.321462 0.946922 0
    outer loop
      vertex 49.3123 31.8477 2
      vertex 49.4858 31.9066 0
      vertex 49.3123 31.8477 0
    endloop
  endfacet
  facet normal -0.0655402 0.99785 0
    outer loop
      vertex 49.1327 31.812 0
      vertex 48.95 31.8 2
      vertex 49.1327 31.812 2
    endloop
  endfacet
  facet normal -0.0655402 0.99785 0
    outer loop
      vertex 48.95 31.8 2
      vertex 49.1327 31.812 0
      vertex 48.95 31.8 0
    endloop
  endfacet
  facet normal 0.442401 0.896817 -0
    outer loop
      vertex 48.4142 31.9066 0
      vertex 48.25 31.9876 2
      vertex 48.4142 31.9066 2
    endloop
  endfacet
  facet normal 0.442401 0.896817 0
    outer loop
      vertex 48.25 31.9876 2
      vertex 48.4142 31.9066 0
      vertex 48.25 31.9876 0
    endloop
  endfacet
  facet normal 0.55533 0.83163 -0
    outer loop
      vertex 48.25 31.9876 0
      vertex 48.0977 32.0893 2
      vertex 48.25 31.9876 2
    endloop
  endfacet
  facet normal 0.55533 0.83163 0
    outer loop
      vertex 48.0977 32.0893 2
      vertex 48.25 31.9876 0
      vertex 48.0977 32.0893 0
    endloop
  endfacet
  facet normal 0.980811 0.194961 0
    outer loop
      vertex 47.5977 32.8377 2
      vertex 47.562 33.0173 0
      vertex 47.562 33.0173 2
    endloop
  endfacet
  facet normal 0.980811 0.194961 0
    outer loop
      vertex 47.562 33.0173 0
      vertex 47.5977 32.8377 2
      vertex 47.5977 32.8377 0
    endloop
  endfacet
  facet normal -0.980811 -0.194961 0
    outer loop
      vertex 50.338 33.3827 0
      vertex 50.3023 33.5623 2
      vertex 50.3023 33.5623 0
    endloop
  endfacet
  facet normal -0.980811 -0.194961 0
    outer loop
      vertex 50.3023 33.5623 2
      vertex 50.338 33.3827 0
      vertex 50.338 33.3827 2
    endloop
  endfacet
  facet normal -0.896817 -0.442401 0
    outer loop
      vertex 50.2434 33.7358 0
      vertex 50.1624 33.9 2
      vertex 50.1624 33.9 0
    endloop
  endfacet
  facet normal -0.896817 -0.442401 0
    outer loop
      vertex 50.1624 33.9 2
      vertex 50.2434 33.7358 0
      vertex 50.2434 33.7358 2
    endloop
  endfacet
  facet normal -0.83163 -0.55533 0
    outer loop
      vertex 50.1624 33.9 0
      vertex 50.0607 34.0523 2
      vertex 50.0607 34.0523 0
    endloop
  endfacet
  facet normal -0.83163 -0.55533 0
    outer loop
      vertex 50.0607 34.0523 2
      vertex 50.1624 33.9 0
      vertex 50.1624 33.9 2
    endloop
  endfacet
  facet normal -0.751493 -0.659741 0
    outer loop
      vertex 50.0607 34.0523 0
      vertex 49.9399 34.1899 2
      vertex 49.9399 34.1899 0
    endloop
  endfacet
  facet normal -0.751493 -0.659741 0
    outer loop
      vertex 49.9399 34.1899 2
      vertex 50.0607 34.0523 0
      vertex 50.0607 34.0523 2
    endloop
  endfacet
  facet normal -0.321462 -0.946922 0
    outer loop
      vertex 49.3123 34.5523 0
      vertex 49.4858 34.4934 2
      vertex 49.3123 34.5523 2
    endloop
  endfacet
  facet normal -0.321462 -0.946922 -0
    outer loop
      vertex 49.4858 34.4934 2
      vertex 49.3123 34.5523 0
      vertex 49.4858 34.4934 0
    endloop
  endfacet
  facet normal -0.194961 -0.980811 0
    outer loop
      vertex 49.1327 34.588 0
      vertex 49.3123 34.5523 2
      vertex 49.1327 34.588 2
    endloop
  endfacet
  facet normal -0.194961 -0.980811 -0
    outer loop
      vertex 49.3123 34.5523 2
      vertex 49.1327 34.588 0
      vertex 49.3123 34.5523 0
    endloop
  endfacet
  facet normal 0.99785 0.0655402 0
    outer loop
      vertex 47.562 33.0173 2
      vertex 47.55 33.2 0
      vertex 47.55 33.2 2
    endloop
  endfacet
  facet normal 0.99785 0.0655402 0
    outer loop
      vertex 47.55 33.2 0
      vertex 47.562 33.0173 2
      vertex 47.562 33.0173 0
    endloop
  endfacet
  facet normal 0.980811 -0.194961 0
    outer loop
      vertex 47.562 33.3827 2
      vertex 47.5977 33.5623 0
      vertex 47.5977 33.5623 2
    endloop
  endfacet
  facet normal 0.980811 -0.194961 0
    outer loop
      vertex 47.5977 33.5623 0
      vertex 47.562 33.3827 2
      vertex 47.562 33.3827 0
    endloop
  endfacet
  facet normal 0.896817 -0.442401 0
    outer loop
      vertex 47.6566 33.7358 2
      vertex 47.7376 33.9 0
      vertex 47.7376 33.9 2
    endloop
  endfacet
  facet normal 0.896817 -0.442401 0
    outer loop
      vertex 47.7376 33.9 0
      vertex 47.6566 33.7358 2
      vertex 47.6566 33.7358 0
    endloop
  endfacet
  facet normal 0.194961 -0.980811 0
    outer loop
      vertex 48.5877 34.5523 0
      vertex 48.7673 34.588 2
      vertex 48.5877 34.5523 2
    endloop
  endfacet
  facet normal 0.194961 -0.980811 0
    outer loop
      vertex 48.7673 34.588 2
      vertex 48.5877 34.5523 0
      vertex 48.7673 34.588 0
    endloop
  endfacet
  facet normal 0.321462 -0.946922 0
    outer loop
      vertex 48.4142 34.4934 0
      vertex 48.5877 34.5523 2
      vertex 48.4142 34.4934 2
    endloop
  endfacet
  facet normal 0.321462 -0.946922 0
    outer loop
      vertex 48.5877 34.5523 2
      vertex 48.4142 34.4934 0
      vertex 48.5877 34.5523 0
    endloop
  endfacet
  facet normal 0.55533 -0.83163 0
    outer loop
      vertex 48.0977 34.3107 0
      vertex 48.25 34.4124 2
      vertex 48.0977 34.3107 2
    endloop
  endfacet
  facet normal 0.55533 -0.83163 0
    outer loop
      vertex 48.25 34.4124 2
      vertex 48.0977 34.3107 0
      vertex 48.25 34.4124 0
    endloop
  endfacet
  facet normal 0.65947 -0.751731 0
    outer loop
      vertex 47.96 34.1899 0
      vertex 48.0977 34.3107 2
      vertex 47.96 34.1899 2
    endloop
  endfacet
  facet normal 0.65947 -0.751731 0
    outer loop
      vertex 48.0977 34.3107 2
      vertex 47.96 34.1899 0
      vertex 48.0977 34.3107 0
    endloop
  endfacet
  facet normal -0.99785 -0.0655402 0
    outer loop
      vertex 50.35 33.2 0
      vertex 50.338 33.3827 2
      vertex 50.338 33.3827 0
    endloop
  endfacet
  facet normal -0.99785 -0.0655402 0
    outer loop
      vertex 50.338 33.3827 2
      vertex 50.35 33.2 0
      vertex 50.35 33.2 2
    endloop
  endfacet
  facet normal -0.83163 0.55533 0
    outer loop
      vertex 50.0607 32.3477 0
      vertex 50.1624 32.5 2
      vertex 50.1624 32.5 0
    endloop
  endfacet
  facet normal -0.83163 0.55533 0
    outer loop
      vertex 50.1624 32.5 2
      vertex 50.0607 32.3477 0
      vertex 50.0607 32.3477 2
    endloop
  endfacet
  facet normal -0.55533 0.83163 0
    outer loop
      vertex 49.8023 32.0893 0
      vertex 49.65 31.9876 2
      vertex 49.8023 32.0893 2
    endloop
  endfacet
  facet normal -0.55533 0.83163 0
    outer loop
      vertex 49.65 31.9876 2
      vertex 49.8023 32.0893 0
      vertex 49.65 31.9876 0
    endloop
  endfacet
  facet normal -0.659432 0.751764 0
    outer loop
      vertex 49.9399 32.21 0
      vertex 49.8023 32.0893 2
      vertex 49.9399 32.21 2
    endloop
  endfacet
  facet normal -0.659432 0.751764 0
    outer loop
      vertex 49.8023 32.0893 2
      vertex 49.9399 32.21 0
      vertex 49.8023 32.0893 0
    endloop
  endfacet
  facet normal 0.0655402 0.99785 -0
    outer loop
      vertex 48.95 31.8 0
      vertex 48.7673 31.812 2
      vertex 48.95 31.8 2
    endloop
  endfacet
  facet normal 0.0655402 0.99785 0
    outer loop
      vertex 48.7673 31.812 2
      vertex 48.95 31.8 0
      vertex 48.7673 31.812 0
    endloop
  endfacet
  facet normal 0.321462 0.946922 -0
    outer loop
      vertex 48.5877 31.8477 0
      vertex 48.4142 31.9066 2
      vertex 48.5877 31.8477 2
    endloop
  endfacet
  facet normal 0.321462 0.946922 0
    outer loop
      vertex 48.4142 31.9066 2
      vertex 48.5877 31.8477 0
      vertex 48.4142 31.9066 0
    endloop
  endfacet
  facet normal 0.946922 0.321462 0
    outer loop
      vertex 47.6566 32.6642 2
      vertex 47.5977 32.8377 0
      vertex 47.5977 32.8377 2
    endloop
  endfacet
  facet normal 0.946922 0.321462 0
    outer loop
      vertex 47.5977 32.8377 0
      vertex 47.6566 32.6642 2
      vertex 47.6566 32.6642 0
    endloop
  endfacet
  facet normal 0.659162 0.752001 -0
    outer loop
      vertex 48.0977 32.0893 0
      vertex 47.96 32.21 2
      vertex 48.0977 32.0893 2
    endloop
  endfacet
  facet normal 0.659162 0.752001 0
    outer loop
      vertex 47.96 32.21 2
      vertex 48.0977 32.0893 0
      vertex 47.96 32.21 0
    endloop
  endfacet
  facet normal -0.99785 0.0655402 0
    outer loop
      vertex 50.338 33.0173 0
      vertex 50.35 33.2 2
      vertex 50.35 33.2 0
    endloop
  endfacet
  facet normal -0.99785 0.0655402 0
    outer loop
      vertex 50.35 33.2 2
      vertex 50.338 33.0173 0
      vertex 50.338 33.0173 2
    endloop
  endfacet
  facet normal -0.896817 0.442401 0
    outer loop
      vertex 50.1624 32.5 0
      vertex 50.2434 32.6642 2
      vertex 50.2434 32.6642 0
    endloop
  endfacet
  facet normal -0.896817 0.442401 0
    outer loop
      vertex 50.2434 32.6642 2
      vertex 50.1624 32.5 0
      vertex 50.1624 32.5 2
    endloop
  endfacet
  facet normal -0.442401 0.896817 0
    outer loop
      vertex 49.65 31.9876 0
      vertex 49.4858 31.9066 2
      vertex 49.65 31.9876 2
    endloop
  endfacet
  facet normal -0.442401 0.896817 0
    outer loop
      vertex 49.4858 31.9066 2
      vertex 49.65 31.9876 0
      vertex 49.4858 31.9066 0
    endloop
  endfacet
  facet normal 0.896817 0.442401 0
    outer loop
      vertex 47.7376 32.5 2
      vertex 47.6566 32.6642 0
      vertex 47.6566 32.6642 2
    endloop
  endfacet
  facet normal 0.896817 0.442401 0
    outer loop
      vertex 47.6566 32.6642 0
      vertex 47.7376 32.5 2
      vertex 47.7376 32.5 0
    endloop
  endfacet
  facet normal 0.752001 0.659162 0
    outer loop
      vertex 47.96 32.21 2
      vertex 47.8393 32.3477 0
      vertex 47.8393 32.3477 2
    endloop
  endfacet
  facet normal 0.752001 0.659162 0
    outer loop
      vertex 47.8393 32.3477 0
      vertex 47.96 32.21 2
      vertex 47.96 32.21 0
    endloop
  endfacet
  facet normal -0.946922 0.321462 0
    outer loop
      vertex 50.2434 32.6642 0
      vertex 50.3023 32.8377 2
      vertex 50.3023 32.8377 0
    endloop
  endfacet
  facet normal -0.946922 0.321462 0
    outer loop
      vertex 50.3023 32.8377 2
      vertex 50.2434 32.6642 0
      vertex 50.2434 32.6642 2
    endloop
  endfacet
  facet normal -0.815897 0 0.578197
    outer loop
      vertex 8.84999 -30 2
      vertex 13.35 30 8.34999
      vertex 8.84999 30 2
    endloop
  endfacet
  facet normal -0.815897 0 0.578197
    outer loop
      vertex 13.35 30 8.34999
      vertex 8.84999 -30 2
      vertex 13.35 -30 8.34999
    endloop
  endfacet
  facet normal 0 0 -1
    outer loop
      vertex -13.35 -30 8.34999
      vertex 13.35 30 8.34999
      vertex 13.35 -30 8.34999
    endloop
  endfacet
  facet normal -0 0 -1
    outer loop
      vertex 13.35 30 8.34999
      vertex -13.35 -30 8.34999
      vertex -13.35 30 8.34999
    endloop
  endfacet
  facet normal 0.815897 -0 0.578197
    outer loop
      vertex -13.35 -30 8.34999
      vertex -8.84999 30 2
      vertex -13.35 30 8.34999
    endloop
  endfacet
  facet normal 0.815897 0 0.578197
    outer loop
      vertex -8.84999 30 2
      vertex -13.35 -30 8.34999
      vertex -8.84999 -30 2
    endloop
  endfacet
endsolid OpenSCAD_Model
