solid OpenSCAD_Model
  facet normal 0 0 1
    outer loop
      vertex 50.5 -30.5 27.2
      vertex 50.0406 -33.0564 27.2
      vertex 50.05 -33.2 27.2
    endloop
  endfacet
  facet normal 0 0 1
    outer loop
      vertex 50.5 -30.5 27.2
      vertex 50.0125 -32.9153 27.2
      vertex 50.0406 -33.0564 27.2
    endloop
  endfacet
  facet normal 0 0 1
    outer loop
      vertex 50.5 -30.5 27.2
      vertex 49.9663 -32.779 27.2
      vertex 50.0125 -32.9153 27.2
    endloop
  endfacet
  facet normal 0 0 1
    outer loop
      vertex 50.5 -30.5 27.2
      vertex 49.9026 -32.65 27.2
      vertex 49.9663 -32.779 27.2
    endloop
  endfacet
  facet normal 0 0 1
    outer loop
      vertex 50.5 -30.5 27.2
      vertex 49.8227 -32.5304 27.2
      vertex 49.9026 -32.65 27.2
    endloop
  endfacet
  facet normal 0 0 1
    outer loop
      vertex 50.5 -30.5 27.2
      vertex 49.7278 -32.4222 27.2
      vertex 49.8227 -32.5304 27.2
    endloop
  endfacet
  facet normal 0 0 1
    outer loop
      vertex 50.5 -30.5 27.2
      vertex 49.6196 -32.3273 27.2
      vertex 49.7278 -32.4222 27.2
    endloop
  endfacet
  facet normal 0 0 1
    outer loop
      vertex 50.5 -30.5 27.2
      vertex 49.5 -32.2474 27.2
      vertex 49.6196 -32.3273 27.2
    endloop
  endfacet
  facet normal 0 0 1
    outer loop
      vertex 50.5 -30.5 27.2
      vertex 49.371 -32.1837 27.2
      vertex 49.5 -32.2474 27.2
    endloop
  endfacet
  facet normal 0 0 1
    outer loop
      vertex 50.5 -30.5 27.2
      vertex 49.2347 -32.1375 27.2
      vertex 49.371 -32.1837 27.2
    endloop
  endfacet
  facet normal 0 0 1
    outer loop
      vertex 50.5 -30.5 27.2
      vertex 49.0936 -32.1094 27.2
      vertex 49.2347 -32.1375 27.2
    endloop
  endfacet
  facet normal 0 0 1
    outer loop
      vertex 50.5 -30.5 27.2
      vertex 48.95 -32.1 27.2
      vertex 49.0936 -32.1094 27.2
    endloop
  endfacet
  facet normal 0 0 1
    outer loop
      vertex 50.5 -30.5 27.2
      vertex 48.8064 -32.1094 27.2
      vertex 48.95 -32.1 27.2
    endloop
  endfacet
  facet normal 0 0 1
    outer loop
      vertex 50.5 -30.5 27.2
      vertex 48.6653 -32.1375 27.2
      vertex 48.8064 -32.1094 27.2
    endloop
  endfacet
  facet normal 0 0 1
    outer loop
      vertex 50.5 -30.5 27.2
      vertex 48.529 -32.1837 27.2
      vertex 48.6653 -32.1375 27.2
    endloop
  endfacet
  facet normal 0 0 1
    outer loop
      vertex 50.5 -30.5 27.2
      vertex 48.4 -32.2474 27.2
      vertex 48.529 -32.1837 27.2
    endloop
  endfacet
  facet normal 0 0 1
    outer loop
      vertex 50.5 -30.5 27.2
      vertex 48.2804 -32.3273 27.2
      vertex 48.4 -32.2474 27.2
    endloop
  endfacet
  facet normal 0 0 1
    outer loop
      vertex 47.8594 -33.0564 27.2
      vertex -47.85 -33.2 27.2
      vertex 47.85 -33.2 27.2
    endloop
  endfacet
  facet normal 0 0 1
    outer loop
      vertex -47.8594 -33.0564 27.2
      vertex 47.8594 -33.0564 27.2
      vertex 47.8875 -32.9153 27.2
    endloop
  endfacet
  facet normal 0 0 1
    outer loop
      vertex -47.8875 -32.9153 27.2
      vertex 47.8875 -32.9153 27.2
      vertex 47.9337 -32.779 27.2
    endloop
  endfacet
  facet normal 0 0 1
    outer loop
      vertex -47.9337 -32.779 27.2
      vertex 47.9337 -32.779 27.2
      vertex 47.9974 -32.65 27.2
    endloop
  endfacet
  facet normal 0 0 1
    outer loop
      vertex -47.9974 -32.65 27.2
      vertex 47.9974 -32.65 27.2
      vertex 48.0773 -32.5304 27.2
    endloop
  endfacet
  facet normal 0 0 1
    outer loop
      vertex -48.0773 -32.5304 27.2
      vertex 48.0773 -32.5304 27.2
      vertex 48.1722 -32.4222 27.2
    endloop
  endfacet
  facet normal 0 0 1
    outer loop
      vertex -48.1722 -32.4222 27.2
      vertex 48.1722 -32.4222 27.2
      vertex 48.2804 -32.3273 27.2
    endloop
  endfacet
  facet normal 0 0 1
    outer loop
      vertex -48.2804 -32.3273 27.2
      vertex 48.2804 -32.3273 27.2
      vertex 50.5 -30.5 27.2
    endloop
  endfacet
  facet normal 0 0 1
    outer loop
      vertex 47.8594 -33.0564 27.2
      vertex -47.8594 -33.0564 27.2
      vertex -47.85 -33.2 27.2
    endloop
  endfacet
  facet normal 0 0 1
    outer loop
      vertex 47.8875 -32.9153 27.2
      vertex -47.8875 -32.9153 27.2
      vertex -47.8594 -33.0564 27.2
    endloop
  endfacet
  facet normal 0 0 1
    outer loop
      vertex 47.9337 -32.779 27.2
      vertex -47.9337 -32.779 27.2
      vertex -47.8875 -32.9153 27.2
    endloop
  endfacet
  facet normal 0 0 1
    outer loop
      vertex 47.9974 -32.65 27.2
      vertex -47.9974 -32.65 27.2
      vertex -47.9337 -32.779 27.2
    endloop
  endfacet
  facet normal 0 0 1
    outer loop
      vertex 48.0773 -32.5304 27.2
      vertex -48.0773 -32.5304 27.2
      vertex -47.9974 -32.65 27.2
    endloop
  endfacet
  facet normal 0 0 1
    outer loop
      vertex 48.1722 -32.4222 27.2
      vertex -48.1722 -32.4222 27.2
      vertex -48.0773 -32.5304 27.2
    endloop
  endfacet
  facet normal 0 0 1
    outer loop
      vertex 48.2804 -32.3273 27.2
      vertex -48.2804 -32.3273 27.2
      vertex -48.1722 -32.4222 27.2
    endloop
  endfacet
  facet normal -0 0 1
    outer loop
      vertex -50.5 -30.5 27.2
      vertex -48.2804 -32.3273 27.2
      vertex 50.5 -30.5 27.2
    endloop
  endfacet
  facet normal 0 0 1
    outer loop
      vertex -48.2804 -32.3273 27.2
      vertex -50.5 -30.5 27.2
      vertex -48.4 -32.2474 27.2
    endloop
  endfacet
  facet normal 0 0 1
    outer loop
      vertex -48.4 -32.2474 27.2
      vertex -50.5 -30.5 27.2
      vertex -48.529 -32.1837 27.2
    endloop
  endfacet
  facet normal 0 0 1
    outer loop
      vertex -48.529 -32.1837 27.2
      vertex -50.5 -30.5 27.2
      vertex -48.6653 -32.1375 27.2
    endloop
  endfacet
  facet normal 0 0 1
    outer loop
      vertex -48.6653 -32.1375 27.2
      vertex -50.5 -30.5 27.2
      vertex -48.8064 -32.1094 27.2
    endloop
  endfacet
  facet normal 0 0 1
    outer loop
      vertex -50.0406 -33.0564 27.2
      vertex -50.5 -30.5 27.2
      vertex -50.05 -33.2 27.2
    endloop
  endfacet
  facet normal 0 0 1
    outer loop
      vertex -50.0125 -32.9153 27.2
      vertex -50.5 -30.5 27.2
      vertex -50.0406 -33.0564 27.2
    endloop
  endfacet
  facet normal 0 0 1
    outer loop
      vertex -49.9663 -32.779 27.2
      vertex -50.5 -30.5 27.2
      vertex -50.0125 -32.9153 27.2
    endloop
  endfacet
  facet normal 0 0 1
    outer loop
      vertex -49.9026 -32.65 27.2
      vertex -50.5 -30.5 27.2
      vertex -49.9663 -32.779 27.2
    endloop
  endfacet
  facet normal 0 0 1
    outer loop
      vertex -49.8227 -32.5304 27.2
      vertex -50.5 -30.5 27.2
      vertex -49.9026 -32.65 27.2
    endloop
  endfacet
  facet normal 0 0 1
    outer loop
      vertex -49.7278 -32.4222 27.2
      vertex -50.5 -30.5 27.2
      vertex -49.8227 -32.5304 27.2
    endloop
  endfacet
  facet normal 0 0 1
    outer loop
      vertex -49.6196 -32.3273 27.2
      vertex -50.5 -30.5 27.2
      vertex -49.7278 -32.4222 27.2
    endloop
  endfacet
  facet normal 0 0 1
    outer loop
      vertex -49.5 -32.2474 27.2
      vertex -50.5 -30.5 27.2
      vertex -49.6196 -32.3273 27.2
    endloop
  endfacet
  facet normal 0 0 1
    outer loop
      vertex -49.371 -32.1837 27.2
      vertex -50.5 -30.5 27.2
      vertex -49.5 -32.2474 27.2
    endloop
  endfacet
  facet normal 0 0 1
    outer loop
      vertex -49.2347 -32.1375 27.2
      vertex -50.5 -30.5 27.2
      vertex -49.371 -32.1837 27.2
    endloop
  endfacet
  facet normal 0 0 1
    outer loop
      vertex -49.0936 -32.1094 27.2
      vertex -50.5 -30.5 27.2
      vertex -49.2347 -32.1375 27.2
    endloop
  endfacet
  facet normal 0 0 1
    outer loop
      vertex -48.95 -32.1 27.2
      vertex -50.5 -30.5 27.2
      vertex -49.0936 -32.1094 27.2
    endloop
  endfacet
  facet normal 0 0 1
    outer loop
      vertex -48.8064 -32.1094 27.2
      vertex -50.5 -30.5 27.2
      vertex -48.95 -32.1 27.2
    endloop
  endfacet
  facet normal 0 0 1
    outer loop
      vertex 54.95 39.2 27.2
      vertex 50.5 30.5 27.2
      vertex 54.95 -39.2 27.2
    endloop
  endfacet
  facet normal 0 0 1
    outer loop
      vertex 54.95 39.2 27.2
      vertex 50.05 33.2 27.2
      vertex 50.5 30.5 27.2
    endloop
  endfacet
  facet normal 0 0 1
    outer loop
      vertex 54.95 39.2 27.2
      vertex 50.0406 33.3436 27.2
      vertex 50.05 33.2 27.2
    endloop
  endfacet
  facet normal 0 0 1
    outer loop
      vertex 54.95 39.2 27.2
      vertex 50.0125 33.4847 27.2
      vertex 50.0406 33.3436 27.2
    endloop
  endfacet
  facet normal 0 0 1
    outer loop
      vertex 54.95 39.2 27.2
      vertex 49.9663 33.621 27.2
      vertex 50.0125 33.4847 27.2
    endloop
  endfacet
  facet normal 0 0 1
    outer loop
      vertex 54.95 39.2 27.2
      vertex 49.9026 33.75 27.2
      vertex 49.9663 33.621 27.2
    endloop
  endfacet
  facet normal 0 0 1
    outer loop
      vertex 54.95 39.2 27.2
      vertex 49.8227 33.8696 27.2
      vertex 49.9026 33.75 27.2
    endloop
  endfacet
  facet normal 0 0 1
    outer loop
      vertex 54.95 39.2 27.2
      vertex 49.7278 33.9778 27.2
      vertex 49.8227 33.8696 27.2
    endloop
  endfacet
  facet normal 0 0 1
    outer loop
      vertex 54.95 39.2 27.2
      vertex 49.6196 34.0727 27.2
      vertex 49.7278 33.9778 27.2
    endloop
  endfacet
  facet normal 0 0 1
    outer loop
      vertex 54.95 39.2 27.2
      vertex 49.5 34.1526 27.2
      vertex 49.6196 34.0727 27.2
    endloop
  endfacet
  facet normal 0 0 1
    outer loop
      vertex 54.95 39.2 27.2
      vertex 49.371 34.2163 27.2
      vertex 49.5 34.1526 27.2
    endloop
  endfacet
  facet normal 0 0 1
    outer loop
      vertex 54.95 39.2 27.2
      vertex 49.2347 34.2625 27.2
      vertex 49.371 34.2163 27.2
    endloop
  endfacet
  facet normal 0 0 1
    outer loop
      vertex 54.95 39.2 27.2
      vertex 49.0936 34.2906 27.2
      vertex 49.2347 34.2625 27.2
    endloop
  endfacet
  facet normal 0 0 1
    outer loop
      vertex 54.95 39.2 27.2
      vertex 48.95 34.3 27.2
      vertex 49.0936 34.2906 27.2
    endloop
  endfacet
  facet normal 0 0 1
    outer loop
      vertex 54.95 39.2 27.2
      vertex 48.8064 34.2906 27.2
      vertex 48.95 34.3 27.2
    endloop
  endfacet
  facet normal 0 0 1
    outer loop
      vertex 54.95 39.2 27.2
      vertex 48.6653 34.2625 27.2
      vertex 48.8064 34.2906 27.2
    endloop
  endfacet
  facet normal 0 0 1
    outer loop
      vertex 54.95 39.2 27.2
      vertex 48.529 34.2163 27.2
      vertex 48.6653 34.2625 27.2
    endloop
  endfacet
  facet normal 0 0 1
    outer loop
      vertex 54.95 39.2 27.2
      vertex 48.4 34.1526 27.2
      vertex 48.529 34.2163 27.2
    endloop
  endfacet
  facet normal 0 0 1
    outer loop
      vertex 54.95 39.2 27.2
      vertex 48.2804 34.0727 27.2
      vertex 48.4 34.1526 27.2
    endloop
  endfacet
  facet normal 0 0 1
    outer loop
      vertex 47.8594 33.3436 27.2
      vertex -47.85 33.2 27.2
      vertex 47.85 33.2 27.2
    endloop
  endfacet
  facet normal 0 0 1
    outer loop
      vertex -47.8594 33.3436 27.2
      vertex 47.8594 33.3436 27.2
      vertex 47.8875 33.4847 27.2
    endloop
  endfacet
  facet normal 0 0 1
    outer loop
      vertex -47.8875 33.4847 27.2
      vertex 47.8875 33.4847 27.2
      vertex 47.9337 33.621 27.2
    endloop
  endfacet
  facet normal 0 0 1
    outer loop
      vertex -47.9337 33.621 27.2
      vertex 47.9337 33.621 27.2
      vertex 47.9974 33.75 27.2
    endloop
  endfacet
  facet normal 0 0 1
    outer loop
      vertex -47.9974 33.75 27.2
      vertex 47.9974 33.75 27.2
      vertex 48.0773 33.8696 27.2
    endloop
  endfacet
  facet normal 0 0 1
    outer loop
      vertex -48.0773 33.8696 27.2
      vertex 48.0773 33.8696 27.2
      vertex 48.1722 33.9778 27.2
    endloop
  endfacet
  facet normal 0 0 1
    outer loop
      vertex -48.1722 33.9778 27.2
      vertex 48.1722 33.9778 27.2
      vertex 48.2804 34.0727 27.2
    endloop
  endfacet
  facet normal 0 0 1
    outer loop
      vertex -48.2804 34.0727 27.2
      vertex 48.2804 34.0727 27.2
      vertex 54.95 39.2 27.2
    endloop
  endfacet
  facet normal 0 0 1
    outer loop
      vertex 47.8594 33.3436 27.2
      vertex -47.8594 33.3436 27.2
      vertex -47.85 33.2 27.2
    endloop
  endfacet
  facet normal 0 0 1
    outer loop
      vertex 47.8875 33.4847 27.2
      vertex -47.8875 33.4847 27.2
      vertex -47.8594 33.3436 27.2
    endloop
  endfacet
  facet normal 0 0 1
    outer loop
      vertex 47.9337 33.621 27.2
      vertex -47.9337 33.621 27.2
      vertex -47.8875 33.4847 27.2
    endloop
  endfacet
  facet normal 0 0 1
    outer loop
      vertex 47.9974 33.75 27.2
      vertex -47.9974 33.75 27.2
      vertex -47.9337 33.621 27.2
    endloop
  endfacet
  facet normal 0 0 1
    outer loop
      vertex 48.0773 33.8696 27.2
      vertex -48.0773 33.8696 27.2
      vertex -47.9974 33.75 27.2
    endloop
  endfacet
  facet normal 0 0 1
    outer loop
      vertex 48.1722 33.9778 27.2
      vertex -48.1722 33.9778 27.2
      vertex -48.0773 33.8696 27.2
    endloop
  endfacet
  facet normal 0 0 1
    outer loop
      vertex 48.2804 34.0727 27.2
      vertex -48.2804 34.0727 27.2
      vertex -48.1722 33.9778 27.2
    endloop
  endfacet
  facet normal -0 0 1
    outer loop
      vertex -54.95 39.2 27.2
      vertex -48.2804 34.0727 27.2
      vertex 54.95 39.2 27.2
    endloop
  endfacet
  facet normal 0 0 1
    outer loop
      vertex -48.2804 34.0727 27.2
      vertex -54.95 39.2 27.2
      vertex -48.4 34.1526 27.2
    endloop
  endfacet
  facet normal 0 0 1
    outer loop
      vertex -48.4 34.1526 27.2
      vertex -54.95 39.2 27.2
      vertex -48.529 34.2163 27.2
    endloop
  endfacet
  facet normal 0 0 1
    outer loop
      vertex -48.529 34.2163 27.2
      vertex -54.95 39.2 27.2
      vertex -48.6653 34.2625 27.2
    endloop
  endfacet
  facet normal 0 0 1
    outer loop
      vertex -48.6653 34.2625 27.2
      vertex -54.95 39.2 27.2
      vertex -48.8064 34.2906 27.2
    endloop
  endfacet
  facet normal 0 0 1
    outer loop
      vertex -54.95 39.2 27.2
      vertex -50.05 33.2 27.2
      vertex -50.0406 33.3436 27.2
    endloop
  endfacet
  facet normal 0 0 1
    outer loop
      vertex -50.5 30.5 27.2
      vertex -54.95 39.2 27.2
      vertex -50.5 -30.5 27.2
    endloop
  endfacet
  facet normal 0 0 1
    outer loop
      vertex -50.05 33.2 27.2
      vertex -54.95 39.2 27.2
      vertex -50.5 30.5 27.2
    endloop
  endfacet
  facet normal 0 0 1
    outer loop
      vertex -50.0125 33.4847 27.2
      vertex -54.95 39.2 27.2
      vertex -50.0406 33.3436 27.2
    endloop
  endfacet
  facet normal 0 0 1
    outer loop
      vertex -49.9663 33.621 27.2
      vertex -54.95 39.2 27.2
      vertex -50.0125 33.4847 27.2
    endloop
  endfacet
  facet normal 0 0 1
    outer loop
      vertex -49.9026 33.75 27.2
      vertex -54.95 39.2 27.2
      vertex -49.9663 33.621 27.2
    endloop
  endfacet
  facet normal 0 0 1
    outer loop
      vertex -49.8227 33.8696 27.2
      vertex -54.95 39.2 27.2
      vertex -49.9026 33.75 27.2
    endloop
  endfacet
  facet normal 0 0 1
    outer loop
      vertex -49.7278 33.9778 27.2
      vertex -54.95 39.2 27.2
      vertex -49.8227 33.8696 27.2
    endloop
  endfacet
  facet normal 0 0 1
    outer loop
      vertex -49.6196 34.0727 27.2
      vertex -54.95 39.2 27.2
      vertex -49.7278 33.9778 27.2
    endloop
  endfacet
  facet normal 0 0 1
    outer loop
      vertex -49.5 34.1526 27.2
      vertex -54.95 39.2 27.2
      vertex -49.6196 34.0727 27.2
    endloop
  endfacet
  facet normal 0 0 1
    outer loop
      vertex -49.371 34.2163 27.2
      vertex -54.95 39.2 27.2
      vertex -49.5 34.1526 27.2
    endloop
  endfacet
  facet normal 0 0 1
    outer loop
      vertex -49.2347 34.2625 27.2
      vertex -54.95 39.2 27.2
      vertex -49.371 34.2163 27.2
    endloop
  endfacet
  facet normal 0 0 1
    outer loop
      vertex -49.0936 34.2906 27.2
      vertex -54.95 39.2 27.2
      vertex -49.2347 34.2625 27.2
    endloop
  endfacet
  facet normal 0 0 1
    outer loop
      vertex -48.95 34.3 27.2
      vertex -54.95 39.2 27.2
      vertex -49.0936 34.2906 27.2
    endloop
  endfacet
  facet normal 0 0 1
    outer loop
      vertex -48.8064 34.2906 27.2
      vertex -54.95 39.2 27.2
      vertex -48.95 34.3 27.2
    endloop
  endfacet
  facet normal -0 0 1
    outer loop
      vertex 50.5 -30.5 27.2
      vertex 54.95 -39.2 27.2
      vertex 50.5 30.5 27.2
    endloop
  endfacet
  facet normal -0 0 1
    outer loop
      vertex 50.05 -33.2 27.2
      vertex 54.95 -39.2 27.2
      vertex 50.5 -30.5 27.2
    endloop
  endfacet
  facet normal -0 0 1
    outer loop
      vertex 50.0406 -33.3436 27.2
      vertex 54.95 -39.2 27.2
      vertex 50.05 -33.2 27.2
    endloop
  endfacet
  facet normal -0 0 1
    outer loop
      vertex 50.0125 -33.4847 27.2
      vertex 54.95 -39.2 27.2
      vertex 50.0406 -33.3436 27.2
    endloop
  endfacet
  facet normal -0 0 1
    outer loop
      vertex 49.9663 -33.621 27.2
      vertex 54.95 -39.2 27.2
      vertex 50.0125 -33.4847 27.2
    endloop
  endfacet
  facet normal -0 0 1
    outer loop
      vertex 49.9026 -33.75 27.2
      vertex 54.95 -39.2 27.2
      vertex 49.9663 -33.621 27.2
    endloop
  endfacet
  facet normal -0 0 1
    outer loop
      vertex 49.8227 -33.8696 27.2
      vertex 54.95 -39.2 27.2
      vertex 49.9026 -33.75 27.2
    endloop
  endfacet
  facet normal -0 0 1
    outer loop
      vertex 49.7278 -33.9778 27.2
      vertex 54.95 -39.2 27.2
      vertex 49.8227 -33.8696 27.2
    endloop
  endfacet
  facet normal -0 0 1
    outer loop
      vertex 49.6196 -34.0727 27.2
      vertex 54.95 -39.2 27.2
      vertex 49.7278 -33.9778 27.2
    endloop
  endfacet
  facet normal -0 0 1
    outer loop
      vertex 49.5 -34.1526 27.2
      vertex 54.95 -39.2 27.2
      vertex 49.6196 -34.0727 27.2
    endloop
  endfacet
  facet normal -0 0 1
    outer loop
      vertex 49.371 -34.2163 27.2
      vertex 54.95 -39.2 27.2
      vertex 49.5 -34.1526 27.2
    endloop
  endfacet
  facet normal -0 0 1
    outer loop
      vertex 49.2347 -34.2625 27.2
      vertex 54.95 -39.2 27.2
      vertex 49.371 -34.2163 27.2
    endloop
  endfacet
  facet normal -0 0 1
    outer loop
      vertex 49.0936 -34.2906 27.2
      vertex 54.95 -39.2 27.2
      vertex 49.2347 -34.2625 27.2
    endloop
  endfacet
  facet normal -0 0 1
    outer loop
      vertex 48.95 -34.3 27.2
      vertex 54.95 -39.2 27.2
      vertex 49.0936 -34.2906 27.2
    endloop
  endfacet
  facet normal 0 0 1
    outer loop
      vertex 48.8064 -34.2906 27.2
      vertex 54.95 -39.2 27.2
      vertex 48.95 -34.3 27.2
    endloop
  endfacet
  facet normal 0 0 1
    outer loop
      vertex 48.6653 -34.2625 27.2
      vertex 54.95 -39.2 27.2
      vertex 48.8064 -34.2906 27.2
    endloop
  endfacet
  facet normal 0 0 1
    outer loop
      vertex 48.529 -34.2163 27.2
      vertex 54.95 -39.2 27.2
      vertex 48.6653 -34.2625 27.2
    endloop
  endfacet
  facet normal 0 0 1
    outer loop
      vertex 48.4 -34.1526 27.2
      vertex 54.95 -39.2 27.2
      vertex 48.529 -34.2163 27.2
    endloop
  endfacet
  facet normal 0 0 1
    outer loop
      vertex 48.2804 -34.0727 27.2
      vertex 54.95 -39.2 27.2
      vertex 48.4 -34.1526 27.2
    endloop
  endfacet
  facet normal -0 0 1
    outer loop
      vertex -47.85 -33.2 27.2
      vertex 47.8594 -33.3436 27.2
      vertex 47.85 -33.2 27.2
    endloop
  endfacet
  facet normal 0 0 1
    outer loop
      vertex -47.8594 -33.3436 27.2
      vertex 47.8594 -33.3436 27.2
      vertex -47.85 -33.2 27.2
    endloop
  endfacet
  facet normal 0 0 1
    outer loop
      vertex 47.8594 -33.3436 27.2
      vertex -47.8594 -33.3436 27.2
      vertex 47.8875 -33.4847 27.2
    endloop
  endfacet
  facet normal 0 0 1
    outer loop
      vertex -47.8875 -33.4847 27.2
      vertex 47.8875 -33.4847 27.2
      vertex -47.8594 -33.3436 27.2
    endloop
  endfacet
  facet normal 0 0 1
    outer loop
      vertex 47.8875 -33.4847 27.2
      vertex -47.8875 -33.4847 27.2
      vertex 47.9337 -33.621 27.2
    endloop
  endfacet
  facet normal 0 0 1
    outer loop
      vertex -47.9337 -33.621 27.2
      vertex 47.9337 -33.621 27.2
      vertex -47.8875 -33.4847 27.2
    endloop
  endfacet
  facet normal 0 0 1
    outer loop
      vertex 47.9337 -33.621 27.2
      vertex -47.9337 -33.621 27.2
      vertex 47.9974 -33.75 27.2
    endloop
  endfacet
  facet normal 0 0 1
    outer loop
      vertex -47.9974 -33.75 27.2
      vertex 47.9974 -33.75 27.2
      vertex -47.9337 -33.621 27.2
    endloop
  endfacet
  facet normal 0 0 1
    outer loop
      vertex 47.9974 -33.75 27.2
      vertex -47.9974 -33.75 27.2
      vertex 48.0773 -33.8696 27.2
    endloop
  endfacet
  facet normal 0 0 1
    outer loop
      vertex -48.0773 -33.8696 27.2
      vertex 48.0773 -33.8696 27.2
      vertex -47.9974 -33.75 27.2
    endloop
  endfacet
  facet normal 0 0 1
    outer loop
      vertex 48.0773 -33.8696 27.2
      vertex -48.0773 -33.8696 27.2
      vertex 48.1722 -33.9778 27.2
    endloop
  endfacet
  facet normal 0 0 1
    outer loop
      vertex -48.1722 -33.9778 27.2
      vertex 48.1722 -33.9778 27.2
      vertex -48.0773 -33.8696 27.2
    endloop
  endfacet
  facet normal 0 0 1
    outer loop
      vertex 48.1722 -33.9778 27.2
      vertex -48.1722 -33.9778 27.2
      vertex 48.2804 -34.0727 27.2
    endloop
  endfacet
  facet normal 0 0 1
    outer loop
      vertex -48.2804 -34.0727 27.2
      vertex 48.2804 -34.0727 27.2
      vertex -48.1722 -33.9778 27.2
    endloop
  endfacet
  facet normal 0 0 1
    outer loop
      vertex 48.2804 -34.0727 27.2
      vertex -48.2804 -34.0727 27.2
      vertex 54.95 -39.2 27.2
    endloop
  endfacet
  facet normal 0 0 1
    outer loop
      vertex -54.95 -39.2 27.2
      vertex -48.2804 -34.0727 27.2
      vertex -48.4 -34.1526 27.2
    endloop
  endfacet
  facet normal 0 0 1
    outer loop
      vertex -54.95 -39.2 27.2
      vertex -48.4 -34.1526 27.2
      vertex -48.529 -34.2163 27.2
    endloop
  endfacet
  facet normal 0 0 1
    outer loop
      vertex -54.95 -39.2 27.2
      vertex -48.529 -34.2163 27.2
      vertex -48.6653 -34.2625 27.2
    endloop
  endfacet
  facet normal 0 0 1
    outer loop
      vertex -54.95 -39.2 27.2
      vertex -48.6653 -34.2625 27.2
      vertex -48.8064 -34.2906 27.2
    endloop
  endfacet
  facet normal 0 0 1
    outer loop
      vertex -54.95 -39.2 27.2
      vertex -48.8064 -34.2906 27.2
      vertex -48.95 -34.3 27.2
    endloop
  endfacet
  facet normal 0 0 1
    outer loop
      vertex -54.95 -39.2 27.2
      vertex -50.05 -33.2 27.2
      vertex -50.5 -30.5 27.2
    endloop
  endfacet
  facet normal 0 0 1
    outer loop
      vertex -48.2804 -34.0727 27.2
      vertex -54.95 -39.2 27.2
      vertex 54.95 -39.2 27.2
    endloop
  endfacet
  facet normal 0 0 1
    outer loop
      vertex -49.0936 -34.2906 27.2
      vertex -54.95 -39.2 27.2
      vertex -48.95 -34.3 27.2
    endloop
  endfacet
  facet normal 0 0 1
    outer loop
      vertex -49.2347 -34.2625 27.2
      vertex -54.95 -39.2 27.2
      vertex -49.0936 -34.2906 27.2
    endloop
  endfacet
  facet normal 0 0 1
    outer loop
      vertex -49.371 -34.2163 27.2
      vertex -54.95 -39.2 27.2
      vertex -49.2347 -34.2625 27.2
    endloop
  endfacet
  facet normal 0 0 1
    outer loop
      vertex -49.5 -34.1526 27.2
      vertex -54.95 -39.2 27.2
      vertex -49.371 -34.2163 27.2
    endloop
  endfacet
  facet normal 0 0 1
    outer loop
      vertex -49.6196 -34.0727 27.2
      vertex -54.95 -39.2 27.2
      vertex -49.5 -34.1526 27.2
    endloop
  endfacet
  facet normal 0 0 1
    outer loop
      vertex -49.7278 -33.9778 27.2
      vertex -54.95 -39.2 27.2
      vertex -49.6196 -34.0727 27.2
    endloop
  endfacet
  facet normal 0 0 1
    outer loop
      vertex -49.8227 -33.8696 27.2
      vertex -54.95 -39.2 27.2
      vertex -49.7278 -33.9778 27.2
    endloop
  endfacet
  facet normal 0 0 1
    outer loop
      vertex -49.9026 -33.75 27.2
      vertex -54.95 -39.2 27.2
      vertex -49.8227 -33.8696 27.2
    endloop
  endfacet
  facet normal 0 0 1
    outer loop
      vertex -49.9663 -33.621 27.2
      vertex -54.95 -39.2 27.2
      vertex -49.9026 -33.75 27.2
    endloop
  endfacet
  facet normal 0 0 1
    outer loop
      vertex -50.0125 -33.4847 27.2
      vertex -54.95 -39.2 27.2
      vertex -49.9663 -33.621 27.2
    endloop
  endfacet
  facet normal 0 0 1
    outer loop
      vertex -50.0406 -33.3436 27.2
      vertex -54.95 -39.2 27.2
      vertex -50.0125 -33.4847 27.2
    endloop
  endfacet
  facet normal 0 0 1
    outer loop
      vertex -50.05 -33.2 27.2
      vertex -54.95 -39.2 27.2
      vertex -50.0406 -33.3436 27.2
    endloop
  endfacet
  facet normal 0 0 1
    outer loop
      vertex -54.95 -39.2 27.2
      vertex -50.5 -30.5 27.2
      vertex -54.95 39.2 27.2
    endloop
  endfacet
  facet normal -0 0 1
    outer loop
      vertex 50.0406 33.0564 27.2
      vertex 50.5 30.5 27.2
      vertex 50.05 33.2 27.2
    endloop
  endfacet
  facet normal -0 0 1
    outer loop
      vertex 50.0125 32.9153 27.2
      vertex 50.5 30.5 27.2
      vertex 50.0406 33.0564 27.2
    endloop
  endfacet
  facet normal -0 0 1
    outer loop
      vertex 49.9663 32.779 27.2
      vertex 50.5 30.5 27.2
      vertex 50.0125 32.9153 27.2
    endloop
  endfacet
  facet normal -0 0 1
    outer loop
      vertex 49.9026 32.65 27.2
      vertex 50.5 30.5 27.2
      vertex 49.9663 32.779 27.2
    endloop
  endfacet
  facet normal -0 0 1
    outer loop
      vertex 49.8227 32.5304 27.2
      vertex 50.5 30.5 27.2
      vertex 49.9026 32.65 27.2
    endloop
  endfacet
  facet normal -0 0 1
    outer loop
      vertex 49.7278 32.4222 27.2
      vertex 50.5 30.5 27.2
      vertex 49.8227 32.5304 27.2
    endloop
  endfacet
  facet normal -0 0 1
    outer loop
      vertex 49.6196 32.3273 27.2
      vertex 50.5 30.5 27.2
      vertex 49.7278 32.4222 27.2
    endloop
  endfacet
  facet normal -0 0 1
    outer loop
      vertex 49.5 32.2474 27.2
      vertex 50.5 30.5 27.2
      vertex 49.6196 32.3273 27.2
    endloop
  endfacet
  facet normal -0 0 1
    outer loop
      vertex 49.371 32.1837 27.2
      vertex 50.5 30.5 27.2
      vertex 49.5 32.2474 27.2
    endloop
  endfacet
  facet normal -0 0 1
    outer loop
      vertex 49.2347 32.1375 27.2
      vertex 50.5 30.5 27.2
      vertex 49.371 32.1837 27.2
    endloop
  endfacet
  facet normal -0 0 1
    outer loop
      vertex 49.0936 32.1094 27.2
      vertex 50.5 30.5 27.2
      vertex 49.2347 32.1375 27.2
    endloop
  endfacet
  facet normal -0 0 1
    outer loop
      vertex 48.95 32.1 27.2
      vertex 50.5 30.5 27.2
      vertex 49.0936 32.1094 27.2
    endloop
  endfacet
  facet normal 0 0 1
    outer loop
      vertex 48.8064 32.1094 27.2
      vertex 50.5 30.5 27.2
      vertex 48.95 32.1 27.2
    endloop
  endfacet
  facet normal 0 0 1
    outer loop
      vertex 48.6653 32.1375 27.2
      vertex 50.5 30.5 27.2
      vertex 48.8064 32.1094 27.2
    endloop
  endfacet
  facet normal 0 0 1
    outer loop
      vertex 48.529 32.1837 27.2
      vertex 50.5 30.5 27.2
      vertex 48.6653 32.1375 27.2
    endloop
  endfacet
  facet normal 0 0 1
    outer loop
      vertex 48.4 32.2474 27.2
      vertex 50.5 30.5 27.2
      vertex 48.529 32.1837 27.2
    endloop
  endfacet
  facet normal 0 0 1
    outer loop
      vertex 48.2804 32.3273 27.2
      vertex 50.5 30.5 27.2
      vertex 48.4 32.2474 27.2
    endloop
  endfacet
  facet normal -0 0 1
    outer loop
      vertex -47.85 33.2 27.2
      vertex 47.8594 33.0564 27.2
      vertex 47.85 33.2 27.2
    endloop
  endfacet
  facet normal 0 0 1
    outer loop
      vertex -47.8594 33.0564 27.2
      vertex 47.8594 33.0564 27.2
      vertex -47.85 33.2 27.2
    endloop
  endfacet
  facet normal 0 0 1
    outer loop
      vertex 47.8594 33.0564 27.2
      vertex -47.8594 33.0564 27.2
      vertex 47.8875 32.9153 27.2
    endloop
  endfacet
  facet normal 0 0 1
    outer loop
      vertex -47.8875 32.9153 27.2
      vertex 47.8875 32.9153 27.2
      vertex -47.8594 33.0564 27.2
    endloop
  endfacet
  facet normal 0 0 1
    outer loop
      vertex 47.8875 32.9153 27.2
      vertex -47.8875 32.9153 27.2
      vertex 47.9337 32.779 27.2
    endloop
  endfacet
  facet normal 0 0 1
    outer loop
      vertex -47.9337 32.779 27.2
      vertex 47.9337 32.779 27.2
      vertex -47.8875 32.9153 27.2
    endloop
  endfacet
  facet normal 0 0 1
    outer loop
      vertex 47.9337 32.779 27.2
      vertex -47.9337 32.779 27.2
      vertex 47.9974 32.65 27.2
    endloop
  endfacet
  facet normal 0 0 1
    outer loop
      vertex -47.9974 32.65 27.2
      vertex 47.9974 32.65 27.2
      vertex -47.9337 32.779 27.2
    endloop
  endfacet
  facet normal 0 0 1
    outer loop
      vertex 47.9974 32.65 27.2
      vertex -47.9974 32.65 27.2
      vertex 48.0773 32.5304 27.2
    endloop
  endfacet
  facet normal 0 0 1
    outer loop
      vertex -48.0773 32.5304 27.2
      vertex 48.0773 32.5304 27.2
      vertex -47.9974 32.65 27.2
    endloop
  endfacet
  facet normal 0 0 1
    outer loop
      vertex 48.0773 32.5304 27.2
      vertex -48.0773 32.5304 27.2
      vertex 48.1722 32.4222 27.2
    endloop
  endfacet
  facet normal 0 0 1
    outer loop
      vertex -48.1722 32.4222 27.2
      vertex 48.1722 32.4222 27.2
      vertex -48.0773 32.5304 27.2
    endloop
  endfacet
  facet normal 0 0 1
    outer loop
      vertex 48.1722 32.4222 27.2
      vertex -48.1722 32.4222 27.2
      vertex 48.2804 32.3273 27.2
    endloop
  endfacet
  facet normal 0 0 1
    outer loop
      vertex -48.2804 32.3273 27.2
      vertex 48.2804 32.3273 27.2
      vertex -48.1722 32.4222 27.2
    endloop
  endfacet
  facet normal 0 0 1
    outer loop
      vertex 48.2804 32.3273 27.2
      vertex -48.2804 32.3273 27.2
      vertex 50.5 30.5 27.2
    endloop
  endfacet
  facet normal 0 0 1
    outer loop
      vertex -50.5 30.5 27.2
      vertex -48.2804 32.3273 27.2
      vertex -48.4 32.2474 27.2
    endloop
  endfacet
  facet normal 0 0 1
    outer loop
      vertex -50.5 30.5 27.2
      vertex -48.4 32.2474 27.2
      vertex -48.529 32.1837 27.2
    endloop
  endfacet
  facet normal 0 0 1
    outer loop
      vertex -50.5 30.5 27.2
      vertex -48.529 32.1837 27.2
      vertex -48.6653 32.1375 27.2
    endloop
  endfacet
  facet normal 0 0 1
    outer loop
      vertex -50.5 30.5 27.2
      vertex -48.6653 32.1375 27.2
      vertex -48.8064 32.1094 27.2
    endloop
  endfacet
  facet normal 0 0 1
    outer loop
      vertex -50.5 30.5 27.2
      vertex -48.8064 32.1094 27.2
      vertex -48.95 32.1 27.2
    endloop
  endfacet
  facet normal 0 0 1
    outer loop
      vertex -48.2804 32.3273 27.2
      vertex -50.5 30.5 27.2
      vertex 50.5 30.5 27.2
    endloop
  endfacet
  facet normal 0 0 1
    outer loop
      vertex -49.0936 32.1094 27.2
      vertex -50.5 30.5 27.2
      vertex -48.95 32.1 27.2
    endloop
  endfacet
  facet normal 0 0 1
    outer loop
      vertex -49.2347 32.1375 27.2
      vertex -50.5 30.5 27.2
      vertex -49.0936 32.1094 27.2
    endloop
  endfacet
  facet normal 0 0 1
    outer loop
      vertex -49.371 32.1837 27.2
      vertex -50.5 30.5 27.2
      vertex -49.2347 32.1375 27.2
    endloop
  endfacet
  facet normal 0 0 1
    outer loop
      vertex -49.5 32.2474 27.2
      vertex -50.5 30.5 27.2
      vertex -49.371 32.1837 27.2
    endloop
  endfacet
  facet normal 0 0 1
    outer loop
      vertex -49.6196 32.3273 27.2
      vertex -50.5 30.5 27.2
      vertex -49.5 32.2474 27.2
    endloop
  endfacet
  facet normal 0 0 1
    outer loop
      vertex -49.7278 32.4222 27.2
      vertex -50.5 30.5 27.2
      vertex -49.6196 32.3273 27.2
    endloop
  endfacet
  facet normal 0 0 1
    outer loop
      vertex -49.8227 32.5304 27.2
      vertex -50.5 30.5 27.2
      vertex -49.7278 32.4222 27.2
    endloop
  endfacet
  facet normal 0 0 1
    outer loop
      vertex -49.9026 32.65 27.2
      vertex -50.5 30.5 27.2
      vertex -49.8227 32.5304 27.2
    endloop
  endfacet
  facet normal 0 0 1
    outer loop
      vertex -49.9663 32.779 27.2
      vertex -50.5 30.5 27.2
      vertex -49.9026 32.65 27.2
    endloop
  endfacet
  facet normal 0 0 1
    outer loop
      vertex -50.0125 32.9153 27.2
      vertex -50.5 30.5 27.2
      vertex -49.9663 32.779 27.2
    endloop
  endfacet
  facet normal 0 0 1
    outer loop
      vertex -50.0406 33.0564 27.2
      vertex -50.5 30.5 27.2
      vertex -50.0125 32.9153 27.2
    endloop
  endfacet
  facet normal 0 0 1
    outer loop
      vertex -50.5 30.5 27.2
      vertex -50.0406 33.0564 27.2
      vertex -50.05 33.2 27.2
    endloop
  endfacet
  facet normal 0 0 -1
    outer loop
      vertex 54.95 -39.2 0
      vertex 47.75 -27.25 0
      vertex 54.95 39.2 0
    endloop
  endfacet
  facet normal 0 0 -1
    outer loop
      vertex 54.95 -39.2 0
      vertex -47.75 -27.25 0
      vertex 47.75 -27.25 0
    endloop
  endfacet
  facet normal -0 0 -1
    outer loop
      vertex -47.75 -27.25 0
      vertex -54.95 -39.2 0
      vertex -47.75 27.25 0
    endloop
  endfacet
  facet normal 0 0 -1
    outer loop
      vertex -54.95 -39.2 0
      vertex -47.75 -27.25 0
      vertex 54.95 -39.2 0
    endloop
  endfacet
  facet normal 0 0 -1
    outer loop
      vertex 47.75 27.25 0
      vertex 54.95 39.2 0
      vertex 47.75 -27.25 0
    endloop
  endfacet
  facet normal 0 0 -1
    outer loop
      vertex -47.75 27.25 0
      vertex 54.95 39.2 0
      vertex 47.75 27.25 0
    endloop
  endfacet
  facet normal 0 0 -1
    outer loop
      vertex -47.75 27.25 0
      vertex -54.95 39.2 0
      vertex 54.95 39.2 0
    endloop
  endfacet
  facet normal 0 0 -1
    outer loop
      vertex -54.95 39.2 0
      vertex -47.75 27.25 0
      vertex -54.95 -39.2 0
    endloop
  endfacet
  facet normal -1 0 0
    outer loop
      vertex -54.95 25 15.2
      vertex -54.95 39.2 0
      vertex -54.95 25 7.2
    endloop
  endfacet
  facet normal -1 0 0
    outer loop
      vertex -54.95 39.2 0
      vertex -54.95 20 7.2
      vertex -54.95 25 7.2
    endloop
  endfacet
  facet normal -1 0 0
    outer loop
      vertex -54.95 20 7.2
      vertex -54.95 15 7.2
      vertex -54.95 20 15.2
    endloop
  endfacet
  facet normal -1 0 0
    outer loop
      vertex -54.95 6.57402 5.31418
      vertex -54.95 20 7.2
      vertex -54.95 39.2 0
    endloop
  endfacet
  facet normal -1 -0 0
    outer loop
      vertex -54.95 20 7.2
      vertex -54.95 6.57402 5.31418
      vertex -54.95 15 7.2
    endloop
  endfacet
  facet normal -1 0 0
    outer loop
      vertex -54.95 7.48717 6.89579
      vertex -54.95 10 7.2
      vertex -54.95 7.5 6.7
    endloop
  endfacet
  facet normal -1 0 -0
    outer loop
      vertex -54.95 6.91314 5.50997
      vertex -54.95 15 7.2
      vertex -54.95 6.75 5.40096
    endloop
  endfacet
  facet normal -1 0 0
    outer loop
      vertex -54.95 10 7.2
      vertex -54.95 7.48717 6.50421
      vertex -54.95 7.5 6.7
    endloop
  endfacet
  facet normal -1 0 0
    outer loop
      vertex -54.95 10 7.2
      vertex -54.95 7.44889 6.31177
      vertex -54.95 7.48717 6.50421
    endloop
  endfacet
  facet normal -1 0 0
    outer loop
      vertex -54.95 10 7.2
      vertex -54.95 7.38582 6.12597
      vertex -54.95 7.44889 6.31177
    endloop
  endfacet
  facet normal -1 0 0
    outer loop
      vertex -54.95 10 7.2
      vertex -54.95 7.29904 5.95
      vertex -54.95 7.38582 6.12597
    endloop
  endfacet
  facet normal -1 0 0
    outer loop
      vertex -54.95 10 7.2
      vertex -54.95 7.19003 5.78686
      vertex -54.95 7.29904 5.95
    endloop
  endfacet
  facet normal -1 0 0
    outer loop
      vertex -54.95 10 7.2
      vertex -54.95 7.06066 5.63934
      vertex -54.95 7.19003 5.78686
    endloop
  endfacet
  facet normal -1 0 0
    outer loop
      vertex -54.95 10 7.2
      vertex -54.95 6.91314 5.50997
      vertex -54.95 7.06066 5.63934
    endloop
  endfacet
  facet normal -1 -0 0
    outer loop
      vertex -54.95 15 7.2
      vertex -54.95 6.91314 5.50997
      vertex -54.95 10 7.2
    endloop
  endfacet
  facet normal -1 0 0
    outer loop
      vertex -54.95 15 7.2
      vertex -54.95 6.57402 5.31418
      vertex -54.95 6.75 5.40096
    endloop
  endfacet
  facet normal -1 0 0
    outer loop
      vertex -54.95 39.2 0
      vertex -54.95 6.38823 5.25111
      vertex -54.95 6.57402 5.31418
    endloop
  endfacet
  facet normal -1 0 0
    outer loop
      vertex -54.95 39.2 0
      vertex -54.95 6.19579 5.21283
      vertex -54.95 6.38823 5.25111
    endloop
  endfacet
  facet normal -1 0 0
    outer loop
      vertex -54.95 39.2 0
      vertex -54.95 6 5.2
      vertex -54.95 6.19579 5.21283
    endloop
  endfacet
  facet normal -1 0 0
    outer loop
      vertex -54.95 -6 5.2
      vertex -54.95 6 5.2
      vertex -54.95 39.2 0
    endloop
  endfacet
  facet normal -1 0 0
    outer loop
      vertex -54.95 4.51283 6.50421
      vertex -54.95 0 7.2
      vertex -54.95 4.5 6.7
    endloop
  endfacet
  facet normal -1 0 0
    outer loop
      vertex -54.95 4.55111 6.31177
      vertex -54.95 0 7.2
      vertex -54.95 4.51283 6.50421
    endloop
  endfacet
  facet normal -1 0 0
    outer loop
      vertex -54.95 4.61418 6.12597
      vertex -54.95 0 7.2
      vertex -54.95 4.55111 6.31177
    endloop
  endfacet
  facet normal -1 0 0
    outer loop
      vertex -54.95 4.70096 5.95
      vertex -54.95 0 7.2
      vertex -54.95 4.61418 6.12597
    endloop
  endfacet
  facet normal -1 0 0
    outer loop
      vertex -54.95 4.80997 5.78686
      vertex -54.95 0 7.2
      vertex -54.95 4.70096 5.95
    endloop
  endfacet
  facet normal -1 0 0
    outer loop
      vertex -54.95 4.93934 5.63934
      vertex -54.95 0 7.2
      vertex -54.95 4.80997 5.78686
    endloop
  endfacet
  facet normal -1 0 0
    outer loop
      vertex -54.95 5.08686 5.50997
      vertex -54.95 0 7.2
      vertex -54.95 4.93934 5.63934
    endloop
  endfacet
  facet normal -1 0 0
    outer loop
      vertex -54.95 -5.08686 5.50997
      vertex -54.95 5.08686 5.50997
      vertex -54.95 5.25 5.40096
    endloop
  endfacet
  facet normal -1 0 0
    outer loop
      vertex -54.95 -5.25 5.40096
      vertex -54.95 5.25 5.40096
      vertex -54.95 5.42597 5.31418
    endloop
  endfacet
  facet normal -1 0 0
    outer loop
      vertex -54.95 -4.51283 6.89579
      vertex -54.95 0 7.2
      vertex -54.95 -4.5 6.7
    endloop
  endfacet
  facet normal -1 0 0
    outer loop
      vertex -54.95 5.08686 5.50997
      vertex -54.95 -5.08686 5.50997
      vertex -54.95 0 7.2
    endloop
  endfacet
  facet normal -1 0 0
    outer loop
      vertex -54.95 -5.42597 5.31418
      vertex -54.95 5.42597 5.31418
      vertex -54.95 5.61177 5.25111
    endloop
  endfacet
  facet normal -1 0 0
    outer loop
      vertex -54.95 -5.61177 5.25111
      vertex -54.95 5.61177 5.25111
      vertex -54.95 5.80421 5.21283
    endloop
  endfacet
  facet normal -1 0 0
    outer loop
      vertex -54.95 6 5.2
      vertex -54.95 -6 5.2
      vertex -54.95 5.80421 5.21283
    endloop
  endfacet
  facet normal -1 0 0
    outer loop
      vertex -54.95 0 7.2
      vertex -54.95 -4.51283 6.50421
      vertex -54.95 -4.5 6.7
    endloop
  endfacet
  facet normal -1 0 0
    outer loop
      vertex -54.95 0 7.2
      vertex -54.95 -4.55111 6.31177
      vertex -54.95 -4.51283 6.50421
    endloop
  endfacet
  facet normal -1 0 0
    outer loop
      vertex -54.95 0 7.2
      vertex -54.95 -4.61418 6.12597
      vertex -54.95 -4.55111 6.31177
    endloop
  endfacet
  facet normal -1 0 0
    outer loop
      vertex -54.95 0 7.2
      vertex -54.95 -4.70096 5.95
      vertex -54.95 -4.61418 6.12597
    endloop
  endfacet
  facet normal -1 0 0
    outer loop
      vertex -54.95 0 7.2
      vertex -54.95 -4.80997 5.78686
      vertex -54.95 -4.70096 5.95
    endloop
  endfacet
  facet normal -1 0 0
    outer loop
      vertex -54.95 0 7.2
      vertex -54.95 -4.93934 5.63934
      vertex -54.95 -4.80997 5.78686
    endloop
  endfacet
  facet normal -1 0 0
    outer loop
      vertex -54.95 0 7.2
      vertex -54.95 -5.08686 5.50997
      vertex -54.95 -4.93934 5.63934
    endloop
  endfacet
  facet normal -1 0 0
    outer loop
      vertex -54.95 5.25 5.40096
      vertex -54.95 -5.25 5.40096
      vertex -54.95 -5.08686 5.50997
    endloop
  endfacet
  facet normal -1 0 0
    outer loop
      vertex -54.95 5.42597 5.31418
      vertex -54.95 -5.42597 5.31418
      vertex -54.95 -5.25 5.40096
    endloop
  endfacet
  facet normal -1 0 0
    outer loop
      vertex -54.95 5.61177 5.25111
      vertex -54.95 -5.61177 5.25111
      vertex -54.95 -5.42597 5.31418
    endloop
  endfacet
  facet normal -1 0 0
    outer loop
      vertex -54.95 5.80421 5.21283
      vertex -54.95 -5.80421 5.21283
      vertex -54.95 -5.61177 5.25111
    endloop
  endfacet
  facet normal -1 -0 0
    outer loop
      vertex -54.95 5.80421 5.21283
      vertex -54.95 -6 5.2
      vertex -54.95 -5.80421 5.21283
    endloop
  endfacet
  facet normal -1 0 0
    outer loop
      vertex -54.95 -39.2 0
      vertex -54.95 -6 5.2
      vertex -54.95 39.2 0
    endloop
  endfacet
  facet normal -1 0 0
    outer loop
      vertex -54.95 -7.48717 6.50421
      vertex -54.95 -10 7.2
      vertex -54.95 -7.5 6.7
    endloop
  endfacet
  facet normal -1 0 0
    outer loop
      vertex -54.95 -7.44889 6.31177
      vertex -54.95 -10 7.2
      vertex -54.95 -7.48717 6.50421
    endloop
  endfacet
  facet normal -1 0 0
    outer loop
      vertex -54.95 -7.38582 6.12597
      vertex -54.95 -10 7.2
      vertex -54.95 -7.44889 6.31177
    endloop
  endfacet
  facet normal -1 0 0
    outer loop
      vertex -54.95 -7.29904 5.95
      vertex -54.95 -10 7.2
      vertex -54.95 -7.38582 6.12597
    endloop
  endfacet
  facet normal -1 0 0
    outer loop
      vertex -54.95 -7.19003 5.78686
      vertex -54.95 -10 7.2
      vertex -54.95 -7.29904 5.95
    endloop
  endfacet
  facet normal -1 0 0
    outer loop
      vertex -54.95 -7.06066 5.63934
      vertex -54.95 -10 7.2
      vertex -54.95 -7.19003 5.78686
    endloop
  endfacet
  facet normal -1 0 0
    outer loop
      vertex -54.95 -6.91314 5.50997
      vertex -54.95 -10 7.2
      vertex -54.95 -7.06066 5.63934
    endloop
  endfacet
  facet normal -1 0 0
    outer loop
      vertex -54.95 -15 7.2
      vertex -54.95 -6.91314 5.50997
      vertex -54.95 -6.75 5.40096
    endloop
  endfacet
  facet normal -1 0 0
    outer loop
      vertex -54.95 -10 7.2
      vertex -54.95 -15 7.2
      vertex -54.95 -10 15.2
    endloop
  endfacet
  facet normal -1 0 0
    outer loop
      vertex -54.95 -6.91314 5.50997
      vertex -54.95 -15 7.2
      vertex -54.95 -10 7.2
    endloop
  endfacet
  facet normal -1 0 0
    outer loop
      vertex -54.95 -6.57402 5.31418
      vertex -54.95 -15 7.2
      vertex -54.95 -6.75 5.40096
    endloop
  endfacet
  facet normal -1 0 0
    outer loop
      vertex -54.95 -39.2 0
      vertex -54.95 -6.57402 5.31418
      vertex -54.95 -6.38823 5.25111
    endloop
  endfacet
  facet normal -1 0 0
    outer loop
      vertex -54.95 -6.57402 5.31418
      vertex -54.95 -20 7.2
      vertex -54.95 -15 7.2
    endloop
  endfacet
  facet normal -1 0 0
    outer loop
      vertex -54.95 -39.2 0
      vertex -54.95 -6.38823 5.25111
      vertex -54.95 -6.19579 5.21283
    endloop
  endfacet
  facet normal -1 -0 0
    outer loop
      vertex -54.95 -20 7.2
      vertex -54.95 -39.2 0
      vertex -54.95 -20 15.2
    endloop
  endfacet
  facet normal -1 -0 0
    outer loop
      vertex -54.95 -6.57402 5.31418
      vertex -54.95 -39.2 0
      vertex -54.95 -20 7.2
    endloop
  endfacet
  facet normal -1 -0 0
    outer loop
      vertex -54.95 -6 5.2
      vertex -54.95 -39.2 0
      vertex -54.95 -6.19579 5.21283
    endloop
  endfacet
  facet normal -1 0 0
    outer loop
      vertex -54.95 39.2 0
      vertex -54.95 25 15.2
      vertex -54.95 39.2 27.2
    endloop
  endfacet
  facet normal -1 0 0
    outer loop
      vertex -54.95 20 15.2
      vertex -54.95 39.2 27.2
      vertex -54.95 25 15.2
    endloop
  endfacet
  facet normal -1 0 0
    outer loop
      vertex -54.95 15 15.2
      vertex -54.95 20 15.2
      vertex -54.95 15 7.2
    endloop
  endfacet
  facet normal -1 0 0
    outer loop
      vertex -54.95 15 15.2
      vertex -54.95 39.2 27.2
      vertex -54.95 20 15.2
    endloop
  endfacet
  facet normal -1 0 0
    outer loop
      vertex -54.95 10 15.2
      vertex -54.95 39.2 27.2
      vertex -54.95 15 15.2
    endloop
  endfacet
  facet normal -1 0 0
    outer loop
      vertex -54.95 7.44889 7.08823
      vertex -54.95 10 7.2
      vertex -54.95 7.48717 6.89579
    endloop
  endfacet
  facet normal -1 0 0
    outer loop
      vertex -54.95 7.38582 7.27402
      vertex -54.95 10 7.2
      vertex -54.95 7.44889 7.08823
    endloop
  endfacet
  facet normal -1 0 0
    outer loop
      vertex -54.95 7.29904 7.45
      vertex -54.95 10 7.2
      vertex -54.95 7.38582 7.27402
    endloop
  endfacet
  facet normal -1 0 0
    outer loop
      vertex -54.95 7.19003 7.61314
      vertex -54.95 10 7.2
      vertex -54.95 7.29904 7.45
    endloop
  endfacet
  facet normal -1 0 0
    outer loop
      vertex -54.95 7.06066 7.76066
      vertex -54.95 10 7.2
      vertex -54.95 7.19003 7.61314
    endloop
  endfacet
  facet normal -1 0 0
    outer loop
      vertex -54.95 6.91314 7.89003
      vertex -54.95 10 7.2
      vertex -54.95 7.06066 7.76066
    endloop
  endfacet
  facet normal -1 0 0
    outer loop
      vertex -54.95 10 7.2
      vertex -54.95 6.91314 7.89003
      vertex -54.95 10 15.2
    endloop
  endfacet
  facet normal -1 0 0
    outer loop
      vertex -54.95 6.75 7.99904
      vertex -54.95 10 15.2
      vertex -54.95 6.91314 7.89003
    endloop
  endfacet
  facet normal -1 0 0
    outer loop
      vertex -54.95 6.57402 8.08582
      vertex -54.95 10 15.2
      vertex -54.95 6.75 7.99904
    endloop
  endfacet
  facet normal -1 0 0
    outer loop
      vertex -54.95 6.38823 8.14889
      vertex -54.95 10 15.2
      vertex -54.95 6.57402 8.08582
    endloop
  endfacet
  facet normal -1 0 0
    outer loop
      vertex -54.95 5 15.2
      vertex -54.95 6.38823 8.14889
      vertex -54.95 6.19579 8.18717
    endloop
  endfacet
  facet normal -1 0 0
    outer loop
      vertex -54.95 5 15.2
      vertex -54.95 6.19579 8.18717
      vertex -54.95 6 8.2
    endloop
  endfacet
  facet normal -1 0 0
    outer loop
      vertex -54.95 5 15.2
      vertex -54.95 6 8.2
      vertex -54.95 5.80421 8.18717
    endloop
  endfacet
  facet normal -1 0 0
    outer loop
      vertex -54.95 5 15.2
      vertex -54.95 5.80421 8.18717
      vertex -54.95 5.61177 8.14889
    endloop
  endfacet
  facet normal -1 0 0
    outer loop
      vertex -54.95 5 15.2
      vertex -54.95 5.61177 8.14889
      vertex -54.95 5.42597 8.08582
    endloop
  endfacet
  facet normal -1 0 0
    outer loop
      vertex -54.95 5 15.2
      vertex -54.95 5.42597 8.08582
      vertex -54.95 5.25 7.99904
    endloop
  endfacet
  facet normal -1 0 0
    outer loop
      vertex -54.95 5 15.2
      vertex -54.95 5.25 7.99904
      vertex -54.95 5.08686 7.89003
    endloop
  endfacet
  facet normal -1 0 0
    outer loop
      vertex -54.95 5 15.2
      vertex -54.95 5.08686 7.89003
      vertex -54.95 5 7.81386
    endloop
  endfacet
  facet normal -1 0 0
    outer loop
      vertex -54.95 6.38823 8.14889
      vertex -54.95 5 15.2
      vertex -54.95 10 15.2
    endloop
  endfacet
  facet normal -1 0 0
    outer loop
      vertex -54.95 5 15.2
      vertex -54.95 39.2 27.2
      vertex -54.95 10 15.2
    endloop
  endfacet
  facet normal -1 0 0
    outer loop
      vertex -54.95 0 15.2
      vertex -54.95 39.2 27.2
      vertex -54.95 5 15.2
    endloop
  endfacet
  facet normal -1 0 0
    outer loop
      vertex -54.95 -4.55111 7.08823
      vertex -54.95 0 7.2
      vertex -54.95 -4.51283 6.89579
    endloop
  endfacet
  facet normal -1 0 0
    outer loop
      vertex -54.95 -4.61418 7.27402
      vertex -54.95 0 7.2
      vertex -54.95 -4.55111 7.08823
    endloop
  endfacet
  facet normal -1 0 0
    outer loop
      vertex -54.95 -4.70096 7.45
      vertex -54.95 0 7.2
      vertex -54.95 -4.61418 7.27402
    endloop
  endfacet
  facet normal -1 0 0
    outer loop
      vertex -54.95 -4.80997 7.61314
      vertex -54.95 0 7.2
      vertex -54.95 -4.70096 7.45
    endloop
  endfacet
  facet normal -1 0 0
    outer loop
      vertex -54.95 -4.93934 7.76066
      vertex -54.95 0 7.2
      vertex -54.95 -4.80997 7.61314
    endloop
  endfacet
  facet normal -1 0 0
    outer loop
      vertex -54.95 -5 7.81386
      vertex -54.95 0 7.2
      vertex -54.95 -4.93934 7.76066
    endloop
  endfacet
  facet normal -1 0 0
    outer loop
      vertex -54.95 0 7.2
      vertex -54.95 -5 7.81386
      vertex -54.95 0 15.2
    endloop
  endfacet
  facet normal -1 0 0
    outer loop
      vertex -54.95 -5 15.2
      vertex -54.95 0 15.2
      vertex -54.95 -5 7.81386
    endloop
  endfacet
  facet normal -1 0 0
    outer loop
      vertex -54.95 -39.2 27.2
      vertex -54.95 0 15.2
      vertex -54.95 -5 15.2
    endloop
  endfacet
  facet normal -1 0 0
    outer loop
      vertex -54.95 -39.2 27.2
      vertex -54.95 -5 15.2
      vertex -54.95 -10 15.2
    endloop
  endfacet
  facet normal -1 0 0
    outer loop
      vertex -54.95 -15 15.2
      vertex -54.95 -10 15.2
      vertex -54.95 -15 7.2
    endloop
  endfacet
  facet normal -1 0 0
    outer loop
      vertex -54.95 -39.2 27.2
      vertex -54.95 -10 15.2
      vertex -54.95 -15 15.2
    endloop
  endfacet
  facet normal -1 0 0
    outer loop
      vertex -54.95 -39.2 27.2
      vertex -54.95 -15 15.2
      vertex -54.95 -20 15.2
    endloop
  endfacet
  facet normal -1 0 0
    outer loop
      vertex -54.95 0 15.2
      vertex -54.95 -39.2 27.2
      vertex -54.95 39.2 27.2
    endloop
  endfacet
  facet normal -1 0 0
    outer loop
      vertex -54.95 -39.2 27.2
      vertex -54.95 -20 15.2
      vertex -54.95 -39.2 0
    endloop
  endfacet
  facet normal -1 0 0
    outer loop
      vertex -54.95 4.55111 7.08823
      vertex -54.95 0 7.2
      vertex -54.95 4.58905 7.2
    endloop
  endfacet
  facet normal -1 0 0
    outer loop
      vertex -54.95 4.51283 6.89579
      vertex -54.95 0 7.2
      vertex -54.95 4.55111 7.08823
    endloop
  endfacet
  facet normal -1 0 0
    outer loop
      vertex -54.95 0 7.2
      vertex -54.95 4.51283 6.89579
      vertex -54.95 4.5 6.7
    endloop
  endfacet
  facet normal -1 0 0
    outer loop
      vertex -54.95 -7.44889 7.08823
      vertex -54.95 -10 7.2
      vertex -54.95 -7.41095 7.2
    endloop
  endfacet
  facet normal -1 0 0
    outer loop
      vertex -54.95 -7.48717 6.89579
      vertex -54.95 -10 7.2
      vertex -54.95 -7.44889 7.08823
    endloop
  endfacet
  facet normal -1 0 0
    outer loop
      vertex -54.95 -10 7.2
      vertex -54.95 -7.48717 6.89579
      vertex -54.95 -7.5 6.7
    endloop
  endfacet
  facet normal 1 0 0
    outer loop
      vertex 54.95 -8 7.2
      vertex 54.95 -10 7.2
      vertex 54.95 -8 5.2
    endloop
  endfacet
  facet normal 1 0 0
    outer loop
      vertex 54.95 39.2 27.2
      vertex 54.95 25 15.2
      vertex 54.95 39.2 0
    endloop
  endfacet
  facet normal 1 0 0
    outer loop
      vertex 54.95 39.2 27.2
      vertex 54.95 20 15.2
      vertex 54.95 25 15.2
    endloop
  endfacet
  facet normal 1 0 0
    outer loop
      vertex 54.95 20 15.2
      vertex 54.95 15 15.2
      vertex 54.95 20 7.2
    endloop
  endfacet
  facet normal 1 0 0
    outer loop
      vertex 54.95 39.2 27.2
      vertex 54.95 15 15.2
      vertex 54.95 20 15.2
    endloop
  endfacet
  facet normal 1 0 0
    outer loop
      vertex 54.95 39.2 27.2
      vertex 54.95 10 15.2
      vertex 54.95 15 15.2
    endloop
  endfacet
  facet normal 1 0 0
    outer loop
      vertex 54.95 10 15.2
      vertex 54.95 8 11.2
      vertex 54.95 10 7.2
    endloop
  endfacet
  facet normal 1 0 0
    outer loop
      vertex 54.95 10 15.2
      vertex 54.95 5 15.2
      vertex 54.95 8 11.2
    endloop
  endfacet
  facet normal 1 0 0
    outer loop
      vertex 54.95 39.2 27.2
      vertex 54.95 5 15.2
      vertex 54.95 10 15.2
    endloop
  endfacet
  facet normal 1 0 0
    outer loop
      vertex 54.95 39.2 27.2
      vertex 54.95 0 15.2
      vertex 54.95 5 15.2
    endloop
  endfacet
  facet normal 1 0 0
    outer loop
      vertex 54.95 0 15.2
      vertex 54.95 -5 15.2
      vertex 54.95 0 11.2
    endloop
  endfacet
  facet normal 1 -0 0
    outer loop
      vertex 54.95 -39.2 27.2
      vertex 54.95 0 15.2
      vertex 54.95 39.2 27.2
    endloop
  endfacet
  facet normal 1 0 0
    outer loop
      vertex 54.95 0 15.2
      vertex 54.95 -39.2 27.2
      vertex 54.95 -5 15.2
    endloop
  endfacet
  facet normal 1 0 0
    outer loop
      vertex 54.95 -10 15.2
      vertex 54.95 -15 15.2
      vertex 54.95 -10 7.2
    endloop
  endfacet
  facet normal 1 0 0
    outer loop
      vertex 54.95 -5 15.2
      vertex 54.95 -39.2 27.2
      vertex 54.95 -10 15.2
    endloop
  endfacet
  facet normal 1 0 0
    outer loop
      vertex 54.95 -10 15.2
      vertex 54.95 -39.2 27.2
      vertex 54.95 -15 15.2
    endloop
  endfacet
  facet normal 1 0 0
    outer loop
      vertex 54.95 -39.2 0
      vertex 54.95 -20 15.2
      vertex 54.95 -39.2 27.2
    endloop
  endfacet
  facet normal 1 0 0
    outer loop
      vertex 54.95 -15 15.2
      vertex 54.95 -39.2 27.2
      vertex 54.95 -20 15.2
    endloop
  endfacet
  facet normal 1 -0 0
    outer loop
      vertex 54.95 25 7.2
      vertex 54.95 39.2 0
      vertex 54.95 25 15.2
    endloop
  endfacet
  facet normal 1 -0 0
    outer loop
      vertex 54.95 20 7.2
      vertex 54.95 39.2 0
      vertex 54.95 25 7.2
    endloop
  endfacet
  facet normal 1 0 0
    outer loop
      vertex 54.95 15 7.2
      vertex 54.95 20 7.2
      vertex 54.95 15 15.2
    endloop
  endfacet
  facet normal 1 0 0
    outer loop
      vertex 54.95 8 5.2
      vertex 54.95 20 7.2
      vertex 54.95 15 7.2
    endloop
  endfacet
  facet normal 1 0 0
    outer loop
      vertex 54.95 8 5.2
      vertex 54.95 15 7.2
      vertex 54.95 10 7.2
    endloop
  endfacet
  facet normal 1 0 0
    outer loop
      vertex 54.95 8 5.2
      vertex 54.95 10 7.2
      vertex 54.95 8 11.2
    endloop
  endfacet
  facet normal 1 0 0
    outer loop
      vertex 54.95 20 7.2
      vertex 54.95 8 5.2
      vertex 54.95 39.2 0
    endloop
  endfacet
  facet normal 1 -0 0
    outer loop
      vertex 54.95 -8 5.2
      vertex 54.95 39.2 0
      vertex 54.95 8 5.2
    endloop
  endfacet
  facet normal 1 0 0
    outer loop
      vertex 54.95 -15 7.2
      vertex 54.95 -10 7.2
      vertex 54.95 -15 15.2
    endloop
  endfacet
  facet normal 1 -0 0
    outer loop
      vertex 54.95 -15 7.2
      vertex 54.95 -8 5.2
      vertex 54.95 -10 7.2
    endloop
  endfacet
  facet normal 1 -0 0
    outer loop
      vertex 54.95 -20 7.2
      vertex 54.95 -8 5.2
      vertex 54.95 -15 7.2
    endloop
  endfacet
  facet normal 1 0 0
    outer loop
      vertex 54.95 -8 5.2
      vertex 54.95 -39.2 0
      vertex 54.95 39.2 0
    endloop
  endfacet
  facet normal 1 0 0
    outer loop
      vertex 54.95 -20 7.2
      vertex 54.95 -39.2 0
      vertex 54.95 -8 5.2
    endloop
  endfacet
  facet normal 1 0 0
    outer loop
      vertex 54.95 -20 15.2
      vertex 54.95 -39.2 0
      vertex 54.95 -20 7.2
    endloop
  endfacet
  facet normal 1 0 0
    outer loop
      vertex 54.95 8 11.2
      vertex 54.95 5 15.2
      vertex 54.95 5 11.2
    endloop
  endfacet
  facet normal 1 0 0
    outer loop
      vertex 54.95 0 11.2
      vertex 54.95 -5 15.2
      vertex 54.95 -5 11.2
    endloop
  endfacet
  facet normal 0 1 -0
    outer loop
      vertex 54.95 39.2 0
      vertex -54.95 39.2 27.2
      vertex 54.95 39.2 27.2
    endloop
  endfacet
  facet normal 0 1 0
    outer loop
      vertex -54.95 39.2 27.2
      vertex 54.95 39.2 0
      vertex -54.95 39.2 0
    endloop
  endfacet
  facet normal 0 -1 0
    outer loop
      vertex -54.95 -39.2 0
      vertex 54.95 -39.2 27.2
      vertex -54.95 -39.2 27.2
    endloop
  endfacet
  facet normal 0 -1 -0
    outer loop
      vertex 54.95 -39.2 27.2
      vertex -54.95 -39.2 0
      vertex 54.95 -39.2 0
    endloop
  endfacet
  facet normal 0 -0.831462 0.555582
    outer loop
      vertex -54.95 -4.80997 5.78686
      vertex -52.95 -4.70096 5.95
      vertex -54.95 -4.70096 5.95
    endloop
  endfacet
  facet normal 0 -0.831462 0.555582
    outer loop
      vertex -52.95 -4.70096 5.95
      vertex -54.95 -4.80997 5.78686
      vertex -52.95 -4.80997 5.78686
    endloop
  endfacet
  facet normal 0 -0.89688 -0.442273
    outer loop
      vertex -54.95 -4.61418 7.27402
      vertex -52.95 -4.70096 7.45
      vertex -54.95 -4.70096 7.45
    endloop
  endfacet
  facet normal 0 -0.89688 -0.442273
    outer loop
      vertex -52.95 -4.70096 7.45
      vertex -54.95 -4.61418 7.27402
      vertex -52.95 -4.61418 7.27402
    endloop
  endfacet
  facet normal 0 -0.195097 0.980784
    outer loop
      vertex -54.95 -5.61177 5.25111
      vertex -52.95 -5.80421 5.21283
      vertex -52.95 -5.61177 5.25111
    endloop
  endfacet
  facet normal 0 -0.195097 0.980784
    outer loop
      vertex -52.95 -5.80421 5.21283
      vertex -54.95 -5.61177 5.25111
      vertex -54.95 -5.80421 5.21283
    endloop
  endfacet
  facet normal 0 -0.555582 0.831462
    outer loop
      vertex -54.95 -5.08686 5.50997
      vertex -52.95 -5.25 5.40096
      vertex -52.95 -5.08686 5.50997
    endloop
  endfacet
  facet normal 0 -0.555582 0.831462
    outer loop
      vertex -52.95 -5.25 5.40096
      vertex -54.95 -5.08686 5.50997
      vertex -54.95 -5.25 5.40096
    endloop
  endfacet
  facet normal 0 -0.980784 0.195097
    outer loop
      vertex -54.95 -4.55111 6.31177
      vertex -52.95 -4.51283 6.50421
      vertex -54.95 -4.51283 6.50421
    endloop
  endfacet
  facet normal 0 -0.980784 0.195097
    outer loop
      vertex -52.95 -4.51283 6.50421
      vertex -54.95 -4.55111 6.31177
      vertex -52.95 -4.55111 6.31177
    endloop
  endfacet
  facet normal 0 -0.99786 0.0653892
    outer loop
      vertex -54.95 -4.51283 6.50421
      vertex -52.95 -4.5 6.7
      vertex -54.95 -4.5 6.7
    endloop
  endfacet
  facet normal 0 -0.99786 0.0653892
    outer loop
      vertex -52.95 -4.5 6.7
      vertex -54.95 -4.51283 6.50421
      vertex -52.95 -4.51283 6.50421
    endloop
  endfacet
  facet normal 0 -0.659364 -0.751824
    outer loop
      vertex -54.95 -5 7.81386
      vertex -52.95 -4.93934 7.76066
      vertex -52.95 -5 7.81386
    endloop
  endfacet
  facet normal -0 -0.659364 -0.751824
    outer loop
      vertex -52.95 -4.93934 7.76066
      vertex -54.95 -5 7.81386
      vertex -54.95 -4.93934 7.76066
    endloop
  endfacet
  facet normal 0 -0.831462 -0.555582
    outer loop
      vertex -54.95 -4.70096 7.45
      vertex -52.95 -4.80997 7.61314
      vertex -54.95 -4.80997 7.61314
    endloop
  endfacet
  facet normal 0 -0.831462 -0.555582
    outer loop
      vertex -52.95 -4.80997 7.61314
      vertex -54.95 -4.70096 7.45
      vertex -52.95 -4.70096 7.45
    endloop
  endfacet
  facet normal 0 -0.980784 -0.195097
    outer loop
      vertex -54.95 -4.51283 6.89579
      vertex -52.95 -4.55111 7.08823
      vertex -54.95 -4.55111 7.08823
    endloop
  endfacet
  facet normal 0 -0.980784 -0.195097
    outer loop
      vertex -52.95 -4.55111 7.08823
      vertex -54.95 -4.51283 6.89579
      vertex -52.95 -4.51283 6.89579
    endloop
  endfacet
  facet normal 0 -0.751844 -0.659341
    outer loop
      vertex -54.95 -4.80997 7.61314
      vertex -52.95 -4.93934 7.76066
      vertex -54.95 -4.93934 7.76066
    endloop
  endfacet
  facet normal 0 -0.751844 -0.659341
    outer loop
      vertex -52.95 -4.93934 7.76066
      vertex -54.95 -4.80997 7.61314
      vertex -52.95 -4.80997 7.61314
    endloop
  endfacet
  facet normal -0 0.321452 0.946926
    outer loop
      vertex -54.95 -6.38823 5.25111
      vertex -52.95 -6.57402 5.31418
      vertex -52.95 -6.38823 5.25111
    endloop
  endfacet
  facet normal 0 0.321452 0.946926
    outer loop
      vertex -52.95 -6.57402 5.31418
      vertex -54.95 -6.38823 5.25111
      vertex -54.95 -6.57402 5.31418
    endloop
  endfacet
  facet normal 0 0.946931 0.321437
    outer loop
      vertex -52.95 -7.38582 6.12597
      vertex -54.95 -7.44889 6.31177
      vertex -52.95 -7.44889 6.31177
    endloop
  endfacet
  facet normal 0 0.946931 0.321437
    outer loop
      vertex -54.95 -7.44889 6.31177
      vertex -52.95 -7.38582 6.12597
      vertex -54.95 -7.38582 6.12597
    endloop
  endfacet
  facet normal 0 0.89687 0.442294
    outer loop
      vertex -52.95 -7.29904 5.95
      vertex -54.95 -7.38582 6.12597
      vertex -52.95 -7.38582 6.12597
    endloop
  endfacet
  facet normal 0 0.89687 0.442294
    outer loop
      vertex -54.95 -7.38582 6.12597
      vertex -52.95 -7.29904 5.95
      vertex -54.95 -7.29904 5.95
    endloop
  endfacet
  facet normal 0 0.980784 -0.195097
    outer loop
      vertex -52.95 -7.48717 6.89579
      vertex -54.95 -7.44889 7.08823
      vertex -52.95 -7.44889 7.08823
    endloop
  endfacet
  facet normal 0 0.980784 -0.195097
    outer loop
      vertex -54.95 -7.44889 7.08823
      vertex -52.95 -7.48717 6.89579
      vertex -54.95 -7.48717 6.89579
    endloop
  endfacet
  facet normal 0 -0.321437 0.946931
    outer loop
      vertex -54.95 -5.42597 5.31418
      vertex -52.95 -5.61177 5.25111
      vertex -52.95 -5.42597 5.31418
    endloop
  endfacet
  facet normal 0 -0.321437 0.946931
    outer loop
      vertex -52.95 -5.61177 5.25111
      vertex -54.95 -5.42597 5.31418
      vertex -54.95 -5.61177 5.25111
    endloop
  endfacet
  facet normal 0 -0.751844 0.659341
    outer loop
      vertex -54.95 -4.93934 5.63934
      vertex -52.95 -4.80997 5.78686
      vertex -54.95 -4.80997 5.78686
    endloop
  endfacet
  facet normal 0 -0.751844 0.659341
    outer loop
      vertex -52.95 -4.80997 5.78686
      vertex -54.95 -4.93934 5.63934
      vertex -52.95 -4.93934 5.63934
    endloop
  endfacet
  facet normal 0 -0.99786 -0.0653892
    outer loop
      vertex -54.95 -4.5 6.7
      vertex -52.95 -4.51283 6.89579
      vertex -54.95 -4.51283 6.89579
    endloop
  endfacet
  facet normal 0 -0.99786 -0.0653892
    outer loop
      vertex -52.95 -4.51283 6.89579
      vertex -54.95 -4.5 6.7
      vertex -52.95 -4.5 6.7
    endloop
  endfacet
  facet normal 0 -0.89687 0.442294
    outer loop
      vertex -54.95 -4.70096 5.95
      vertex -52.95 -4.61418 6.12597
      vertex -54.95 -4.61418 6.12597
    endloop
  endfacet
  facet normal 0 -0.89687 0.442294
    outer loop
      vertex -52.95 -4.61418 6.12597
      vertex -54.95 -4.70096 5.95
      vertex -52.95 -4.70096 5.95
    endloop
  endfacet
  facet normal 0 -0.946926 -0.321452
    outer loop
      vertex -54.95 -4.55111 7.08823
      vertex -52.95 -4.61418 7.27402
      vertex -54.95 -4.61418 7.27402
    endloop
  endfacet
  facet normal 0 -0.946926 -0.321452
    outer loop
      vertex -52.95 -4.61418 7.27402
      vertex -54.95 -4.55111 7.08823
      vertex -52.95 -4.55111 7.08823
    endloop
  endfacet
  facet normal 0 -0.0653892 0.99786
    outer loop
      vertex -54.95 -5.80421 5.21283
      vertex -52.95 -6 5.2
      vertex -52.95 -5.80421 5.21283
    endloop
  endfacet
  facet normal 0 -0.0653892 0.99786
    outer loop
      vertex -52.95 -6 5.2
      vertex -54.95 -5.80421 5.21283
      vertex -54.95 -6 5.2
    endloop
  endfacet
  facet normal -0 0.0653892 0.99786
    outer loop
      vertex -54.95 -6 5.2
      vertex -52.95 -6.19579 5.21283
      vertex -52.95 -6 5.2
    endloop
  endfacet
  facet normal 0 0.0653892 0.99786
    outer loop
      vertex -52.95 -6.19579 5.21283
      vertex -54.95 -6 5.2
      vertex -54.95 -6.19579 5.21283
    endloop
  endfacet
  facet normal -0 0.195097 0.980784
    outer loop
      vertex -54.95 -6.19579 5.21283
      vertex -52.95 -6.38823 5.25111
      vertex -52.95 -6.19579 5.21283
    endloop
  endfacet
  facet normal 0 0.195097 0.980784
    outer loop
      vertex -52.95 -6.38823 5.25111
      vertex -54.95 -6.19579 5.21283
      vertex -54.95 -6.38823 5.25111
    endloop
  endfacet
  facet normal 0 0.99786 0.0653892
    outer loop
      vertex -52.95 -7.48717 6.50421
      vertex -54.95 -7.5 6.7
      vertex -52.95 -7.5 6.7
    endloop
  endfacet
  facet normal 0 0.99786 0.0653892
    outer loop
      vertex -54.95 -7.5 6.7
      vertex -52.95 -7.48717 6.50421
      vertex -54.95 -7.48717 6.50421
    endloop
  endfacet
  facet normal -0 0.442273 0.89688
    outer loop
      vertex -54.95 -6.57402 5.31418
      vertex -52.95 -6.75 5.40096
      vertex -52.95 -6.57402 5.31418
    endloop
  endfacet
  facet normal 0 0.442273 0.89688
    outer loop
      vertex -52.95 -6.75 5.40096
      vertex -54.95 -6.57402 5.31418
      vertex -54.95 -6.75 5.40096
    endloop
  endfacet
  facet normal 0 0.831462 0.555582
    outer loop
      vertex -52.95 -7.19003 5.78686
      vertex -54.95 -7.29904 5.95
      vertex -52.95 -7.29904 5.95
    endloop
  endfacet
  facet normal 0 0.831462 0.555582
    outer loop
      vertex -54.95 -7.29904 5.95
      vertex -52.95 -7.19003 5.78686
      vertex -54.95 -7.19003 5.78686
    endloop
  endfacet
  facet normal 0 0.99786 -0.0653892
    outer loop
      vertex -52.95 -7.5 6.7
      vertex -54.95 -7.48717 6.89579
      vertex -52.95 -7.48717 6.89579
    endloop
  endfacet
  facet normal 0 0.99786 -0.0653892
    outer loop
      vertex -54.95 -7.48717 6.89579
      vertex -52.95 -7.5 6.7
      vertex -54.95 -7.5 6.7
    endloop
  endfacet
  facet normal 0 0.946932 -0.321433
    outer loop
      vertex -52.95 -7.44889 7.08823
      vertex -54.95 -7.41095 7.2
      vertex -52.95 -7.41095 7.2
    endloop
  endfacet
  facet normal 0 0.946932 -0.321433
    outer loop
      vertex -54.95 -7.41095 7.2
      vertex -52.95 -7.44889 7.08823
      vertex -54.95 -7.44889 7.08823
    endloop
  endfacet
  facet normal 0 -0.442294 0.89687
    outer loop
      vertex -54.95 -5.25 5.40096
      vertex -52.95 -5.42597 5.31418
      vertex -52.95 -5.25 5.40096
    endloop
  endfacet
  facet normal 0 -0.442294 0.89687
    outer loop
      vertex -52.95 -5.42597 5.31418
      vertex -54.95 -5.25 5.40096
      vertex -54.95 -5.42597 5.31418
    endloop
  endfacet
  facet normal 0 -0.659341 0.751844
    outer loop
      vertex -54.95 -4.93934 5.63934
      vertex -52.95 -5.08686 5.50997
      vertex -52.95 -4.93934 5.63934
    endloop
  endfacet
  facet normal 0 -0.659341 0.751844
    outer loop
      vertex -52.95 -5.08686 5.50997
      vertex -54.95 -4.93934 5.63934
      vertex -54.95 -5.08686 5.50997
    endloop
  endfacet
  facet normal 0 -0.946931 0.321437
    outer loop
      vertex -54.95 -4.61418 6.12597
      vertex -52.95 -4.55111 6.31177
      vertex -54.95 -4.55111 6.31177
    endloop
  endfacet
  facet normal 0 -0.946931 0.321437
    outer loop
      vertex -52.95 -4.55111 6.31177
      vertex -54.95 -4.61418 6.12597
      vertex -52.95 -4.61418 6.12597
    endloop
  endfacet
  facet normal 0 0.980784 0.195097
    outer loop
      vertex -52.95 -7.44889 6.31177
      vertex -54.95 -7.48717 6.50421
      vertex -52.95 -7.48717 6.50421
    endloop
  endfacet
  facet normal 0 0.980784 0.195097
    outer loop
      vertex -54.95 -7.48717 6.50421
      vertex -52.95 -7.44889 6.31177
      vertex -54.95 -7.44889 6.31177
    endloop
  endfacet
  facet normal 0 0.751844 0.659341
    outer loop
      vertex -52.95 -7.06066 5.63934
      vertex -54.95 -7.19003 5.78686
      vertex -52.95 -7.19003 5.78686
    endloop
  endfacet
  facet normal 0 0.751844 0.659341
    outer loop
      vertex -54.95 -7.19003 5.78686
      vertex -52.95 -7.06066 5.63934
      vertex -54.95 -7.06066 5.63934
    endloop
  endfacet
  facet normal -0 0.555582 0.831462
    outer loop
      vertex -54.95 -6.75 5.40096
      vertex -52.95 -6.91314 5.50997
      vertex -52.95 -6.75 5.40096
    endloop
  endfacet
  facet normal 0 0.555582 0.831462
    outer loop
      vertex -52.95 -6.91314 5.50997
      vertex -54.95 -6.75 5.40096
      vertex -54.95 -6.91314 5.50997
    endloop
  endfacet
  facet normal -0 0.659341 0.751844
    outer loop
      vertex -54.95 -6.91314 5.50997
      vertex -52.95 -7.06066 5.63934
      vertex -52.95 -6.91314 5.50997
    endloop
  endfacet
  facet normal 0 0.659341 0.751844
    outer loop
      vertex -52.95 -7.06066 5.63934
      vertex -54.95 -6.91314 5.50997
      vertex -54.95 -7.06066 5.63934
    endloop
  endfacet
  facet normal 0 -0.831462 0.555582
    outer loop
      vertex -54.95 7.19003 5.78686
      vertex -52.95 7.29904 5.95
      vertex -54.95 7.29904 5.95
    endloop
  endfacet
  facet normal 0 -0.831462 0.555582
    outer loop
      vertex -52.95 7.29904 5.95
      vertex -54.95 7.19003 5.78686
      vertex -52.95 7.19003 5.78686
    endloop
  endfacet
  facet normal 0 -0.195097 -0.980784
    outer loop
      vertex -54.95 6.19579 8.18717
      vertex -52.95 6.38823 8.14889
      vertex -52.95 6.19579 8.18717
    endloop
  endfacet
  facet normal -0 -0.195097 -0.980784
    outer loop
      vertex -52.95 6.38823 8.14889
      vertex -54.95 6.19579 8.18717
      vertex -54.95 6.38823 8.14889
    endloop
  endfacet
  facet normal -0 0.195097 0.980784
    outer loop
      vertex -54.95 5.80421 5.21283
      vertex -52.95 5.61177 5.25111
      vertex -52.95 5.80421 5.21283
    endloop
  endfacet
  facet normal 0 0.195097 0.980784
    outer loop
      vertex -52.95 5.61177 5.25111
      vertex -54.95 5.80421 5.21283
      vertex -54.95 5.61177 5.25111
    endloop
  endfacet
  facet normal 0 0.980784 -0.195097
    outer loop
      vertex -52.95 4.51283 6.89579
      vertex -54.95 4.55111 7.08823
      vertex -52.95 4.55111 7.08823
    endloop
  endfacet
  facet normal 0 0.980784 -0.195097
    outer loop
      vertex -54.95 4.55111 7.08823
      vertex -52.95 4.51283 6.89579
      vertex -54.95 4.51283 6.89579
    endloop
  endfacet
  facet normal 0 -0.89688 -0.442273
    outer loop
      vertex -54.95 7.38582 7.27402
      vertex -52.95 7.29904 7.45
      vertex -54.95 7.29904 7.45
    endloop
  endfacet
  facet normal 0 -0.89688 -0.442273
    outer loop
      vertex -52.95 7.29904 7.45
      vertex -54.95 7.38582 7.27402
      vertex -52.95 7.38582 7.27402
    endloop
  endfacet
  facet normal 0 -0.321452 -0.946926
    outer loop
      vertex -54.95 6.38823 8.14889
      vertex -52.95 6.57402 8.08582
      vertex -52.95 6.38823 8.14889
    endloop
  endfacet
  facet normal -0 -0.321452 -0.946926
    outer loop
      vertex -52.95 6.57402 8.08582
      vertex -54.95 6.38823 8.14889
      vertex -54.95 6.57402 8.08582
    endloop
  endfacet
  facet normal 0 0.442294 -0.89687
    outer loop
      vertex -54.95 5.25 7.99904
      vertex -52.95 5.42597 8.08582
      vertex -52.95 5.25 7.99904
    endloop
  endfacet
  facet normal 0 0.442294 -0.89687
    outer loop
      vertex -52.95 5.42597 8.08582
      vertex -54.95 5.25 7.99904
      vertex -54.95 5.42597 8.08582
    endloop
  endfacet
  facet normal 0 0.946932 -0.321433
    outer loop
      vertex -52.95 4.55111 7.08823
      vertex -54.95 4.58905 7.2
      vertex -52.95 4.58905 7.2
    endloop
  endfacet
  facet normal 0 0.946932 -0.321433
    outer loop
      vertex -54.95 4.58905 7.2
      vertex -52.95 4.55111 7.08823
      vertex -54.95 4.55111 7.08823
    endloop
  endfacet
  facet normal 0 -0.195097 0.980784
    outer loop
      vertex -54.95 6.38823 5.25111
      vertex -52.95 6.19579 5.21283
      vertex -52.95 6.38823 5.25111
    endloop
  endfacet
  facet normal 0 -0.195097 0.980784
    outer loop
      vertex -52.95 6.19579 5.21283
      vertex -54.95 6.38823 5.25111
      vertex -54.95 6.19579 5.21283
    endloop
  endfacet
  facet normal 0 -0.555582 0.831462
    outer loop
      vertex -54.95 6.91314 5.50997
      vertex -52.95 6.75 5.40096
      vertex -52.95 6.91314 5.50997
    endloop
  endfacet
  facet normal 0 -0.555582 0.831462
    outer loop
      vertex -52.95 6.75 5.40096
      vertex -54.95 6.91314 5.50997
      vertex -54.95 6.75 5.40096
    endloop
  endfacet
  facet normal 0 -0.99786 -0.0653892
    outer loop
      vertex -54.95 7.5 6.7
      vertex -52.95 7.48717 6.89579
      vertex -54.95 7.48717 6.89579
    endloop
  endfacet
  facet normal 0 -0.99786 -0.0653892
    outer loop
      vertex -52.95 7.48717 6.89579
      vertex -54.95 7.5 6.7
      vertex -52.95 7.5 6.7
    endloop
  endfacet
  facet normal 0 -0.0653892 -0.99786
    outer loop
      vertex -54.95 6 8.2
      vertex -52.95 6.19579 8.18717
      vertex -52.95 6 8.2
    endloop
  endfacet
  facet normal -0 -0.0653892 -0.99786
    outer loop
      vertex -52.95 6.19579 8.18717
      vertex -54.95 6 8.2
      vertex -54.95 6.19579 8.18717
    endloop
  endfacet
  facet normal 0 -0.555582 -0.831462
    outer loop
      vertex -54.95 6.75 7.99904
      vertex -52.95 6.91314 7.89003
      vertex -52.95 6.75 7.99904
    endloop
  endfacet
  facet normal -0 -0.555582 -0.831462
    outer loop
      vertex -52.95 6.91314 7.89003
      vertex -54.95 6.75 7.99904
      vertex -54.95 6.91314 7.89003
    endloop
  endfacet
  facet normal 0 -0.980784 -0.195097
    outer loop
      vertex -54.95 7.48717 6.89579
      vertex -52.95 7.44889 7.08823
      vertex -54.95 7.44889 7.08823
    endloop
  endfacet
  facet normal 0 -0.980784 -0.195097
    outer loop
      vertex -52.95 7.44889 7.08823
      vertex -54.95 7.48717 6.89579
      vertex -52.95 7.48717 6.89579
    endloop
  endfacet
  facet normal 0 -0.659341 -0.751844
    outer loop
      vertex -54.95 6.91314 7.89003
      vertex -52.95 7.06066 7.76066
      vertex -52.95 6.91314 7.89003
    endloop
  endfacet
  facet normal -0 -0.659341 -0.751844
    outer loop
      vertex -52.95 7.06066 7.76066
      vertex -54.95 6.91314 7.89003
      vertex -54.95 7.06066 7.76066
    endloop
  endfacet
  facet normal -0 0.0653892 0.99786
    outer loop
      vertex -54.95 6 5.2
      vertex -52.95 5.80421 5.21283
      vertex -52.95 6 5.2
    endloop
  endfacet
  facet normal 0 0.0653892 0.99786
    outer loop
      vertex -52.95 5.80421 5.21283
      vertex -54.95 6 5.2
      vertex -54.95 5.80421 5.21283
    endloop
  endfacet
  facet normal 0 0.980784 0.195097
    outer loop
      vertex -52.95 4.55111 6.31177
      vertex -54.95 4.51283 6.50421
      vertex -52.95 4.51283 6.50421
    endloop
  endfacet
  facet normal 0 0.980784 0.195097
    outer loop
      vertex -54.95 4.51283 6.50421
      vertex -52.95 4.55111 6.31177
      vertex -54.95 4.55111 6.31177
    endloop
  endfacet
  facet normal -0 0.555582 0.831462
    outer loop
      vertex -54.95 5.25 5.40096
      vertex -52.95 5.08686 5.50997
      vertex -52.95 5.25 5.40096
    endloop
  endfacet
  facet normal 0 0.555582 0.831462
    outer loop
      vertex -52.95 5.08686 5.50997
      vertex -54.95 5.25 5.40096
      vertex -54.95 5.08686 5.50997
    endloop
  endfacet
  facet normal 0 0.195097 -0.980784
    outer loop
      vertex -54.95 5.61177 8.14889
      vertex -52.95 5.80421 8.18717
      vertex -52.95 5.61177 8.14889
    endloop
  endfacet
  facet normal 0 0.195097 -0.980784
    outer loop
      vertex -52.95 5.80421 8.18717
      vertex -54.95 5.61177 8.14889
      vertex -54.95 5.80421 8.18717
    endloop
  endfacet
  facet normal 0 -0.321452 0.946926
    outer loop
      vertex -54.95 6.57402 5.31418
      vertex -52.95 6.38823 5.25111
      vertex -52.95 6.57402 5.31418
    endloop
  endfacet
  facet normal 0 -0.321452 0.946926
    outer loop
      vertex -52.95 6.38823 5.25111
      vertex -54.95 6.57402 5.31418
      vertex -54.95 6.38823 5.25111
    endloop
  endfacet
  facet normal 0 -0.751844 0.659341
    outer loop
      vertex -54.95 7.06066 5.63934
      vertex -52.95 7.19003 5.78686
      vertex -54.95 7.19003 5.78686
    endloop
  endfacet
  facet normal 0 -0.751844 0.659341
    outer loop
      vertex -52.95 7.19003 5.78686
      vertex -54.95 7.06066 5.63934
      vertex -52.95 7.06066 5.63934
    endloop
  endfacet
  facet normal 0 -0.89687 0.442294
    outer loop
      vertex -54.95 7.29904 5.95
      vertex -52.95 7.38582 6.12597
      vertex -54.95 7.38582 6.12597
    endloop
  endfacet
  facet normal 0 -0.89687 0.442294
    outer loop
      vertex -52.95 7.38582 6.12597
      vertex -54.95 7.29904 5.95
      vertex -52.95 7.29904 5.95
    endloop
  endfacet
  facet normal 0 -0.980784 0.195097
    outer loop
      vertex -54.95 7.44889 6.31177
      vertex -52.95 7.48717 6.50421
      vertex -54.95 7.48717 6.50421
    endloop
  endfacet
  facet normal 0 -0.980784 0.195097
    outer loop
      vertex -52.95 7.48717 6.50421
      vertex -54.95 7.44889 6.31177
      vertex -52.95 7.44889 6.31177
    endloop
  endfacet
  facet normal 0 0.0653892 -0.99786
    outer loop
      vertex -54.95 5.80421 8.18717
      vertex -52.95 6 8.2
      vertex -52.95 5.80421 8.18717
    endloop
  endfacet
  facet normal 0 0.0653892 -0.99786
    outer loop
      vertex -52.95 6 8.2
      vertex -54.95 5.80421 8.18717
      vertex -54.95 6 8.2
    endloop
  endfacet
  facet normal 0 -0.442273 -0.89688
    outer loop
      vertex -54.95 6.57402 8.08582
      vertex -52.95 6.75 7.99904
      vertex -52.95 6.57402 8.08582
    endloop
  endfacet
  facet normal -0 -0.442273 -0.89688
    outer loop
      vertex -52.95 6.75 7.99904
      vertex -54.95 6.57402 8.08582
      vertex -54.95 6.75 7.99904
    endloop
  endfacet
  facet normal 0 -0.946926 -0.321452
    outer loop
      vertex -54.95 7.44889 7.08823
      vertex -52.95 7.38582 7.27402
      vertex -54.95 7.38582 7.27402
    endloop
  endfacet
  facet normal 0 -0.946926 -0.321452
    outer loop
      vertex -52.95 7.38582 7.27402
      vertex -54.95 7.44889 7.08823
      vertex -52.95 7.44889 7.08823
    endloop
  endfacet
  facet normal 0 -0.751844 -0.659341
    outer loop
      vertex -54.95 7.19003 7.61314
      vertex -52.95 7.06066 7.76066
      vertex -54.95 7.06066 7.76066
    endloop
  endfacet
  facet normal 0 -0.751844 -0.659341
    outer loop
      vertex -52.95 7.06066 7.76066
      vertex -54.95 7.19003 7.61314
      vertex -52.95 7.19003 7.61314
    endloop
  endfacet
  facet normal 0 -0.831462 -0.555582
    outer loop
      vertex -54.95 7.29904 7.45
      vertex -52.95 7.19003 7.61314
      vertex -54.95 7.19003 7.61314
    endloop
  endfacet
  facet normal 0 -0.831462 -0.555582
    outer loop
      vertex -52.95 7.19003 7.61314
      vertex -54.95 7.29904 7.45
      vertex -52.95 7.29904 7.45
    endloop
  endfacet
  facet normal 0 -0.0653892 0.99786
    outer loop
      vertex -54.95 6.19579 5.21283
      vertex -52.95 6 5.2
      vertex -52.95 6.19579 5.21283
    endloop
  endfacet
  facet normal 0 -0.0653892 0.99786
    outer loop
      vertex -52.95 6 5.2
      vertex -54.95 6.19579 5.21283
      vertex -54.95 6 5.2
    endloop
  endfacet
  facet normal 0 0.946931 0.321437
    outer loop
      vertex -52.95 4.61418 6.12597
      vertex -54.95 4.55111 6.31177
      vertex -52.95 4.55111 6.31177
    endloop
  endfacet
  facet normal 0 0.946931 0.321437
    outer loop
      vertex -54.95 4.55111 6.31177
      vertex -52.95 4.61418 6.12597
      vertex -54.95 4.61418 6.12597
    endloop
  endfacet
  facet normal -0 0.659341 0.751844
    outer loop
      vertex -54.95 5.08686 5.50997
      vertex -52.95 4.93934 5.63934
      vertex -52.95 5.08686 5.50997
    endloop
  endfacet
  facet normal 0 0.659341 0.751844
    outer loop
      vertex -52.95 4.93934 5.63934
      vertex -54.95 5.08686 5.50997
      vertex -54.95 4.93934 5.63934
    endloop
  endfacet
  facet normal 0 0.831462 0.555582
    outer loop
      vertex -52.95 4.80997 5.78686
      vertex -54.95 4.70096 5.95
      vertex -52.95 4.70096 5.95
    endloop
  endfacet
  facet normal 0 0.831462 0.555582
    outer loop
      vertex -54.95 4.70096 5.95
      vertex -52.95 4.80997 5.78686
      vertex -54.95 4.80997 5.78686
    endloop
  endfacet
  facet normal -0 0.321437 0.946931
    outer loop
      vertex -54.95 5.61177 5.25111
      vertex -52.95 5.42597 5.31418
      vertex -52.95 5.61177 5.25111
    endloop
  endfacet
  facet normal 0 0.321437 0.946931
    outer loop
      vertex -52.95 5.42597 5.31418
      vertex -54.95 5.61177 5.25111
      vertex -54.95 5.42597 5.31418
    endloop
  endfacet
  facet normal 0 0.99786 0.0653892
    outer loop
      vertex -52.95 4.51283 6.50421
      vertex -54.95 4.5 6.7
      vertex -52.95 4.5 6.7
    endloop
  endfacet
  facet normal 0 0.99786 0.0653892
    outer loop
      vertex -54.95 4.5 6.7
      vertex -52.95 4.51283 6.50421
      vertex -54.95 4.51283 6.50421
    endloop
  endfacet
  facet normal 0 0.321437 -0.946931
    outer loop
      vertex -54.95 5.42597 8.08582
      vertex -52.95 5.61177 8.14889
      vertex -52.95 5.42597 8.08582
    endloop
  endfacet
  facet normal 0 0.321437 -0.946931
    outer loop
      vertex -52.95 5.61177 8.14889
      vertex -54.95 5.42597 8.08582
      vertex -54.95 5.61177 8.14889
    endloop
  endfacet
  facet normal 0 0.659325 -0.751858
    outer loop
      vertex -54.95 5 7.81386
      vertex -52.95 5.08686 7.89003
      vertex -52.95 5 7.81386
    endloop
  endfacet
  facet normal 0 0.659325 -0.751858
    outer loop
      vertex -52.95 5.08686 7.89003
      vertex -54.95 5 7.81386
      vertex -54.95 5.08686 7.89003
    endloop
  endfacet
  facet normal 0 0.555582 -0.831462
    outer loop
      vertex -54.95 5.08686 7.89003
      vertex -52.95 5.25 7.99904
      vertex -52.95 5.08686 7.89003
    endloop
  endfacet
  facet normal 0 0.555582 -0.831462
    outer loop
      vertex -52.95 5.25 7.99904
      vertex -54.95 5.08686 7.89003
      vertex -54.95 5.25 7.99904
    endloop
  endfacet
  facet normal 0 -0.442273 0.89688
    outer loop
      vertex -54.95 6.75 5.40096
      vertex -52.95 6.57402 5.31418
      vertex -52.95 6.75 5.40096
    endloop
  endfacet
  facet normal 0 -0.442273 0.89688
    outer loop
      vertex -52.95 6.57402 5.31418
      vertex -54.95 6.75 5.40096
      vertex -54.95 6.57402 5.31418
    endloop
  endfacet
  facet normal 0 -0.659341 0.751844
    outer loop
      vertex -54.95 7.06066 5.63934
      vertex -52.95 6.91314 5.50997
      vertex -52.95 7.06066 5.63934
    endloop
  endfacet
  facet normal 0 -0.659341 0.751844
    outer loop
      vertex -52.95 6.91314 5.50997
      vertex -54.95 7.06066 5.63934
      vertex -54.95 6.91314 5.50997
    endloop
  endfacet
  facet normal 0 -0.946931 0.321437
    outer loop
      vertex -54.95 7.38582 6.12597
      vertex -52.95 7.44889 6.31177
      vertex -54.95 7.44889 6.31177
    endloop
  endfacet
  facet normal 0 -0.946931 0.321437
    outer loop
      vertex -52.95 7.44889 6.31177
      vertex -54.95 7.38582 6.12597
      vertex -52.95 7.38582 6.12597
    endloop
  endfacet
  facet normal 0 -0.99786 0.0653892
    outer loop
      vertex -54.95 7.48717 6.50421
      vertex -52.95 7.5 6.7
      vertex -54.95 7.5 6.7
    endloop
  endfacet
  facet normal 0 -0.99786 0.0653892
    outer loop
      vertex -52.95 7.5 6.7
      vertex -54.95 7.48717 6.50421
      vertex -52.95 7.48717 6.50421
    endloop
  endfacet
  facet normal 0 0.89687 0.442294
    outer loop
      vertex -52.95 4.70096 5.95
      vertex -54.95 4.61418 6.12597
      vertex -52.95 4.61418 6.12597
    endloop
  endfacet
  facet normal 0 0.89687 0.442294
    outer loop
      vertex -54.95 4.61418 6.12597
      vertex -52.95 4.70096 5.95
      vertex -54.95 4.70096 5.95
    endloop
  endfacet
  facet normal 0 0.751844 0.659341
    outer loop
      vertex -52.95 4.93934 5.63934
      vertex -54.95 4.80997 5.78686
      vertex -52.95 4.80997 5.78686
    endloop
  endfacet
  facet normal 0 0.751844 0.659341
    outer loop
      vertex -54.95 4.80997 5.78686
      vertex -52.95 4.93934 5.63934
      vertex -54.95 4.93934 5.63934
    endloop
  endfacet
  facet normal -0 0.442294 0.89687
    outer loop
      vertex -54.95 5.42597 5.31418
      vertex -52.95 5.25 5.40096
      vertex -52.95 5.42597 5.31418
    endloop
  endfacet
  facet normal 0 0.442294 0.89687
    outer loop
      vertex -52.95 5.25 5.40096
      vertex -54.95 5.42597 5.31418
      vertex -54.95 5.25 5.40096
    endloop
  endfacet
  facet normal 0 0.99786 -0.0653892
    outer loop
      vertex -52.95 4.5 6.7
      vertex -54.95 4.51283 6.89579
      vertex -52.95 4.51283 6.89579
    endloop
  endfacet
  facet normal 0 0.99786 -0.0653892
    outer loop
      vertex -54.95 4.51283 6.89579
      vertex -52.95 4.5 6.7
      vertex -54.95 4.5 6.7
    endloop
  endfacet
  facet normal -0.997864 -0.0653198 0
    outer loop
      vertex -47.85 -33.2 19.2
      vertex -47.8594 -33.0564 27.2
      vertex -47.8594 -33.0564 19.2
    endloop
  endfacet
  facet normal -0.997864 -0.0653198 0
    outer loop
      vertex -47.8594 -33.0564 27.2
      vertex -47.85 -33.2 19.2
      vertex -47.85 -33.2 27.2
    endloop
  endfacet
  facet normal 0.0653198 -0.997864 0
    outer loop
      vertex -49.0936 -32.1094 19.2
      vertex -48.95 -32.1 27.2
      vertex -49.0936 -32.1094 27.2
    endloop
  endfacet
  facet normal 0.0653198 -0.997864 0
    outer loop
      vertex -48.95 -32.1 27.2
      vertex -49.0936 -32.1094 19.2
      vertex -48.95 -32.1 19.2
    endloop
  endfacet
  facet normal -0.65939 -0.751801 0
    outer loop
      vertex -48.2804 -32.3273 19.2
      vertex -48.1722 -32.4222 27.2
      vertex -48.2804 -32.3273 27.2
    endloop
  endfacet
  facet normal -0.65939 -0.751801 -0
    outer loop
      vertex -48.1722 -32.4222 27.2
      vertex -48.2804 -32.3273 19.2
      vertex -48.1722 -32.4222 19.2
    endloop
  endfacet
  facet normal 0.751801 -0.65939 0
    outer loop
      vertex -49.8227 -32.5304 27.2
      vertex -49.7278 -32.4222 19.2
      vertex -49.7278 -32.4222 27.2
    endloop
  endfacet
  facet normal 0.751801 -0.65939 0
    outer loop
      vertex -49.7278 -32.4222 19.2
      vertex -49.8227 -32.5304 27.2
      vertex -49.8227 -32.5304 19.2
    endloop
  endfacet
  facet normal 0.44276 -0.89664 0
    outer loop
      vertex -49.5 -32.2474 19.2
      vertex -49.371 -32.1837 27.2
      vertex -49.5 -32.2474 27.2
    endloop
  endfacet
  facet normal 0.44276 -0.89664 0
    outer loop
      vertex -49.371 -32.1837 27.2
      vertex -49.5 -32.2474 19.2
      vertex -49.371 -32.1837 19.2
    endloop
  endfacet
  facet normal -0.89664 -0.44276 0
    outer loop
      vertex -47.9337 -32.779 19.2
      vertex -47.9974 -32.65 27.2
      vertex -47.9974 -32.65 19.2
    endloop
  endfacet
  facet normal -0.89664 -0.44276 0
    outer loop
      vertex -47.9974 -32.65 27.2
      vertex -47.9337 -32.779 19.2
      vertex -47.9337 -32.779 27.2
    endloop
  endfacet
  facet normal -0.980741 -0.195314 0
    outer loop
      vertex -47.8594 -33.0564 19.2
      vertex -47.8875 -32.9153 27.2
      vertex -47.8875 -32.9153 19.2
    endloop
  endfacet
  facet normal -0.980741 -0.195314 0
    outer loop
      vertex -47.8875 -32.9153 27.2
      vertex -47.8594 -33.0564 19.2
      vertex -47.8594 -33.0564 27.2
    endloop
  endfacet
  facet normal -0.831515 -0.555502 0
    outer loop
      vertex -47.9974 -32.65 19.2
      vertex -48.0773 -32.5304 27.2
      vertex -48.0773 -32.5304 19.2
    endloop
  endfacet
  facet normal -0.831515 -0.555502 0
    outer loop
      vertex -48.0773 -32.5304 27.2
      vertex -47.9974 -32.65 19.2
      vertex -47.9974 -32.65 27.2
    endloop
  endfacet
  facet normal -0.321018 -0.947073 0
    outer loop
      vertex -48.6653 -32.1375 19.2
      vertex -48.529 -32.1837 27.2
      vertex -48.6653 -32.1375 27.2
    endloop
  endfacet
  facet normal -0.321018 -0.947073 -0
    outer loop
      vertex -48.529 -32.1837 27.2
      vertex -48.6653 -32.1375 19.2
      vertex -48.529 -32.1837 19.2
    endloop
  endfacet
  facet normal -0.555502 -0.831515 0
    outer loop
      vertex -48.4 -32.2474 19.2
      vertex -48.2804 -32.3273 27.2
      vertex -48.4 -32.2474 27.2
    endloop
  endfacet
  facet normal -0.555502 -0.831515 -0
    outer loop
      vertex -48.2804 -32.3273 27.2
      vertex -48.4 -32.2474 19.2
      vertex -48.2804 -32.3273 19.2
    endloop
  endfacet
  facet normal 0.89664 -0.44276 0
    outer loop
      vertex -49.9663 -32.779 27.2
      vertex -49.9026 -32.65 19.2
      vertex -49.9026 -32.65 27.2
    endloop
  endfacet
  facet normal 0.89664 -0.44276 0
    outer loop
      vertex -49.9026 -32.65 19.2
      vertex -49.9663 -32.779 27.2
      vertex -49.9663 -32.779 19.2
    endloop
  endfacet
  facet normal 0.831515 -0.555502 0
    outer loop
      vertex -49.9026 -32.65 27.2
      vertex -49.8227 -32.5304 19.2
      vertex -49.8227 -32.5304 27.2
    endloop
  endfacet
  facet normal 0.831515 -0.555502 0
    outer loop
      vertex -49.8227 -32.5304 19.2
      vertex -49.9026 -32.65 27.2
      vertex -49.9026 -32.65 19.2
    endloop
  endfacet
  facet normal 0.980741 -0.195314 0
    outer loop
      vertex -50.0406 -33.0564 27.2
      vertex -50.0125 -32.9153 19.2
      vertex -50.0125 -32.9153 27.2
    endloop
  endfacet
  facet normal 0.980741 -0.195314 0
    outer loop
      vertex -50.0125 -32.9153 19.2
      vertex -50.0406 -33.0564 27.2
      vertex -50.0406 -33.0564 19.2
    endloop
  endfacet
  facet normal 0.555502 -0.831515 0
    outer loop
      vertex -49.6196 -32.3273 19.2
      vertex -49.5 -32.2474 27.2
      vertex -49.6196 -32.3273 27.2
    endloop
  endfacet
  facet normal 0.555502 -0.831515 0
    outer loop
      vertex -49.5 -32.2474 27.2
      vertex -49.6196 -32.3273 19.2
      vertex -49.5 -32.2474 19.2
    endloop
  endfacet
  facet normal 0.195314 -0.980741 0
    outer loop
      vertex -49.2347 -32.1375 19.2
      vertex -49.0936 -32.1094 27.2
      vertex -49.2347 -32.1375 27.2
    endloop
  endfacet
  facet normal 0.195314 -0.980741 0
    outer loop
      vertex -49.0936 -32.1094 27.2
      vertex -49.2347 -32.1375 19.2
      vertex -49.0936 -32.1094 19.2
    endloop
  endfacet
  facet normal -0.321018 0.947073 0
    outer loop
      vertex -48.529 -34.2163 19.2
      vertex -48.6653 -34.2625 27.2
      vertex -48.529 -34.2163 27.2
    endloop
  endfacet
  facet normal -0.321018 0.947073 0
    outer loop
      vertex -48.6653 -34.2625 27.2
      vertex -48.529 -34.2163 19.2
      vertex -48.6653 -34.2625 19.2
    endloop
  endfacet
  facet normal -0.195314 0.980741 0
    outer loop
      vertex -48.6653 -34.2625 19.2
      vertex -48.8064 -34.2906 27.2
      vertex -48.6653 -34.2625 27.2
    endloop
  endfacet
  facet normal -0.195314 0.980741 0
    outer loop
      vertex -48.8064 -34.2906 27.2
      vertex -48.6653 -34.2625 19.2
      vertex -48.8064 -34.2906 19.2
    endloop
  endfacet
  facet normal -0.751801 0.65939 0
    outer loop
      vertex -48.1722 -33.9778 19.2
      vertex -48.0773 -33.8696 27.2
      vertex -48.0773 -33.8696 19.2
    endloop
  endfacet
  facet normal -0.751801 0.65939 0
    outer loop
      vertex -48.0773 -33.8696 27.2
      vertex -48.1722 -33.9778 19.2
      vertex -48.1722 -33.9778 27.2
    endloop
  endfacet
  facet normal -0.555502 0.831515 0
    outer loop
      vertex -48.2804 -34.0727 19.2
      vertex -48.4 -34.1526 27.2
      vertex -48.2804 -34.0727 27.2
    endloop
  endfacet
  facet normal -0.555502 0.831515 0
    outer loop
      vertex -48.4 -34.1526 27.2
      vertex -48.2804 -34.0727 19.2
      vertex -48.4 -34.1526 19.2
    endloop
  endfacet
  facet normal -0.980741 0.195314 0
    outer loop
      vertex -47.8875 -33.4847 19.2
      vertex -47.8594 -33.3436 27.2
      vertex -47.8594 -33.3436 19.2
    endloop
  endfacet
  facet normal -0.980741 0.195314 0
    outer loop
      vertex -47.8594 -33.3436 27.2
      vertex -47.8875 -33.4847 19.2
      vertex -47.8875 -33.4847 27.2
    endloop
  endfacet
  facet normal 0.321018 0.947073 -0
    outer loop
      vertex -49.2347 -34.2625 19.2
      vertex -49.371 -34.2163 27.2
      vertex -49.2347 -34.2625 27.2
    endloop
  endfacet
  facet normal 0.321018 0.947073 0
    outer loop
      vertex -49.371 -34.2163 27.2
      vertex -49.2347 -34.2625 19.2
      vertex -49.371 -34.2163 19.2
    endloop
  endfacet
  facet normal 0.195314 0.980741 -0
    outer loop
      vertex -49.0936 -34.2906 19.2
      vertex -49.2347 -34.2625 27.2
      vertex -49.0936 -34.2906 27.2
    endloop
  endfacet
  facet normal 0.195314 0.980741 0
    outer loop
      vertex -49.2347 -34.2625 27.2
      vertex -49.0936 -34.2906 19.2
      vertex -49.2347 -34.2625 19.2
    endloop
  endfacet
  facet normal 0.831515 0.555502 0
    outer loop
      vertex -49.8227 -33.8696 27.2
      vertex -49.9026 -33.75 19.2
      vertex -49.9026 -33.75 27.2
    endloop
  endfacet
  facet normal 0.831515 0.555502 0
    outer loop
      vertex -49.9026 -33.75 19.2
      vertex -49.8227 -33.8696 27.2
      vertex -49.8227 -33.8696 19.2
    endloop
  endfacet
  facet normal 0.751801 0.65939 0
    outer loop
      vertex -49.7278 -33.9778 27.2
      vertex -49.8227 -33.8696 19.2
      vertex -49.8227 -33.8696 27.2
    endloop
  endfacet
  facet normal 0.751801 0.65939 0
    outer loop
      vertex -49.8227 -33.8696 19.2
      vertex -49.7278 -33.9778 27.2
      vertex -49.7278 -33.9778 19.2
    endloop
  endfacet
  facet normal -0.947073 -0.321018 0
    outer loop
      vertex -47.8875 -32.9153 19.2
      vertex -47.9337 -32.779 27.2
      vertex -47.9337 -32.779 19.2
    endloop
  endfacet
  facet normal -0.947073 -0.321018 0
    outer loop
      vertex -47.9337 -32.779 27.2
      vertex -47.8875 -32.9153 19.2
      vertex -47.8875 -32.9153 27.2
    endloop
  endfacet
  facet normal -0.0653198 -0.997864 0
    outer loop
      vertex -48.95 -32.1 19.2
      vertex -48.8064 -32.1094 27.2
      vertex -48.95 -32.1 27.2
    endloop
  endfacet
  facet normal -0.0653198 -0.997864 -0
    outer loop
      vertex -48.8064 -32.1094 27.2
      vertex -48.95 -32.1 19.2
      vertex -48.8064 -32.1094 19.2
    endloop
  endfacet
  facet normal 0 0 1
    outer loop
      vertex -47.8594 -33.0564 19.2
      vertex -47.8594 -33.3436 19.2
      vertex -47.85 -33.2 19.2
    endloop
  endfacet
  facet normal 0 0 1
    outer loop
      vertex -47.8875 -32.9153 19.2
      vertex -47.8594 -33.3436 19.2
      vertex -47.8594 -33.0564 19.2
    endloop
  endfacet
  facet normal 0 0 1
    outer loop
      vertex -47.8875 -32.9153 19.2
      vertex -47.8875 -33.4847 19.2
      vertex -47.8594 -33.3436 19.2
    endloop
  endfacet
  facet normal 0 0 1
    outer loop
      vertex -47.9337 -32.779 19.2
      vertex -47.8875 -33.4847 19.2
      vertex -47.8875 -32.9153 19.2
    endloop
  endfacet
  facet normal 0 0 1
    outer loop
      vertex -47.9337 -32.779 19.2
      vertex -47.9337 -33.621 19.2
      vertex -47.8875 -33.4847 19.2
    endloop
  endfacet
  facet normal 0 0 1
    outer loop
      vertex -47.9974 -32.65 19.2
      vertex -47.9337 -33.621 19.2
      vertex -47.9337 -32.779 19.2
    endloop
  endfacet
  facet normal 0 0 1
    outer loop
      vertex -47.9974 -32.65 19.2
      vertex -47.9974 -33.75 19.2
      vertex -47.9337 -33.621 19.2
    endloop
  endfacet
  facet normal 0 0 1
    outer loop
      vertex -48.0773 -32.5304 19.2
      vertex -47.9974 -33.75 19.2
      vertex -47.9974 -32.65 19.2
    endloop
  endfacet
  facet normal 0 0 1
    outer loop
      vertex -48.0773 -32.5304 19.2
      vertex -48.0773 -33.8696 19.2
      vertex -47.9974 -33.75 19.2
    endloop
  endfacet
  facet normal 0 0 1
    outer loop
      vertex -48.1722 -32.4222 19.2
      vertex -48.0773 -33.8696 19.2
      vertex -48.0773 -32.5304 19.2
    endloop
  endfacet
  facet normal 0 0 1
    outer loop
      vertex -48.1722 -32.4222 19.2
      vertex -48.1722 -33.9778 19.2
      vertex -48.0773 -33.8696 19.2
    endloop
  endfacet
  facet normal 0 0 1
    outer loop
      vertex -48.2804 -32.3273 19.2
      vertex -48.1722 -33.9778 19.2
      vertex -48.1722 -32.4222 19.2
    endloop
  endfacet
  facet normal 0 0 1
    outer loop
      vertex -48.2804 -32.3273 19.2
      vertex -48.2804 -34.0727 19.2
      vertex -48.1722 -33.9778 19.2
    endloop
  endfacet
  facet normal 0 0 1
    outer loop
      vertex -48.4 -32.2474 19.2
      vertex -48.2804 -34.0727 19.2
      vertex -48.2804 -32.3273 19.2
    endloop
  endfacet
  facet normal 0 0 1
    outer loop
      vertex -48.4 -32.2474 19.2
      vertex -48.4 -34.1526 19.2
      vertex -48.2804 -34.0727 19.2
    endloop
  endfacet
  facet normal 0 0 1
    outer loop
      vertex -48.529 -32.1837 19.2
      vertex -48.4 -34.1526 19.2
      vertex -48.4 -32.2474 19.2
    endloop
  endfacet
  facet normal 0 0 1
    outer loop
      vertex -48.529 -32.1837 19.2
      vertex -48.529 -34.2163 19.2
      vertex -48.4 -34.1526 19.2
    endloop
  endfacet
  facet normal 0 0 1
    outer loop
      vertex -48.6653 -32.1375 19.2
      vertex -48.529 -34.2163 19.2
      vertex -48.529 -32.1837 19.2
    endloop
  endfacet
  facet normal 0 0 1
    outer loop
      vertex -48.6653 -32.1375 19.2
      vertex -48.6653 -34.2625 19.2
      vertex -48.529 -34.2163 19.2
    endloop
  endfacet
  facet normal 0 0 1
    outer loop
      vertex -48.8064 -32.1094 19.2
      vertex -48.6653 -34.2625 19.2
      vertex -48.6653 -32.1375 19.2
    endloop
  endfacet
  facet normal 0 0 1
    outer loop
      vertex -48.8064 -32.1094 19.2
      vertex -48.8064 -34.2906 19.2
      vertex -48.6653 -34.2625 19.2
    endloop
  endfacet
  facet normal 0 0 1
    outer loop
      vertex -48.95 -32.1 19.2
      vertex -48.8064 -34.2906 19.2
      vertex -48.8064 -32.1094 19.2
    endloop
  endfacet
  facet normal 0 0 1
    outer loop
      vertex -48.95 -32.1 19.2
      vertex -48.95 -34.3 19.2
      vertex -48.8064 -34.2906 19.2
    endloop
  endfacet
  facet normal -0 0 1
    outer loop
      vertex -49.0936 -32.1094 19.2
      vertex -48.95 -34.3 19.2
      vertex -48.95 -32.1 19.2
    endloop
  endfacet
  facet normal 0 0 1
    outer loop
      vertex -49.0936 -32.1094 19.2
      vertex -49.0936 -34.2906 19.2
      vertex -48.95 -34.3 19.2
    endloop
  endfacet
  facet normal -0 0 1
    outer loop
      vertex -49.2347 -32.1375 19.2
      vertex -49.0936 -34.2906 19.2
      vertex -49.0936 -32.1094 19.2
    endloop
  endfacet
  facet normal 0 0 1
    outer loop
      vertex -49.2347 -32.1375 19.2
      vertex -49.2347 -34.2625 19.2
      vertex -49.0936 -34.2906 19.2
    endloop
  endfacet
  facet normal -0 0 1
    outer loop
      vertex -49.371 -32.1837 19.2
      vertex -49.2347 -34.2625 19.2
      vertex -49.2347 -32.1375 19.2
    endloop
  endfacet
  facet normal 0 0 1
    outer loop
      vertex -49.371 -32.1837 19.2
      vertex -49.371 -34.2163 19.2
      vertex -49.2347 -34.2625 19.2
    endloop
  endfacet
  facet normal -0 0 1
    outer loop
      vertex -49.5 -32.2474 19.2
      vertex -49.371 -34.2163 19.2
      vertex -49.371 -32.1837 19.2
    endloop
  endfacet
  facet normal 0 0 1
    outer loop
      vertex -49.5 -32.2474 19.2
      vertex -49.5 -34.1526 19.2
      vertex -49.371 -34.2163 19.2
    endloop
  endfacet
  facet normal -0 0 1
    outer loop
      vertex -49.6196 -32.3273 19.2
      vertex -49.5 -34.1526 19.2
      vertex -49.5 -32.2474 19.2
    endloop
  endfacet
  facet normal 0 0 1
    outer loop
      vertex -49.6196 -32.3273 19.2
      vertex -49.6196 -34.0727 19.2
      vertex -49.5 -34.1526 19.2
    endloop
  endfacet
  facet normal -0 0 1
    outer loop
      vertex -49.7278 -32.4222 19.2
      vertex -49.6196 -34.0727 19.2
      vertex -49.6196 -32.3273 19.2
    endloop
  endfacet
  facet normal 0 0 1
    outer loop
      vertex -49.7278 -32.4222 19.2
      vertex -49.7278 -33.9778 19.2
      vertex -49.6196 -34.0727 19.2
    endloop
  endfacet
  facet normal -0 0 1
    outer loop
      vertex -49.8227 -32.5304 19.2
      vertex -49.7278 -33.9778 19.2
      vertex -49.7278 -32.4222 19.2
    endloop
  endfacet
  facet normal 0 0 1
    outer loop
      vertex -49.8227 -32.5304 19.2
      vertex -49.8227 -33.8696 19.2
      vertex -49.7278 -33.9778 19.2
    endloop
  endfacet
  facet normal -0 0 1
    outer loop
      vertex -49.9026 -32.65 19.2
      vertex -49.8227 -33.8696 19.2
      vertex -49.8227 -32.5304 19.2
    endloop
  endfacet
  facet normal 0 0 1
    outer loop
      vertex -49.9026 -32.65 19.2
      vertex -49.9026 -33.75 19.2
      vertex -49.8227 -33.8696 19.2
    endloop
  endfacet
  facet normal -0 0 1
    outer loop
      vertex -49.9663 -32.779 19.2
      vertex -49.9026 -33.75 19.2
      vertex -49.9026 -32.65 19.2
    endloop
  endfacet
  facet normal 0 0 1
    outer loop
      vertex -49.9663 -32.779 19.2
      vertex -49.9663 -33.621 19.2
      vertex -49.9026 -33.75 19.2
    endloop
  endfacet
  facet normal -0 0 1
    outer loop
      vertex -50.0125 -32.9153 19.2
      vertex -49.9663 -33.621 19.2
      vertex -49.9663 -32.779 19.2
    endloop
  endfacet
  facet normal 0 0 1
    outer loop
      vertex -50.0125 -32.9153 19.2
      vertex -50.0125 -33.4847 19.2
      vertex -49.9663 -33.621 19.2
    endloop
  endfacet
  facet normal -0 0 1
    outer loop
      vertex -50.0406 -33.0564 19.2
      vertex -50.0125 -33.4847 19.2
      vertex -50.0125 -32.9153 19.2
    endloop
  endfacet
  facet normal 0 0 1
    outer loop
      vertex -50.0406 -33.0564 19.2
      vertex -50.0406 -33.3436 19.2
      vertex -50.0125 -33.4847 19.2
    endloop
  endfacet
  facet normal 0 -0 1
    outer loop
      vertex -50.0406 -33.3436 19.2
      vertex -50.0406 -33.0564 19.2
      vertex -50.05 -33.2 19.2
    endloop
  endfacet
  facet normal 0.947073 -0.321018 0
    outer loop
      vertex -50.0125 -32.9153 27.2
      vertex -49.9663 -32.779 19.2
      vertex -49.9663 -32.779 27.2
    endloop
  endfacet
  facet normal 0.947073 -0.321018 0
    outer loop
      vertex -49.9663 -32.779 19.2
      vertex -50.0125 -32.9153 27.2
      vertex -50.0125 -32.9153 19.2
    endloop
  endfacet
  facet normal 0.997864 -0.0653198 0
    outer loop
      vertex -50.05 -33.2 27.2
      vertex -50.0406 -33.0564 19.2
      vertex -50.0406 -33.0564 27.2
    endloop
  endfacet
  facet normal 0.997864 -0.0653198 0
    outer loop
      vertex -50.0406 -33.0564 19.2
      vertex -50.05 -33.2 27.2
      vertex -50.05 -33.2 19.2
    endloop
  endfacet
  facet normal 0.65939 -0.751801 0
    outer loop
      vertex -49.7278 -32.4222 19.2
      vertex -49.6196 -32.3273 27.2
      vertex -49.7278 -32.4222 27.2
    endloop
  endfacet
  facet normal 0.65939 -0.751801 0
    outer loop
      vertex -49.6196 -32.3273 27.2
      vertex -49.7278 -32.4222 19.2
      vertex -49.6196 -32.3273 19.2
    endloop
  endfacet
  facet normal 0.321018 -0.947073 0
    outer loop
      vertex -49.371 -32.1837 19.2
      vertex -49.2347 -32.1375 27.2
      vertex -49.371 -32.1837 27.2
    endloop
  endfacet
  facet normal 0.321018 -0.947073 0
    outer loop
      vertex -49.2347 -32.1375 27.2
      vertex -49.371 -32.1837 19.2
      vertex -49.2347 -32.1375 19.2
    endloop
  endfacet
  facet normal -0.65939 0.751801 0
    outer loop
      vertex -48.1722 -33.9778 19.2
      vertex -48.2804 -34.0727 27.2
      vertex -48.1722 -33.9778 27.2
    endloop
  endfacet
  facet normal -0.65939 0.751801 0
    outer loop
      vertex -48.2804 -34.0727 27.2
      vertex -48.1722 -33.9778 19.2
      vertex -48.2804 -34.0727 19.2
    endloop
  endfacet
  facet normal -0.947073 0.321018 0
    outer loop
      vertex -47.9337 -33.621 19.2
      vertex -47.8875 -33.4847 27.2
      vertex -47.8875 -33.4847 19.2
    endloop
  endfacet
  facet normal -0.947073 0.321018 0
    outer loop
      vertex -47.8875 -33.4847 27.2
      vertex -47.9337 -33.621 19.2
      vertex -47.9337 -33.621 27.2
    endloop
  endfacet
  facet normal -0.831515 0.555502 0
    outer loop
      vertex -48.0773 -33.8696 19.2
      vertex -47.9974 -33.75 27.2
      vertex -47.9974 -33.75 19.2
    endloop
  endfacet
  facet normal -0.831515 0.555502 0
    outer loop
      vertex -47.9974 -33.75 27.2
      vertex -48.0773 -33.8696 19.2
      vertex -48.0773 -33.8696 27.2
    endloop
  endfacet
  facet normal -0.89664 0.44276 0
    outer loop
      vertex -47.9974 -33.75 19.2
      vertex -47.9337 -33.621 27.2
      vertex -47.9337 -33.621 19.2
    endloop
  endfacet
  facet normal -0.89664 0.44276 0
    outer loop
      vertex -47.9337 -33.621 27.2
      vertex -47.9974 -33.75 19.2
      vertex -47.9974 -33.75 27.2
    endloop
  endfacet
  facet normal 0.555502 0.831515 -0
    outer loop
      vertex -49.5 -34.1526 19.2
      vertex -49.6196 -34.0727 27.2
      vertex -49.5 -34.1526 27.2
    endloop
  endfacet
  facet normal 0.555502 0.831515 0
    outer loop
      vertex -49.6196 -34.0727 27.2
      vertex -49.5 -34.1526 19.2
      vertex -49.6196 -34.0727 19.2
    endloop
  endfacet
  facet normal 0.44276 0.89664 -0
    outer loop
      vertex -49.371 -34.2163 19.2
      vertex -49.5 -34.1526 27.2
      vertex -49.371 -34.2163 27.2
    endloop
  endfacet
  facet normal 0.44276 0.89664 0
    outer loop
      vertex -49.5 -34.1526 27.2
      vertex -49.371 -34.2163 19.2
      vertex -49.5 -34.1526 19.2
    endloop
  endfacet
  facet normal 0.0653198 0.997864 -0
    outer loop
      vertex -48.95 -34.3 19.2
      vertex -49.0936 -34.2906 27.2
      vertex -48.95 -34.3 27.2
    endloop
  endfacet
  facet normal 0.0653198 0.997864 0
    outer loop
      vertex -49.0936 -34.2906 27.2
      vertex -48.95 -34.3 19.2
      vertex -49.0936 -34.2906 19.2
    endloop
  endfacet
  facet normal 0.65939 0.751801 -0
    outer loop
      vertex -49.6196 -34.0727 19.2
      vertex -49.7278 -33.9778 27.2
      vertex -49.6196 -34.0727 27.2
    endloop
  endfacet
  facet normal 0.65939 0.751801 0
    outer loop
      vertex -49.7278 -33.9778 27.2
      vertex -49.6196 -34.0727 19.2
      vertex -49.7278 -33.9778 19.2
    endloop
  endfacet
  facet normal 0.89664 0.44276 0
    outer loop
      vertex -49.9026 -33.75 27.2
      vertex -49.9663 -33.621 19.2
      vertex -49.9663 -33.621 27.2
    endloop
  endfacet
  facet normal 0.89664 0.44276 0
    outer loop
      vertex -49.9663 -33.621 19.2
      vertex -49.9026 -33.75 27.2
      vertex -49.9026 -33.75 19.2
    endloop
  endfacet
  facet normal 0.980741 0.195314 0
    outer loop
      vertex -50.0125 -33.4847 27.2
      vertex -50.0406 -33.3436 19.2
      vertex -50.0406 -33.3436 27.2
    endloop
  endfacet
  facet normal 0.980741 0.195314 0
    outer loop
      vertex -50.0406 -33.3436 19.2
      vertex -50.0125 -33.4847 27.2
      vertex -50.0125 -33.4847 19.2
    endloop
  endfacet
  facet normal -0.751801 -0.65939 0
    outer loop
      vertex -48.0773 -32.5304 19.2
      vertex -48.1722 -32.4222 27.2
      vertex -48.1722 -32.4222 19.2
    endloop
  endfacet
  facet normal -0.751801 -0.65939 0
    outer loop
      vertex -48.1722 -32.4222 27.2
      vertex -48.0773 -32.5304 19.2
      vertex -48.0773 -32.5304 27.2
    endloop
  endfacet
  facet normal -0.195314 -0.980741 0
    outer loop
      vertex -48.8064 -32.1094 19.2
      vertex -48.6653 -32.1375 27.2
      vertex -48.8064 -32.1094 27.2
    endloop
  endfacet
  facet normal -0.195314 -0.980741 -0
    outer loop
      vertex -48.6653 -32.1375 27.2
      vertex -48.8064 -32.1094 19.2
      vertex -48.6653 -32.1375 19.2
    endloop
  endfacet
  facet normal -0.44276 -0.89664 0
    outer loop
      vertex -48.529 -32.1837 19.2
      vertex -48.4 -32.2474 27.2
      vertex -48.529 -32.1837 27.2
    endloop
  endfacet
  facet normal -0.44276 -0.89664 -0
    outer loop
      vertex -48.4 -32.2474 27.2
      vertex -48.529 -32.1837 19.2
      vertex -48.4 -32.2474 19.2
    endloop
  endfacet
  facet normal 0.997864 0.0653198 0
    outer loop
      vertex -50.0406 -33.3436 27.2
      vertex -50.05 -33.2 19.2
      vertex -50.05 -33.2 27.2
    endloop
  endfacet
  facet normal 0.997864 0.0653198 0
    outer loop
      vertex -50.05 -33.2 19.2
      vertex -50.0406 -33.3436 27.2
      vertex -50.0406 -33.3436 19.2
    endloop
  endfacet
  facet normal -0.997864 0.0653198 0
    outer loop
      vertex -47.8594 -33.3436 19.2
      vertex -47.85 -33.2 27.2
      vertex -47.85 -33.2 19.2
    endloop
  endfacet
  facet normal -0.997864 0.0653198 0
    outer loop
      vertex -47.85 -33.2 27.2
      vertex -47.8594 -33.3436 19.2
      vertex -47.8594 -33.3436 27.2
    endloop
  endfacet
  facet normal -0.44276 0.89664 0
    outer loop
      vertex -48.4 -34.1526 19.2
      vertex -48.529 -34.2163 27.2
      vertex -48.4 -34.1526 27.2
    endloop
  endfacet
  facet normal -0.44276 0.89664 0
    outer loop
      vertex -48.529 -34.2163 27.2
      vertex -48.4 -34.1526 19.2
      vertex -48.529 -34.2163 19.2
    endloop
  endfacet
  facet normal -0.0653198 0.997864 0
    outer loop
      vertex -48.8064 -34.2906 19.2
      vertex -48.95 -34.3 27.2
      vertex -48.8064 -34.2906 27.2
    endloop
  endfacet
  facet normal -0.0653198 0.997864 0
    outer loop
      vertex -48.95 -34.3 27.2
      vertex -48.8064 -34.2906 19.2
      vertex -48.95 -34.3 19.2
    endloop
  endfacet
  facet normal 0.947073 0.321018 0
    outer loop
      vertex -49.9663 -33.621 27.2
      vertex -50.0125 -33.4847 19.2
      vertex -50.0125 -33.4847 27.2
    endloop
  endfacet
  facet normal 0.947073 0.321018 0
    outer loop
      vertex -50.0125 -33.4847 19.2
      vertex -49.9663 -33.621 27.2
      vertex -49.9663 -33.621 19.2
    endloop
  endfacet
  facet normal -0.997864 -0.0653198 0
    outer loop
      vertex -47.85 33.2 19.2
      vertex -47.8594 33.3436 27.2
      vertex -47.8594 33.3436 19.2
    endloop
  endfacet
  facet normal -0.997864 -0.0653198 0
    outer loop
      vertex -47.8594 33.3436 27.2
      vertex -47.85 33.2 19.2
      vertex -47.85 33.2 27.2
    endloop
  endfacet
  facet normal 0.0653198 -0.997864 0
    outer loop
      vertex -49.0936 34.2906 19.2
      vertex -48.95 34.3 27.2
      vertex -49.0936 34.2906 27.2
    endloop
  endfacet
  facet normal 0.0653198 -0.997864 0
    outer loop
      vertex -48.95 34.3 27.2
      vertex -49.0936 34.2906 19.2
      vertex -48.95 34.3 19.2
    endloop
  endfacet
  facet normal -0.0653198 0.997864 0
    outer loop
      vertex -48.8064 32.1094 19.2
      vertex -48.95 32.1 27.2
      vertex -48.8064 32.1094 27.2
    endloop
  endfacet
  facet normal -0.0653198 0.997864 0
    outer loop
      vertex -48.95 32.1 27.2
      vertex -48.8064 32.1094 19.2
      vertex -48.95 32.1 19.2
    endloop
  endfacet
  facet normal -0.751801 0.65939 0
    outer loop
      vertex -48.1722 32.4222 19.2
      vertex -48.0773 32.5304 27.2
      vertex -48.0773 32.5304 19.2
    endloop
  endfacet
  facet normal -0.751801 0.65939 0
    outer loop
      vertex -48.0773 32.5304 27.2
      vertex -48.1722 32.4222 19.2
      vertex -48.1722 32.4222 27.2
    endloop
  endfacet
  facet normal -0.65939 -0.751801 0
    outer loop
      vertex -48.2804 34.0727 19.2
      vertex -48.1722 33.9778 27.2
      vertex -48.2804 34.0727 27.2
    endloop
  endfacet
  facet normal -0.65939 -0.751801 -0
    outer loop
      vertex -48.1722 33.9778 27.2
      vertex -48.2804 34.0727 19.2
      vertex -48.1722 33.9778 19.2
    endloop
  endfacet
  facet normal 0.751801 -0.65939 0
    outer loop
      vertex -49.8227 33.8696 27.2
      vertex -49.7278 33.9778 19.2
      vertex -49.7278 33.9778 27.2
    endloop
  endfacet
  facet normal 0.751801 -0.65939 0
    outer loop
      vertex -49.7278 33.9778 19.2
      vertex -49.8227 33.8696 27.2
      vertex -49.8227 33.8696 19.2
    endloop
  endfacet
  facet normal 0.44276 -0.89664 0
    outer loop
      vertex -49.5 34.1526 19.2
      vertex -49.371 34.2163 27.2
      vertex -49.5 34.1526 27.2
    endloop
  endfacet
  facet normal 0.44276 -0.89664 0
    outer loop
      vertex -49.371 34.2163 27.2
      vertex -49.5 34.1526 19.2
      vertex -49.371 34.2163 19.2
    endloop
  endfacet
  facet normal -0.947073 0.321018 0
    outer loop
      vertex -47.9337 32.779 19.2
      vertex -47.8875 32.9153 27.2
      vertex -47.8875 32.9153 19.2
    endloop
  endfacet
  facet normal -0.947073 0.321018 0
    outer loop
      vertex -47.8875 32.9153 27.2
      vertex -47.9337 32.779 19.2
      vertex -47.9337 32.779 27.2
    endloop
  endfacet
  facet normal -0.89664 -0.44276 0
    outer loop
      vertex -47.9337 33.621 19.2
      vertex -47.9974 33.75 27.2
      vertex -47.9974 33.75 19.2
    endloop
  endfacet
  facet normal -0.89664 -0.44276 0
    outer loop
      vertex -47.9974 33.75 27.2
      vertex -47.9337 33.621 19.2
      vertex -47.9337 33.621 27.2
    endloop
  endfacet
  facet normal -0.980741 -0.195314 0
    outer loop
      vertex -47.8594 33.3436 19.2
      vertex -47.8875 33.4847 27.2
      vertex -47.8875 33.4847 19.2
    endloop
  endfacet
  facet normal -0.980741 -0.195314 0
    outer loop
      vertex -47.8875 33.4847 27.2
      vertex -47.8594 33.3436 19.2
      vertex -47.8594 33.3436 27.2
    endloop
  endfacet
  facet normal -0.831515 -0.555502 0
    outer loop
      vertex -47.9974 33.75 19.2
      vertex -48.0773 33.8696 27.2
      vertex -48.0773 33.8696 19.2
    endloop
  endfacet
  facet normal -0.831515 -0.555502 0
    outer loop
      vertex -48.0773 33.8696 27.2
      vertex -47.9974 33.75 19.2
      vertex -47.9974 33.75 27.2
    endloop
  endfacet
  facet normal -0.321018 -0.947073 0
    outer loop
      vertex -48.6653 34.2625 19.2
      vertex -48.529 34.2163 27.2
      vertex -48.6653 34.2625 27.2
    endloop
  endfacet
  facet normal -0.321018 -0.947073 -0
    outer loop
      vertex -48.529 34.2163 27.2
      vertex -48.6653 34.2625 19.2
      vertex -48.529 34.2163 19.2
    endloop
  endfacet
  facet normal -0.195314 -0.980741 0
    outer loop
      vertex -48.8064 34.2906 19.2
      vertex -48.6653 34.2625 27.2
      vertex -48.8064 34.2906 27.2
    endloop
  endfacet
  facet normal -0.195314 -0.980741 -0
    outer loop
      vertex -48.6653 34.2625 27.2
      vertex -48.8064 34.2906 19.2
      vertex -48.6653 34.2625 19.2
    endloop
  endfacet
  facet normal -0.555502 -0.831515 0
    outer loop
      vertex -48.4 34.1526 19.2
      vertex -48.2804 34.0727 27.2
      vertex -48.4 34.1526 27.2
    endloop
  endfacet
  facet normal -0.555502 -0.831515 -0
    outer loop
      vertex -48.2804 34.0727 27.2
      vertex -48.4 34.1526 19.2
      vertex -48.2804 34.0727 19.2
    endloop
  endfacet
  facet normal 0.947073 -0.321018 0
    outer loop
      vertex -50.0125 33.4847 27.2
      vertex -49.9663 33.621 19.2
      vertex -49.9663 33.621 27.2
    endloop
  endfacet
  facet normal 0.947073 -0.321018 0
    outer loop
      vertex -49.9663 33.621 19.2
      vertex -50.0125 33.4847 27.2
      vertex -50.0125 33.4847 19.2
    endloop
  endfacet
  facet normal 0.980741 -0.195314 0
    outer loop
      vertex -50.0406 33.3436 27.2
      vertex -50.0125 33.4847 19.2
      vertex -50.0125 33.4847 27.2
    endloop
  endfacet
  facet normal 0.980741 -0.195314 0
    outer loop
      vertex -50.0125 33.4847 19.2
      vertex -50.0406 33.3436 27.2
      vertex -50.0406 33.3436 19.2
    endloop
  endfacet
  facet normal 0.555502 -0.831515 0
    outer loop
      vertex -49.6196 34.0727 19.2
      vertex -49.5 34.1526 27.2
      vertex -49.6196 34.0727 27.2
    endloop
  endfacet
  facet normal 0.555502 -0.831515 0
    outer loop
      vertex -49.5 34.1526 27.2
      vertex -49.6196 34.0727 19.2
      vertex -49.5 34.1526 19.2
    endloop
  endfacet
  facet normal 0.321018 -0.947073 0
    outer loop
      vertex -49.371 34.2163 19.2
      vertex -49.2347 34.2625 27.2
      vertex -49.371 34.2163 27.2
    endloop
  endfacet
  facet normal 0.321018 -0.947073 0
    outer loop
      vertex -49.2347 34.2625 27.2
      vertex -49.371 34.2163 19.2
      vertex -49.2347 34.2625 19.2
    endloop
  endfacet
  facet normal -0.44276 0.89664 0
    outer loop
      vertex -48.4 32.2474 19.2
      vertex -48.529 32.1837 27.2
      vertex -48.4 32.2474 27.2
    endloop
  endfacet
  facet normal -0.44276 0.89664 0
    outer loop
      vertex -48.529 32.1837 27.2
      vertex -48.4 32.2474 19.2
      vertex -48.529 32.1837 19.2
    endloop
  endfacet
  facet normal -0.947073 -0.321018 0
    outer loop
      vertex -47.8875 33.4847 19.2
      vertex -47.9337 33.621 27.2
      vertex -47.9337 33.621 19.2
    endloop
  endfacet
  facet normal -0.947073 -0.321018 0
    outer loop
      vertex -47.9337 33.621 27.2
      vertex -47.8875 33.4847 19.2
      vertex -47.8875 33.4847 27.2
    endloop
  endfacet
  facet normal -0.751801 -0.65939 0
    outer loop
      vertex -48.0773 33.8696 19.2
      vertex -48.1722 33.9778 27.2
      vertex -48.1722 33.9778 19.2
    endloop
  endfacet
  facet normal -0.751801 -0.65939 0
    outer loop
      vertex -48.1722 33.9778 27.2
      vertex -48.0773 33.8696 19.2
      vertex -48.0773 33.8696 27.2
    endloop
  endfacet
  facet normal -0.0653198 -0.997864 0
    outer loop
      vertex -48.95 34.3 19.2
      vertex -48.8064 34.2906 27.2
      vertex -48.95 34.3 27.2
    endloop
  endfacet
  facet normal -0.0653198 -0.997864 -0
    outer loop
      vertex -48.8064 34.2906 27.2
      vertex -48.95 34.3 19.2
      vertex -48.8064 34.2906 19.2
    endloop
  endfacet
  facet normal -0.44276 -0.89664 0
    outer loop
      vertex -48.529 34.2163 19.2
      vertex -48.4 34.1526 27.2
      vertex -48.529 34.2163 27.2
    endloop
  endfacet
  facet normal -0.44276 -0.89664 -0
    outer loop
      vertex -48.4 34.1526 27.2
      vertex -48.529 34.2163 19.2
      vertex -48.4 34.1526 19.2
    endloop
  endfacet
  facet normal 0 0 1
    outer loop
      vertex -47.8594 33.3436 19.2
      vertex -47.8594 33.0564 19.2
      vertex -47.85 33.2 19.2
    endloop
  endfacet
  facet normal 0 0 1
    outer loop
      vertex -47.8875 33.4847 19.2
      vertex -47.8594 33.0564 19.2
      vertex -47.8594 33.3436 19.2
    endloop
  endfacet
  facet normal 0 0 1
    outer loop
      vertex -47.8875 33.4847 19.2
      vertex -47.8875 32.9153 19.2
      vertex -47.8594 33.0564 19.2
    endloop
  endfacet
  facet normal 0 0 1
    outer loop
      vertex -47.9337 33.621 19.2
      vertex -47.8875 32.9153 19.2
      vertex -47.8875 33.4847 19.2
    endloop
  endfacet
  facet normal 0 0 1
    outer loop
      vertex -47.9337 33.621 19.2
      vertex -47.9337 32.779 19.2
      vertex -47.8875 32.9153 19.2
    endloop
  endfacet
  facet normal 0 0 1
    outer loop
      vertex -47.9974 33.75 19.2
      vertex -47.9337 32.779 19.2
      vertex -47.9337 33.621 19.2
    endloop
  endfacet
  facet normal 0 0 1
    outer loop
      vertex -47.9974 33.75 19.2
      vertex -47.9974 32.65 19.2
      vertex -47.9337 32.779 19.2
    endloop
  endfacet
  facet normal 0 0 1
    outer loop
      vertex -48.0773 33.8696 19.2
      vertex -47.9974 32.65 19.2
      vertex -47.9974 33.75 19.2
    endloop
  endfacet
  facet normal 0 0 1
    outer loop
      vertex -48.0773 33.8696 19.2
      vertex -48.0773 32.5304 19.2
      vertex -47.9974 32.65 19.2
    endloop
  endfacet
  facet normal 0 0 1
    outer loop
      vertex -48.1722 33.9778 19.2
      vertex -48.0773 32.5304 19.2
      vertex -48.0773 33.8696 19.2
    endloop
  endfacet
  facet normal 0 0 1
    outer loop
      vertex -48.1722 33.9778 19.2
      vertex -48.1722 32.4222 19.2
      vertex -48.0773 32.5304 19.2
    endloop
  endfacet
  facet normal 0 0 1
    outer loop
      vertex -48.2804 34.0727 19.2
      vertex -48.1722 32.4222 19.2
      vertex -48.1722 33.9778 19.2
    endloop
  endfacet
  facet normal 0 0 1
    outer loop
      vertex -48.2804 34.0727 19.2
      vertex -48.2804 32.3273 19.2
      vertex -48.1722 32.4222 19.2
    endloop
  endfacet
  facet normal 0 0 1
    outer loop
      vertex -48.4 34.1526 19.2
      vertex -48.2804 32.3273 19.2
      vertex -48.2804 34.0727 19.2
    endloop
  endfacet
  facet normal 0 0 1
    outer loop
      vertex -48.4 34.1526 19.2
      vertex -48.4 32.2474 19.2
      vertex -48.2804 32.3273 19.2
    endloop
  endfacet
  facet normal 0 0 1
    outer loop
      vertex -48.529 34.2163 19.2
      vertex -48.4 32.2474 19.2
      vertex -48.4 34.1526 19.2
    endloop
  endfacet
  facet normal 0 0 1
    outer loop
      vertex -48.529 34.2163 19.2
      vertex -48.529 32.1837 19.2
      vertex -48.4 32.2474 19.2
    endloop
  endfacet
  facet normal 0 0 1
    outer loop
      vertex -48.6653 34.2625 19.2
      vertex -48.529 32.1837 19.2
      vertex -48.529 34.2163 19.2
    endloop
  endfacet
  facet normal 0 0 1
    outer loop
      vertex -48.6653 34.2625 19.2
      vertex -48.6653 32.1375 19.2
      vertex -48.529 32.1837 19.2
    endloop
  endfacet
  facet normal 0 0 1
    outer loop
      vertex -48.8064 34.2906 19.2
      vertex -48.6653 32.1375 19.2
      vertex -48.6653 34.2625 19.2
    endloop
  endfacet
  facet normal 0 0 1
    outer loop
      vertex -48.8064 34.2906 19.2
      vertex -48.8064 32.1094 19.2
      vertex -48.6653 32.1375 19.2
    endloop
  endfacet
  facet normal 0 0 1
    outer loop
      vertex -48.95 34.3 19.2
      vertex -48.8064 32.1094 19.2
      vertex -48.8064 34.2906 19.2
    endloop
  endfacet
  facet normal 0 0 1
    outer loop
      vertex -48.95 34.3 19.2
      vertex -48.95 32.1 19.2
      vertex -48.8064 32.1094 19.2
    endloop
  endfacet
  facet normal -0 0 1
    outer loop
      vertex -49.0936 34.2906 19.2
      vertex -48.95 32.1 19.2
      vertex -48.95 34.3 19.2
    endloop
  endfacet
  facet normal 0 0 1
    outer loop
      vertex -49.0936 34.2906 19.2
      vertex -49.0936 32.1094 19.2
      vertex -48.95 32.1 19.2
    endloop
  endfacet
  facet normal -0 0 1
    outer loop
      vertex -49.2347 34.2625 19.2
      vertex -49.0936 32.1094 19.2
      vertex -49.0936 34.2906 19.2
    endloop
  endfacet
  facet normal 0 0 1
    outer loop
      vertex -49.2347 34.2625 19.2
      vertex -49.2347 32.1375 19.2
      vertex -49.0936 32.1094 19.2
    endloop
  endfacet
  facet normal -0 0 1
    outer loop
      vertex -49.371 34.2163 19.2
      vertex -49.2347 32.1375 19.2
      vertex -49.2347 34.2625 19.2
    endloop
  endfacet
  facet normal 0 0 1
    outer loop
      vertex -49.371 34.2163 19.2
      vertex -49.371 32.1837 19.2
      vertex -49.2347 32.1375 19.2
    endloop
  endfacet
  facet normal -0 0 1
    outer loop
      vertex -49.5 34.1526 19.2
      vertex -49.371 32.1837 19.2
      vertex -49.371 34.2163 19.2
    endloop
  endfacet
  facet normal 0 0 1
    outer loop
      vertex -49.5 34.1526 19.2
      vertex -49.5 32.2474 19.2
      vertex -49.371 32.1837 19.2
    endloop
  endfacet
  facet normal -0 0 1
    outer loop
      vertex -49.6196 34.0727 19.2
      vertex -49.5 32.2474 19.2
      vertex -49.5 34.1526 19.2
    endloop
  endfacet
  facet normal 0 0 1
    outer loop
      vertex -49.6196 34.0727 19.2
      vertex -49.6196 32.3273 19.2
      vertex -49.5 32.2474 19.2
    endloop
  endfacet
  facet normal -0 0 1
    outer loop
      vertex -49.7278 33.9778 19.2
      vertex -49.6196 32.3273 19.2
      vertex -49.6196 34.0727 19.2
    endloop
  endfacet
  facet normal 0 0 1
    outer loop
      vertex -49.7278 33.9778 19.2
      vertex -49.7278 32.4222 19.2
      vertex -49.6196 32.3273 19.2
    endloop
  endfacet
  facet normal -0 0 1
    outer loop
      vertex -49.8227 33.8696 19.2
      vertex -49.7278 32.4222 19.2
      vertex -49.7278 33.9778 19.2
    endloop
  endfacet
  facet normal 0 0 1
    outer loop
      vertex -49.8227 33.8696 19.2
      vertex -49.8227 32.5304 19.2
      vertex -49.7278 32.4222 19.2
    endloop
  endfacet
  facet normal -0 0 1
    outer loop
      vertex -49.9026 33.75 19.2
      vertex -49.8227 32.5304 19.2
      vertex -49.8227 33.8696 19.2
    endloop
  endfacet
  facet normal 0 0 1
    outer loop
      vertex -49.9026 33.75 19.2
      vertex -49.9026 32.65 19.2
      vertex -49.8227 32.5304 19.2
    endloop
  endfacet
  facet normal -0 0 1
    outer loop
      vertex -49.9663 33.621 19.2
      vertex -49.9026 32.65 19.2
      vertex -49.9026 33.75 19.2
    endloop
  endfacet
  facet normal 0 0 1
    outer loop
      vertex -49.9663 33.621 19.2
      vertex -49.9663 32.779 19.2
      vertex -49.9026 32.65 19.2
    endloop
  endfacet
  facet normal -0 0 1
    outer loop
      vertex -50.0125 33.4847 19.2
      vertex -49.9663 32.779 19.2
      vertex -49.9663 33.621 19.2
    endloop
  endfacet
  facet normal 0 0 1
    outer loop
      vertex -50.0125 33.4847 19.2
      vertex -50.0125 32.9153 19.2
      vertex -49.9663 32.779 19.2
    endloop
  endfacet
  facet normal -0 0 1
    outer loop
      vertex -50.0406 33.3436 19.2
      vertex -50.0125 32.9153 19.2
      vertex -50.0125 33.4847 19.2
    endloop
  endfacet
  facet normal 0 0 1
    outer loop
      vertex -50.0406 33.3436 19.2
      vertex -50.0406 33.0564 19.2
      vertex -50.0125 32.9153 19.2
    endloop
  endfacet
  facet normal 0 -0 1
    outer loop
      vertex -50.0406 33.0564 19.2
      vertex -50.0406 33.3436 19.2
      vertex -50.05 33.2 19.2
    endloop
  endfacet
  facet normal 0.89664 -0.44276 0
    outer loop
      vertex -49.9663 33.621 27.2
      vertex -49.9026 33.75 19.2
      vertex -49.9026 33.75 27.2
    endloop
  endfacet
  facet normal 0.89664 -0.44276 0
    outer loop
      vertex -49.9026 33.75 19.2
      vertex -49.9663 33.621 27.2
      vertex -49.9663 33.621 19.2
    endloop
  endfacet
  facet normal 0.831515 -0.555502 0
    outer loop
      vertex -49.9026 33.75 27.2
      vertex -49.8227 33.8696 19.2
      vertex -49.8227 33.8696 27.2
    endloop
  endfacet
  facet normal 0.831515 -0.555502 0
    outer loop
      vertex -49.8227 33.8696 19.2
      vertex -49.9026 33.75 27.2
      vertex -49.9026 33.75 19.2
    endloop
  endfacet
  facet normal 0.997864 -0.0653198 0
    outer loop
      vertex -50.05 33.2 27.2
      vertex -50.0406 33.3436 19.2
      vertex -50.0406 33.3436 27.2
    endloop
  endfacet
  facet normal 0.997864 -0.0653198 0
    outer loop
      vertex -50.0406 33.3436 19.2
      vertex -50.05 33.2 27.2
      vertex -50.05 33.2 19.2
    endloop
  endfacet
  facet normal 0.65939 -0.751801 0
    outer loop
      vertex -49.7278 33.9778 19.2
      vertex -49.6196 34.0727 27.2
      vertex -49.7278 33.9778 27.2
    endloop
  endfacet
  facet normal 0.65939 -0.751801 0
    outer loop
      vertex -49.6196 34.0727 27.2
      vertex -49.7278 33.9778 19.2
      vertex -49.6196 34.0727 19.2
    endloop
  endfacet
  facet normal 0.195314 -0.980741 0
    outer loop
      vertex -49.2347 34.2625 19.2
      vertex -49.0936 34.2906 27.2
      vertex -49.2347 34.2625 27.2
    endloop
  endfacet
  facet normal 0.195314 -0.980741 0
    outer loop
      vertex -49.0936 34.2906 27.2
      vertex -49.2347 34.2625 19.2
      vertex -49.0936 34.2906 19.2
    endloop
  endfacet
  facet normal -0.831515 0.555502 0
    outer loop
      vertex -48.0773 32.5304 19.2
      vertex -47.9974 32.65 27.2
      vertex -47.9974 32.65 19.2
    endloop
  endfacet
  facet normal -0.831515 0.555502 0
    outer loop
      vertex -47.9974 32.65 27.2
      vertex -48.0773 32.5304 19.2
      vertex -48.0773 32.5304 27.2
    endloop
  endfacet
  facet normal -0.980741 0.195314 0
    outer loop
      vertex -47.8875 32.9153 19.2
      vertex -47.8594 33.0564 27.2
      vertex -47.8594 33.0564 19.2
    endloop
  endfacet
  facet normal -0.980741 0.195314 0
    outer loop
      vertex -47.8594 33.0564 27.2
      vertex -47.8875 32.9153 19.2
      vertex -47.8875 32.9153 27.2
    endloop
  endfacet
  facet normal 0.555502 0.831515 -0
    outer loop
      vertex -49.5 32.2474 19.2
      vertex -49.6196 32.3273 27.2
      vertex -49.5 32.2474 27.2
    endloop
  endfacet
  facet normal 0.555502 0.831515 0
    outer loop
      vertex -49.6196 32.3273 27.2
      vertex -49.5 32.2474 19.2
      vertex -49.6196 32.3273 19.2
    endloop
  endfacet
  facet normal 0.831515 0.555502 0
    outer loop
      vertex -49.8227 32.5304 27.2
      vertex -49.9026 32.65 19.2
      vertex -49.9026 32.65 27.2
    endloop
  endfacet
  facet normal 0.831515 0.555502 0
    outer loop
      vertex -49.9026 32.65 19.2
      vertex -49.8227 32.5304 27.2
      vertex -49.8227 32.5304 19.2
    endloop
  endfacet
  facet normal 0.751801 0.65939 0
    outer loop
      vertex -49.7278 32.4222 27.2
      vertex -49.8227 32.5304 19.2
      vertex -49.8227 32.5304 27.2
    endloop
  endfacet
  facet normal 0.751801 0.65939 0
    outer loop
      vertex -49.8227 32.5304 19.2
      vertex -49.7278 32.4222 27.2
      vertex -49.7278 32.4222 19.2
    endloop
  endfacet
  facet normal 0.980741 0.195314 0
    outer loop
      vertex -50.0125 32.9153 27.2
      vertex -50.0406 33.0564 19.2
      vertex -50.0406 33.0564 27.2
    endloop
  endfacet
  facet normal 0.980741 0.195314 0
    outer loop
      vertex -50.0406 33.0564 19.2
      vertex -50.0125 32.9153 27.2
      vertex -50.0125 32.9153 19.2
    endloop
  endfacet
  facet normal -0.555502 0.831515 0
    outer loop
      vertex -48.2804 32.3273 19.2
      vertex -48.4 32.2474 27.2
      vertex -48.2804 32.3273 27.2
    endloop
  endfacet
  facet normal -0.555502 0.831515 0
    outer loop
      vertex -48.4 32.2474 27.2
      vertex -48.2804 32.3273 19.2
      vertex -48.4 32.2474 19.2
    endloop
  endfacet
  facet normal 0.997864 0.0653198 0
    outer loop
      vertex -50.0406 33.0564 27.2
      vertex -50.05 33.2 19.2
      vertex -50.05 33.2 27.2
    endloop
  endfacet
  facet normal 0.997864 0.0653198 0
    outer loop
      vertex -50.05 33.2 19.2
      vertex -50.0406 33.0564 27.2
      vertex -50.0406 33.0564 19.2
    endloop
  endfacet
  facet normal -0.89664 0.44276 0
    outer loop
      vertex -47.9974 32.65 19.2
      vertex -47.9337 32.779 27.2
      vertex -47.9337 32.779 19.2
    endloop
  endfacet
  facet normal -0.89664 0.44276 0
    outer loop
      vertex -47.9337 32.779 27.2
      vertex -47.9974 32.65 19.2
      vertex -47.9974 32.65 27.2
    endloop
  endfacet
  facet normal -0.997864 0.0653198 0
    outer loop
      vertex -47.8594 33.0564 19.2
      vertex -47.85 33.2 27.2
      vertex -47.85 33.2 19.2
    endloop
  endfacet
  facet normal -0.997864 0.0653198 0
    outer loop
      vertex -47.85 33.2 27.2
      vertex -47.8594 33.0564 19.2
      vertex -47.8594 33.0564 27.2
    endloop
  endfacet
  facet normal 0.195314 0.980741 -0
    outer loop
      vertex -49.0936 32.1094 19.2
      vertex -49.2347 32.1375 27.2
      vertex -49.0936 32.1094 27.2
    endloop
  endfacet
  facet normal 0.195314 0.980741 0
    outer loop
      vertex -49.2347 32.1375 27.2
      vertex -49.0936 32.1094 19.2
      vertex -49.2347 32.1375 19.2
    endloop
  endfacet
  facet normal 0.65939 0.751801 -0
    outer loop
      vertex -49.6196 32.3273 19.2
      vertex -49.7278 32.4222 27.2
      vertex -49.6196 32.3273 27.2
    endloop
  endfacet
  facet normal 0.65939 0.751801 0
    outer loop
      vertex -49.7278 32.4222 27.2
      vertex -49.6196 32.3273 19.2
      vertex -49.7278 32.4222 19.2
    endloop
  endfacet
  facet normal 0.947073 0.321018 0
    outer loop
      vertex -49.9663 32.779 27.2
      vertex -50.0125 32.9153 19.2
      vertex -50.0125 32.9153 27.2
    endloop
  endfacet
  facet normal 0.947073 0.321018 0
    outer loop
      vertex -50.0125 32.9153 19.2
      vertex -49.9663 32.779 27.2
      vertex -49.9663 32.779 19.2
    endloop
  endfacet
  facet normal 0.89664 0.44276 0
    outer loop
      vertex -49.9026 32.65 27.2
      vertex -49.9663 32.779 19.2
      vertex -49.9663 32.779 27.2
    endloop
  endfacet
  facet normal 0.89664 0.44276 0
    outer loop
      vertex -49.9663 32.779 19.2
      vertex -49.9026 32.65 27.2
      vertex -49.9026 32.65 19.2
    endloop
  endfacet
  facet normal -0.65939 0.751801 0
    outer loop
      vertex -48.1722 32.4222 19.2
      vertex -48.2804 32.3273 27.2
      vertex -48.1722 32.4222 27.2
    endloop
  endfacet
  facet normal -0.65939 0.751801 0
    outer loop
      vertex -48.2804 32.3273 27.2
      vertex -48.1722 32.4222 19.2
      vertex -48.2804 32.3273 19.2
    endloop
  endfacet
  facet normal -0.321018 0.947073 0
    outer loop
      vertex -48.529 32.1837 19.2
      vertex -48.6653 32.1375 27.2
      vertex -48.529 32.1837 27.2
    endloop
  endfacet
  facet normal -0.321018 0.947073 0
    outer loop
      vertex -48.6653 32.1375 27.2
      vertex -48.529 32.1837 19.2
      vertex -48.6653 32.1375 19.2
    endloop
  endfacet
  facet normal -0.195314 0.980741 0
    outer loop
      vertex -48.6653 32.1375 19.2
      vertex -48.8064 32.1094 27.2
      vertex -48.6653 32.1375 27.2
    endloop
  endfacet
  facet normal -0.195314 0.980741 0
    outer loop
      vertex -48.8064 32.1094 27.2
      vertex -48.6653 32.1375 19.2
      vertex -48.8064 32.1094 19.2
    endloop
  endfacet
  facet normal 0.0653198 0.997864 -0
    outer loop
      vertex -48.95 32.1 19.2
      vertex -49.0936 32.1094 27.2
      vertex -48.95 32.1 27.2
    endloop
  endfacet
  facet normal 0.0653198 0.997864 0
    outer loop
      vertex -49.0936 32.1094 27.2
      vertex -48.95 32.1 19.2
      vertex -49.0936 32.1094 19.2
    endloop
  endfacet
  facet normal 0.321018 0.947073 -0
    outer loop
      vertex -49.2347 32.1375 19.2
      vertex -49.371 32.1837 27.2
      vertex -49.2347 32.1375 27.2
    endloop
  endfacet
  facet normal 0.321018 0.947073 0
    outer loop
      vertex -49.371 32.1837 27.2
      vertex -49.2347 32.1375 19.2
      vertex -49.371 32.1837 19.2
    endloop
  endfacet
  facet normal 0.44276 0.89664 -0
    outer loop
      vertex -49.371 32.1837 19.2
      vertex -49.5 32.2474 27.2
      vertex -49.371 32.1837 27.2
    endloop
  endfacet
  facet normal 0.44276 0.89664 0
    outer loop
      vertex -49.5 32.2474 27.2
      vertex -49.371 32.1837 19.2
      vertex -49.5 32.2474 19.2
    endloop
  endfacet
  facet normal -0.997864 -0.0653198 0
    outer loop
      vertex 50.05 -33.2 19.2
      vertex 50.0406 -33.0564 27.2
      vertex 50.0406 -33.0564 19.2
    endloop
  endfacet
  facet normal -0.997864 -0.0653198 0
    outer loop
      vertex 50.0406 -33.0564 27.2
      vertex 50.05 -33.2 19.2
      vertex 50.05 -33.2 27.2
    endloop
  endfacet
  facet normal 0.997864 -0.0653198 0
    outer loop
      vertex 47.85 -33.2 27.2
      vertex 47.8594 -33.0564 19.2
      vertex 47.8594 -33.0564 27.2
    endloop
  endfacet
  facet normal 0.997864 -0.0653198 0
    outer loop
      vertex 47.8594 -33.0564 19.2
      vertex 47.85 -33.2 27.2
      vertex 47.85 -33.2 19.2
    endloop
  endfacet
  facet normal -0.0653198 -0.997864 0
    outer loop
      vertex 48.95 -32.1 19.2
      vertex 49.0936 -32.1094 27.2
      vertex 48.95 -32.1 27.2
    endloop
  endfacet
  facet normal -0.0653198 -0.997864 -0
    outer loop
      vertex 49.0936 -32.1094 27.2
      vertex 48.95 -32.1 19.2
      vertex 49.0936 -32.1094 19.2
    endloop
  endfacet
  facet normal -0.0653198 0.997864 0
    outer loop
      vertex 49.0936 -34.2906 19.2
      vertex 48.95 -34.3 27.2
      vertex 49.0936 -34.2906 27.2
    endloop
  endfacet
  facet normal -0.0653198 0.997864 0
    outer loop
      vertex 48.95 -34.3 27.2
      vertex 49.0936 -34.2906 19.2
      vertex 48.95 -34.3 19.2
    endloop
  endfacet
  facet normal -0.751801 0.65939 0
    outer loop
      vertex 49.7278 -33.9778 19.2
      vertex 49.8227 -33.8696 27.2
      vertex 49.8227 -33.8696 19.2
    endloop
  endfacet
  facet normal -0.751801 0.65939 0
    outer loop
      vertex 49.8227 -33.8696 27.2
      vertex 49.7278 -33.9778 19.2
      vertex 49.7278 -33.9778 27.2
    endloop
  endfacet
  facet normal -0.65939 -0.751801 0
    outer loop
      vertex 49.6196 -32.3273 19.2
      vertex 49.7278 -32.4222 27.2
      vertex 49.6196 -32.3273 27.2
    endloop
  endfacet
  facet normal -0.65939 -0.751801 -0
    outer loop
      vertex 49.7278 -32.4222 27.2
      vertex 49.6196 -32.3273 19.2
      vertex 49.7278 -32.4222 19.2
    endloop
  endfacet
  facet normal 0.65939 -0.751801 0
    outer loop
      vertex 48.1722 -32.4222 19.2
      vertex 48.2804 -32.3273 27.2
      vertex 48.1722 -32.4222 27.2
    endloop
  endfacet
  facet normal 0.65939 -0.751801 0
    outer loop
      vertex 48.2804 -32.3273 27.2
      vertex 48.1722 -32.4222 19.2
      vertex 48.2804 -32.3273 19.2
    endloop
  endfacet
  facet normal 0.321018 -0.947073 0
    outer loop
      vertex 48.529 -32.1837 19.2
      vertex 48.6653 -32.1375 27.2
      vertex 48.529 -32.1837 27.2
    endloop
  endfacet
  facet normal 0.321018 -0.947073 0
    outer loop
      vertex 48.6653 -32.1375 27.2
      vertex 48.529 -32.1837 19.2
      vertex 48.6653 -32.1375 19.2
    endloop
  endfacet
  facet normal -0.89664 -0.44276 0
    outer loop
      vertex 49.9663 -32.779 19.2
      vertex 49.9026 -32.65 27.2
      vertex 49.9026 -32.65 19.2
    endloop
  endfacet
  facet normal -0.89664 -0.44276 0
    outer loop
      vertex 49.9026 -32.65 27.2
      vertex 49.9663 -32.779 19.2
      vertex 49.9663 -32.779 27.2
    endloop
  endfacet
  facet normal -0.980741 -0.195314 0
    outer loop
      vertex 50.0406 -33.0564 19.2
      vertex 50.0125 -32.9153 27.2
      vertex 50.0125 -32.9153 19.2
    endloop
  endfacet
  facet normal -0.980741 -0.195314 0
    outer loop
      vertex 50.0125 -32.9153 27.2
      vertex 50.0406 -33.0564 19.2
      vertex 50.0406 -33.0564 27.2
    endloop
  endfacet
  facet normal -0.831515 -0.555502 0
    outer loop
      vertex 49.9026 -32.65 19.2
      vertex 49.8227 -32.5304 27.2
      vertex 49.8227 -32.5304 19.2
    endloop
  endfacet
  facet normal -0.831515 -0.555502 0
    outer loop
      vertex 49.8227 -32.5304 27.2
      vertex 49.9026 -32.65 19.2
      vertex 49.9026 -32.65 27.2
    endloop
  endfacet
  facet normal -0.321018 -0.947073 0
    outer loop
      vertex 49.2347 -32.1375 19.2
      vertex 49.371 -32.1837 27.2
      vertex 49.2347 -32.1375 27.2
    endloop
  endfacet
  facet normal -0.321018 -0.947073 -0
    outer loop
      vertex 49.371 -32.1837 27.2
      vertex 49.2347 -32.1375 19.2
      vertex 49.371 -32.1837 19.2
    endloop
  endfacet
  facet normal -0.195314 -0.980741 0
    outer loop
      vertex 49.0936 -32.1094 19.2
      vertex 49.2347 -32.1375 27.2
      vertex 49.0936 -32.1094 27.2
    endloop
  endfacet
  facet normal -0.195314 -0.980741 -0
    outer loop
      vertex 49.2347 -32.1375 27.2
      vertex 49.0936 -32.1094 19.2
      vertex 49.2347 -32.1375 19.2
    endloop
  endfacet
  facet normal -0.44276 -0.89664 0
    outer loop
      vertex 49.371 -32.1837 19.2
      vertex 49.5 -32.2474 27.2
      vertex 49.371 -32.1837 27.2
    endloop
  endfacet
  facet normal -0.44276 -0.89664 -0
    outer loop
      vertex 49.5 -32.2474 27.2
      vertex 49.371 -32.1837 19.2
      vertex 49.5 -32.2474 19.2
    endloop
  endfacet
  facet normal 0.89664 -0.44276 0
    outer loop
      vertex 47.9337 -32.779 27.2
      vertex 47.9974 -32.65 19.2
      vertex 47.9974 -32.65 27.2
    endloop
  endfacet
  facet normal 0.89664 -0.44276 0
    outer loop
      vertex 47.9974 -32.65 19.2
      vertex 47.9337 -32.779 27.2
      vertex 47.9337 -32.779 19.2
    endloop
  endfacet
  facet normal 0.751801 -0.65939 0
    outer loop
      vertex 48.0773 -32.5304 27.2
      vertex 48.1722 -32.4222 19.2
      vertex 48.1722 -32.4222 27.2
    endloop
  endfacet
  facet normal 0.751801 -0.65939 0
    outer loop
      vertex 48.1722 -32.4222 19.2
      vertex 48.0773 -32.5304 27.2
      vertex 48.0773 -32.5304 19.2
    endloop
  endfacet
  facet normal 0.947073 -0.321018 0
    outer loop
      vertex 47.8875 -32.9153 27.2
      vertex 47.9337 -32.779 19.2
      vertex 47.9337 -32.779 27.2
    endloop
  endfacet
  facet normal 0.947073 -0.321018 0
    outer loop
      vertex 47.9337 -32.779 19.2
      vertex 47.8875 -32.9153 27.2
      vertex 47.8875 -32.9153 19.2
    endloop
  endfacet
  facet normal 0.195314 -0.980741 0
    outer loop
      vertex 48.6653 -32.1375 19.2
      vertex 48.8064 -32.1094 27.2
      vertex 48.6653 -32.1375 27.2
    endloop
  endfacet
  facet normal 0.195314 -0.980741 0
    outer loop
      vertex 48.8064 -32.1094 27.2
      vertex 48.6653 -32.1375 19.2
      vertex 48.8064 -32.1094 19.2
    endloop
  endfacet
  facet normal -0.195314 0.980741 0
    outer loop
      vertex 49.2347 -34.2625 19.2
      vertex 49.0936 -34.2906 27.2
      vertex 49.2347 -34.2625 27.2
    endloop
  endfacet
  facet normal -0.195314 0.980741 0
    outer loop
      vertex 49.0936 -34.2906 27.2
      vertex 49.2347 -34.2625 19.2
      vertex 49.0936 -34.2906 19.2
    endloop
  endfacet
  facet normal -0.947073 -0.321018 0
    outer loop
      vertex 50.0125 -32.9153 19.2
      vertex 49.9663 -32.779 27.2
      vertex 49.9663 -32.779 19.2
    endloop
  endfacet
  facet normal -0.947073 -0.321018 0
    outer loop
      vertex 49.9663 -32.779 27.2
      vertex 50.0125 -32.9153 19.2
      vertex 50.0125 -32.9153 27.2
    endloop
  endfacet
  facet normal -0.751801 -0.65939 0
    outer loop
      vertex 49.8227 -32.5304 19.2
      vertex 49.7278 -32.4222 27.2
      vertex 49.7278 -32.4222 19.2
    endloop
  endfacet
  facet normal -0.751801 -0.65939 0
    outer loop
      vertex 49.7278 -32.4222 27.2
      vertex 49.8227 -32.5304 19.2
      vertex 49.8227 -32.5304 27.2
    endloop
  endfacet
  facet normal -0.555502 -0.831515 0
    outer loop
      vertex 49.5 -32.2474 19.2
      vertex 49.6196 -32.3273 27.2
      vertex 49.5 -32.2474 27.2
    endloop
  endfacet
  facet normal -0.555502 -0.831515 -0
    outer loop
      vertex 49.6196 -32.3273 27.2
      vertex 49.5 -32.2474 19.2
      vertex 49.6196 -32.3273 19.2
    endloop
  endfacet
  facet normal 0.831515 -0.555502 0
    outer loop
      vertex 47.9974 -32.65 27.2
      vertex 48.0773 -32.5304 19.2
      vertex 48.0773 -32.5304 27.2
    endloop
  endfacet
  facet normal 0.831515 -0.555502 0
    outer loop
      vertex 48.0773 -32.5304 19.2
      vertex 47.9974 -32.65 27.2
      vertex 47.9974 -32.65 19.2
    endloop
  endfacet
  facet normal 0.980741 -0.195314 0
    outer loop
      vertex 47.8594 -33.0564 27.2
      vertex 47.8875 -32.9153 19.2
      vertex 47.8875 -32.9153 27.2
    endloop
  endfacet
  facet normal 0.980741 -0.195314 0
    outer loop
      vertex 47.8875 -32.9153 19.2
      vertex 47.8594 -33.0564 27.2
      vertex 47.8594 -33.0564 19.2
    endloop
  endfacet
  facet normal 0.44276 -0.89664 0
    outer loop
      vertex 48.4 -32.2474 19.2
      vertex 48.529 -32.1837 27.2
      vertex 48.4 -32.2474 27.2
    endloop
  endfacet
  facet normal 0.44276 -0.89664 0
    outer loop
      vertex 48.529 -32.1837 27.2
      vertex 48.4 -32.2474 19.2
      vertex 48.529 -32.1837 19.2
    endloop
  endfacet
  facet normal 0.555502 -0.831515 0
    outer loop
      vertex 48.2804 -32.3273 19.2
      vertex 48.4 -32.2474 27.2
      vertex 48.2804 -32.3273 27.2
    endloop
  endfacet
  facet normal 0.555502 -0.831515 0
    outer loop
      vertex 48.4 -32.2474 27.2
      vertex 48.2804 -32.3273 19.2
      vertex 48.4 -32.2474 19.2
    endloop
  endfacet
  facet normal 0.0653198 -0.997864 0
    outer loop
      vertex 48.8064 -32.1094 19.2
      vertex 48.95 -32.1 27.2
      vertex 48.8064 -32.1094 27.2
    endloop
  endfacet
  facet normal 0.0653198 -0.997864 0
    outer loop
      vertex 48.95 -32.1 27.2
      vertex 48.8064 -32.1094 19.2
      vertex 48.95 -32.1 19.2
    endloop
  endfacet
  facet normal -0.997864 0.0653198 0
    outer loop
      vertex 50.0406 -33.3436 19.2
      vertex 50.05 -33.2 27.2
      vertex 50.05 -33.2 19.2
    endloop
  endfacet
  facet normal -0.997864 0.0653198 0
    outer loop
      vertex 50.05 -33.2 27.2
      vertex 50.0406 -33.3436 19.2
      vertex 50.0406 -33.3436 27.2
    endloop
  endfacet
  facet normal -0.947073 0.321018 0
    outer loop
      vertex 49.9663 -33.621 19.2
      vertex 50.0125 -33.4847 27.2
      vertex 50.0125 -33.4847 19.2
    endloop
  endfacet
  facet normal -0.947073 0.321018 0
    outer loop
      vertex 50.0125 -33.4847 27.2
      vertex 49.9663 -33.621 19.2
      vertex 49.9663 -33.621 27.2
    endloop
  endfacet
  facet normal -0.980741 0.195314 0
    outer loop
      vertex 50.0125 -33.4847 19.2
      vertex 50.0406 -33.3436 27.2
      vertex 50.0406 -33.3436 19.2
    endloop
  endfacet
  facet normal -0.980741 0.195314 0
    outer loop
      vertex 50.0406 -33.3436 27.2
      vertex 50.0125 -33.4847 19.2
      vertex 50.0125 -33.4847 27.2
    endloop
  endfacet
  facet normal 0 0 1
    outer loop
      vertex 50.0406 -33.0564 19.2
      vertex 50.0406 -33.3436 19.2
      vertex 50.05 -33.2 19.2
    endloop
  endfacet
  facet normal 0 0 1
    outer loop
      vertex 50.0125 -32.9153 19.2
      vertex 50.0406 -33.3436 19.2
      vertex 50.0406 -33.0564 19.2
    endloop
  endfacet
  facet normal 0 0 1
    outer loop
      vertex 50.0125 -32.9153 19.2
      vertex 50.0125 -33.4847 19.2
      vertex 50.0406 -33.3436 19.2
    endloop
  endfacet
  facet normal 0 0 1
    outer loop
      vertex 49.9663 -32.779 19.2
      vertex 50.0125 -33.4847 19.2
      vertex 50.0125 -32.9153 19.2
    endloop
  endfacet
  facet normal 0 0 1
    outer loop
      vertex 49.9663 -32.779 19.2
      vertex 49.9663 -33.621 19.2
      vertex 50.0125 -33.4847 19.2
    endloop
  endfacet
  facet normal 0 0 1
    outer loop
      vertex 49.9026 -32.65 19.2
      vertex 49.9663 -33.621 19.2
      vertex 49.9663 -32.779 19.2
    endloop
  endfacet
  facet normal 0 0 1
    outer loop
      vertex 49.9026 -32.65 19.2
      vertex 49.9026 -33.75 19.2
      vertex 49.9663 -33.621 19.2
    endloop
  endfacet
  facet normal 0 0 1
    outer loop
      vertex 49.8227 -32.5304 19.2
      vertex 49.9026 -33.75 19.2
      vertex 49.9026 -32.65 19.2
    endloop
  endfacet
  facet normal 0 0 1
    outer loop
      vertex 49.8227 -32.5304 19.2
      vertex 49.8227 -33.8696 19.2
      vertex 49.9026 -33.75 19.2
    endloop
  endfacet
  facet normal 0 0 1
    outer loop
      vertex 49.7278 -32.4222 19.2
      vertex 49.8227 -33.8696 19.2
      vertex 49.8227 -32.5304 19.2
    endloop
  endfacet
  facet normal 0 0 1
    outer loop
      vertex 49.7278 -32.4222 19.2
      vertex 49.7278 -33.9778 19.2
      vertex 49.8227 -33.8696 19.2
    endloop
  endfacet
  facet normal 0 0 1
    outer loop
      vertex 49.6196 -32.3273 19.2
      vertex 49.7278 -33.9778 19.2
      vertex 49.7278 -32.4222 19.2
    endloop
  endfacet
  facet normal 0 0 1
    outer loop
      vertex 49.6196 -32.3273 19.2
      vertex 49.6196 -34.0727 19.2
      vertex 49.7278 -33.9778 19.2
    endloop
  endfacet
  facet normal 0 0 1
    outer loop
      vertex 49.5 -32.2474 19.2
      vertex 49.6196 -34.0727 19.2
      vertex 49.6196 -32.3273 19.2
    endloop
  endfacet
  facet normal 0 0 1
    outer loop
      vertex 49.5 -32.2474 19.2
      vertex 49.5 -34.1526 19.2
      vertex 49.6196 -34.0727 19.2
    endloop
  endfacet
  facet normal 0 0 1
    outer loop
      vertex 49.371 -32.1837 19.2
      vertex 49.5 -34.1526 19.2
      vertex 49.5 -32.2474 19.2
    endloop
  endfacet
  facet normal 0 0 1
    outer loop
      vertex 49.371 -32.1837 19.2
      vertex 49.371 -34.2163 19.2
      vertex 49.5 -34.1526 19.2
    endloop
  endfacet
  facet normal 0 0 1
    outer loop
      vertex 49.2347 -32.1375 19.2
      vertex 49.371 -34.2163 19.2
      vertex 49.371 -32.1837 19.2
    endloop
  endfacet
  facet normal 0 0 1
    outer loop
      vertex 49.2347 -32.1375 19.2
      vertex 49.2347 -34.2625 19.2
      vertex 49.371 -34.2163 19.2
    endloop
  endfacet
  facet normal 0 0 1
    outer loop
      vertex 49.0936 -32.1094 19.2
      vertex 49.2347 -34.2625 19.2
      vertex 49.2347 -32.1375 19.2
    endloop
  endfacet
  facet normal 0 0 1
    outer loop
      vertex 49.0936 -32.1094 19.2
      vertex 49.0936 -34.2906 19.2
      vertex 49.2347 -34.2625 19.2
    endloop
  endfacet
  facet normal 0 0 1
    outer loop
      vertex 48.95 -32.1 19.2
      vertex 49.0936 -34.2906 19.2
      vertex 49.0936 -32.1094 19.2
    endloop
  endfacet
  facet normal 0 0 1
    outer loop
      vertex 48.95 -32.1 19.2
      vertex 48.95 -34.3 19.2
      vertex 49.0936 -34.2906 19.2
    endloop
  endfacet
  facet normal -0 0 1
    outer loop
      vertex 48.8064 -32.1094 19.2
      vertex 48.95 -34.3 19.2
      vertex 48.95 -32.1 19.2
    endloop
  endfacet
  facet normal 0 0 1
    outer loop
      vertex 48.8064 -32.1094 19.2
      vertex 48.8064 -34.2906 19.2
      vertex 48.95 -34.3 19.2
    endloop
  endfacet
  facet normal -0 0 1
    outer loop
      vertex 48.6653 -32.1375 19.2
      vertex 48.8064 -34.2906 19.2
      vertex 48.8064 -32.1094 19.2
    endloop
  endfacet
  facet normal 0 0 1
    outer loop
      vertex 48.6653 -32.1375 19.2
      vertex 48.6653 -34.2625 19.2
      vertex 48.8064 -34.2906 19.2
    endloop
  endfacet
  facet normal -0 0 1
    outer loop
      vertex 48.529 -32.1837 19.2
      vertex 48.6653 -34.2625 19.2
      vertex 48.6653 -32.1375 19.2
    endloop
  endfacet
  facet normal 0 0 1
    outer loop
      vertex 48.529 -32.1837 19.2
      vertex 48.529 -34.2163 19.2
      vertex 48.6653 -34.2625 19.2
    endloop
  endfacet
  facet normal -0 0 1
    outer loop
      vertex 48.4 -32.2474 19.2
      vertex 48.529 -34.2163 19.2
      vertex 48.529 -32.1837 19.2
    endloop
  endfacet
  facet normal 0 0 1
    outer loop
      vertex 48.4 -32.2474 19.2
      vertex 48.4 -34.1526 19.2
      vertex 48.529 -34.2163 19.2
    endloop
  endfacet
  facet normal -0 0 1
    outer loop
      vertex 48.2804 -32.3273 19.2
      vertex 48.4 -34.1526 19.2
      vertex 48.4 -32.2474 19.2
    endloop
  endfacet
  facet normal 0 0 1
    outer loop
      vertex 48.2804 -32.3273 19.2
      vertex 48.2804 -34.0727 19.2
      vertex 48.4 -34.1526 19.2
    endloop
  endfacet
  facet normal -0 0 1
    outer loop
      vertex 48.1722 -32.4222 19.2
      vertex 48.2804 -34.0727 19.2
      vertex 48.2804 -32.3273 19.2
    endloop
  endfacet
  facet normal 0 0 1
    outer loop
      vertex 48.1722 -32.4222 19.2
      vertex 48.1722 -33.9778 19.2
      vertex 48.2804 -34.0727 19.2
    endloop
  endfacet
  facet normal -0 0 1
    outer loop
      vertex 48.0773 -32.5304 19.2
      vertex 48.1722 -33.9778 19.2
      vertex 48.1722 -32.4222 19.2
    endloop
  endfacet
  facet normal 0 0 1
    outer loop
      vertex 48.0773 -32.5304 19.2
      vertex 48.0773 -33.8696 19.2
      vertex 48.1722 -33.9778 19.2
    endloop
  endfacet
  facet normal -0 0 1
    outer loop
      vertex 47.9974 -32.65 19.2
      vertex 48.0773 -33.8696 19.2
      vertex 48.0773 -32.5304 19.2
    endloop
  endfacet
  facet normal 0 0 1
    outer loop
      vertex 47.9974 -32.65 19.2
      vertex 47.9974 -33.75 19.2
      vertex 48.0773 -33.8696 19.2
    endloop
  endfacet
  facet normal -0 0 1
    outer loop
      vertex 47.9337 -32.779 19.2
      vertex 47.9974 -33.75 19.2
      vertex 47.9974 -32.65 19.2
    endloop
  endfacet
  facet normal 0 0 1
    outer loop
      vertex 47.9337 -32.779 19.2
      vertex 47.9337 -33.621 19.2
      vertex 47.9974 -33.75 19.2
    endloop
  endfacet
  facet normal -0 0 1
    outer loop
      vertex 47.8875 -32.9153 19.2
      vertex 47.9337 -33.621 19.2
      vertex 47.9337 -32.779 19.2
    endloop
  endfacet
  facet normal 0 0 1
    outer loop
      vertex 47.8875 -32.9153 19.2
      vertex 47.8875 -33.4847 19.2
      vertex 47.9337 -33.621 19.2
    endloop
  endfacet
  facet normal -0 0 1
    outer loop
      vertex 47.8594 -33.0564 19.2
      vertex 47.8875 -33.4847 19.2
      vertex 47.8875 -32.9153 19.2
    endloop
  endfacet
  facet normal 0 0 1
    outer loop
      vertex 47.8594 -33.0564 19.2
      vertex 47.8594 -33.3436 19.2
      vertex 47.8875 -33.4847 19.2
    endloop
  endfacet
  facet normal 0 -0 1
    outer loop
      vertex 47.8594 -33.3436 19.2
      vertex 47.8594 -33.0564 19.2
      vertex 47.85 -33.2 19.2
    endloop
  endfacet
  facet normal -0.555502 0.831515 0
    outer loop
      vertex 49.6196 -34.0727 19.2
      vertex 49.5 -34.1526 27.2
      vertex 49.6196 -34.0727 27.2
    endloop
  endfacet
  facet normal -0.555502 0.831515 0
    outer loop
      vertex 49.5 -34.1526 27.2
      vertex 49.6196 -34.0727 19.2
      vertex 49.5 -34.1526 19.2
    endloop
  endfacet
  facet normal 0.947073 0.321018 0
    outer loop
      vertex 47.9337 -33.621 27.2
      vertex 47.8875 -33.4847 19.2
      vertex 47.8875 -33.4847 27.2
    endloop
  endfacet
  facet normal 0.947073 0.321018 0
    outer loop
      vertex 47.8875 -33.4847 19.2
      vertex 47.9337 -33.621 27.2
      vertex 47.9337 -33.621 19.2
    endloop
  endfacet
  facet normal 0.997864 0.0653198 0
    outer loop
      vertex 47.8594 -33.3436 27.2
      vertex 47.85 -33.2 19.2
      vertex 47.85 -33.2 27.2
    endloop
  endfacet
  facet normal 0.997864 0.0653198 0
    outer loop
      vertex 47.85 -33.2 19.2
      vertex 47.8594 -33.3436 27.2
      vertex 47.8594 -33.3436 19.2
    endloop
  endfacet
  facet normal -0.65939 0.751801 0
    outer loop
      vertex 49.7278 -33.9778 19.2
      vertex 49.6196 -34.0727 27.2
      vertex 49.7278 -33.9778 27.2
    endloop
  endfacet
  facet normal -0.65939 0.751801 0
    outer loop
      vertex 49.6196 -34.0727 27.2
      vertex 49.7278 -33.9778 19.2
      vertex 49.6196 -34.0727 19.2
    endloop
  endfacet
  facet normal -0.44276 0.89664 0
    outer loop
      vertex 49.5 -34.1526 19.2
      vertex 49.371 -34.2163 27.2
      vertex 49.5 -34.1526 27.2
    endloop
  endfacet
  facet normal -0.44276 0.89664 0
    outer loop
      vertex 49.371 -34.2163 27.2
      vertex 49.5 -34.1526 19.2
      vertex 49.371 -34.2163 19.2
    endloop
  endfacet
  facet normal -0.321018 0.947073 0
    outer loop
      vertex 49.371 -34.2163 19.2
      vertex 49.2347 -34.2625 27.2
      vertex 49.371 -34.2163 27.2
    endloop
  endfacet
  facet normal -0.321018 0.947073 0
    outer loop
      vertex 49.2347 -34.2625 27.2
      vertex 49.371 -34.2163 19.2
      vertex 49.2347 -34.2625 19.2
    endloop
  endfacet
  facet normal -0.89664 0.44276 0
    outer loop
      vertex 49.9026 -33.75 19.2
      vertex 49.9663 -33.621 27.2
      vertex 49.9663 -33.621 19.2
    endloop
  endfacet
  facet normal -0.89664 0.44276 0
    outer loop
      vertex 49.9663 -33.621 27.2
      vertex 49.9026 -33.75 19.2
      vertex 49.9026 -33.75 27.2
    endloop
  endfacet
  facet normal -0.831515 0.555502 0
    outer loop
      vertex 49.8227 -33.8696 19.2
      vertex 49.9026 -33.75 27.2
      vertex 49.9026 -33.75 19.2
    endloop
  endfacet
  facet normal -0.831515 0.555502 0
    outer loop
      vertex 49.9026 -33.75 27.2
      vertex 49.8227 -33.8696 19.2
      vertex 49.8227 -33.8696 27.2
    endloop
  endfacet
  facet normal 0.321018 0.947073 -0
    outer loop
      vertex 48.6653 -34.2625 19.2
      vertex 48.529 -34.2163 27.2
      vertex 48.6653 -34.2625 27.2
    endloop
  endfacet
  facet normal 0.321018 0.947073 0
    outer loop
      vertex 48.529 -34.2163 27.2
      vertex 48.6653 -34.2625 19.2
      vertex 48.529 -34.2163 19.2
    endloop
  endfacet
  facet normal 0.555502 0.831515 -0
    outer loop
      vertex 48.4 -34.1526 19.2
      vertex 48.2804 -34.0727 27.2
      vertex 48.4 -34.1526 27.2
    endloop
  endfacet
  facet normal 0.555502 0.831515 0
    outer loop
      vertex 48.2804 -34.0727 27.2
      vertex 48.4 -34.1526 19.2
      vertex 48.2804 -34.0727 19.2
    endloop
  endfacet
  facet normal 0.195314 0.980741 -0
    outer loop
      vertex 48.8064 -34.2906 19.2
      vertex 48.6653 -34.2625 27.2
      vertex 48.8064 -34.2906 27.2
    endloop
  endfacet
  facet normal 0.195314 0.980741 0
    outer loop
      vertex 48.6653 -34.2625 27.2
      vertex 48.8064 -34.2906 19.2
      vertex 48.6653 -34.2625 19.2
    endloop
  endfacet
  facet normal 0.751801 0.65939 0
    outer loop
      vertex 48.1722 -33.9778 27.2
      vertex 48.0773 -33.8696 19.2
      vertex 48.0773 -33.8696 27.2
    endloop
  endfacet
  facet normal 0.751801 0.65939 0
    outer loop
      vertex 48.0773 -33.8696 19.2
      vertex 48.1722 -33.9778 27.2
      vertex 48.1722 -33.9778 19.2
    endloop
  endfacet
  facet normal 0.65939 0.751801 -0
    outer loop
      vertex 48.2804 -34.0727 19.2
      vertex 48.1722 -33.9778 27.2
      vertex 48.2804 -34.0727 27.2
    endloop
  endfacet
  facet normal 0.65939 0.751801 0
    outer loop
      vertex 48.1722 -33.9778 27.2
      vertex 48.2804 -34.0727 19.2
      vertex 48.1722 -33.9778 19.2
    endloop
  endfacet
  facet normal 0.89664 0.44276 0
    outer loop
      vertex 47.9974 -33.75 27.2
      vertex 47.9337 -33.621 19.2
      vertex 47.9337 -33.621 27.2
    endloop
  endfacet
  facet normal 0.89664 0.44276 0
    outer loop
      vertex 47.9337 -33.621 19.2
      vertex 47.9974 -33.75 27.2
      vertex 47.9974 -33.75 19.2
    endloop
  endfacet
  facet normal 0.980741 0.195314 0
    outer loop
      vertex 47.8875 -33.4847 27.2
      vertex 47.8594 -33.3436 19.2
      vertex 47.8594 -33.3436 27.2
    endloop
  endfacet
  facet normal 0.980741 0.195314 0
    outer loop
      vertex 47.8594 -33.3436 19.2
      vertex 47.8875 -33.4847 27.2
      vertex 47.8875 -33.4847 19.2
    endloop
  endfacet
  facet normal 0.44276 0.89664 -0
    outer loop
      vertex 48.529 -34.2163 19.2
      vertex 48.4 -34.1526 27.2
      vertex 48.529 -34.2163 27.2
    endloop
  endfacet
  facet normal 0.44276 0.89664 0
    outer loop
      vertex 48.4 -34.1526 27.2
      vertex 48.529 -34.2163 19.2
      vertex 48.4 -34.1526 19.2
    endloop
  endfacet
  facet normal 0.0653198 0.997864 -0
    outer loop
      vertex 48.95 -34.3 19.2
      vertex 48.8064 -34.2906 27.2
      vertex 48.95 -34.3 27.2
    endloop
  endfacet
  facet normal 0.0653198 0.997864 0
    outer loop
      vertex 48.8064 -34.2906 27.2
      vertex 48.95 -34.3 19.2
      vertex 48.8064 -34.2906 19.2
    endloop
  endfacet
  facet normal 0.831515 0.555502 0
    outer loop
      vertex 48.0773 -33.8696 27.2
      vertex 47.9974 -33.75 19.2
      vertex 47.9974 -33.75 27.2
    endloop
  endfacet
  facet normal 0.831515 0.555502 0
    outer loop
      vertex 47.9974 -33.75 19.2
      vertex 48.0773 -33.8696 27.2
      vertex 48.0773 -33.8696 19.2
    endloop
  endfacet
  facet normal -0.555502 -0.831515 0
    outer loop
      vertex 49.5 34.1526 19.2
      vertex 49.6196 34.0727 27.2
      vertex 49.5 34.1526 27.2
    endloop
  endfacet
  facet normal -0.555502 -0.831515 -0
    outer loop
      vertex 49.6196 34.0727 27.2
      vertex 49.5 34.1526 19.2
      vertex 49.6196 34.0727 19.2
    endloop
  endfacet
  facet normal 0.980741 -0.195314 0
    outer loop
      vertex 47.8594 33.3436 27.2
      vertex 47.8875 33.4847 19.2
      vertex 47.8875 33.4847 27.2
    endloop
  endfacet
  facet normal 0.980741 -0.195314 0
    outer loop
      vertex 47.8875 33.4847 19.2
      vertex 47.8594 33.3436 27.2
      vertex 47.8594 33.3436 19.2
    endloop
  endfacet
  facet normal -0.980741 0.195314 0
    outer loop
      vertex 50.0125 32.9153 19.2
      vertex 50.0406 33.0564 27.2
      vertex 50.0406 33.0564 19.2
    endloop
  endfacet
  facet normal -0.980741 0.195314 0
    outer loop
      vertex 50.0406 33.0564 27.2
      vertex 50.0125 32.9153 19.2
      vertex 50.0125 32.9153 27.2
    endloop
  endfacet
  facet normal 0.321018 0.947073 -0
    outer loop
      vertex 48.6653 32.1375 19.2
      vertex 48.529 32.1837 27.2
      vertex 48.6653 32.1375 27.2
    endloop
  endfacet
  facet normal 0.321018 0.947073 0
    outer loop
      vertex 48.529 32.1837 27.2
      vertex 48.6653 32.1375 19.2
      vertex 48.529 32.1837 19.2
    endloop
  endfacet
  facet normal 0.44276 -0.89664 0
    outer loop
      vertex 48.4 34.1526 19.2
      vertex 48.529 34.2163 27.2
      vertex 48.4 34.1526 27.2
    endloop
  endfacet
  facet normal 0.44276 -0.89664 0
    outer loop
      vertex 48.529 34.2163 27.2
      vertex 48.4 34.1526 19.2
      vertex 48.529 34.2163 19.2
    endloop
  endfacet
  facet normal 0.947073 -0.321018 0
    outer loop
      vertex 47.8875 33.4847 27.2
      vertex 47.9337 33.621 19.2
      vertex 47.9337 33.621 27.2
    endloop
  endfacet
  facet normal 0.947073 -0.321018 0
    outer loop
      vertex 47.9337 33.621 19.2
      vertex 47.8875 33.4847 27.2
      vertex 47.8875 33.4847 19.2
    endloop
  endfacet
  facet normal -0.89664 -0.44276 0
    outer loop
      vertex 49.9663 33.621 19.2
      vertex 49.9026 33.75 27.2
      vertex 49.9026 33.75 19.2
    endloop
  endfacet
  facet normal -0.89664 -0.44276 0
    outer loop
      vertex 49.9026 33.75 27.2
      vertex 49.9663 33.621 19.2
      vertex 49.9663 33.621 27.2
    endloop
  endfacet
  facet normal -0.831515 -0.555502 0
    outer loop
      vertex 49.9026 33.75 19.2
      vertex 49.8227 33.8696 27.2
      vertex 49.8227 33.8696 19.2
    endloop
  endfacet
  facet normal -0.831515 -0.555502 0
    outer loop
      vertex 49.8227 33.8696 27.2
      vertex 49.9026 33.75 19.2
      vertex 49.9026 33.75 27.2
    endloop
  endfacet
  facet normal -0.321018 -0.947073 0
    outer loop
      vertex 49.2347 34.2625 19.2
      vertex 49.371 34.2163 27.2
      vertex 49.2347 34.2625 27.2
    endloop
  endfacet
  facet normal -0.321018 -0.947073 -0
    outer loop
      vertex 49.371 34.2163 27.2
      vertex 49.2347 34.2625 19.2
      vertex 49.371 34.2163 19.2
    endloop
  endfacet
  facet normal -0.0653198 -0.997864 0
    outer loop
      vertex 48.95 34.3 19.2
      vertex 49.0936 34.2906 27.2
      vertex 48.95 34.3 27.2
    endloop
  endfacet
  facet normal -0.0653198 -0.997864 -0
    outer loop
      vertex 49.0936 34.2906 27.2
      vertex 48.95 34.3 19.2
      vertex 49.0936 34.2906 19.2
    endloop
  endfacet
  facet normal 0.997864 -0.0653198 0
    outer loop
      vertex 47.85 33.2 27.2
      vertex 47.8594 33.3436 19.2
      vertex 47.8594 33.3436 27.2
    endloop
  endfacet
  facet normal 0.997864 -0.0653198 0
    outer loop
      vertex 47.8594 33.3436 19.2
      vertex 47.85 33.2 27.2
      vertex 47.85 33.2 19.2
    endloop
  endfacet
  facet normal 0.831515 -0.555502 0
    outer loop
      vertex 47.9974 33.75 27.2
      vertex 48.0773 33.8696 19.2
      vertex 48.0773 33.8696 27.2
    endloop
  endfacet
  facet normal 0.831515 -0.555502 0
    outer loop
      vertex 48.0773 33.8696 19.2
      vertex 47.9974 33.75 27.2
      vertex 47.9974 33.75 19.2
    endloop
  endfacet
  facet normal 0.555502 -0.831515 0
    outer loop
      vertex 48.2804 34.0727 19.2
      vertex 48.4 34.1526 27.2
      vertex 48.2804 34.0727 27.2
    endloop
  endfacet
  facet normal 0.555502 -0.831515 0
    outer loop
      vertex 48.4 34.1526 27.2
      vertex 48.2804 34.0727 19.2
      vertex 48.4 34.1526 19.2
    endloop
  endfacet
  facet normal 0.195314 -0.980741 0
    outer loop
      vertex 48.6653 34.2625 19.2
      vertex 48.8064 34.2906 27.2
      vertex 48.6653 34.2625 27.2
    endloop
  endfacet
  facet normal 0.195314 -0.980741 0
    outer loop
      vertex 48.8064 34.2906 27.2
      vertex 48.6653 34.2625 19.2
      vertex 48.8064 34.2906 19.2
    endloop
  endfacet
  facet normal -0.997864 0.0653198 0
    outer loop
      vertex 50.0406 33.0564 19.2
      vertex 50.05 33.2 27.2
      vertex 50.05 33.2 19.2
    endloop
  endfacet
  facet normal -0.997864 0.0653198 0
    outer loop
      vertex 50.05 33.2 27.2
      vertex 50.0406 33.0564 19.2
      vertex 50.0406 33.0564 27.2
    endloop
  endfacet
  facet normal -0.555502 0.831515 0
    outer loop
      vertex 49.6196 32.3273 19.2
      vertex 49.5 32.2474 27.2
      vertex 49.6196 32.3273 27.2
    endloop
  endfacet
  facet normal -0.555502 0.831515 0
    outer loop
      vertex 49.5 32.2474 27.2
      vertex 49.6196 32.3273 19.2
      vertex 49.5 32.2474 19.2
    endloop
  endfacet
  facet normal -0.831515 0.555502 0
    outer loop
      vertex 49.8227 32.5304 19.2
      vertex 49.9026 32.65 27.2
      vertex 49.9026 32.65 19.2
    endloop
  endfacet
  facet normal -0.831515 0.555502 0
    outer loop
      vertex 49.9026 32.65 27.2
      vertex 49.8227 32.5304 19.2
      vertex 49.8227 32.5304 27.2
    endloop
  endfacet
  facet normal 0.195314 0.980741 -0
    outer loop
      vertex 48.8064 32.1094 19.2
      vertex 48.6653 32.1375 27.2
      vertex 48.8064 32.1094 27.2
    endloop
  endfacet
  facet normal 0.195314 0.980741 0
    outer loop
      vertex 48.6653 32.1375 27.2
      vertex 48.8064 32.1094 19.2
      vertex 48.6653 32.1375 19.2
    endloop
  endfacet
  facet normal 0.65939 0.751801 -0
    outer loop
      vertex 48.2804 32.3273 19.2
      vertex 48.1722 32.4222 27.2
      vertex 48.2804 32.3273 27.2
    endloop
  endfacet
  facet normal 0.65939 0.751801 0
    outer loop
      vertex 48.1722 32.4222 27.2
      vertex 48.2804 32.3273 19.2
      vertex 48.1722 32.4222 19.2
    endloop
  endfacet
  facet normal 0 0 1
    outer loop
      vertex 50.0406 33.3436 19.2
      vertex 50.0406 33.0564 19.2
      vertex 50.05 33.2 19.2
    endloop
  endfacet
  facet normal 0 0 1
    outer loop
      vertex 50.0125 33.4847 19.2
      vertex 50.0406 33.0564 19.2
      vertex 50.0406 33.3436 19.2
    endloop
  endfacet
  facet normal 0 0 1
    outer loop
      vertex 50.0125 33.4847 19.2
      vertex 50.0125 32.9153 19.2
      vertex 50.0406 33.0564 19.2
    endloop
  endfacet
  facet normal 0 0 1
    outer loop
      vertex 49.9663 33.621 19.2
      vertex 50.0125 32.9153 19.2
      vertex 50.0125 33.4847 19.2
    endloop
  endfacet
  facet normal 0 0 1
    outer loop
      vertex 49.9663 33.621 19.2
      vertex 49.9663 32.779 19.2
      vertex 50.0125 32.9153 19.2
    endloop
  endfacet
  facet normal 0 0 1
    outer loop
      vertex 49.9026 33.75 19.2
      vertex 49.9663 32.779 19.2
      vertex 49.9663 33.621 19.2
    endloop
  endfacet
  facet normal 0 0 1
    outer loop
      vertex 49.9026 33.75 19.2
      vertex 49.9026 32.65 19.2
      vertex 49.9663 32.779 19.2
    endloop
  endfacet
  facet normal 0 0 1
    outer loop
      vertex 49.8227 33.8696 19.2
      vertex 49.9026 32.65 19.2
      vertex 49.9026 33.75 19.2
    endloop
  endfacet
  facet normal 0 0 1
    outer loop
      vertex 49.8227 33.8696 19.2
      vertex 49.8227 32.5304 19.2
      vertex 49.9026 32.65 19.2
    endloop
  endfacet
  facet normal 0 0 1
    outer loop
      vertex 49.7278 33.9778 19.2
      vertex 49.8227 32.5304 19.2
      vertex 49.8227 33.8696 19.2
    endloop
  endfacet
  facet normal 0 0 1
    outer loop
      vertex 49.7278 33.9778 19.2
      vertex 49.7278 32.4222 19.2
      vertex 49.8227 32.5304 19.2
    endloop
  endfacet
  facet normal 0 0 1
    outer loop
      vertex 49.6196 34.0727 19.2
      vertex 49.7278 32.4222 19.2
      vertex 49.7278 33.9778 19.2
    endloop
  endfacet
  facet normal 0 0 1
    outer loop
      vertex 49.6196 34.0727 19.2
      vertex 49.6196 32.3273 19.2
      vertex 49.7278 32.4222 19.2
    endloop
  endfacet
  facet normal 0 0 1
    outer loop
      vertex 49.5 34.1526 19.2
      vertex 49.6196 32.3273 19.2
      vertex 49.6196 34.0727 19.2
    endloop
  endfacet
  facet normal 0 0 1
    outer loop
      vertex 49.5 34.1526 19.2
      vertex 49.5 32.2474 19.2
      vertex 49.6196 32.3273 19.2
    endloop
  endfacet
  facet normal 0 0 1
    outer loop
      vertex 49.371 34.2163 19.2
      vertex 49.5 32.2474 19.2
      vertex 49.5 34.1526 19.2
    endloop
  endfacet
  facet normal 0 0 1
    outer loop
      vertex 49.371 34.2163 19.2
      vertex 49.371 32.1837 19.2
      vertex 49.5 32.2474 19.2
    endloop
  endfacet
  facet normal 0 0 1
    outer loop
      vertex 49.2347 34.2625 19.2
      vertex 49.371 32.1837 19.2
      vertex 49.371 34.2163 19.2
    endloop
  endfacet
  facet normal 0 0 1
    outer loop
      vertex 49.2347 34.2625 19.2
      vertex 49.2347 32.1375 19.2
      vertex 49.371 32.1837 19.2
    endloop
  endfacet
  facet normal 0 0 1
    outer loop
      vertex 49.0936 34.2906 19.2
      vertex 49.2347 32.1375 19.2
      vertex 49.2347 34.2625 19.2
    endloop
  endfacet
  facet normal 0 0 1
    outer loop
      vertex 49.0936 34.2906 19.2
      vertex 49.0936 32.1094 19.2
      vertex 49.2347 32.1375 19.2
    endloop
  endfacet
  facet normal 0 0 1
    outer loop
      vertex 48.95 34.3 19.2
      vertex 49.0936 32.1094 19.2
      vertex 49.0936 34.2906 19.2
    endloop
  endfacet
  facet normal 0 0 1
    outer loop
      vertex 48.95 34.3 19.2
      vertex 48.95 32.1 19.2
      vertex 49.0936 32.1094 19.2
    endloop
  endfacet
  facet normal -0 0 1
    outer loop
      vertex 48.8064 34.2906 19.2
      vertex 48.95 32.1 19.2
      vertex 48.95 34.3 19.2
    endloop
  endfacet
  facet normal 0 0 1
    outer loop
      vertex 48.8064 34.2906 19.2
      vertex 48.8064 32.1094 19.2
      vertex 48.95 32.1 19.2
    endloop
  endfacet
  facet normal -0 0 1
    outer loop
      vertex 48.6653 34.2625 19.2
      vertex 48.8064 32.1094 19.2
      vertex 48.8064 34.2906 19.2
    endloop
  endfacet
  facet normal 0 0 1
    outer loop
      vertex 48.6653 34.2625 19.2
      vertex 48.6653 32.1375 19.2
      vertex 48.8064 32.1094 19.2
    endloop
  endfacet
  facet normal -0 0 1
    outer loop
      vertex 48.529 34.2163 19.2
      vertex 48.6653 32.1375 19.2
      vertex 48.6653 34.2625 19.2
    endloop
  endfacet
  facet normal 0 0 1
    outer loop
      vertex 48.529 34.2163 19.2
      vertex 48.529 32.1837 19.2
      vertex 48.6653 32.1375 19.2
    endloop
  endfacet
  facet normal -0 0 1
    outer loop
      vertex 48.4 34.1526 19.2
      vertex 48.529 32.1837 19.2
      vertex 48.529 34.2163 19.2
    endloop
  endfacet
  facet normal 0 0 1
    outer loop
      vertex 48.4 34.1526 19.2
      vertex 48.4 32.2474 19.2
      vertex 48.529 32.1837 19.2
    endloop
  endfacet
  facet normal -0 0 1
    outer loop
      vertex 48.2804 34.0727 19.2
      vertex 48.4 32.2474 19.2
      vertex 48.4 34.1526 19.2
    endloop
  endfacet
  facet normal 0 0 1
    outer loop
      vertex 48.2804 34.0727 19.2
      vertex 48.2804 32.3273 19.2
      vertex 48.4 32.2474 19.2
    endloop
  endfacet
  facet normal -0 0 1
    outer loop
      vertex 48.1722 33.9778 19.2
      vertex 48.2804 32.3273 19.2
      vertex 48.2804 34.0727 19.2
    endloop
  endfacet
  facet normal 0 0 1
    outer loop
      vertex 48.1722 33.9778 19.2
      vertex 48.1722 32.4222 19.2
      vertex 48.2804 32.3273 19.2
    endloop
  endfacet
  facet normal -0 0 1
    outer loop
      vertex 48.0773 33.8696 19.2
      vertex 48.1722 32.4222 19.2
      vertex 48.1722 33.9778 19.2
    endloop
  endfacet
  facet normal 0 0 1
    outer loop
      vertex 48.0773 33.8696 19.2
      vertex 48.0773 32.5304 19.2
      vertex 48.1722 32.4222 19.2
    endloop
  endfacet
  facet normal -0 0 1
    outer loop
      vertex 47.9974 33.75 19.2
      vertex 48.0773 32.5304 19.2
      vertex 48.0773 33.8696 19.2
    endloop
  endfacet
  facet normal 0 0 1
    outer loop
      vertex 47.9974 33.75 19.2
      vertex 47.9974 32.65 19.2
      vertex 48.0773 32.5304 19.2
    endloop
  endfacet
  facet normal -0 0 1
    outer loop
      vertex 47.9337 33.621 19.2
      vertex 47.9974 32.65 19.2
      vertex 47.9974 33.75 19.2
    endloop
  endfacet
  facet normal 0 0 1
    outer loop
      vertex 47.9337 33.621 19.2
      vertex 47.9337 32.779 19.2
      vertex 47.9974 32.65 19.2
    endloop
  endfacet
  facet normal -0 0 1
    outer loop
      vertex 47.8875 33.4847 19.2
      vertex 47.9337 32.779 19.2
      vertex 47.9337 33.621 19.2
    endloop
  endfacet
  facet normal 0 0 1
    outer loop
      vertex 47.8875 33.4847 19.2
      vertex 47.8875 32.9153 19.2
      vertex 47.9337 32.779 19.2
    endloop
  endfacet
  facet normal -0 0 1
    outer loop
      vertex 47.8594 33.3436 19.2
      vertex 47.8875 32.9153 19.2
      vertex 47.8875 33.4847 19.2
    endloop
  endfacet
  facet normal 0 0 1
    outer loop
      vertex 47.8594 33.3436 19.2
      vertex 47.8594 33.0564 19.2
      vertex 47.8875 32.9153 19.2
    endloop
  endfacet
  facet normal 0 -0 1
    outer loop
      vertex 47.8594 33.0564 19.2
      vertex 47.8594 33.3436 19.2
      vertex 47.85 33.2 19.2
    endloop
  endfacet
  facet normal -0.980741 -0.195314 0
    outer loop
      vertex 50.0406 33.3436 19.2
      vertex 50.0125 33.4847 27.2
      vertex 50.0125 33.4847 19.2
    endloop
  endfacet
  facet normal -0.980741 -0.195314 0
    outer loop
      vertex 50.0125 33.4847 27.2
      vertex 50.0406 33.3436 19.2
      vertex 50.0406 33.3436 27.2
    endloop
  endfacet
  facet normal -0.947073 -0.321018 0
    outer loop
      vertex 50.0125 33.4847 19.2
      vertex 49.9663 33.621 27.2
      vertex 49.9663 33.621 19.2
    endloop
  endfacet
  facet normal -0.947073 -0.321018 0
    outer loop
      vertex 49.9663 33.621 27.2
      vertex 50.0125 33.4847 19.2
      vertex 50.0125 33.4847 27.2
    endloop
  endfacet
  facet normal -0.751801 -0.65939 0
    outer loop
      vertex 49.8227 33.8696 19.2
      vertex 49.7278 33.9778 27.2
      vertex 49.7278 33.9778 19.2
    endloop
  endfacet
  facet normal -0.751801 -0.65939 0
    outer loop
      vertex 49.7278 33.9778 27.2
      vertex 49.8227 33.8696 19.2
      vertex 49.8227 33.8696 27.2
    endloop
  endfacet
  facet normal -0.65939 -0.751801 0
    outer loop
      vertex 49.6196 34.0727 19.2
      vertex 49.7278 33.9778 27.2
      vertex 49.6196 34.0727 27.2
    endloop
  endfacet
  facet normal -0.65939 -0.751801 -0
    outer loop
      vertex 49.7278 33.9778 27.2
      vertex 49.6196 34.0727 19.2
      vertex 49.7278 33.9778 19.2
    endloop
  endfacet
  facet normal -0.44276 -0.89664 0
    outer loop
      vertex 49.371 34.2163 19.2
      vertex 49.5 34.1526 27.2
      vertex 49.371 34.2163 27.2
    endloop
  endfacet
  facet normal -0.44276 -0.89664 -0
    outer loop
      vertex 49.5 34.1526 27.2
      vertex 49.371 34.2163 19.2
      vertex 49.5 34.1526 19.2
    endloop
  endfacet
  facet normal 0.0653198 -0.997864 0
    outer loop
      vertex 48.8064 34.2906 19.2
      vertex 48.95 34.3 27.2
      vertex 48.8064 34.2906 27.2
    endloop
  endfacet
  facet normal 0.0653198 -0.997864 0
    outer loop
      vertex 48.95 34.3 27.2
      vertex 48.8064 34.2906 19.2
      vertex 48.95 34.3 19.2
    endloop
  endfacet
  facet normal -0.195314 -0.980741 0
    outer loop
      vertex 49.0936 34.2906 19.2
      vertex 49.2347 34.2625 27.2
      vertex 49.0936 34.2906 27.2
    endloop
  endfacet
  facet normal -0.195314 -0.980741 -0
    outer loop
      vertex 49.2347 34.2625 27.2
      vertex 49.0936 34.2906 19.2
      vertex 49.2347 34.2625 19.2
    endloop
  endfacet
  facet normal 0.89664 -0.44276 0
    outer loop
      vertex 47.9337 33.621 27.2
      vertex 47.9974 33.75 19.2
      vertex 47.9974 33.75 27.2
    endloop
  endfacet
  facet normal 0.89664 -0.44276 0
    outer loop
      vertex 47.9974 33.75 19.2
      vertex 47.9337 33.621 27.2
      vertex 47.9337 33.621 19.2
    endloop
  endfacet
  facet normal 0.321018 -0.947073 0
    outer loop
      vertex 48.529 34.2163 19.2
      vertex 48.6653 34.2625 27.2
      vertex 48.529 34.2163 27.2
    endloop
  endfacet
  facet normal 0.321018 -0.947073 0
    outer loop
      vertex 48.6653 34.2625 27.2
      vertex 48.529 34.2163 19.2
      vertex 48.6653 34.2625 19.2
    endloop
  endfacet
  facet normal 0.65939 -0.751801 0
    outer loop
      vertex 48.1722 33.9778 19.2
      vertex 48.2804 34.0727 27.2
      vertex 48.1722 33.9778 27.2
    endloop
  endfacet
  facet normal 0.65939 -0.751801 0
    outer loop
      vertex 48.2804 34.0727 27.2
      vertex 48.1722 33.9778 19.2
      vertex 48.2804 34.0727 19.2
    endloop
  endfacet
  facet normal 0.751801 -0.65939 0
    outer loop
      vertex 48.0773 33.8696 27.2
      vertex 48.1722 33.9778 19.2
      vertex 48.1722 33.9778 27.2
    endloop
  endfacet
  facet normal 0.751801 -0.65939 0
    outer loop
      vertex 48.1722 33.9778 19.2
      vertex 48.0773 33.8696 27.2
      vertex 48.0773 33.8696 19.2
    endloop
  endfacet
  facet normal -0.997864 -0.0653198 0
    outer loop
      vertex 50.05 33.2 19.2
      vertex 50.0406 33.3436 27.2
      vertex 50.0406 33.3436 19.2
    endloop
  endfacet
  facet normal -0.997864 -0.0653198 0
    outer loop
      vertex 50.0406 33.3436 27.2
      vertex 50.05 33.2 19.2
      vertex 50.05 33.2 27.2
    endloop
  endfacet
  facet normal -0.0653198 0.997864 0
    outer loop
      vertex 49.0936 32.1094 19.2
      vertex 48.95 32.1 27.2
      vertex 49.0936 32.1094 27.2
    endloop
  endfacet
  facet normal -0.0653198 0.997864 0
    outer loop
      vertex 48.95 32.1 27.2
      vertex 49.0936 32.1094 19.2
      vertex 48.95 32.1 19.2
    endloop
  endfacet
  facet normal -0.321018 0.947073 0
    outer loop
      vertex 49.371 32.1837 19.2
      vertex 49.2347 32.1375 27.2
      vertex 49.371 32.1837 27.2
    endloop
  endfacet
  facet normal -0.321018 0.947073 0
    outer loop
      vertex 49.2347 32.1375 27.2
      vertex 49.371 32.1837 19.2
      vertex 49.2347 32.1375 19.2
    endloop
  endfacet
  facet normal -0.65939 0.751801 0
    outer loop
      vertex 49.7278 32.4222 19.2
      vertex 49.6196 32.3273 27.2
      vertex 49.7278 32.4222 27.2
    endloop
  endfacet
  facet normal -0.65939 0.751801 0
    outer loop
      vertex 49.6196 32.3273 27.2
      vertex 49.7278 32.4222 19.2
      vertex 49.6196 32.3273 19.2
    endloop
  endfacet
  facet normal -0.89664 0.44276 0
    outer loop
      vertex 49.9026 32.65 19.2
      vertex 49.9663 32.779 27.2
      vertex 49.9663 32.779 19.2
    endloop
  endfacet
  facet normal -0.89664 0.44276 0
    outer loop
      vertex 49.9663 32.779 27.2
      vertex 49.9026 32.65 19.2
      vertex 49.9026 32.65 27.2
    endloop
  endfacet
  facet normal 0.555502 0.831515 -0
    outer loop
      vertex 48.4 32.2474 19.2
      vertex 48.2804 32.3273 27.2
      vertex 48.4 32.2474 27.2
    endloop
  endfacet
  facet normal 0.555502 0.831515 0
    outer loop
      vertex 48.2804 32.3273 27.2
      vertex 48.4 32.2474 19.2
      vertex 48.2804 32.3273 19.2
    endloop
  endfacet
  facet normal 0.947073 0.321018 0
    outer loop
      vertex 47.9337 32.779 27.2
      vertex 47.8875 32.9153 19.2
      vertex 47.8875 32.9153 27.2
    endloop
  endfacet
  facet normal 0.947073 0.321018 0
    outer loop
      vertex 47.8875 32.9153 19.2
      vertex 47.9337 32.779 27.2
      vertex 47.9337 32.779 19.2
    endloop
  endfacet
  facet normal 0.997864 0.0653198 0
    outer loop
      vertex 47.8594 33.0564 27.2
      vertex 47.85 33.2 19.2
      vertex 47.85 33.2 27.2
    endloop
  endfacet
  facet normal 0.997864 0.0653198 0
    outer loop
      vertex 47.85 33.2 19.2
      vertex 47.8594 33.0564 27.2
      vertex 47.8594 33.0564 19.2
    endloop
  endfacet
  facet normal 0.751801 0.65939 0
    outer loop
      vertex 48.1722 32.4222 27.2
      vertex 48.0773 32.5304 19.2
      vertex 48.0773 32.5304 27.2
    endloop
  endfacet
  facet normal 0.751801 0.65939 0
    outer loop
      vertex 48.0773 32.5304 19.2
      vertex 48.1722 32.4222 27.2
      vertex 48.1722 32.4222 19.2
    endloop
  endfacet
  facet normal 0.89664 0.44276 0
    outer loop
      vertex 47.9974 32.65 27.2
      vertex 47.9337 32.779 19.2
      vertex 47.9337 32.779 27.2
    endloop
  endfacet
  facet normal 0.89664 0.44276 0
    outer loop
      vertex 47.9337 32.779 19.2
      vertex 47.9974 32.65 27.2
      vertex 47.9974 32.65 19.2
    endloop
  endfacet
  facet normal -0.195314 0.980741 0
    outer loop
      vertex 49.2347 32.1375 19.2
      vertex 49.0936 32.1094 27.2
      vertex 49.2347 32.1375 27.2
    endloop
  endfacet
  facet normal -0.195314 0.980741 0
    outer loop
      vertex 49.0936 32.1094 27.2
      vertex 49.2347 32.1375 19.2
      vertex 49.0936 32.1094 19.2
    endloop
  endfacet
  facet normal -0.44276 0.89664 0
    outer loop
      vertex 49.5 32.2474 19.2
      vertex 49.371 32.1837 27.2
      vertex 49.5 32.2474 27.2
    endloop
  endfacet
  facet normal -0.44276 0.89664 0
    outer loop
      vertex 49.371 32.1837 27.2
      vertex 49.5 32.2474 19.2
      vertex 49.371 32.1837 19.2
    endloop
  endfacet
  facet normal -0.751801 0.65939 0
    outer loop
      vertex 49.7278 32.4222 19.2
      vertex 49.8227 32.5304 27.2
      vertex 49.8227 32.5304 19.2
    endloop
  endfacet
  facet normal -0.751801 0.65939 0
    outer loop
      vertex 49.8227 32.5304 27.2
      vertex 49.7278 32.4222 19.2
      vertex 49.7278 32.4222 27.2
    endloop
  endfacet
  facet normal -0.947073 0.321018 0
    outer loop
      vertex 49.9663 32.779 19.2
      vertex 50.0125 32.9153 27.2
      vertex 50.0125 32.9153 19.2
    endloop
  endfacet
  facet normal -0.947073 0.321018 0
    outer loop
      vertex 50.0125 32.9153 27.2
      vertex 49.9663 32.779 19.2
      vertex 49.9663 32.779 27.2
    endloop
  endfacet
  facet normal 0.0653198 0.997864 -0
    outer loop
      vertex 48.95 32.1 19.2
      vertex 48.8064 32.1094 27.2
      vertex 48.95 32.1 27.2
    endloop
  endfacet
  facet normal 0.0653198 0.997864 0
    outer loop
      vertex 48.8064 32.1094 27.2
      vertex 48.95 32.1 19.2
      vertex 48.8064 32.1094 19.2
    endloop
  endfacet
  facet normal 0.44276 0.89664 -0
    outer loop
      vertex 48.529 32.1837 19.2
      vertex 48.4 32.2474 27.2
      vertex 48.529 32.1837 27.2
    endloop
  endfacet
  facet normal 0.44276 0.89664 0
    outer loop
      vertex 48.4 32.2474 27.2
      vertex 48.529 32.1837 19.2
      vertex 48.4 32.2474 19.2
    endloop
  endfacet
  facet normal 0.980741 0.195314 0
    outer loop
      vertex 47.8875 32.9153 27.2
      vertex 47.8594 33.0564 19.2
      vertex 47.8594 33.0564 27.2
    endloop
  endfacet
  facet normal 0.980741 0.195314 0
    outer loop
      vertex 47.8594 33.0564 19.2
      vertex 47.8875 32.9153 27.2
      vertex 47.8875 32.9153 19.2
    endloop
  endfacet
  facet normal 0.831515 0.555502 0
    outer loop
      vertex 48.0773 32.5304 27.2
      vertex 47.9974 32.65 19.2
      vertex 47.9974 32.65 27.2
    endloop
  endfacet
  facet normal 0.831515 0.555502 0
    outer loop
      vertex 47.9974 32.65 19.2
      vertex 48.0773 32.5304 27.2
      vertex 48.0773 32.5304 19.2
    endloop
  endfacet
  facet normal 1 -0 0
    outer loop
      vertex 52.85 -20 15.2
      vertex 52.85 -15 14.4
      vertex 52.85 -15 15.2
    endloop
  endfacet
  facet normal 1 0 0
    outer loop
      vertex 52.85 -15 14.4
      vertex 52.85 -20 15.2
      vertex 52.85 -20 14.4
    endloop
  endfacet
  facet normal 0 0 -1
    outer loop
      vertex 52.85 -20 15.2
      vertex 54.95 -15 15.2
      vertex 54.95 -20 15.2
    endloop
  endfacet
  facet normal -0 0 -1
    outer loop
      vertex 54.95 -15 15.2
      vertex 52.85 -20 15.2
      vertex 52.85 -15 15.2
    endloop
  endfacet
  facet normal 0 -1 0
    outer loop
      vertex 52.95 -15 14.4
      vertex 52.85 -15 15.2
      vertex 52.85 -15 14.4
    endloop
  endfacet
  facet normal 0 -1 0
    outer loop
      vertex 52.85 -15 15.2
      vertex 52.95 -15 14.4
      vertex 54.95 -15 15.2
    endloop
  endfacet
  facet normal 0 -1 0
    outer loop
      vertex 54.95 -15 7.2
      vertex 52.95 -15 14.4
      vertex 52.95 -15 7.2
    endloop
  endfacet
  facet normal 0 -1 0
    outer loop
      vertex 52.95 -15 14.4
      vertex 54.95 -15 7.2
      vertex 54.95 -15 15.2
    endloop
  endfacet
  facet normal -0 0 1
    outer loop
      vertex 52.95 -15 7.2
      vertex 54.95 -20 7.2
      vertex 54.95 -15 7.2
    endloop
  endfacet
  facet normal 0 0 1
    outer loop
      vertex 54.95 -20 7.2
      vertex 52.95 -15 7.2
      vertex 52.95 -20 7.2
    endloop
  endfacet
  facet normal 0 1 0
    outer loop
      vertex 54.95 -20 15.2
      vertex 52.95 -20 14.4
      vertex 52.85 -20 15.2
    endloop
  endfacet
  facet normal 0 1 -0
    outer loop
      vertex 54.95 -20 7.2
      vertex 52.95 -20 14.4
      vertex 54.95 -20 15.2
    endloop
  endfacet
  facet normal 0 1 0
    outer loop
      vertex 52.95 -20 14.4
      vertex 54.95 -20 7.2
      vertex 52.95 -20 7.2
    endloop
  endfacet
  facet normal 0 1 0
    outer loop
      vertex 52.85 -20 15.2
      vertex 52.95 -20 14.4
      vertex 52.85 -20 14.4
    endloop
  endfacet
  facet normal 0 0 -1
    outer loop
      vertex -54.95 -20 15.2
      vertex -52.85 -15 15.2
      vertex -52.85 -20 15.2
    endloop
  endfacet
  facet normal -0 0 -1
    outer loop
      vertex -52.85 -15 15.2
      vertex -54.95 -20 15.2
      vertex -54.95 -15 15.2
    endloop
  endfacet
  facet normal -1 0 0
    outer loop
      vertex -52.85 -20 14.4
      vertex -52.85 -15 15.2
      vertex -52.85 -15 14.4
    endloop
  endfacet
  facet normal -1 -0 0
    outer loop
      vertex -52.85 -15 15.2
      vertex -52.85 -20 14.4
      vertex -52.85 -20 15.2
    endloop
  endfacet
  facet normal 0 -1 0
    outer loop
      vertex -54.95 -15 15.2
      vertex -52.95 -15 14.4
      vertex -52.85 -15 15.2
    endloop
  endfacet
  facet normal 0 -1 0
    outer loop
      vertex -54.95 -15 7.2
      vertex -52.95 -15 14.4
      vertex -54.95 -15 15.2
    endloop
  endfacet
  facet normal 0 -1 -0
    outer loop
      vertex -52.95 -15 14.4
      vertex -54.95 -15 7.2
      vertex -52.95 -15 7.2
    endloop
  endfacet
  facet normal 0 -1 -0
    outer loop
      vertex -52.85 -15 15.2
      vertex -52.95 -15 14.4
      vertex -52.85 -15 14.4
    endloop
  endfacet
  facet normal -0 0 1
    outer loop
      vertex -54.95 -15 7.2
      vertex -52.95 -20 7.2
      vertex -52.95 -15 7.2
    endloop
  endfacet
  facet normal 0 0 1
    outer loop
      vertex -52.95 -20 7.2
      vertex -54.95 -15 7.2
      vertex -54.95 -20 7.2
    endloop
  endfacet
  facet normal 0 1 0
    outer loop
      vertex -52.95 -20 14.4
      vertex -52.85 -20 15.2
      vertex -52.85 -20 14.4
    endloop
  endfacet
  facet normal 0 1 0
    outer loop
      vertex -52.85 -20 15.2
      vertex -52.95 -20 14.4
      vertex -54.95 -20 15.2
    endloop
  endfacet
  facet normal 0 1 0
    outer loop
      vertex -54.95 -20 7.2
      vertex -52.95 -20 14.4
      vertex -52.95 -20 7.2
    endloop
  endfacet
  facet normal 0 1 0
    outer loop
      vertex -52.95 -20 14.4
      vertex -54.95 -20 7.2
      vertex -54.95 -20 15.2
    endloop
  endfacet
  facet normal 1 -0 0
    outer loop
      vertex 52.85 -10 15.2
      vertex 52.85 -5 14.4
      vertex 52.85 -5 15.2
    endloop
  endfacet
  facet normal 1 0 0
    outer loop
      vertex 52.85 -5 14.4
      vertex 52.85 -10 15.2
      vertex 52.85 -10 14.4
    endloop
  endfacet
  facet normal 0 0 -1
    outer loop
      vertex 52.85 -10 15.2
      vertex 54.95 -5 15.2
      vertex 54.95 -10 15.2
    endloop
  endfacet
  facet normal -0 0 -1
    outer loop
      vertex 54.95 -5 15.2
      vertex 52.85 -10 15.2
      vertex 52.85 -5 15.2
    endloop
  endfacet
  facet normal 0 -1 0
    outer loop
      vertex 52.95 -5 14.4
      vertex 52.85 -5 15.2
      vertex 52.85 -5 14.4
    endloop
  endfacet
  facet normal 0 -1 0
    outer loop
      vertex 52.85 -5 15.2
      vertex 52.95 -5 14.4
      vertex 54.95 -5 15.2
    endloop
  endfacet
  facet normal 0 -1 0
    outer loop
      vertex 54.95 -5 11.2
      vertex 52.95 -5 14.4
      vertex 52.95 -5 11.2
    endloop
  endfacet
  facet normal 0 -1 0
    outer loop
      vertex 52.95 -5 14.4
      vertex 54.95 -5 11.2
      vertex 54.95 -5 15.2
    endloop
  endfacet
  facet normal -0 0 1
    outer loop
      vertex 52.95 -8 7.2
      vertex 54.95 -10 7.2
      vertex 54.95 -8 7.2
    endloop
  endfacet
  facet normal 0 0 1
    outer loop
      vertex 54.95 -10 7.2
      vertex 52.95 -8 7.2
      vertex 52.95 -10 7.2
    endloop
  endfacet
  facet normal 0 1 0
    outer loop
      vertex 54.95 -10 15.2
      vertex 52.95 -10 14.4
      vertex 52.85 -10 15.2
    endloop
  endfacet
  facet normal 0 1 -0
    outer loop
      vertex 54.95 -10 7.2
      vertex 52.95 -10 14.4
      vertex 54.95 -10 15.2
    endloop
  endfacet
  facet normal 0 1 0
    outer loop
      vertex 52.95 -10 14.4
      vertex 54.95 -10 7.2
      vertex 52.95 -10 7.2
    endloop
  endfacet
  facet normal 0 1 0
    outer loop
      vertex 52.85 -10 15.2
      vertex 52.95 -10 14.4
      vertex 52.85 -10 14.4
    endloop
  endfacet
  facet normal 0 0 -1
    outer loop
      vertex -54.95 -10 15.2
      vertex -52.85 -5 15.2
      vertex -52.85 -10 15.2
    endloop
  endfacet
  facet normal -0 0 -1
    outer loop
      vertex -52.85 -5 15.2
      vertex -54.95 -10 15.2
      vertex -54.95 -5 15.2
    endloop
  endfacet
  facet normal -1 0 0
    outer loop
      vertex -52.85 -10 14.4
      vertex -52.85 -5 15.2
      vertex -52.85 -5 14.4
    endloop
  endfacet
  facet normal -1 -0 0
    outer loop
      vertex -52.85 -5 15.2
      vertex -52.85 -10 14.4
      vertex -52.85 -10 15.2
    endloop
  endfacet
  facet normal 0 -1 0
    outer loop
      vertex -54.95 -5 15.2
      vertex -52.95 -5 14.4
      vertex -52.85 -5 15.2
    endloop
  endfacet
  facet normal 0 -1 0
    outer loop
      vertex -54.95 -5 7.81386
      vertex -52.95 -5 14.4
      vertex -54.95 -5 15.2
    endloop
  endfacet
  facet normal 0 -1 -0
    outer loop
      vertex -52.95 -5 14.4
      vertex -54.95 -5 7.81386
      vertex -52.95 -5 7.81386
    endloop
  endfacet
  facet normal 0 -1 -0
    outer loop
      vertex -52.85 -5 15.2
      vertex -52.95 -5 14.4
      vertex -52.85 -5 14.4
    endloop
  endfacet
  facet normal -0 0 1
    outer loop
      vertex -54.95 -7.41095 7.2
      vertex -52.95 -10 7.2
      vertex -52.95 -7.41095 7.2
    endloop
  endfacet
  facet normal 0 0 1
    outer loop
      vertex -52.95 -10 7.2
      vertex -54.95 -7.41095 7.2
      vertex -54.95 -10 7.2
    endloop
  endfacet
  facet normal 0 1 0
    outer loop
      vertex -52.95 -10 14.4
      vertex -52.85 -10 15.2
      vertex -52.85 -10 14.4
    endloop
  endfacet
  facet normal 0 1 0
    outer loop
      vertex -52.85 -10 15.2
      vertex -52.95 -10 14.4
      vertex -54.95 -10 15.2
    endloop
  endfacet
  facet normal 0 1 0
    outer loop
      vertex -54.95 -10 7.2
      vertex -52.95 -10 14.4
      vertex -52.95 -10 7.2
    endloop
  endfacet
  facet normal 0 1 0
    outer loop
      vertex -52.95 -10 14.4
      vertex -54.95 -10 7.2
      vertex -54.95 -10 15.2
    endloop
  endfacet
  facet normal 1 -0 0
    outer loop
      vertex 52.85 0 15.2
      vertex 52.85 5 14.4
      vertex 52.85 5 15.2
    endloop
  endfacet
  facet normal 1 0 0
    outer loop
      vertex 52.85 5 14.4
      vertex 52.85 0 15.2
      vertex 52.85 0 14.4
    endloop
  endfacet
  facet normal 0 0 -1
    outer loop
      vertex 52.85 0 15.2
      vertex 54.95 5 15.2
      vertex 54.95 0 15.2
    endloop
  endfacet
  facet normal -0 0 -1
    outer loop
      vertex 54.95 5 15.2
      vertex 52.85 0 15.2
      vertex 52.85 5 15.2
    endloop
  endfacet
  facet normal 0 -1 0
    outer loop
      vertex 52.95 5 14.4
      vertex 52.85 5 15.2
      vertex 52.85 5 14.4
    endloop
  endfacet
  facet normal 0 -1 0
    outer loop
      vertex 52.85 5 15.2
      vertex 52.95 5 14.4
      vertex 54.95 5 15.2
    endloop
  endfacet
  facet normal 0 -1 0
    outer loop
      vertex 54.95 5 11.2
      vertex 52.95 5 14.4
      vertex 52.95 5 11.2
    endloop
  endfacet
  facet normal 0 -1 0
    outer loop
      vertex 52.95 5 14.4
      vertex 54.95 5 11.2
      vertex 54.95 5 15.2
    endloop
  endfacet
  facet normal 0 1 0
    outer loop
      vertex 54.95 0 15.2
      vertex 52.95 0 14.4
      vertex 52.85 0 15.2
    endloop
  endfacet
  facet normal 0 1 -0
    outer loop
      vertex 54.95 0 11.2
      vertex 52.95 0 14.4
      vertex 54.95 0 15.2
    endloop
  endfacet
  facet normal 0 1 0
    outer loop
      vertex 52.95 0 14.4
      vertex 54.95 0 11.2
      vertex 52.95 0 11.2
    endloop
  endfacet
  facet normal 0 1 0
    outer loop
      vertex 52.85 0 15.2
      vertex 52.95 0 14.4
      vertex 52.85 0 14.4
    endloop
  endfacet
  facet normal 0 0 -1
    outer loop
      vertex -54.95 0 15.2
      vertex -52.85 5 15.2
      vertex -52.85 0 15.2
    endloop
  endfacet
  facet normal -0 0 -1
    outer loop
      vertex -52.85 5 15.2
      vertex -54.95 0 15.2
      vertex -54.95 5 15.2
    endloop
  endfacet
  facet normal -1 0 0
    outer loop
      vertex -52.85 0 14.4
      vertex -52.85 5 15.2
      vertex -52.85 5 14.4
    endloop
  endfacet
  facet normal -1 -0 0
    outer loop
      vertex -52.85 5 15.2
      vertex -52.85 0 14.4
      vertex -52.85 0 15.2
    endloop
  endfacet
  facet normal 0 -1 0
    outer loop
      vertex -54.95 5 15.2
      vertex -52.95 5 14.4
      vertex -52.85 5 15.2
    endloop
  endfacet
  facet normal 0 -1 0
    outer loop
      vertex -54.95 5 7.81386
      vertex -52.95 5 14.4
      vertex -54.95 5 15.2
    endloop
  endfacet
  facet normal 0 -1 -0
    outer loop
      vertex -52.95 5 14.4
      vertex -54.95 5 7.81386
      vertex -52.95 5 7.81386
    endloop
  endfacet
  facet normal 0 -1 -0
    outer loop
      vertex -52.85 5 15.2
      vertex -52.95 5 14.4
      vertex -52.85 5 14.4
    endloop
  endfacet
  facet normal -0 0 1
    outer loop
      vertex -54.95 4.58905 7.2
      vertex -52.95 0 7.2
      vertex -52.95 4.58905 7.2
    endloop
  endfacet
  facet normal 0 0 1
    outer loop
      vertex -52.95 0 7.2
      vertex -54.95 4.58905 7.2
      vertex -54.95 0 7.2
    endloop
  endfacet
  facet normal 0 1 0
    outer loop
      vertex -52.95 0 14.4
      vertex -52.85 0 15.2
      vertex -52.85 0 14.4
    endloop
  endfacet
  facet normal 0 1 0
    outer loop
      vertex -52.85 0 15.2
      vertex -52.95 0 14.4
      vertex -54.95 0 15.2
    endloop
  endfacet
  facet normal 0 1 0
    outer loop
      vertex -54.95 0 7.2
      vertex -52.95 0 14.4
      vertex -52.95 0 7.2
    endloop
  endfacet
  facet normal 0 1 0
    outer loop
      vertex -52.95 0 14.4
      vertex -54.95 0 7.2
      vertex -54.95 0 15.2
    endloop
  endfacet
  facet normal 1 -0 0
    outer loop
      vertex 52.85 10 15.2
      vertex 52.85 15 14.4
      vertex 52.85 15 15.2
    endloop
  endfacet
  facet normal 1 0 0
    outer loop
      vertex 52.85 15 14.4
      vertex 52.85 10 15.2
      vertex 52.85 10 14.4
    endloop
  endfacet
  facet normal 0 0 -1
    outer loop
      vertex 52.85 10 15.2
      vertex 54.95 15 15.2
      vertex 54.95 10 15.2
    endloop
  endfacet
  facet normal -0 0 -1
    outer loop
      vertex 54.95 15 15.2
      vertex 52.85 10 15.2
      vertex 52.85 15 15.2
    endloop
  endfacet
  facet normal 0 -1 0
    outer loop
      vertex 52.95 15 14.4
      vertex 52.85 15 15.2
      vertex 52.85 15 14.4
    endloop
  endfacet
  facet normal 0 -1 0
    outer loop
      vertex 52.85 15 15.2
      vertex 52.95 15 14.4
      vertex 54.95 15 15.2
    endloop
  endfacet
  facet normal 0 -1 0
    outer loop
      vertex 54.95 15 7.2
      vertex 52.95 15 14.4
      vertex 52.95 15 7.2
    endloop
  endfacet
  facet normal 0 -1 0
    outer loop
      vertex 52.95 15 14.4
      vertex 54.95 15 7.2
      vertex 54.95 15 15.2
    endloop
  endfacet
  facet normal -0 0 1
    outer loop
      vertex 52.95 15 7.2
      vertex 54.95 10 7.2
      vertex 54.95 15 7.2
    endloop
  endfacet
  facet normal 0 0 1
    outer loop
      vertex 54.95 10 7.2
      vertex 52.95 15 7.2
      vertex 52.95 10 7.2
    endloop
  endfacet
  facet normal 0 1 0
    outer loop
      vertex 54.95 10 15.2
      vertex 52.95 10 14.4
      vertex 52.85 10 15.2
    endloop
  endfacet
  facet normal 0 1 -0
    outer loop
      vertex 54.95 10 7.2
      vertex 52.95 10 14.4
      vertex 54.95 10 15.2
    endloop
  endfacet
  facet normal 0 1 0
    outer loop
      vertex 52.95 10 14.4
      vertex 54.95 10 7.2
      vertex 52.95 10 7.2
    endloop
  endfacet
  facet normal 0 1 0
    outer loop
      vertex 52.85 10 15.2
      vertex 52.95 10 14.4
      vertex 52.85 10 14.4
    endloop
  endfacet
  facet normal 0 0 -1
    outer loop
      vertex -54.95 10 15.2
      vertex -52.85 15 15.2
      vertex -52.85 10 15.2
    endloop
  endfacet
  facet normal -0 0 -1
    outer loop
      vertex -52.85 15 15.2
      vertex -54.95 10 15.2
      vertex -54.95 15 15.2
    endloop
  endfacet
  facet normal -1 0 0
    outer loop
      vertex -52.85 10 14.4
      vertex -52.85 15 15.2
      vertex -52.85 15 14.4
    endloop
  endfacet
  facet normal -1 -0 0
    outer loop
      vertex -52.85 15 15.2
      vertex -52.85 10 14.4
      vertex -52.85 10 15.2
    endloop
  endfacet
  facet normal -0 0 1
    outer loop
      vertex -54.95 15 7.2
      vertex -52.95 10 7.2
      vertex -52.95 15 7.2
    endloop
  endfacet
  facet normal 0 0 1
    outer loop
      vertex -52.95 10 7.2
      vertex -54.95 15 7.2
      vertex -54.95 10 7.2
    endloop
  endfacet
  facet normal 0 1 0
    outer loop
      vertex -52.95 10 14.4
      vertex -52.85 10 15.2
      vertex -52.85 10 14.4
    endloop
  endfacet
  facet normal 0 1 0
    outer loop
      vertex -52.85 10 15.2
      vertex -52.95 10 14.4
      vertex -54.95 10 15.2
    endloop
  endfacet
  facet normal 0 1 0
    outer loop
      vertex -54.95 10 7.2
      vertex -52.95 10 14.4
      vertex -52.95 10 7.2
    endloop
  endfacet
  facet normal 0 1 0
    outer loop
      vertex -52.95 10 14.4
      vertex -54.95 10 7.2
      vertex -54.95 10 15.2
    endloop
  endfacet
  facet normal 0 -1 0
    outer loop
      vertex -54.95 15 15.2
      vertex -52.95 15 14.4
      vertex -52.85 15 15.2
    endloop
  endfacet
  facet normal 0 -1 0
    outer loop
      vertex -54.95 15 7.2
      vertex -52.95 15 14.4
      vertex -54.95 15 15.2
    endloop
  endfacet
  facet normal 0 -1 -0
    outer loop
      vertex -52.95 15 14.4
      vertex -54.95 15 7.2
      vertex -52.95 15 7.2
    endloop
  endfacet
  facet normal 0 -1 -0
    outer loop
      vertex -52.85 15 15.2
      vertex -52.95 15 14.4
      vertex -52.85 15 14.4
    endloop
  endfacet
  facet normal 1 -0 0
    outer loop
      vertex 52.85 20 15.2
      vertex 52.85 25 14.4
      vertex 52.85 25 15.2
    endloop
  endfacet
  facet normal 1 0 0
    outer loop
      vertex 52.85 25 14.4
      vertex 52.85 20 15.2
      vertex 52.85 20 14.4
    endloop
  endfacet
  facet normal 0 0 -1
    outer loop
      vertex 52.85 20 15.2
      vertex 54.95 25 15.2
      vertex 54.95 20 15.2
    endloop
  endfacet
  facet normal -0 0 -1
    outer loop
      vertex 54.95 25 15.2
      vertex 52.85 20 15.2
      vertex 52.85 25 15.2
    endloop
  endfacet
  facet normal 0 -1 0
    outer loop
      vertex 52.95 25 14.4
      vertex 52.85 25 15.2
      vertex 52.85 25 14.4
    endloop
  endfacet
  facet normal 0 -1 0
    outer loop
      vertex 52.85 25 15.2
      vertex 52.95 25 14.4
      vertex 54.95 25 15.2
    endloop
  endfacet
  facet normal 0 -1 0
    outer loop
      vertex 54.95 25 7.2
      vertex 52.95 25 14.4
      vertex 52.95 25 7.2
    endloop
  endfacet
  facet normal 0 -1 0
    outer loop
      vertex 52.95 25 14.4
      vertex 54.95 25 7.2
      vertex 54.95 25 15.2
    endloop
  endfacet
  facet normal -0 0 1
    outer loop
      vertex 52.95 25 7.2
      vertex 54.95 20 7.2
      vertex 54.95 25 7.2
    endloop
  endfacet
  facet normal 0 0 1
    outer loop
      vertex 54.95 20 7.2
      vertex 52.95 25 7.2
      vertex 52.95 20 7.2
    endloop
  endfacet
  facet normal 0 1 0
    outer loop
      vertex 54.95 20 15.2
      vertex 52.95 20 14.4
      vertex 52.85 20 15.2
    endloop
  endfacet
  facet normal 0 1 -0
    outer loop
      vertex 54.95 20 7.2
      vertex 52.95 20 14.4
      vertex 54.95 20 15.2
    endloop
  endfacet
  facet normal 0 1 0
    outer loop
      vertex 52.95 20 14.4
      vertex 54.95 20 7.2
      vertex 52.95 20 7.2
    endloop
  endfacet
  facet normal 0 1 0
    outer loop
      vertex 52.85 20 15.2
      vertex 52.95 20 14.4
      vertex 52.85 20 14.4
    endloop
  endfacet
  facet normal 0 0 -1
    outer loop
      vertex -54.95 20 15.2
      vertex -52.85 25 15.2
      vertex -52.85 20 15.2
    endloop
  endfacet
  facet normal -0 0 -1
    outer loop
      vertex -52.85 25 15.2
      vertex -54.95 20 15.2
      vertex -54.95 25 15.2
    endloop
  endfacet
  facet normal -1 0 0
    outer loop
      vertex -52.85 20 14.4
      vertex -52.85 25 15.2
      vertex -52.85 25 14.4
    endloop
  endfacet
  facet normal -1 -0 0
    outer loop
      vertex -52.85 25 15.2
      vertex -52.85 20 14.4
      vertex -52.85 20 15.2
    endloop
  endfacet
  facet normal -0 0 1
    outer loop
      vertex -54.95 25 7.2
      vertex -52.95 20 7.2
      vertex -52.95 25 7.2
    endloop
  endfacet
  facet normal 0 0 1
    outer loop
      vertex -52.95 20 7.2
      vertex -54.95 25 7.2
      vertex -54.95 20 7.2
    endloop
  endfacet
  facet normal 0 1 0
    outer loop
      vertex -52.95 20 14.4
      vertex -52.85 20 15.2
      vertex -52.85 20 14.4
    endloop
  endfacet
  facet normal 0 1 0
    outer loop
      vertex -52.85 20 15.2
      vertex -52.95 20 14.4
      vertex -54.95 20 15.2
    endloop
  endfacet
  facet normal 0 1 0
    outer loop
      vertex -54.95 20 7.2
      vertex -52.95 20 14.4
      vertex -52.95 20 7.2
    endloop
  endfacet
  facet normal 0 1 0
    outer loop
      vertex -52.95 20 14.4
      vertex -54.95 20 7.2
      vertex -54.95 20 15.2
    endloop
  endfacet
  facet normal 0 -1 0
    outer loop
      vertex -54.95 25 15.2
      vertex -52.95 25 14.4
      vertex -52.85 25 15.2
    endloop
  endfacet
  facet normal 0 -1 0
    outer loop
      vertex -54.95 25 7.2
      vertex -52.95 25 14.4
      vertex -54.95 25 15.2
    endloop
  endfacet
  facet normal 0 -1 -0
    outer loop
      vertex -52.95 25 14.4
      vertex -54.95 25 7.2
      vertex -52.95 25 7.2
    endloop
  endfacet
  facet normal 0 -1 -0
    outer loop
      vertex -52.85 25 15.2
      vertex -52.95 25 14.4
      vertex -52.85 25 14.4
    endloop
  endfacet
  facet normal 1 0 0
    outer loop
      vertex -52.95 -20 14.4
      vertex -52.95 -37.2 14.4
      vertex -52.95 -20 7.2
    endloop
  endfacet
  facet normal 1 0 0
    outer loop
      vertex -52.95 -10 14.4
      vertex -52.95 -15 14.4
      vertex -52.95 -10 7.2
    endloop
  endfacet
  facet normal 1 0 0
    outer loop
      vertex -52.95 -7.48717 6.89579
      vertex -52.95 -10 7.2
      vertex -52.95 -7.5 6.7
    endloop
  endfacet
  facet normal 1 0 0
    outer loop
      vertex -52.95 -7.44889 7.08823
      vertex -52.95 -10 7.2
      vertex -52.95 -7.48717 6.89579
    endloop
  endfacet
  facet normal 1 -0 0
    outer loop
      vertex -52.95 -10 7.2
      vertex -52.95 -7.44889 7.08823
      vertex -52.95 -7.41095 7.2
    endloop
  endfacet
  facet normal 1 -0 0
    outer loop
      vertex -52.95 -4.93934 7.76066
      vertex -52.95 0 7.2
      vertex -52.95 0 14.4
    endloop
  endfacet
  facet normal 1 0 0
    outer loop
      vertex -52.95 0 7.2
      vertex -52.95 -4.51283 6.89579
      vertex -52.95 -4.5 6.7
    endloop
  endfacet
  facet normal 1 0 0
    outer loop
      vertex -52.95 0 7.2
      vertex -52.95 -4.55111 7.08823
      vertex -52.95 -4.51283 6.89579
    endloop
  endfacet
  facet normal 1 0 0
    outer loop
      vertex -52.95 0 7.2
      vertex -52.95 -4.61418 7.27402
      vertex -52.95 -4.55111 7.08823
    endloop
  endfacet
  facet normal 1 0 0
    outer loop
      vertex -52.95 0 7.2
      vertex -52.95 -4.70096 7.45
      vertex -52.95 -4.61418 7.27402
    endloop
  endfacet
  facet normal 1 0 0
    outer loop
      vertex -52.95 0 7.2
      vertex -52.95 -4.80997 7.61314
      vertex -52.95 -4.70096 7.45
    endloop
  endfacet
  facet normal 1 0 0
    outer loop
      vertex -52.95 0 7.2
      vertex -52.95 -4.93934 7.76066
      vertex -52.95 -4.80997 7.61314
    endloop
  endfacet
  facet normal 1 0 0
    outer loop
      vertex -52.95 -5 7.81386
      vertex -52.95 0 14.4
      vertex -52.95 -5 14.4
    endloop
  endfacet
  facet normal 1 0 0
    outer loop
      vertex -52.95 0 14.4
      vertex -52.95 -5 7.81386
      vertex -52.95 -4.93934 7.76066
    endloop
  endfacet
  facet normal 1 0 0
    outer loop
      vertex -52.95 4.51283 6.89579
      vertex -52.95 0 7.2
      vertex -52.95 4.5 6.7
    endloop
  endfacet
  facet normal 1 0 0
    outer loop
      vertex -52.95 4.55111 7.08823
      vertex -52.95 0 7.2
      vertex -52.95 4.51283 6.89579
    endloop
  endfacet
  facet normal 1 -0 0
    outer loop
      vertex -52.95 0 7.2
      vertex -52.95 4.55111 7.08823
      vertex -52.95 4.58905 7.2
    endloop
  endfacet
  facet normal 1 -0 0
    outer loop
      vertex -52.95 6.91314 7.89003
      vertex -52.95 10 7.2
      vertex -52.95 10 14.4
    endloop
  endfacet
  facet normal 1 0 0
    outer loop
      vertex -52.95 10 7.2
      vertex -52.95 7.48717 6.89579
      vertex -52.95 7.5 6.7
    endloop
  endfacet
  facet normal 1 0 0
    outer loop
      vertex -52.95 10 7.2
      vertex -52.95 7.44889 7.08823
      vertex -52.95 7.48717 6.89579
    endloop
  endfacet
  facet normal 1 0 0
    outer loop
      vertex -52.95 10 7.2
      vertex -52.95 7.38582 7.27402
      vertex -52.95 7.44889 7.08823
    endloop
  endfacet
  facet normal 1 0 0
    outer loop
      vertex -52.95 10 7.2
      vertex -52.95 7.29904 7.45
      vertex -52.95 7.38582 7.27402
    endloop
  endfacet
  facet normal 1 0 0
    outer loop
      vertex -52.95 10 7.2
      vertex -52.95 7.19003 7.61314
      vertex -52.95 7.29904 7.45
    endloop
  endfacet
  facet normal 1 0 0
    outer loop
      vertex -52.95 10 7.2
      vertex -52.95 7.06066 7.76066
      vertex -52.95 7.19003 7.61314
    endloop
  endfacet
  facet normal 1 0 0
    outer loop
      vertex -52.95 10 7.2
      vertex -52.95 6.91314 7.89003
      vertex -52.95 7.06066 7.76066
    endloop
  endfacet
  facet normal 1 0 0
    outer loop
      vertex -52.95 10 14.4
      vertex -52.95 6.75 7.99904
      vertex -52.95 6.91314 7.89003
    endloop
  endfacet
  facet normal 1 0 0
    outer loop
      vertex -52.95 10 14.4
      vertex -52.95 6.57402 8.08582
      vertex -52.95 6.75 7.99904
    endloop
  endfacet
  facet normal 1 0 0
    outer loop
      vertex -52.95 10 14.4
      vertex -52.95 6.38823 8.14889
      vertex -52.95 6.57402 8.08582
    endloop
  endfacet
  facet normal 1 -0 0
    outer loop
      vertex -52.95 5 14.4
      vertex -52.95 6.38823 8.14889
      vertex -52.95 10 14.4
    endloop
  endfacet
  facet normal 1 0 0
    outer loop
      vertex -52.95 6.38823 8.14889
      vertex -52.95 5 14.4
      vertex -52.95 6.19579 8.18717
    endloop
  endfacet
  facet normal 1 0 0
    outer loop
      vertex -52.95 6.19579 8.18717
      vertex -52.95 5 14.4
      vertex -52.95 6 8.2
    endloop
  endfacet
  facet normal 1 0 0
    outer loop
      vertex -52.95 6 8.2
      vertex -52.95 5 14.4
      vertex -52.95 5.80421 8.18717
    endloop
  endfacet
  facet normal 1 0 0
    outer loop
      vertex -52.95 5.80421 8.18717
      vertex -52.95 5 14.4
      vertex -52.95 5.61177 8.14889
    endloop
  endfacet
  facet normal 1 0 0
    outer loop
      vertex -52.95 5.61177 8.14889
      vertex -52.95 5 14.4
      vertex -52.95 5.42597 8.08582
    endloop
  endfacet
  facet normal 1 0 0
    outer loop
      vertex -52.95 5.42597 8.08582
      vertex -52.95 5 14.4
      vertex -52.95 5.25 7.99904
    endloop
  endfacet
  facet normal 1 0 0
    outer loop
      vertex -52.95 5.25 7.99904
      vertex -52.95 5 14.4
      vertex -52.95 5.08686 7.89003
    endloop
  endfacet
  facet normal 1 0 0
    outer loop
      vertex -52.95 5.08686 7.89003
      vertex -52.95 5 14.4
      vertex -52.95 5 7.81386
    endloop
  endfacet
  facet normal 1 0 0
    outer loop
      vertex -52.95 20 14.4
      vertex -52.95 15 14.4
      vertex -52.95 20 7.2
    endloop
  endfacet
  facet normal 1 0 0
    outer loop
      vertex -52.95 25 7.2
      vertex -52.95 37.2 14.4
      vertex -52.95 25 14.4
    endloop
  endfacet
  facet normal 1 0 0
    outer loop
      vertex -52.95 37.2 14.4
      vertex -52.95 25 7.2
      vertex -52.95 37.2 2.2
    endloop
  endfacet
  facet normal 1 -0 0
    outer loop
      vertex -52.95 20 7.2
      vertex -52.95 37.2 2.2
      vertex -52.95 25 7.2
    endloop
  endfacet
  facet normal 1 0 0
    outer loop
      vertex -52.95 15 7.2
      vertex -52.95 20 7.2
      vertex -52.95 15 14.4
    endloop
  endfacet
  facet normal 1 0 0
    outer loop
      vertex -52.95 6.57402 5.31418
      vertex -52.95 20 7.2
      vertex -52.95 15 7.2
    endloop
  endfacet
  facet normal 1 0 0
    outer loop
      vertex -52.95 6.91314 5.50997
      vertex -52.95 15 7.2
      vertex -52.95 10 7.2
    endloop
  endfacet
  facet normal 1 0 0
    outer loop
      vertex -52.95 7.48717 6.50421
      vertex -52.95 10 7.2
      vertex -52.95 7.5 6.7
    endloop
  endfacet
  facet normal 1 0 0
    outer loop
      vertex -52.95 7.44889 6.31177
      vertex -52.95 10 7.2
      vertex -52.95 7.48717 6.50421
    endloop
  endfacet
  facet normal 1 0 0
    outer loop
      vertex -52.95 7.38582 6.12597
      vertex -52.95 10 7.2
      vertex -52.95 7.44889 6.31177
    endloop
  endfacet
  facet normal 1 0 0
    outer loop
      vertex -52.95 7.29904 5.95
      vertex -52.95 10 7.2
      vertex -52.95 7.38582 6.12597
    endloop
  endfacet
  facet normal 1 0 0
    outer loop
      vertex -52.95 7.19003 5.78686
      vertex -52.95 10 7.2
      vertex -52.95 7.29904 5.95
    endloop
  endfacet
  facet normal 1 0 0
    outer loop
      vertex -52.95 7.06066 5.63934
      vertex -52.95 10 7.2
      vertex -52.95 7.19003 5.78686
    endloop
  endfacet
  facet normal 1 0 0
    outer loop
      vertex -52.95 6.91314 5.50997
      vertex -52.95 10 7.2
      vertex -52.95 7.06066 5.63934
    endloop
  endfacet
  facet normal 1 0 0
    outer loop
      vertex -52.95 15 7.2
      vertex -52.95 6.91314 5.50997
      vertex -52.95 6.75 5.40096
    endloop
  endfacet
  facet normal 1 0 0
    outer loop
      vertex -52.95 6.57402 5.31418
      vertex -52.95 15 7.2
      vertex -52.95 6.75 5.40096
    endloop
  endfacet
  facet normal 1 0 0
    outer loop
      vertex -52.95 20 7.2
      vertex -52.95 6.57402 5.31418
      vertex -52.95 37.2 2.2
    endloop
  endfacet
  facet normal 1 -0 0
    outer loop
      vertex -52.95 6.38823 5.25111
      vertex -52.95 37.2 2.2
      vertex -52.95 6.57402 5.31418
    endloop
  endfacet
  facet normal 1 -0 0
    outer loop
      vertex -52.95 6.19579 5.21283
      vertex -52.95 37.2 2.2
      vertex -52.95 6.38823 5.25111
    endloop
  endfacet
  facet normal 1 -0 0
    outer loop
      vertex -52.95 6 5.2
      vertex -52.95 37.2 2.2
      vertex -52.95 6.19579 5.21283
    endloop
  endfacet
  facet normal 1 0 0
    outer loop
      vertex -52.95 -6 5.2
      vertex -52.95 6 5.2
      vertex -52.95 5.80421 5.21283
    endloop
  endfacet
  facet normal 1 0 0
    outer loop
      vertex -52.95 0 7.2
      vertex -52.95 4.51283 6.50421
      vertex -52.95 4.5 6.7
    endloop
  endfacet
  facet normal 1 0 0
    outer loop
      vertex -52.95 0 7.2
      vertex -52.95 4.55111 6.31177
      vertex -52.95 4.51283 6.50421
    endloop
  endfacet
  facet normal 1 0 0
    outer loop
      vertex -52.95 0 7.2
      vertex -52.95 4.61418 6.12597
      vertex -52.95 4.55111 6.31177
    endloop
  endfacet
  facet normal 1 0 0
    outer loop
      vertex -52.95 0 7.2
      vertex -52.95 4.70096 5.95
      vertex -52.95 4.61418 6.12597
    endloop
  endfacet
  facet normal 1 0 0
    outer loop
      vertex -52.95 0 7.2
      vertex -52.95 4.80997 5.78686
      vertex -52.95 4.70096 5.95
    endloop
  endfacet
  facet normal 1 0 0
    outer loop
      vertex -52.95 0 7.2
      vertex -52.95 4.93934 5.63934
      vertex -52.95 4.80997 5.78686
    endloop
  endfacet
  facet normal 1 0 0
    outer loop
      vertex -52.95 0 7.2
      vertex -52.95 5.08686 5.50997
      vertex -52.95 4.93934 5.63934
    endloop
  endfacet
  facet normal 1 0 0
    outer loop
      vertex -52.95 -5.08686 5.50997
      vertex -52.95 5.08686 5.50997
      vertex -52.95 0 7.2
    endloop
  endfacet
  facet normal 1 0 0
    outer loop
      vertex -52.95 5.08686 5.50997
      vertex -52.95 -5.08686 5.50997
      vertex -52.95 5.25 5.40096
    endloop
  endfacet
  facet normal 1 0 0
    outer loop
      vertex -52.95 -4.51283 6.50421
      vertex -52.95 0 7.2
      vertex -52.95 -4.5 6.7
    endloop
  endfacet
  facet normal 1 0 0
    outer loop
      vertex -52.95 -4.55111 6.31177
      vertex -52.95 0 7.2
      vertex -52.95 -4.51283 6.50421
    endloop
  endfacet
  facet normal 1 0 0
    outer loop
      vertex -52.95 -4.61418 6.12597
      vertex -52.95 0 7.2
      vertex -52.95 -4.55111 6.31177
    endloop
  endfacet
  facet normal 1 0 0
    outer loop
      vertex -52.95 -4.70096 5.95
      vertex -52.95 0 7.2
      vertex -52.95 -4.61418 6.12597
    endloop
  endfacet
  facet normal 1 0 0
    outer loop
      vertex -52.95 -4.80997 5.78686
      vertex -52.95 0 7.2
      vertex -52.95 -4.70096 5.95
    endloop
  endfacet
  facet normal 1 0 0
    outer loop
      vertex -52.95 -4.93934 5.63934
      vertex -52.95 0 7.2
      vertex -52.95 -4.80997 5.78686
    endloop
  endfacet
  facet normal 1 0 0
    outer loop
      vertex -52.95 -5.08686 5.50997
      vertex -52.95 0 7.2
      vertex -52.95 -4.93934 5.63934
    endloop
  endfacet
  facet normal 1 0 0
    outer loop
      vertex -52.95 -5.25 5.40096
      vertex -52.95 5.25 5.40096
      vertex -52.95 -5.08686 5.50997
    endloop
  endfacet
  facet normal 1 0 0
    outer loop
      vertex -52.95 5.25 5.40096
      vertex -52.95 -5.25 5.40096
      vertex -52.95 5.42597 5.31418
    endloop
  endfacet
  facet normal 1 0 0
    outer loop
      vertex -52.95 -5.42597 5.31418
      vertex -52.95 5.42597 5.31418
      vertex -52.95 -5.25 5.40096
    endloop
  endfacet
  facet normal 1 0 0
    outer loop
      vertex -52.95 5.42597 5.31418
      vertex -52.95 -5.42597 5.31418
      vertex -52.95 5.61177 5.25111
    endloop
  endfacet
  facet normal 1 0 0
    outer loop
      vertex -52.95 -5.61177 5.25111
      vertex -52.95 5.61177 5.25111
      vertex -52.95 -5.42597 5.31418
    endloop
  endfacet
  facet normal 1 0 0
    outer loop
      vertex -52.95 5.61177 5.25111
      vertex -52.95 -5.61177 5.25111
      vertex -52.95 5.80421 5.21283
    endloop
  endfacet
  facet normal 1 0 0
    outer loop
      vertex -52.95 -5.80421 5.21283
      vertex -52.95 5.80421 5.21283
      vertex -52.95 -5.61177 5.25111
    endloop
  endfacet
  facet normal 1 0 0
    outer loop
      vertex -52.95 -6 5.2
      vertex -52.95 5.80421 5.21283
      vertex -52.95 -5.80421 5.21283
    endloop
  endfacet
  facet normal 1 0 0
    outer loop
      vertex -52.95 6 5.2
      vertex -52.95 -6 5.2
      vertex -52.95 37.2 2.2
    endloop
  endfacet
  facet normal 1 0 0
    outer loop
      vertex -52.95 -37.2 2.2
      vertex -52.95 -6 5.2
      vertex -52.95 -6.19579 5.21283
    endloop
  endfacet
  facet normal 1 0 0
    outer loop
      vertex -52.95 -10 7.2
      vertex -52.95 -7.48717 6.50421
      vertex -52.95 -7.5 6.7
    endloop
  endfacet
  facet normal 1 0 0
    outer loop
      vertex -52.95 -10 7.2
      vertex -52.95 -7.44889 6.31177
      vertex -52.95 -7.48717 6.50421
    endloop
  endfacet
  facet normal 1 0 0
    outer loop
      vertex -52.95 -10 7.2
      vertex -52.95 -7.38582 6.12597
      vertex -52.95 -7.44889 6.31177
    endloop
  endfacet
  facet normal 1 0 0
    outer loop
      vertex -52.95 -10 7.2
      vertex -52.95 -7.29904 5.95
      vertex -52.95 -7.38582 6.12597
    endloop
  endfacet
  facet normal 1 0 0
    outer loop
      vertex -52.95 -10 7.2
      vertex -52.95 -7.19003 5.78686
      vertex -52.95 -7.29904 5.95
    endloop
  endfacet
  facet normal 1 0 0
    outer loop
      vertex -52.95 -10 7.2
      vertex -52.95 -7.06066 5.63934
      vertex -52.95 -7.19003 5.78686
    endloop
  endfacet
  facet normal 1 0 0
    outer loop
      vertex -52.95 -10 7.2
      vertex -52.95 -6.91314 5.50997
      vertex -52.95 -7.06066 5.63934
    endloop
  endfacet
  facet normal 1 -0 0
    outer loop
      vertex -52.95 -15 7.2
      vertex -52.95 -6.91314 5.50997
      vertex -52.95 -10 7.2
    endloop
  endfacet
  facet normal 1 0 0
    outer loop
      vertex -52.95 -15 7.2
      vertex -52.95 -10 7.2
      vertex -52.95 -15 14.4
    endloop
  endfacet
  facet normal 1 0 0
    outer loop
      vertex -52.95 -6.91314 5.50997
      vertex -52.95 -15 7.2
      vertex -52.95 -6.75 5.40096
    endloop
  endfacet
  facet normal 1 0 0
    outer loop
      vertex -52.95 -15 7.2
      vertex -52.95 -6.57402 5.31418
      vertex -52.95 -6.75 5.40096
    endloop
  endfacet
  facet normal 1 -0 0
    outer loop
      vertex -52.95 -20 7.2
      vertex -52.95 -6.57402 5.31418
      vertex -52.95 -15 7.2
    endloop
  endfacet
  facet normal 1 0 0
    outer loop
      vertex -52.95 -6.57402 5.31418
      vertex -52.95 -20 7.2
      vertex -52.95 -6.38823 5.25111
    endloop
  endfacet
  facet normal 1 0 0
    outer loop
      vertex -52.95 -37.2 2.2
      vertex -52.95 -6.38823 5.25111
      vertex -52.95 -20 7.2
    endloop
  endfacet
  facet normal 1 0 0
    outer loop
      vertex -52.95 -6 5.2
      vertex -52.95 -37.2 2.2
      vertex -52.95 37.2 2.2
    endloop
  endfacet
  facet normal 1 0 0
    outer loop
      vertex -52.95 -6.38823 5.25111
      vertex -52.95 -37.2 2.2
      vertex -52.95 -6.19579 5.21283
    endloop
  endfacet
  facet normal 1 0 0
    outer loop
      vertex -52.95 -37.2 2.2
      vertex -52.95 -20 7.2
      vertex -52.95 -37.2 14.4
    endloop
  endfacet
  facet normal 0 0 -1
    outer loop
      vertex -52.95 15 14.4
      vertex -52.85 20 14.4
      vertex -52.85 15 14.4
    endloop
  endfacet
  facet normal -0 0 -1
    outer loop
      vertex -52.85 20 14.4
      vertex -52.95 15 14.4
      vertex -52.95 20 14.4
    endloop
  endfacet
  facet normal 0 0 -1
    outer loop
      vertex -52.95 5 14.4
      vertex -52.85 10 14.4
      vertex -52.85 5 14.4
    endloop
  endfacet
  facet normal -0 0 -1
    outer loop
      vertex -52.85 10 14.4
      vertex -52.95 5 14.4
      vertex -52.95 10 14.4
    endloop
  endfacet
  facet normal 0 0 -1
    outer loop
      vertex -52.95 -5 14.4
      vertex -52.85 0 14.4
      vertex -52.85 -5 14.4
    endloop
  endfacet
  facet normal -0 0 -1
    outer loop
      vertex -52.85 0 14.4
      vertex -52.95 -5 14.4
      vertex -52.95 0 14.4
    endloop
  endfacet
  facet normal 0 0 -1
    outer loop
      vertex -52.95 -15 14.4
      vertex -52.85 -10 14.4
      vertex -52.85 -15 14.4
    endloop
  endfacet
  facet normal -0 0 -1
    outer loop
      vertex -52.85 -10 14.4
      vertex -52.95 -15 14.4
      vertex -52.95 -10 14.4
    endloop
  endfacet
  facet normal 0 0 -1
    outer loop
      vertex 50.5 -30.5 14.4
      vertex 52.95 -20 14.4
      vertex 52.95 -37.2 14.4
    endloop
  endfacet
  facet normal 0 0 -1
    outer loop
      vertex 50.5 -30.5 14.4
      vertex 52.85 -15 14.4
      vertex 52.85 -20 14.4
    endloop
  endfacet
  facet normal -0 0 -1
    outer loop
      vertex 52.85 -15 14.4
      vertex 50.5 -30.5 14.4
      vertex 52.85 -10 14.4
    endloop
  endfacet
  facet normal -0 0 -1
    outer loop
      vertex 52.85 -10 14.4
      vertex 50.5 -30.5 14.4
      vertex 52.85 -5 14.4
    endloop
  endfacet
  facet normal -0 0 -1
    outer loop
      vertex 52.85 -5 14.4
      vertex 50.5 -30.5 14.4
      vertex 52.85 0 14.4
    endloop
  endfacet
  facet normal 0 0 -1
    outer loop
      vertex 50.5 30.5 14.4
      vertex 52.85 0 14.4
      vertex 50.5 -30.5 14.4
    endloop
  endfacet
  facet normal 0 0 -1
    outer loop
      vertex 52.85 0 14.4
      vertex 50.5 30.5 14.4
      vertex 52.85 5 14.4
    endloop
  endfacet
  facet normal 0 0 -1
    outer loop
      vertex 52.85 5 14.4
      vertex 50.5 30.5 14.4
      vertex 52.85 10 14.4
    endloop
  endfacet
  facet normal 0 0 -1
    outer loop
      vertex 52.85 15 14.4
      vertex 50.5 30.5 14.4
      vertex 52.85 20 14.4
    endloop
  endfacet
  facet normal 0 0 -1
    outer loop
      vertex 52.85 10 14.4
      vertex 50.5 30.5 14.4
      vertex 52.85 15 14.4
    endloop
  endfacet
  facet normal -0 0 -1
    outer loop
      vertex 52.95 -20 14.4
      vertex 50.5 -30.5 14.4
      vertex 52.85 -20 14.4
    endloop
  endfacet
  facet normal 0 0 -1
    outer loop
      vertex 52.95 -37.2 14.4
      vertex -50.5 -30.5 14.4
      vertex 50.5 -30.5 14.4
    endloop
  endfacet
  facet normal 0 0 -1
    outer loop
      vertex -52.85 -15 14.4
      vertex -50.5 -30.5 14.4
      vertex -52.85 -20 14.4
    endloop
  endfacet
  facet normal 0 0 -1
    outer loop
      vertex -52.95 -37.2 14.4
      vertex -50.5 -30.5 14.4
      vertex 52.95 -37.2 14.4
    endloop
  endfacet
  facet normal 0 0 -1
    outer loop
      vertex -52.95 -20 14.4
      vertex -50.5 -30.5 14.4
      vertex -52.95 -37.2 14.4
    endloop
  endfacet
  facet normal 0 0 -1
    outer loop
      vertex -50.5 -30.5 14.4
      vertex -52.95 -20 14.4
      vertex -52.85 -20 14.4
    endloop
  endfacet
  facet normal 0 0 -1
    outer loop
      vertex 52.85 -15 14.4
      vertex 52.95 -10 14.4
      vertex 52.95 -15 14.4
    endloop
  endfacet
  facet normal -0 0 -1
    outer loop
      vertex 52.95 -10 14.4
      vertex 52.85 -15 14.4
      vertex 52.85 -10 14.4
    endloop
  endfacet
  facet normal 0 0 -1
    outer loop
      vertex 52.85 -5 14.4
      vertex 52.95 0 14.4
      vertex 52.95 -5 14.4
    endloop
  endfacet
  facet normal -0 0 -1
    outer loop
      vertex 52.95 0 14.4
      vertex 52.85 -5 14.4
      vertex 52.85 0 14.4
    endloop
  endfacet
  facet normal 0 0 -1
    outer loop
      vertex 52.85 5 14.4
      vertex 52.95 10 14.4
      vertex 52.95 5 14.4
    endloop
  endfacet
  facet normal -0 0 -1
    outer loop
      vertex 52.95 10 14.4
      vertex 52.85 5 14.4
      vertex 52.85 10 14.4
    endloop
  endfacet
  facet normal 0 0 -1
    outer loop
      vertex 52.85 15 14.4
      vertex 52.95 20 14.4
      vertex 52.95 15 14.4
    endloop
  endfacet
  facet normal -0 0 -1
    outer loop
      vertex 52.95 20 14.4
      vertex 52.85 15 14.4
      vertex 52.85 20 14.4
    endloop
  endfacet
  facet normal 0 0 -1
    outer loop
      vertex 50.5 30.5 14.4
      vertex 52.95 25 14.4
      vertex 52.85 25 14.4
    endloop
  endfacet
  facet normal 0 0 -1
    outer loop
      vertex 52.85 20 14.4
      vertex 50.5 30.5 14.4
      vertex 52.85 25 14.4
    endloop
  endfacet
  facet normal 0 0 -1
    outer loop
      vertex 52.95 25 14.4
      vertex 50.5 30.5 14.4
      vertex 52.95 37.2 14.4
    endloop
  endfacet
  facet normal 0 0 -1
    outer loop
      vertex -50.5 30.5 14.4
      vertex 52.95 37.2 14.4
      vertex 50.5 30.5 14.4
    endloop
  endfacet
  facet normal 0 0 -1
    outer loop
      vertex -52.85 -10 14.4
      vertex -50.5 -30.5 14.4
      vertex -52.85 -15 14.4
    endloop
  endfacet
  facet normal 0 0 -1
    outer loop
      vertex -52.85 -5 14.4
      vertex -50.5 -30.5 14.4
      vertex -52.85 -10 14.4
    endloop
  endfacet
  facet normal 0 0 -1
    outer loop
      vertex -52.85 0 14.4
      vertex -50.5 -30.5 14.4
      vertex -52.85 -5 14.4
    endloop
  endfacet
  facet normal 0 0 -1
    outer loop
      vertex -50.5 -30.5 14.4
      vertex -52.85 0 14.4
      vertex -50.5 30.5 14.4
    endloop
  endfacet
  facet normal 0 0 -1
    outer loop
      vertex -52.85 5 14.4
      vertex -50.5 30.5 14.4
      vertex -52.85 0 14.4
    endloop
  endfacet
  facet normal 0 0 -1
    outer loop
      vertex -52.85 10 14.4
      vertex -50.5 30.5 14.4
      vertex -52.85 5 14.4
    endloop
  endfacet
  facet normal 0 0 -1
    outer loop
      vertex -52.85 15 14.4
      vertex -50.5 30.5 14.4
      vertex -52.85 10 14.4
    endloop
  endfacet
  facet normal 0 0 -1
    outer loop
      vertex -52.85 20 14.4
      vertex -50.5 30.5 14.4
      vertex -52.85 15 14.4
    endloop
  endfacet
  facet normal 0 0 -1
    outer loop
      vertex -52.85 25 14.4
      vertex -50.5 30.5 14.4
      vertex -52.85 20 14.4
    endloop
  endfacet
  facet normal 0 0 -1
    outer loop
      vertex -52.95 25 14.4
      vertex -50.5 30.5 14.4
      vertex -52.85 25 14.4
    endloop
  endfacet
  facet normal 0 0 -1
    outer loop
      vertex -50.5 30.5 14.4
      vertex -52.95 37.2 14.4
      vertex 52.95 37.2 14.4
    endloop
  endfacet
  facet normal 0 0 -1
    outer loop
      vertex -52.95 37.2 14.4
      vertex -50.5 30.5 14.4
      vertex -52.95 25 14.4
    endloop
  endfacet
  facet normal -1 0 0
    outer loop
      vertex 52.95 37.2 2.2
      vertex 52.95 25 7.2
      vertex 52.95 37.2 14.4
    endloop
  endfacet
  facet normal -1 0 0
    outer loop
      vertex 52.95 37.2 2.2
      vertex 52.95 20 7.2
      vertex 52.95 25 7.2
    endloop
  endfacet
  facet normal -1 0 0
    outer loop
      vertex 52.95 20 7.2
      vertex 52.95 15 7.2
      vertex 52.95 20 14.4
    endloop
  endfacet
  facet normal -1 0 0
    outer loop
      vertex 52.95 8 5.2
      vertex 52.95 20 7.2
      vertex 52.95 37.2 2.2
    endloop
  endfacet
  facet normal -1 -0 0
    outer loop
      vertex 52.95 20 7.2
      vertex 52.95 8 5.2
      vertex 52.95 15 7.2
    endloop
  endfacet
  facet normal -1 0 0
    outer loop
      vertex 52.95 8 11.2
      vertex 52.95 10 7.2
      vertex 52.95 8 5.2
    endloop
  endfacet
  facet normal -1 -0 0
    outer loop
      vertex 52.95 15 7.2
      vertex 52.95 8 5.2
      vertex 52.95 10 7.2
    endloop
  endfacet
  facet normal -1 0 0
    outer loop
      vertex 52.95 37.2 2.2
      vertex 52.95 -8 5.2
      vertex 52.95 8 5.2
    endloop
  endfacet
  facet normal -1 0 0
    outer loop
      vertex 52.95 -8 5.2
      vertex 52.95 -10 7.2
      vertex 52.95 -8 7.2
    endloop
  endfacet
  facet normal -1 0 0
    outer loop
      vertex 52.95 -10 7.2
      vertex 52.95 -15 7.2
      vertex 52.95 -10 14.4
    endloop
  endfacet
  facet normal -1 0 0
    outer loop
      vertex 52.95 -8 5.2
      vertex 52.95 -15 7.2
      vertex 52.95 -10 7.2
    endloop
  endfacet
  facet normal -1 0 0
    outer loop
      vertex 52.95 -8 5.2
      vertex 52.95 -20 7.2
      vertex 52.95 -15 7.2
    endloop
  endfacet
  facet normal -1 0 0
    outer loop
      vertex 52.95 -37.2 2.2
      vertex 52.95 -8 5.2
      vertex 52.95 37.2 2.2
    endloop
  endfacet
  facet normal -1 0 0
    outer loop
      vertex 52.95 -37.2 2.2
      vertex 52.95 -20 7.2
      vertex 52.95 -8 5.2
    endloop
  endfacet
  facet normal -1 0 0
    outer loop
      vertex 52.95 -37.2 14.4
      vertex 52.95 -20 7.2
      vertex 52.95 -37.2 2.2
    endloop
  endfacet
  facet normal -1 0 0
    outer loop
      vertex 52.95 -20 7.2
      vertex 52.95 -37.2 14.4
      vertex 52.95 -20 14.4
    endloop
  endfacet
  facet normal -1 -0 0
    outer loop
      vertex 52.95 37.2 14.4
      vertex 52.95 25 7.2
      vertex 52.95 25 14.4
    endloop
  endfacet
  facet normal -1 -0 0
    outer loop
      vertex 52.95 20 14.4
      vertex 52.95 15 7.2
      vertex 52.95 15 14.4
    endloop
  endfacet
  facet normal -1 0 0
    outer loop
      vertex 52.95 10 7.2
      vertex 52.95 8 11.2
      vertex 52.95 10 14.4
    endloop
  endfacet
  facet normal -1 0 0
    outer loop
      vertex 52.95 5 14.4
      vertex 52.95 8 11.2
      vertex 52.95 5 11.2
    endloop
  endfacet
  facet normal -1 0 0
    outer loop
      vertex 52.95 8 11.2
      vertex 52.95 5 14.4
      vertex 52.95 10 14.4
    endloop
  endfacet
  facet normal -1 -0 0
    outer loop
      vertex 52.95 -10 14.4
      vertex 52.95 -15 7.2
      vertex 52.95 -15 14.4
    endloop
  endfacet
  facet normal -1 0 0
    outer loop
      vertex 52.95 -5 11.2
      vertex 52.95 0 14.4
      vertex 52.95 0 11.2
    endloop
  endfacet
  facet normal -1 -0 0
    outer loop
      vertex 52.95 0 14.4
      vertex 52.95 -5 11.2
      vertex 52.95 -5 14.4
    endloop
  endfacet
  facet normal 0 -1 0
    outer loop
      vertex -52.95 37.2 2.2
      vertex 52.95 37.2 14.4
      vertex -52.95 37.2 14.4
    endloop
  endfacet
  facet normal 0 -1 -0
    outer loop
      vertex 52.95 37.2 14.4
      vertex -52.95 37.2 2.2
      vertex 52.95 37.2 2.2
    endloop
  endfacet
  facet normal 0 0 1
    outer loop
      vertex 52.95 37.2 2.2
      vertex 47.75 27.25 2.2
      vertex 52.95 -37.2 2.2
    endloop
  endfacet
  facet normal 0 0 1
    outer loop
      vertex 52.95 37.2 2.2
      vertex -47.75 27.25 2.2
      vertex 47.75 27.25 2.2
    endloop
  endfacet
  facet normal 0 0 1
    outer loop
      vertex -47.75 27.25 2.2
      vertex -52.95 37.2 2.2
      vertex -47.75 -27.25 2.2
    endloop
  endfacet
  facet normal -0 0 1
    outer loop
      vertex -52.95 37.2 2.2
      vertex -47.75 27.25 2.2
      vertex 52.95 37.2 2.2
    endloop
  endfacet
  facet normal -0 0 1
    outer loop
      vertex 47.75 -27.25 2.2
      vertex 52.95 -37.2 2.2
      vertex 47.75 27.25 2.2
    endloop
  endfacet
  facet normal -0 0 1
    outer loop
      vertex -47.75 -27.25 2.2
      vertex 52.95 -37.2 2.2
      vertex 47.75 -27.25 2.2
    endloop
  endfacet
  facet normal 0 0 1
    outer loop
      vertex -47.75 -27.25 2.2
      vertex -52.95 -37.2 2.2
      vertex 52.95 -37.2 2.2
    endloop
  endfacet
  facet normal 0 0 1
    outer loop
      vertex -52.95 -37.2 2.2
      vertex -47.75 -27.25 2.2
      vertex -52.95 37.2 2.2
    endloop
  endfacet
  facet normal 0 1 -0
    outer loop
      vertex 52.95 -37.2 2.2
      vertex -52.95 -37.2 14.4
      vertex 52.95 -37.2 14.4
    endloop
  endfacet
  facet normal 0 1 0
    outer loop
      vertex -52.95 -37.2 14.4
      vertex 52.95 -37.2 2.2
      vertex -52.95 -37.2 2.2
    endloop
  endfacet
  facet normal 1 -0 0
    outer loop
      vertex -50.5 -30.5 27.2
      vertex -50.5 30.5 14.4
      vertex -50.5 30.5 27.2
    endloop
  endfacet
  facet normal 1 0 0
    outer loop
      vertex -50.5 30.5 14.4
      vertex -50.5 -30.5 27.2
      vertex -50.5 -30.5 14.4
    endloop
  endfacet
  facet normal -1 0 0
    outer loop
      vertex 50.5 -30.5 14.4
      vertex 50.5 30.5 27.2
      vertex 50.5 30.5 14.4
    endloop
  endfacet
  facet normal -1 -0 0
    outer loop
      vertex 50.5 30.5 27.2
      vertex 50.5 -30.5 14.4
      vertex 50.5 -30.5 27.2
    endloop
  endfacet
  facet normal 0 -1 0
    outer loop
      vertex -50.5 30.5 14.4
      vertex 50.5 30.5 27.2
      vertex -50.5 30.5 27.2
    endloop
  endfacet
  facet normal 0 -1 -0
    outer loop
      vertex 50.5 30.5 27.2
      vertex -50.5 30.5 14.4
      vertex 50.5 30.5 14.4
    endloop
  endfacet
  facet normal 0 1 -0
    outer loop
      vertex 50.5 -30.5 14.4
      vertex -50.5 -30.5 27.2
      vertex 50.5 -30.5 27.2
    endloop
  endfacet
  facet normal 0 1 0
    outer loop
      vertex -50.5 -30.5 27.2
      vertex 50.5 -30.5 14.4
      vertex -50.5 -30.5 14.4
    endloop
  endfacet
  facet normal 1 -0 0
    outer loop
      vertex -47.75 -27.25 2.2
      vertex -47.75 27.25 0
      vertex -47.75 27.25 2.2
    endloop
  endfacet
  facet normal 1 0 0
    outer loop
      vertex -47.75 27.25 0
      vertex -47.75 -27.25 2.2
      vertex -47.75 -27.25 0
    endloop
  endfacet
  facet normal -1 0 0
    outer loop
      vertex 47.75 -27.25 0
      vertex 47.75 27.25 2.2
      vertex 47.75 27.25 0
    endloop
  endfacet
  facet normal -1 -0 0
    outer loop
      vertex 47.75 27.25 2.2
      vertex 47.75 -27.25 0
      vertex 47.75 -27.25 2.2
    endloop
  endfacet
  facet normal 0 -1 0
    outer loop
      vertex -47.75 27.25 0
      vertex 47.75 27.25 2.2
      vertex -47.75 27.25 2.2
    endloop
  endfacet
  facet normal 0 -1 -0
    outer loop
      vertex 47.75 27.25 2.2
      vertex -47.75 27.25 0
      vertex 47.75 27.25 0
    endloop
  endfacet
  facet normal 0 1 -0
    outer loop
      vertex 47.75 -27.25 0
      vertex -47.75 -27.25 2.2
      vertex 47.75 -27.25 2.2
    endloop
  endfacet
  facet normal 0 1 0
    outer loop
      vertex -47.75 -27.25 2.2
      vertex 47.75 -27.25 0
      vertex -47.75 -27.25 0
    endloop
  endfacet
  facet normal 0 0 -1
    outer loop
      vertex 52.95 5 11.2
      vertex 54.95 8 11.2
      vertex 54.95 5 11.2
    endloop
  endfacet
  facet normal -0 0 -1
    outer loop
      vertex 54.95 8 11.2
      vertex 52.95 5 11.2
      vertex 52.95 8 11.2
    endloop
  endfacet
  facet normal 0 0 -1
    outer loop
      vertex 52.95 -5 11.2
      vertex 54.95 0 11.2
      vertex 54.95 -5 11.2
    endloop
  endfacet
  facet normal -0 0 -1
    outer loop
      vertex 54.95 0 11.2
      vertex 52.95 -5 11.2
      vertex 52.95 0 11.2
    endloop
  endfacet
  facet normal 0 -1 0
    outer loop
      vertex 52.95 8 5.2
      vertex 54.95 8 11.2
      vertex 52.95 8 11.2
    endloop
  endfacet
  facet normal 0 -1 -0
    outer loop
      vertex 54.95 8 11.2
      vertex 52.95 8 5.2
      vertex 54.95 8 5.2
    endloop
  endfacet
  facet normal -0 0 1
    outer loop
      vertex 52.95 8 5.2
      vertex 54.95 -8 5.2
      vertex 54.95 8 5.2
    endloop
  endfacet
  facet normal 0 0 1
    outer loop
      vertex 54.95 -8 5.2
      vertex 52.95 8 5.2
      vertex 52.95 -8 5.2
    endloop
  endfacet
  facet normal 0 1 -0
    outer loop
      vertex 54.95 -8 5.2
      vertex 52.95 -8 7.2
      vertex 54.95 -8 7.2
    endloop
  endfacet
  facet normal 0 1 0
    outer loop
      vertex 52.95 -8 7.2
      vertex 54.95 -8 5.2
      vertex 52.95 -8 5.2
    endloop
  endfacet
endsolid OpenSCAD_Model
